郵件ID,郵件日期,交易時間,策略,帳戶,價格,交易方向,數量,倉位前,倉位後,系統狀態,錯誤訊息,原始內容
170eb1d97c8ba20c,Wed Mar 18 2020 08:49:08 GMT+0800 (Taiwan Standard Time),Wed Mar 18 2020 08:48:59 GMT+0800 (Taiwan Standard Time),策略_TCA,交易所_A,9351,reduce_long,-1,3,2,normal,,"2020/03/18 08:48:59 【策略_TCA】 ""9351"" 減碼多單，策略倉位 3 → 2 帳戶【交易所_A】(小型台指) 帳戶倉位 0 → 2 倍數 1，本次下單 2，下單後帳戶總倉位 2 策略_TCA"
170eb1d802d10243,Wed Mar 18 2020 08:49:03 GMT+0800 (Taiwan Standard Time),Wed Mar 18 2020 08:49:00 GMT+0800 (Taiwan Standard Time),,交易所_A,,,0,0,0,normal,,"交易所_AII 下單失敗,帳號 ID_MASKED 2020/03/18 08:49:00 3296後檯:原幣保證金不足，不足30276.00元"
170eb1a207d82c60,Wed Mar 18 2020 08:45:21 GMT+0800 (Taiwan Standard Time),Wed Mar 18 2020 08:45:18 GMT+0800 (Taiwan Standard Time),,,,,0,0,0,error,<警告/提醒> 2020/03/18 08:45:18 以下帳戶倉位不同步，請確認是否故意不同步，以免下單錯誤： 【交易所_A-策略_TCA】 (策略倉位×倍數) 3×1 ≠ 0 (帳戶倉位) 【模擬帳戶-模擬_TEST】 (策略倉位×倍數) 3×1 ≠ 1 (帳戶倉位),<警告/提醒> 2020/03/18 08:45:18 以下帳戶倉位不同步，請確認是否故意不同步，以免下單錯誤： 【交易所_A-策略_TCA】 (策略倉位×倍數) 3×1 ≠ 0 (帳戶倉位) 【模擬帳戶-模擬_TEST】 (策略倉位×倍數) 3×1 ≠ 1 (帳戶倉位)
170eb17b931a3707,Wed Mar 18 2020 08:42:44 GMT+0800 (Taiwan Standard Time),Wed Mar 18 2020 08:42:41 GMT+0800 (Taiwan Standard Time),,,,,0,0,0,error,<警告/提醒> 2020/03/18 08:42:41 以下帳戶倉位不同步，請確認是否故意不同步，以免下單錯誤： 【交易所_A-策略_TCA】 (策略倉位×倍數) 3×1 ≠ 0 (帳戶倉位) 【模擬帳戶-模擬_TEST】 (策略倉位×倍數) 3×1 ≠ 1 (帳戶倉位),<警告/提醒> 2020/03/18 08:42:41 以下帳戶倉位不同步，請確認是否故意不同步，以免下單錯誤： 【交易所_A-策略_TCA】 (策略倉位×倍數) 3×1 ≠ 0 (帳戶倉位) 【模擬帳戶-模擬_TEST】 (策略倉位×倍數) 3×1 ≠ 1 (帳戶倉位)
170eb17a89295a14,Wed Mar 18 2020 08:42:40 GMT+0800 (Taiwan Standard Time),Wed Mar 18 2020 08:42:37 GMT+0800 (Taiwan Standard Time),模擬_TEST,,,,0,0,0,normal,,<警告/提醒> 2020/03/18 08:42:37 【模擬_TEST】策略倉位已自動和訊號源同步：由【0】-->【3】
170eb179cb5f6466,Wed Mar 18 2020 08:42:36 GMT+0800 (Taiwan Standard Time),Wed Mar 18 2020 08:42:33 GMT+0800 (Taiwan Standard Time),策略_TCA,,,,0,0,0,normal,,<警告/提醒> 2020/03/18 08:42:33 【策略_TCA】策略倉位已自動和訊號源同步：由【0】-->【3】
170e70313cd1a9ff,Tue Mar 17 2020 13:41:42 GMT+0800 (Taiwan Standard Time),Tue Mar 17 2020 13:41:33 GMT+0800 (Taiwan Standard Time),策略_TCA,交易所_A,9417,close_long,-3,3,0,normal,,"2020/03/17 13:41:33 【策略_TCA】 ""9417"" 多單平倉，策略倉位 3 → 0 帳戶【交易所_A】(小型台指) 帳戶倉位 1 → 0 倍數 1，本次下單 -1，下單後帳戶總倉位 0 策略_TCA"
170e702fc4756ac9,Tue Mar 17 2020 13:41:36 GMT+0800 (Taiwan Standard Time),Tue Mar 17 2020 13:41:33 GMT+0800 (Taiwan Standard Time),,,,,0,0,0,error,<發生錯誤> 2020/03/17 13:41:33 帳戶 模擬帳戶 將超過帳戶總倉位限制【2】口，本次只會下單 -2 口。(若是【下一訊號轉倉】則不受此限制),<發生錯誤> 2020/03/17 13:41:33 帳戶 模擬帳戶 將超過帳戶總倉位限制【2】口，本次只會下單 -2 口。(若是【下一訊號轉倉】則不受此限制)
170e70237659291d,Tue Mar 17 2020 13:40:44 GMT+0800 (Taiwan Standard Time),Tue Mar 17 2020 13:40:41 GMT+0800 (Taiwan Standard Time),,,,,0,0,0,error,<發生錯誤> 2020/03/17 13:40:41 策略_TCA 策略價格，超過 10 分鐘未跳動，請儘快處理。,<發生錯誤> 2020/03/17 13:40:41 策略_TCA 策略價格，超過 10 分鐘未跳動，請儘快處理。
170e6e9442c55269,Tue Mar 17 2020 13:13:30 GMT+0800 (Taiwan Standard Time),Tue Mar 17 2020 13:13:26 GMT+0800 (Taiwan Standard Time),,,,,0,0,0,error,<發生錯誤> 2020/03/17 13:13:26 策略_TCA 策略價格，超過 10 分鐘未跳動，請儘快處理。,<發生錯誤> 2020/03/17 13:13:26 策略_TCA 策略價格，超過 10 分鐘未跳動，請儘快處理。
170e6d9929561f70,Tue Mar 17 2020 12:56:22 GMT+0800 (Taiwan Standard Time),Tue Mar 17 2020 12:56:18 GMT+0800 (Taiwan Standard Time),,,,,0,0,0,error,<發生錯誤> 2020/03/17 12:56:18 策略_TCA 策略價格，超過 10 分鐘未跳動，請儘快處理。,<發生錯誤> 2020/03/17 12:56:18 策略_TCA 策略價格，超過 10 分鐘未跳動，請儘快處理。
170e6cc30418e767,Tue Mar 17 2020 12:41:45 GMT+0800 (Taiwan Standard Time),Tue Mar 17 2020 12:41:41 GMT+0800 (Taiwan Standard Time),,,,,0,0,0,error,<發生錯誤> 2020/03/17 12:41:41 策略_TCA 策略價格，超過 10 分鐘未跳動，請儘快處理。,<發生錯誤> 2020/03/17 12:41:41 策略_TCA 策略價格，超過 10 分鐘未跳動，請儘快處理。
170e6b69f3d487d6,Tue Mar 17 2020 12:18:11 GMT+0800 (Taiwan Standard Time),Tue Mar 17 2020 12:18:06 GMT+0800 (Taiwan Standard Time),,,,,0,0,0,error,<發生錯誤> 2020/03/17 12:18:06 策略_TCA 策略價格，超過 10 分鐘未跳動，請儘快處理。,<發生錯誤> 2020/03/17 12:18:06 策略_TCA 策略價格，超過 10 分鐘未跳動，請儘快處理。
170e67fbfa3e9c5a,Tue Mar 17 2020 11:18:15 GMT+0800 (Taiwan Standard Time),Tue Mar 17 2020 11:18:12 GMT+0800 (Taiwan Standard Time),,,,,0,0,0,error,<警告/提醒> 2020/03/17 11:18:12 以下帳戶倉位不同步，請確認是否故意不同步，以免下單錯誤： 【交易所_A-策略_TCA】 (策略倉位×倍數) 3×1 ≠ 1 (帳戶倉位),<警告/提醒> 2020/03/17 11:18:12 以下帳戶倉位不同步，請確認是否故意不同步，以免下單錯誤： 【交易所_A-策略_TCA】 (策略倉位×倍數) 3×1 ≠ 1 (帳戶倉位)
170e67d79da48db9,Tue Mar 17 2020 11:15:45 GMT+0800 (Taiwan Standard Time),Tue Mar 17 2020 11:15:42 GMT+0800 (Taiwan Standard Time),,,,,0,0,0,error,<發生錯誤> 2020/03/17 11:15:42 策略_TCA 策略價格，超過 10 分鐘未跳動，請儘快處理。,<發生錯誤> 2020/03/17 11:15:42 策略_TCA 策略價格，超過 10 分鐘未跳動，請儘快處理。
170e673a5c226c97,Tue Mar 17 2020 11:05:01 GMT+0800 (Taiwan Standard Time),Tue Mar 17 2020 11:04:58 GMT+0800 (Taiwan Standard Time),,交易所_A,,,0,0,0,normal,,"交易所_AII 下單失敗,帳號 ID_MASKED 2020/03/17 11:04:58 3296後檯:原幣保證金不足，不足17776.00元"
170e66e52ecf6305,Tue Mar 17 2020 10:59:13 GMT+0800 (Taiwan Standard Time),Tue Mar 17 2020 10:59:10 GMT+0800 (Taiwan Standard Time),,,,,0,0,0,error,<警告/提醒> 2020/03/17 10:59:10 以下帳戶倉位不同步，請確認是否故意不同步，以免下單錯誤： 【交易所_A-策略_TCA】 (策略倉位×倍數) 3×1 ≠ 1 (帳戶倉位),<警告/提醒> 2020/03/17 10:59:10 以下帳戶倉位不同步，請確認是否故意不同步，以免下單錯誤： 【交易所_A-策略_TCA】 (策略倉位×倍數) 3×1 ≠ 1 (帳戶倉位)
170e66d6dc27b3d1,Tue Mar 17 2020 10:58:14 GMT+0800 (Taiwan Standard Time),Tue Mar 17 2020 10:58:11 GMT+0800 (Taiwan Standard Time),策略_TCA,,,,0,0,0,normal,,<警告/提醒> 2020/03/17 10:58:11 【策略_TCA】策略倉位已自動和訊號源同步：由【1】-->【3】
170e66d0b7d5d686,Tue Mar 17 2020 10:57:49 GMT+0800 (Taiwan Standard Time),Tue Mar 17 2020 10:57:46 GMT+0800 (Taiwan Standard Time),策略_TCA,,,,0,0,0,normal,,<警告/提醒> 2020/03/17 10:57:46 【策略_TCA】策略倉位已自動和訊號源同步：由【1】-->【3】
170e66c754b2db57,Tue Mar 17 2020 10:57:11 GMT+0800 (Taiwan Standard Time),Tue Mar 17 2020 10:57:01 GMT+0800 (Taiwan Standard Time),策略_TCA,交易所_A,9444,reduce_long,-1,4,3,normal,,"2020/03/17 10:57:01 【策略_TCA】 ""9444"" 減碼多單，策略倉位 4 → 3 帳戶【交易所_A】(小型台指) 帳戶倉位 4 → 3 倍數 1，本次下單 -1，下單後帳戶總倉位 3 策略_TCA"
170e66bbf7472654,Tue Mar 17 2020 10:56:24 GMT+0800 (Taiwan Standard Time),Tue Mar 17 2020 10:56:14 GMT+0800 (Taiwan Standard Time),策略_TCA,交易所_A,9460,add_long,1,3,4,normal,,"2020/03/17 10:56:14 【策略_TCA】 ""9460"" 加碼多單，策略倉位 3 → 4 帳戶【交易所_A】(小型台指) 帳戶倉位 2 → 4 倍數 1，本次下單 2，下單後帳戶總倉位 4 策略_TCA"
170e66ba447dfeba,Tue Mar 17 2020 10:56:17 GMT+0800 (Taiwan Standard Time),Tue Mar 17 2020 10:56:14 GMT+0800 (Taiwan Standard Time),,交易所_A,,,0,0,0,normal,,"交易所_AII 下單失敗,帳號 ID_MASKED 2020/03/17 10:56:14 3296後檯:原幣保證金不足，不足47595.00元"
170e66694d66e05a,Tue Mar 17 2020 10:50:46 GMT+0800 (Taiwan Standard Time),Tue Mar 17 2020 10:50:42 GMT+0800 (Taiwan Standard Time),,,,,0,0,0,error,<警告/提醒> 2020/03/17 10:50:42 以下帳戶倉位不同步，請確認是否故意不同步，以免下單錯誤： 【交易所_A-策略_TCA】 (策略倉位×倍數) 3×1 ≠ 2 (帳戶倉位),<警告/提醒> 2020/03/17 10:50:42 以下帳戶倉位不同步，請確認是否故意不同步，以免下單錯誤： 【交易所_A-策略_TCA】 (策略倉位×倍數) 3×1 ≠ 2 (帳戶倉位)
170e6661c021feea,Tue Mar 17 2020 10:50:15 GMT+0800 (Taiwan Standard Time),Tue Mar 17 2020 10:50:07 GMT+0800 (Taiwan Standard Time),策略_TCA,,,,0,0,0,normal,,<警告/提醒> 2020/03/17 10:50:07 【策略_TCA】策略倉位已自動和訊號源同步：由【2】-->【3】
170e6651f3c0c0bb,Tue Mar 17 2020 10:49:10 GMT+0800 (Taiwan Standard Time),Tue Mar 17 2020 10:49:02 GMT+0800 (Taiwan Standard Time),策略_TCA,,,,0,0,0,normal,,<警告/提醒> 2020/03/17 10:49:02 【策略_TCA】策略倉位已自動和訊號源同步：由【2】-->【3】
170e6399ca77af7d,Tue Mar 17 2020 10:01:39 GMT+0800 (Taiwan Standard Time),Tue Mar 17 2020 10:01:29 GMT+0800 (Taiwan Standard Time),策略_TCA,交易所_A,9504,reduce_long,-1,4,3,normal,,"2020/03/17 10:01:29 【策略_TCA】 ""9504"" 減碼多單，策略倉位 4 → 3 帳戶【交易所_A】(小型台指) 帳戶倉位 4 → 3 倍數 1，本次下單 -1，下單後帳戶總倉位 3 策略_TCA"
170e6351b7438a5a,Tue Mar 17 2020 09:56:43 GMT+0800 (Taiwan Standard Time),Tue Mar 17 2020 09:56:39 GMT+0800 (Taiwan Standard Time),,,,,0,0,0,error,<發生錯誤> 2020/03/17 09:56:39 策略_TCA 策略價格，超過 10 分鐘未跳動，請儘快處理。,<發生錯誤> 2020/03/17 09:56:39 策略_TCA 策略價格，超過 10 分鐘未跳動，請儘快處理。
170e6148b976fb60,Tue Mar 17 2020 09:21:09 GMT+0800 (Taiwan Standard Time),Tue Mar 17 2020 09:20:59 GMT+0800 (Taiwan Standard Time),策略_TCA,交易所_A,9520,add_long,1,3,4,normal,,"2020/03/17 09:20:59 【策略_TCA】 ""9520"" 加碼多單，策略倉位 3 → 4 帳戶【交易所_A】(小型台指) 帳戶倉位 3 → 4 倍數 1，本次下單 1，下單後帳戶總倉位 4 策略_TCA"
170e61474e521914,Tue Mar 17 2020 09:21:03 GMT+0800 (Taiwan Standard Time),Tue Mar 17 2020 09:20:59 GMT+0800 (Taiwan Standard Time),,交易所_A,,,0,0,0,normal,,"交易所_AII 下單失敗,帳號 ID_MASKED 2020/03/17 09:20:59 3296後檯:原幣保證金不足，不足37964.00元"
170e60a7b0c05aa3,Tue Mar 17 2020 09:10:10 GMT+0800 (Taiwan Standard Time),Tue Mar 17 2020 09:09:59 GMT+0800 (Taiwan Standard Time),策略_TCA,交易所_A,9470,reduce_long,-1,4,3,normal,,"2020/03/17 09:09:59 【策略_TCA】 ""9470"" 減碼多單，策略倉位 4 → 3 帳戶【交易所_A】(小型台指) 帳戶倉位 4 → 3 倍數 1，本次下單 -1，下單後帳戶總倉位 3 策略_TCA"
170e19b370d34d3e,Mon Mar 16 2020 12:30:09 GMT+0800 (Taiwan Standard Time),Mon Mar 16 2020 12:30:00 GMT+0800 (Taiwan Standard Time),策略_TCA,交易所_A,9732,reduce_long,-1,5,4,normal,,"2020/03/16 12:30:00 【策略_TCA】 ""9732"" 減碼多單，策略倉位 5 → 4 帳戶【交易所_A】(小型台指) 帳戶倉位 5 → 4 倍數 1，本次下單 -1，下單後帳戶總倉位 4 策略_TCA"
170e0cd3b50970e4,Mon Mar 16 2020 08:45:10 GMT+0800 (Taiwan Standard Time),Mon Mar 16 2020 08:45:00 GMT+0800 (Taiwan Standard Time),策略_TCA,交易所_A,9921,reduce_long,-1,6,5,normal,,"2020/03/16 08:45:00 【策略_TCA】 ""9921"" 減碼多單，策略倉位 6 → 5 帳戶【交易所_A】(小型台指) 帳戶倉位 6 → 5 倍數 1，本次下單 -1，下單後帳戶總倉位 5 策略_TCA"
170d255eaac767dd,Fri Mar 13 2020 13:20:09 GMT+0800 (Taiwan Standard Time),Fri Mar 13 2020 13:19:59 GMT+0800 (Taiwan Standard Time),策略_TCA,交易所_A,10134,add_long,1,5,6,normal,,"2020/03/13 13:19:59 【策略_TCA】 ""10134"" 加碼多單，策略倉位 5 → 6 帳戶【交易所_A】(小型台指) 帳戶倉位 5 → 6 倍數 1，本次下單 1，下單後帳戶總倉位 6 策略_TCA"
170d2394e5670902,Fri Mar 13 2020 12:48:54 GMT+0800 (Taiwan Standard Time),Fri Mar 13 2020 12:48:44 GMT+0800 (Taiwan Standard Time),策略_TCA,交易所_A,9840,add_long,1,4,5,normal,,"2020/03/13 12:48:44 【策略_TCA】 ""9840"" 加碼多單，策略倉位 4 → 5 帳戶【交易所_A】(小型台指) 帳戶倉位 4 → 5 倍數 1，本次下單 1，下單後帳戶總倉位 5 策略_TCA"
170d1c80143c87a3,Fri Mar 13 2020 10:45:09 GMT+0800 (Taiwan Standard Time),Fri Mar 13 2020 10:44:59 GMT+0800 (Taiwan Standard Time),策略_TCA,交易所_A,9698,reduce_long,-1,5,4,normal,,"2020/03/13 10:44:59 【策略_TCA】 ""9698"" 減碼多單，策略倉位 5 → 4 帳戶【交易所_A】(小型台指) 帳戶倉位 5 → 4 倍數 1，本次下單 -1，下單後帳戶總倉位 4 策略_TCA"
170d1c12872764e0,Fri Mar 13 2020 10:37:40 GMT+0800 (Taiwan Standard Time),Fri Mar 13 2020 10:37:29 GMT+0800 (Taiwan Standard Time),策略_TCA,交易所_A,9762,add_long,1,4,5,normal,,"2020/03/13 10:37:29 【策略_TCA】 ""9762"" 加碼多單，策略倉位 4 → 5 帳戶【交易所_A】(小型台指) 帳戶倉位 4 → 5 倍數 1，本次下單 1，下單後帳戶總倉位 5 策略_TCA"
170d17106523f315,Fri Mar 13 2020 09:10:08 GMT+0800 (Taiwan Standard Time),Fri Mar 13 2020 09:09:59 GMT+0800 (Taiwan Standard Time),策略_TCA,交易所_A,9593,reduce_long,-1,5,4,normal,,"2020/03/13 09:09:59 【策略_TCA】 ""9593"" 減碼多單，策略倉位 5 → 4 帳戶【交易所_A】(小型台指) 帳戶倉位 5 → 4 倍數 1，本次下單 -1，下單後帳戶總倉位 4 策略_TCA"
170d16b517a9aaa8,Fri Mar 13 2020 09:03:54 GMT+0800 (Taiwan Standard Time),Fri Mar 13 2020 09:03:44 GMT+0800 (Taiwan Standard Time),策略_TCA,交易所_A,9589,reduce_long,-1,6,5,normal,,"2020/03/13 09:03:44 【策略_TCA】 ""9589"" 減碼多單，策略倉位 6 → 5 帳戶【交易所_A】(小型台指) 帳戶倉位 6 → 5 倍數 1，本次下單 -1，下單後帳戶總倉位 5 策略_TCA"
170cd241a6511962,Thu Mar 12 2020 13:07:39 GMT+0800 (Taiwan Standard Time),Thu Mar 12 2020 13:07:27 GMT+0800 (Taiwan Standard Time),策略_TCA,交易所_A,10361,reduce_long,-1,7,6,normal,,"2020/03/12 13:07:27 【策略_TCA】 ""10361"" 減碼多單，策略倉位 7 → 6 帳戶【交易所_A】(小型台指) 帳戶倉位 7 → 6 倍數 1，本次下單 -1，下單後帳戶總倉位 6 策略_TCA"
170cd12f1b73dfb8,Thu Mar 12 2020 12:48:54 GMT+0800 (Taiwan Standard Time),Thu Mar 12 2020 12:48:42 GMT+0800 (Taiwan Standard Time),策略_TCA,交易所_A,10401,add_long,1,6,7,normal,,"2020/03/12 12:48:42 【策略_TCA】 ""10401"" 加碼多單，策略倉位 6 → 7 帳戶【交易所_A】(小型台指) 帳戶倉位 6 → 7 倍數 1，本次下單 1，下單後帳戶總倉位 7 策略_TCA"
170ccabf37c46050,Thu Mar 12 2020 10:56:24 GMT+0800 (Taiwan Standard Time),Thu Mar 12 2020 10:56:12 GMT+0800 (Taiwan Standard Time),策略_TCA,交易所_A,10337,reduce_long,-1,7,6,normal,,"2020/03/12 10:56:12 【策略_TCA】 ""10337"" 減碼多單，策略倉位 7 → 6 帳戶【交易所_A】(小型台指) 帳戶倉位 7 → 6 倍數 1，本次下單 -1，下單後帳戶總倉位 6 策略_TCA"
170cc9ac41ca2471,Thu Mar 12 2020 10:37:38 GMT+0800 (Taiwan Standard Time),Thu Mar 12 2020 10:37:27 GMT+0800 (Taiwan Standard Time),策略_TCA,交易所_A,10411,add_long,1,6,7,normal,,"2020/03/12 10:37:27 【策略_TCA】 ""10411"" 加碼多單，策略倉位 6 → 7 帳戶【交易所_A】(小型台指) 帳戶倉位 6 → 7 倍數 1，本次下單 1，下單後帳戶總倉位 7 策略_TCA"
170cc7872246eb10,Thu Mar 12 2020 10:00:09 GMT+0800 (Taiwan Standard Time),Thu Mar 12 2020 09:59:57 GMT+0800 (Taiwan Standard Time),策略_TCA,交易所_A,10313,reduce_long,-1,7,6,normal,,"2020/03/12 09:59:57 【策略_TCA】 ""10313"" 減碼多單，策略倉位 7 → 6 帳戶【交易所_A】(小型台指) 帳戶倉位 7 → 6 倍數 1，本次下單 -1，下單後帳戶總倉位 6 策略_TCA"
170cc4aacb7060b2,Thu Mar 12 2020 09:10:09 GMT+0800 (Taiwan Standard Time),Thu Mar 12 2020 09:09:57 GMT+0800 (Taiwan Standard Time),策略_TCA,交易所_A,10639,reduce_long,-1,8,7,normal,,"2020/03/12 09:09:57 【策略_TCA】 ""10639"" 減碼多單，策略倉位 8 → 7 帳戶【交易所_A】(小型台指) 帳戶倉位 8 → 7 倍數 1，本次下單 -1，下單後帳戶總倉位 7 策略_TCA"
170c72fc37532294,Wed Mar 11 2020 09:22:39 GMT+0800 (Taiwan Standard Time),Wed Mar 11 2020 09:22:30 GMT+0800 (Taiwan Standard Time),策略_TCA,交易所_A,10987,reduce_long,-1,9,8,normal,,"2020/03/11 09:22:30 【策略_TCA】 ""10987"" 減碼多單，策略倉位 9 → 8 帳戶【交易所_A】(小型台指) 帳戶倉位 9 → 8 倍數 1，本次下單 -1，下單後帳戶總倉位 8 策略_TCA"
170c7236834be5f9,Wed Mar 11 2020 09:09:10 GMT+0800 (Taiwan Standard Time),Wed Mar 11 2020 09:09:00 GMT+0800 (Taiwan Standard Time),策略_TCA,交易所_A,11025,add_long,1,8,9,normal,,"2020/03/11 09:09:00 【策略_TCA】 ""11025"" 加碼多單，策略倉位 8 → 9 帳戶【交易所_A】(小型台指) 帳戶倉位 8 → 9 倍數 1，本次下單 1，下單後帳戶總倉位 9 策略_TCA"
170bd8679192110b,Mon Mar 09 2020 12:21:09 GMT+0800 (Taiwan Standard Time),Mon Mar 09 2020 12:21:00 GMT+0800 (Taiwan Standard Time),策略_TCA,交易所_A,10985,reduce_long,-1,9,8,normal,,"2020/03/09 12:21:00 【策略_TCA】 ""10985"" 減碼多單，策略倉位 9 → 8 帳戶【交易所_A】(小型台指) 帳戶倉位 9 → 8 倍數 1，本次下單 -1，下單後帳戶總倉位 8 策略_TCA"
170bd6c5e8dcdb93,Mon Mar 09 2020 11:52:39 GMT+0800 (Taiwan Standard Time),Mon Mar 09 2020 11:52:30 GMT+0800 (Taiwan Standard Time),策略_TCA,交易所_A,11014,add_long,1,8,9,normal,,"2020/03/09 11:52:30 【策略_TCA】 ""11014"" 加碼多單，策略倉位 8 → 9 帳戶【交易所_A】(小型台指) 帳戶倉位 8 → 9 倍數 1，本次下單 1，下單後帳戶總倉位 9 策略_TCA"
170bd60f66da354b,Mon Mar 09 2020 11:40:12 GMT+0800 (Taiwan Standard Time),Mon Mar 09 2020 11:40:03 GMT+0800 (Taiwan Standard Time),策略_TCA,交易所_A,10999,reduce_long,-1,9,8,normal,,"2020/03/09 11:40:03 【策略_TCA】 ""10999"" 減碼多單，策略倉位 9 → 8 帳戶【交易所_A】(小型台指) 帳戶倉位 9 → 8 倍數 1，本次下單 -1，下單後帳戶總倉位 8 策略_TCA"
170bd4a08631b228,Mon Mar 09 2020 11:15:09 GMT+0800 (Taiwan Standard Time),Mon Mar 09 2020 11:14:59 GMT+0800 (Taiwan Standard Time),策略_TCA,交易所_A,11039,add_long,1,8,9,normal,,"2020/03/09 11:14:59 【策略_TCA】 ""11039"" 加碼多單，策略倉位 8 → 9 帳戶【交易所_A】(小型台指) 帳戶倉位 8 → 9 倍數 1，本次下單 1，下單後帳戶總倉位 9 策略_TCA"
170bd055febdb0d1,Mon Mar 09 2020 10:00:09 GMT+0800 (Taiwan Standard Time),Mon Mar 09 2020 09:59:59 GMT+0800 (Taiwan Standard Time),策略_TCA,交易所_A,10935,reduce_long,-1,9,8,normal,,"2020/03/09 09:59:59 【策略_TCA】 ""10935"" 減碼多單，策略倉位 9 → 8 帳戶【交易所_A】(小型台指) 帳戶倉位 9 → 8 倍數 1，本次下單 -1，下單後帳戶總倉位 8 策略_TCA"
170ad924a217737d,Fri Mar 06 2020 10:00:09 GMT+0800 (Taiwan Standard Time),Fri Mar 06 2020 09:59:58 GMT+0800 (Taiwan Standard Time),策略_TCA,交易所_A,11299,reduce_long,-1,10,9,normal,,"2020/03/06 09:59:58 【策略_TCA】 ""11299"" 減碼多單，策略倉位 10 → 9 帳戶【交易所_A】(小型台指) 帳戶倉位 10 → 9 倍數 1，本次下單 -1，下單後帳戶總倉位 9 策略_TCA"
170a367e9e4a7173,Wed Mar 04 2020 10:37:40 GMT+0800 (Taiwan Standard Time),Wed Mar 04 2020 10:37:30 GMT+0800 (Taiwan Standard Time),策略_TCA,交易所_A,11332,add_long,1,9,10,normal,,"2020/03/04 10:37:30 【策略_TCA】 ""11332"" 加碼多單，策略倉位 9 → 10 帳戶【交易所_A】(小型台指) 帳戶倉位 9 → 10 倍數 1，本次下單 1，下單後帳戶總倉位 10 策略_TCA"
170a3458edbcac5b,Wed Mar 04 2020 10:00:08 GMT+0800 (Taiwan Standard Time),Wed Mar 04 2020 09:59:59 GMT+0800 (Taiwan Standard Time),策略_TCA,交易所_A,11308,reduce_long,-1,10,9,normal,,"2020/03/04 09:59:59 【策略_TCA】 ""11308"" 減碼多單，策略倉位 10 → 9 帳戶【交易所_A】(小型台指) 帳戶倉位 10 → 9 倍數 1，本次下單 -1，下單後帳戶總倉位 9 策略_TCA"
170a342d43586978,Wed Mar 04 2020 09:57:09 GMT+0800 (Taiwan Standard Time),Wed Mar 04 2020 09:56:59 GMT+0800 (Taiwan Standard Time),策略_TCA,交易所_A,11305,add_long,1,9,10,normal,,"2020/03/04 09:56:59 【策略_TCA】 ""11305"" 加碼多單，策略倉位 9 → 10 帳戶【交易所_A】(小型台指) 帳戶倉位 9 → 10 倍數 1，本次下單 1，下單後帳戶總倉位 10 策略_TCA"
170a337d6d287f65,Wed Mar 04 2020 09:45:09 GMT+0800 (Taiwan Standard Time),Wed Mar 04 2020 09:44:59 GMT+0800 (Taiwan Standard Time),策略_TCA,交易所_A,11293,reduce_long,-1,10,9,normal,,"2020/03/04 09:44:59 【策略_TCA】 ""11293"" 減碼多單，策略倉位 10 → 9 帳戶【交易所_A】(小型台指) 帳戶倉位 10 → 9 倍數 1，本次下單 -1，下單後帳戶總倉位 9 策略_TCA"
1709e4cfe581b0bd,Tue Mar 03 2020 10:50:09 GMT+0800 (Taiwan Standard Time),Tue Mar 03 2020 10:49:59 GMT+0800 (Taiwan Standard Time),策略_TCA,交易所_A,11330,add_long,1,9,10,normal,,"2020/03/03 10:49:59 【策略_TCA】 ""11330"" 加碼多單，策略倉位 9 → 10 帳戶【交易所_A】(小型台指) 帳戶倉位 9 → 10 倍數 1，本次下單 1，下單後帳戶總倉位 10 策略_TCA"
1709e1f355e38d8c,Tue Mar 03 2020 10:00:09 GMT+0800 (Taiwan Standard Time),Tue Mar 03 2020 09:59:59 GMT+0800 (Taiwan Standard Time),策略_TCA,交易所_A,11288,reduce_long,-1,10,9,normal,,"2020/03/03 09:59:59 【策略_TCA】 ""11288"" 減碼多單，策略倉位 10 → 9 帳戶【交易所_A】(小型台指) 帳戶倉位 10 → 9 倍數 1，本次下單 -1，下單後帳戶總倉位 9 策略_TCA"
1709e0e12edb2a52,Tue Mar 03 2020 09:41:25 GMT+0800 (Taiwan Standard Time),Tue Mar 03 2020 09:41:15 GMT+0800 (Taiwan Standard Time),策略_TCA,交易所_A,11316,add_long,1,9,10,normal,,"2020/03/03 09:41:15 【策略_TCA】 ""11316"" 加碼多單，策略倉位 9 → 10 帳戶【交易所_A】(小型台指) 帳戶倉位 9 → 10 倍數 1，本次下單 1，下單後帳戶總倉位 10 策略_TCA"
1709dfb824bab569,Tue Mar 03 2020 09:21:09 GMT+0800 (Taiwan Standard Time),Tue Mar 03 2020 09:20:59 GMT+0800 (Taiwan Standard Time),策略_TCA,交易所_A,11297,reduce_long,-1,10,9,normal,,"2020/03/03 09:20:59 【策略_TCA】 ""11297"" 減碼多單，策略倉位 10 → 9 帳戶【交易所_A】(小型台指) 帳戶倉位 10 → 9 倍數 1，本次下單 -1，下單後帳戶總倉位 9 策略_TCA"
1709df17229452db,Tue Mar 03 2020 09:10:10 GMT+0800 (Taiwan Standard Time),Tue Mar 03 2020 09:09:59 GMT+0800 (Taiwan Standard Time),策略_TCA,交易所_A,11306,add_long,1,9,10,normal,,"2020/03/03 09:09:59 【策略_TCA】 ""11306"" 加碼多單，策略倉位 9 → 10 帳戶【交易所_A】(小型台指) 帳戶倉位 9 → 10 倍數 1，本次下單 1，下單後帳戶總倉位 10 策略_TCA"
17084d7a342c5b43,Thu Feb 27 2020 12:11:27 GMT+0800 (Taiwan Standard Time),Thu Feb 27 2020 12:11:17 GMT+0800 (Taiwan Standard Time),策略_TCA,交易所_A,11299,reduce_long,-1,10,9,normal,,"2020/02/27 12:11:17 【策略_TCA】 ""11299"" 減碼多單，策略倉位 10 → 9 帳戶【交易所_A】(小型台指) 帳戶倉位 10 → 9 倍數 1，本次下單 -1，下單後帳戶總倉位 9 策略_TCA"
17074b8d83486831,Mon Feb 24 2020 09:03:54 GMT+0800 (Taiwan Standard Time),Mon Feb 24 2020 09:03:44 GMT+0800 (Taiwan Standard Time),策略_TCA,交易所_A,11543,reduce_long,-1,11,10,normal,,"2020/02/24 09:03:44 【策略_TCA】 ""11543"" 減碼多單，策略倉位 11 → 10 帳戶【交易所_A】(小型台指) 帳戶倉位 11 → 10 倍數 1，本次下單 -1，下單後帳戶總倉位 10 策略_TCA"
1705be70028d6314,Wed Feb 19 2020 13:23:48 GMT+0800 (Taiwan Standard Time),Wed Feb 19 2020 13:23:45 GMT+0800 (Taiwan Standard Time),,,,,0,0,0,error,帳戶【交易所_A】開始進行【定時自動轉倉換月】 2020/02/19 13:23:45 交易所_A-小型台指11口 開始自動轉倉至2020/03。,帳戶【交易所_A】開始進行【定時自動轉倉換月】 2020/02/19 13:23:45 交易所_A-小型台指11口 開始自動轉倉至2020/03。
17037e2d072db20f,Wed Feb 12 2020 13:32:55 GMT+0800 (Taiwan Standard Time),Wed Feb 12 2020 13:32:51 GMT+0800 (Taiwan Standard Time),,,,,0,0,0,error,"交易所_AII API 錯誤,帳號 (全部) 2020/02/12 13:32:51 連線失敗-連線失敗:api.exchange-a.internal 800 api.exchange-a.internal:8000","交易所_AII API 錯誤,帳號 (全部) 2020/02/12 13:32:51 連線失敗-連線失敗:api.exchange-a.internal 800 api.exchange-a.internal:8000"
17037e26d65c8167,Wed Feb 12 2020 13:32:30 GMT+0800 (Taiwan Standard Time),Wed Feb 12 2020 13:32:26 GMT+0800 (Taiwan Standard Time),,,,,0,0,0,error,"交易所_AII API 錯誤,帳號 (全部) 2020/02/12 13:32:26 連線失敗-連線失敗:api.exchange-a.internal 800 api.exchange-a.internal:8000","交易所_AII API 錯誤,帳號 (全部) 2020/02/12 13:32:26 連線失敗-連線失敗:api.exchange-a.internal 800 api.exchange-a.internal:8000"
17037e2587e91a38,Wed Feb 12 2020 13:32:24 GMT+0800 (Taiwan Standard Time),Wed Feb 12 2020 13:32:21 GMT+0800 (Taiwan Standard Time),,,,,0,0,0,error,"交易所_AII API 錯誤,帳號 (全部) 2020/02/12 13:32:21 斷線-P:ReceiveThread_EntryPoint CALL :無法從傳輸連接讀取資料: 連線嘗試失敗，因為連線對象有一段時間並未正確回應，或是連線建立失敗，因為連線的主機無法回應。?","交易所_AII API 錯誤,帳號 (全部) 2020/02/12 13:32:21 斷線-P:ReceiveThread_EntryPoint CALL :無法從傳輸連接讀取資料: 連線嘗試失敗，因為連線對象有一段時間並未正確回應，或是連線建立失敗，因為連線的主機無法回應。?"
17037e0d2430e1a9,Wed Feb 12 2020 13:30:44 GMT+0800 (Taiwan Standard Time),Wed Feb 12 2020 13:30:41 GMT+0800 (Taiwan Standard Time),,,,,0,0,0,error,"交易所_AII API 錯誤,帳號 (全部) 2020/02/12 13:30:41 連線失敗-連線失敗:api.exchange-a.internal 800 api.exchange-a.internal:8000","交易所_AII API 錯誤,帳號 (全部) 2020/02/12 13:30:41 連線失敗-連線失敗:api.exchange-a.internal 800 api.exchange-a.internal:8000"
17037e06e24b28fb,Wed Feb 12 2020 13:30:19 GMT+0800 (Taiwan Standard Time),Wed Feb 12 2020 13:30:16 GMT+0800 (Taiwan Standard Time),,,,,0,0,0,error,"交易所_AII API 錯誤,帳號 (全部) 2020/02/12 13:30:16 連線失敗-連線失敗:api.exchange-a.internal 800 api.exchange-a.internal:8000","交易所_AII API 錯誤,帳號 (全部) 2020/02/12 13:30:16 連線失敗-連線失敗:api.exchange-a.internal 800 api.exchange-a.internal:8000"
17037e060a6381ed,Wed Feb 12 2020 13:30:15 GMT+0800 (Taiwan Standard Time),Wed Feb 12 2020 13:30:12 GMT+0800 (Taiwan Standard Time),,,,,0,0,0,error,<發生錯誤> 2020/02/12 13:30:12 交易所_AII API 斷線一分鐘以上，無法登入下單，請儘快處理。,<發生錯誤> 2020/02/12 13:30:12 交易所_AII API 斷線一分鐘以上，無法登入下單，請儘快處理。
17037e0020ab88b3,Wed Feb 12 2020 13:29:51 GMT+0800 (Taiwan Standard Time),Wed Feb 12 2020 13:29:48 GMT+0800 (Taiwan Standard Time),,,,,0,0,0,error,"交易所_AII API 錯誤,帳號 (全部) 2020/02/12 13:29:48 連線失敗-連線失敗:api.exchange-a.internal 800 api.exchange-a.internal:8000","交易所_AII API 錯誤,帳號 (全部) 2020/02/12 13:29:48 連線失敗-連線失敗:api.exchange-a.internal 800 api.exchange-a.internal:8000"
17037dfa19e62c91,Wed Feb 12 2020 13:29:26 GMT+0800 (Taiwan Standard Time),Wed Feb 12 2020 13:29:23 GMT+0800 (Taiwan Standard Time),,,,,0,0,0,error,"交易所_AII API 錯誤,帳號 (全部) 2020/02/12 13:29:23 連線失敗-連線失敗:api.exchange-a.internal 800 api.exchange-a.internal:8000","交易所_AII API 錯誤,帳號 (全部) 2020/02/12 13:29:23 連線失敗-連線失敗:api.exchange-a.internal 800 api.exchange-a.internal:8000"
17037df59af442d5,Wed Feb 12 2020 13:29:08 GMT+0800 (Taiwan Standard Time),Wed Feb 12 2020 13:29:05 GMT+0800 (Taiwan Standard Time),,,,,0,0,0,error,"交易所_AII API 錯誤,帳號 (全部) 2020/02/12 13:29:05 連線失敗-連線逾時:800 api.exchange-a.internal:8000","交易所_AII API 錯誤,帳號 (全部) 2020/02/12 13:29:05 連線失敗-連線逾時:800 api.exchange-a.internal:8000"
17037def84706f42,Wed Feb 12 2020 13:28:43 GMT+0800 (Taiwan Standard Time),Wed Feb 12 2020 13:28:40 GMT+0800 (Taiwan Standard Time),,,,,0,0,0,error,"交易所_AII API 錯誤,帳號 (全部) 2020/02/12 13:28:40 連線失敗-連線逾時:800 api.exchange-a.internal:8000","交易所_AII API 錯誤,帳號 (全部) 2020/02/12 13:28:40 連線失敗-連線逾時:800 api.exchange-a.internal:8000"
17037dec5a83b3f9,Wed Feb 12 2020 13:28:30 GMT+0800 (Taiwan Standard Time),Wed Feb 12 2020 13:28:27 GMT+0800 (Taiwan Standard Time),,,,,0,0,0,error,"交易所_AII API 錯誤,帳號 (全部) 2020/02/12 13:28:27 斷線-P:ReceiveThread_EntryPoint CALL :無法從傳輸連接讀取資料: 連線嘗試失敗，因為連線對象有一段時間並未正確回應，或是連線建立失敗，因為連線的主機無法回應。?","交易所_AII API 錯誤,帳號 (全部) 2020/02/12 13:28:27 斷線-P:ReceiveThread_EntryPoint CALL :無法從傳輸連接讀取資料: 連線嘗試失敗，因為連線對象有一段時間並未正確回應，或是連線建立失敗，因為連線的主機無法回應。?"
17037dd30310517c,Wed Feb 12 2020 13:26:46 GMT+0800 (Taiwan Standard Time),Wed Feb 12 2020 13:26:43 GMT+0800 (Taiwan Standard Time),,,,,0,0,0,error,<發生錯誤> 2020/02/12 13:26:43 交易所_AII API 斷線一分鐘以上，無法登入下單，請儘快處理。,<發生錯誤> 2020/02/12 13:26:43 交易所_AII API 斷線一分鐘以上，無法登入下單，請儘快處理。
17037dcef680ca0b,Wed Feb 12 2020 13:26:29 GMT+0800 (Taiwan Standard Time),Wed Feb 12 2020 13:26:26 GMT+0800 (Taiwan Standard Time),,,,,0,0,0,error,"交易所_AII API 錯誤,帳號 (全部) 2020/02/12 13:26:26 連線失敗-連線逾時:800 api.exchange-a.internal:8000","交易所_AII API 錯誤,帳號 (全部) 2020/02/12 13:26:26 連線失敗-連線逾時:800 api.exchange-a.internal:8000"
17037dc7144192cb,Wed Feb 12 2020 13:25:57 GMT+0800 (Taiwan Standard Time),Wed Feb 12 2020 13:25:54 GMT+0800 (Taiwan Standard Time),,,,,0,0,0,error,"交易所_AII API 錯誤,帳號 (全部) 2020/02/12 13:25:54 連線失敗-連線失敗:api.exchange-a.internal 800 api.exchange-a.internal:8000","交易所_AII API 錯誤,帳號 (全部) 2020/02/12 13:25:54 連線失敗-連線失敗:api.exchange-a.internal 800 api.exchange-a.internal:8000"
17037dc0e8b2b2c0,Wed Feb 12 2020 13:25:32 GMT+0800 (Taiwan Standard Time),Wed Feb 12 2020 13:25:29 GMT+0800 (Taiwan Standard Time),,,,,0,0,0,error,"交易所_AII API 錯誤,帳號 (全部) 2020/02/12 13:25:29 連線失敗-連線失敗:api.exchange-a.internal 800 api.exchange-a.internal:8000","交易所_AII API 錯誤,帳號 (全部) 2020/02/12 13:25:29 連線失敗-連線失敗:api.exchange-a.internal 800 api.exchange-a.internal:8000"
17037dbad3fda0aa,Wed Feb 12 2020 13:25:07 GMT+0800 (Taiwan Standard Time),Wed Feb 12 2020 13:25:04 GMT+0800 (Taiwan Standard Time),,,,,0,0,0,error,"交易所_AII API 錯誤,帳號 (全部) 2020/02/12 13:25:04 連線失敗-連線失敗:api.exchange-a.internal 800 api.exchange-a.internal:8000","交易所_AII API 錯誤,帳號 (全部) 2020/02/12 13:25:04 連線失敗-連線失敗:api.exchange-a.internal 800 api.exchange-a.internal:8000"
17037db9df8ef086,Wed Feb 12 2020 13:25:03 GMT+0800 (Taiwan Standard Time),Wed Feb 12 2020 13:25:00 GMT+0800 (Taiwan Standard Time),,,,,0,0,0,error,<發生錯誤> 2020/02/12 13:25:00 交易所_AII API 斷線一分鐘以上，無法登入下單，請儘快處理。,<發生錯誤> 2020/02/12 13:25:00 交易所_AII API 斷線一分鐘以上，無法登入下單，請儘快處理。
17037db3ed19464a,Wed Feb 12 2020 13:24:39 GMT+0800 (Taiwan Standard Time),Wed Feb 12 2020 13:24:36 GMT+0800 (Taiwan Standard Time),,,,,0,0,0,error,"交易所_AII API 錯誤,帳號 (全部) 2020/02/12 13:24:36 連線失敗-連線失敗:api.exchange-a.internal 800 api.exchange-a.internal:8000","交易所_AII API 錯誤,帳號 (全部) 2020/02/12 13:24:36 連線失敗-連線失敗:api.exchange-a.internal 800 api.exchange-a.internal:8000"
17037dadd140f811,Wed Feb 12 2020 13:24:14 GMT+0800 (Taiwan Standard Time),Wed Feb 12 2020 13:24:10 GMT+0800 (Taiwan Standard Time),,,,,0,0,0,error,"交易所_AII API 錯誤,帳號 (全部) 2020/02/12 13:24:10 連線失敗-連線失敗:api.exchange-a.internal 800 api.exchange-a.internal:8000","交易所_AII API 錯誤,帳號 (全部) 2020/02/12 13:24:10 連線失敗-連線失敗:api.exchange-a.internal 800 api.exchange-a.internal:8000"
17037da7a01f26d1,Wed Feb 12 2020 13:23:49 GMT+0800 (Taiwan Standard Time),Wed Feb 12 2020 13:23:45 GMT+0800 (Taiwan Standard Time),,,,,0,0,0,error,"交易所_AII API 錯誤,帳號 (全部) 2020/02/12 13:23:45 連線失敗-連線失敗:api.exchange-a.internal 800 api.exchange-a.internal:8000","交易所_AII API 錯誤,帳號 (全部) 2020/02/12 13:23:45 連線失敗-連線失敗:api.exchange-a.internal 800 api.exchange-a.internal:8000"
17037da18e865228,Wed Feb 12 2020 13:23:23 GMT+0800 (Taiwan Standard Time),Wed Feb 12 2020 13:23:20 GMT+0800 (Taiwan Standard Time),,,,,0,0,0,error,"交易所_AII API 錯誤,帳號 (全部) 2020/02/12 13:23:20 連線失敗-連線失敗:api.exchange-a.internal 800 api.exchange-a.internal:8000","交易所_AII API 錯誤,帳號 (全部) 2020/02/12 13:23:20 連線失敗-連線失敗:api.exchange-a.internal 800 api.exchange-a.internal:8000"
17037da0958ee8ac,Wed Feb 12 2020 13:23:19 GMT+0800 (Taiwan Standard Time),Wed Feb 12 2020 13:23:16 GMT+0800 (Taiwan Standard Time),,,,,0,0,0,error,<發生錯誤> 2020/02/12 13:23:16 交易所_AII API 斷線一分鐘以上，無法登入下單，請儘快處理。,<發生錯誤> 2020/02/12 13:23:16 交易所_AII API 斷線一分鐘以上，無法登入下單，請儘快處理。
17037d9ab2254eee,Wed Feb 12 2020 13:22:55 GMT+0800 (Taiwan Standard Time),Wed Feb 12 2020 13:22:52 GMT+0800 (Taiwan Standard Time),,,,,0,0,0,error,"交易所_AII API 錯誤,帳號 (全部) 2020/02/12 13:22:52 連線失敗-連線失敗:api.exchange-a.internal 800 api.exchange-a.internal:8000","交易所_AII API 錯誤,帳號 (全部) 2020/02/12 13:22:52 連線失敗-連線失敗:api.exchange-a.internal 800 api.exchange-a.internal:8000"
17037d948cd1396e,Wed Feb 12 2020 13:22:30 GMT+0800 (Taiwan Standard Time),Wed Feb 12 2020 13:22:27 GMT+0800 (Taiwan Standard Time),,,,,0,0,0,error,"交易所_AII API 錯誤,帳號 (全部) 2020/02/12 13:22:27 連線失敗-連線失敗:api.exchange-a.internal 800 api.exchange-a.internal:8000","交易所_AII API 錯誤,帳號 (全部) 2020/02/12 13:22:27 連線失敗-連線失敗:api.exchange-a.internal 800 api.exchange-a.internal:8000"
17037d8e648c2853,Wed Feb 12 2020 13:22:05 GMT+0800 (Taiwan Standard Time),Wed Feb 12 2020 13:22:02 GMT+0800 (Taiwan Standard Time),,,,,0,0,0,error,"交易所_AII API 錯誤,帳號 (全部) 2020/02/12 13:22:02 連線失敗-連線失敗:api.exchange-a.internal 800 api.exchange-a.internal:8000","交易所_AII API 錯誤,帳號 (全部) 2020/02/12 13:22:02 連線失敗-連線失敗:api.exchange-a.internal 800 api.exchange-a.internal:8000"
17037d8857448350,Wed Feb 12 2020 13:21:40 GMT+0800 (Taiwan Standard Time),Wed Feb 12 2020 13:21:37 GMT+0800 (Taiwan Standard Time),,,,,0,0,0,error,"交易所_AII API 錯誤,帳號 (全部) 2020/02/12 13:21:37 連線失敗-連線失敗:api.exchange-a.internal 800 api.exchange-a.internal:8000","交易所_AII API 錯誤,帳號 (全部) 2020/02/12 13:21:37 連線失敗-連線失敗:api.exchange-a.internal 800 api.exchange-a.internal:8000"
17037d87393bbe06,Wed Feb 12 2020 13:21:35 GMT+0800 (Taiwan Standard Time),Wed Feb 12 2020 13:21:32 GMT+0800 (Taiwan Standard Time),,,,,0,0,0,error,"交易所_AII API 錯誤,帳號 (全部) 2020/02/12 13:21:32 斷線-P:ReceiveThread_EntryPoint CALL :無法從傳輸連接讀取資料: 連線嘗試失敗，因為連線對象有一段時間並未正確回應，或是連線建立失敗，因為連線的主機無法回應。?","交易所_AII API 錯誤,帳號 (全部) 2020/02/12 13:21:32 斷線-P:ReceiveThread_EntryPoint CALL :無法從傳輸連接讀取資料: 連線嘗試失敗，因為連線對象有一段時間並未正確回應，或是連線建立失敗，因為連線的主機無法回應。?"
17037cd836df49d0,Wed Feb 12 2020 13:09:39 GMT+0800 (Taiwan Standard Time),Wed Feb 12 2020 13:09:36 GMT+0800 (Taiwan Standard Time),,,,,0,0,0,error,"交易所_AII API 錯誤,帳號 (全部) 2020/02/12 13:09:36 登入失敗-99:Unknow Code:9","交易所_AII API 錯誤,帳號 (全部) 2020/02/12 13:09:36 登入失敗-99:Unknow Code:9"
17037cd763441514,Wed Feb 12 2020 13:09:36 GMT+0800 (Taiwan Standard Time),Wed Feb 12 2020 13:09:33 GMT+0800 (Taiwan Standard Time),,,,,0,0,0,error,"交易所_AII API 錯誤,帳號 2020/02/12 13:09:33 登入失敗 CODE = 99 Unknow Code:99","交易所_AII API 錯誤,帳號 2020/02/12 13:09:33 登入失敗 CODE = 99 Unknow Code:99"
17037cca03dda9ae,Wed Feb 12 2020 13:08:41 GMT+0800 (Taiwan Standard Time),Wed Feb 12 2020 13:08:38 GMT+0800 (Taiwan Standard Time),,,,,0,0,0,error,"交易所_AII API 錯誤,帳號 (全部) 2020/02/12 13:08:38 連線失敗-連線失敗:api.exchange-a.internal 800 api.exchange-a.internal:8000","交易所_AII API 錯誤,帳號 (全部) 2020/02/12 13:08:38 連線失敗-連線失敗:api.exchange-a.internal 800 api.exchange-a.internal:8000"
17037cc3fb0e429f,Wed Feb 12 2020 13:08:16 GMT+0800 (Taiwan Standard Time),Wed Feb 12 2020 13:08:13 GMT+0800 (Taiwan Standard Time),,,,,0,0,0,error,"交易所_AII API 錯誤,帳號 (全部) 2020/02/12 13:08:13 連線失敗-連線失敗:api.exchange-a.internal 800 api.exchange-a.internal:8000","交易所_AII API 錯誤,帳號 (全部) 2020/02/12 13:08:13 連線失敗-連線失敗:api.exchange-a.internal 800 api.exchange-a.internal:8000"
17037cc2fee0d788,Wed Feb 12 2020 13:08:11 GMT+0800 (Taiwan Standard Time),Wed Feb 12 2020 13:08:08 GMT+0800 (Taiwan Standard Time),,,,,0,0,0,error,<發生錯誤> 2020/02/12 13:08:08 交易所_AII API 斷線一分鐘以上，無法登入下單，請儘快處理。,<發生錯誤> 2020/02/12 13:08:08 交易所_AII API 斷線一分鐘以上，無法登入下單，請儘快處理。
17037cbd10b67a4e,Wed Feb 12 2020 13:07:47 GMT+0800 (Taiwan Standard Time),Wed Feb 12 2020 13:07:44 GMT+0800 (Taiwan Standard Time),,,,,0,0,0,error,"交易所_AII API 錯誤,帳號 (全部) 2020/02/12 13:07:44 連線失敗-連線失敗:api.exchange-a.internal 800 api.exchange-a.internal:8000","交易所_AII API 錯誤,帳號 (全部) 2020/02/12 13:07:44 連線失敗-連線失敗:api.exchange-a.internal 800 api.exchange-a.internal:8000"
17037cb6e1fbc3da,Wed Feb 12 2020 13:07:22 GMT+0800 (Taiwan Standard Time),Wed Feb 12 2020 13:07:19 GMT+0800 (Taiwan Standard Time),,,,,0,0,0,error,"交易所_AII API 錯誤,帳號 (全部) 2020/02/12 13:07:19 連線失敗-連線失敗:api.exchange-a.internal 800 api.exchange-a.internal:8000","交易所_AII API 錯誤,帳號 (全部) 2020/02/12 13:07:19 連線失敗-連線失敗:api.exchange-a.internal 800 api.exchange-a.internal:8000"
17037cb0cb5b56d8,Wed Feb 12 2020 13:06:57 GMT+0800 (Taiwan Standard Time),Wed Feb 12 2020 13:06:54 GMT+0800 (Taiwan Standard Time),,,,,0,0,0,error,"交易所_AII API 錯誤,帳號 (全部) 2020/02/12 13:06:54 連線失敗-連線失敗:api.exchange-a.internal 800 api.exchange-a.internal:8000","交易所_AII API 錯誤,帳號 (全部) 2020/02/12 13:06:54 連線失敗-連線失敗:api.exchange-a.internal 800 api.exchange-a.internal:8000"
17037caad5ef0b69,Wed Feb 12 2020 13:06:33 GMT+0800 (Taiwan Standard Time),Wed Feb 12 2020 13:06:29 GMT+0800 (Taiwan Standard Time),,,,,0,0,0,error,"交易所_AII API 錯誤,帳號 (全部) 2020/02/12 13:06:29 連線失敗-連線失敗:api.exchange-a.internal 800 api.exchange-a.internal:8000","交易所_AII API 錯誤,帳號 (全部) 2020/02/12 13:06:29 連線失敗-連線失敗:api.exchange-a.internal 800 api.exchange-a.internal:8000"
17037ca98d197f7d,Wed Feb 12 2020 13:06:28 GMT+0800 (Taiwan Standard Time),Wed Feb 12 2020 13:06:24 GMT+0800 (Taiwan Standard Time),,,,,0,0,0,error,"交易所_AII API 錯誤,帳號 (全部) 2020/02/12 13:06:24 斷線-P:ReceiveThread_EntryPoint CALL :無法從傳輸連接讀取資料: 連線嘗試失敗，因為連線對象有一段時間並未正確回應，或是連線建立失敗，因為連線的主機無法回應。?","交易所_AII API 錯誤,帳號 (全部) 2020/02/12 13:06:24 斷線-P:ReceiveThread_EntryPoint CALL :無法從傳輸連接讀取資料: 連線嘗試失敗，因為連線對象有一段時間並未正確回應，或是連線建立失敗，因為連線的主機無法回應。?"
17036da943db923b,Wed Feb 12 2020 08:44:18 GMT+0800 (Taiwan Standard Time),Wed Feb 12 2020 08:44:14 GMT+0800 (Taiwan Standard Time),,,,,0,0,0,error,<警告/提醒> 2020/02/12 08:44:14 以下帳戶倉位不同步，請確認是否故意不同步，以免下單錯誤： 【模擬帳戶-模擬_TEST】 (策略倉位×倍數) 11×1 ≠ 10 (帳戶倉位),<警告/提醒> 2020/02/12 08:44:14 以下帳戶倉位不同步，請確認是否故意不同步，以免下單錯誤： 【模擬帳戶-模擬_TEST】 (策略倉位×倍數) 11×1 ≠ 10 (帳戶倉位)
17031dbe35b20451,Tue Feb 11 2020 09:27:38 GMT+0800 (Taiwan Standard Time),Tue Feb 11 2020 09:27:35 GMT+0800 (Taiwan Standard Time),,,,,0,0,0,error,<警告/提醒> 2020/02/11 09:27:35 以下帳戶倉位不同步，請確認是否故意不同步，以免下單錯誤： 【模擬帳戶-模擬_TEST】 (策略倉位×倍數) 11×1 ≠ 10 (帳戶倉位),<警告/提醒> 2020/02/11 09:27:35 以下帳戶倉位不同步，請確認是否故意不同步，以免下單錯誤： 【模擬帳戶-模擬_TEST】 (策略倉位×倍數) 11×1 ≠ 10 (帳戶倉位)
17031db6fe8fe675,Tue Feb 11 2020 09:27:07 GMT+0800 (Taiwan Standard Time),Tue Feb 11 2020 09:27:04 GMT+0800 (Taiwan Standard Time),,,,,0,0,0,error,<警告/提醒> 2020/02/11 09:27:04 以下帳戶倉位不同步，請確認是否故意不同步，以免下單錯誤： 【交易所_A-策略_TCA】 (策略倉位×倍數) 11×1 ≠ 10 (帳戶倉位) 【模擬帳戶-模擬_TEST】 (策略倉位×倍數) 11×1 ≠ 10 (帳戶倉位),<警告/提醒> 2020/02/11 09:27:04 以下帳戶倉位不同步，請確認是否故意不同步，以免下單錯誤： 【交易所_A-策略_TCA】 (策略倉位×倍數) 11×1 ≠ 10 (帳戶倉位) 【模擬帳戶-模擬_TEST】 (策略倉位×倍數) 11×1 ≠ 10 (帳戶倉位)
17031b678c31da4b,Tue Feb 11 2020 08:46:46 GMT+0800 (Taiwan Standard Time),Tue Feb 11 2020 08:46:43 GMT+0800 (Taiwan Standard Time),,,,,0,0,0,error,<警告/提醒> 2020/02/11 08:46:43 以下帳戶倉位不同步，請確認是否故意不同步，以免下單錯誤： 【交易所_A-策略_TCA】 (策略倉位×倍數) 11×1 ≠ 10 (帳戶倉位) 【模擬帳戶-模擬_TEST】 (策略倉位×倍數) 11×1 ≠ 10 (帳戶倉位),<警告/提醒> 2020/02/11 08:46:43 以下帳戶倉位不同步，請確認是否故意不同步，以免下單錯誤： 【交易所_A-策略_TCA】 (策略倉位×倍數) 11×1 ≠ 10 (帳戶倉位) 【模擬帳戶-模擬_TEST】 (策略倉位×倍數) 11×1 ≠ 10 (帳戶倉位)
17031b668103f234,Tue Feb 11 2020 08:46:41 GMT+0800 (Taiwan Standard Time),Tue Feb 11 2020 08:46:38 GMT+0800 (Taiwan Standard Time),模擬_TEST,,,,0,0,0,normal,,<警告/提醒> 2020/02/11 08:46:38 【模擬_TEST】策略倉位已自動和訊號源同步：由【10】-->【11】
17031b65b9aedfda,Tue Feb 11 2020 08:46:38 GMT+0800 (Taiwan Standard Time),Tue Feb 11 2020 08:46:34 GMT+0800 (Taiwan Standard Time),策略_TCA,,,,0,0,0,normal,,<警告/提醒> 2020/02/11 08:46:34 【策略_TCA】策略倉位已自動和訊號源同步：由【10】-->【11】
1702d29279a9960c,Mon Feb 10 2020 11:33:55 GMT+0800 (Taiwan Standard Time),Mon Feb 10 2020 11:33:46 GMT+0800 (Taiwan Standard Time),策略_TCA,交易所_A,11548,reduce_long,-1,11,10,normal,,"2020/02/10 11:33:46 【策略_TCA】 ""11548"" 減碼多單，策略倉位 11 → 10 帳戶【交易所_A】(小型台指) 帳戶倉位 11 → 10 倍數 1，本次下單 -1，下單後帳戶總倉位 10 策略_TCA"
1702ce68a237afb9,Mon Feb 10 2020 10:21:09 GMT+0800 (Taiwan Standard Time),Mon Feb 10 2020 10:21:00 GMT+0800 (Taiwan Standard Time),策略_TCA,交易所_A,11572,add_long,1,10,11,normal,,"2020/02/10 10:21:00 【策略_TCA】 ""11572"" 加碼多單，策略倉位 10 → 11 帳戶【交易所_A】(小型台指) 帳戶倉位 10 → 11 倍數 1，本次下單 1，下單後帳戶總倉位 11 策略_TCA"
1702c99ac107fc0b,Mon Feb 10 2020 08:57:12 GMT+0800 (Taiwan Standard Time),Mon Feb 10 2020 08:57:02 GMT+0800 (Taiwan Standard Time),策略_TCA,交易所_A,11433,reduce_long,-1,11,10,normal,,"2020/02/10 08:57:02 【策略_TCA】 ""11433"" 減碼多單，策略倉位 11 → 10 帳戶【交易所_A】(小型台指) 帳戶倉位 11 → 10 倍數 1，本次下單 -1，下單後帳戶總倉位 10 策略_TCA"
170180030e147dbd,Thu Feb 06 2020 08:57:08 GMT+0800 (Taiwan Standard Time),Thu Feb 06 2020 08:56:59 GMT+0800 (Taiwan Standard Time),策略_TCA,交易所_A,11645,add_long,1,10,11,normal,,"2020/02/06 08:56:59 【策略_TCA】 ""11645"" 加碼多單，策略倉位 10 → 11 帳戶【交易所_A】(小型台指) 帳戶倉位 10 → 11 倍數 1，本次下單 1，下單後帳戶總倉位 11 策略_TCA"
170139cda0056d16,Wed Feb 05 2020 12:30:09 GMT+0800 (Taiwan Standard Time),Wed Feb 05 2020 12:30:00 GMT+0800 (Taiwan Standard Time),策略_TCA,交易所_A,11548,reduce_long,-1,11,10,normal,,"2020/02/05 12:30:00 【策略_TCA】 ""11548"" 減碼多單，策略倉位 11 → 10 帳戶【交易所_A】(小型台指) 帳戶倉位 11 → 10 倍數 1，本次下單 -1，下單後帳戶總倉位 10 策略_TCA"
17013138952137dc,Wed Feb 05 2020 10:00:10 GMT+0800 (Taiwan Standard Time),Wed Feb 05 2020 10:00:00 GMT+0800 (Taiwan Standard Time),策略_TCA,交易所_A,11574,add_long,1,10,11,normal,,"2020/02/05 10:00:00 【策略_TCA】 ""11574"" 加碼多單，策略倉位 10 → 11 帳戶【交易所_A】(小型台指) 帳戶倉位 10 → 11 倍數 1，本次下單 1，下單後帳戶總倉位 11 策略_TCA"
17008b59d0056972,Mon Feb 03 2020 09:41:23 GMT+0800 (Taiwan Standard Time),Mon Feb 03 2020 09:41:14 GMT+0800 (Taiwan Standard Time),策略_TCA,交易所_A,11285,add_long,1,9,10,normal,,"2020/02/03 09:41:14 【策略_TCA】 ""11285"" 加碼多單，策略倉位 9 → 10 帳戶【交易所_A】(小型台指) 帳戶倉位 9 → 10 倍數 1，本次下單 1，下單後帳戶總倉位 10 策略_TCA"
170089904bbbeaad,Mon Feb 03 2020 09:10:09 GMT+0800 (Taiwan Standard Time),Mon Feb 03 2020 09:09:59 GMT+0800 (Taiwan Standard Time),策略_TCA,交易所_A,11264,reduce_long,-1,10,9,normal,,"2020/02/03 09:09:59 【策略_TCA】 ""11264"" 減碼多單，策略倉位 10 → 9 帳戶【交易所_A】(小型台指) 帳戶倉位 10 → 9 倍數 1，本次下單 -1，下單後帳戶總倉位 9 策略_TCA"
16ffa21a06a72234,Fri Jan 31 2020 13:45:03 GMT+0800 (Taiwan Standard Time),Fri Jan 31 2020 13:45:00 GMT+0800 (Taiwan Standard Time),,,,,0,0,0,normal,,下單機【停止下單】通知 2020/01/31 13:45:00 視窗標題【】停止下單
16ff90edd09cba1a,Fri Jan 31 2020 08:44:57 GMT+0800 (Taiwan Standard Time),Fri Jan 31 2020 08:44:53 GMT+0800 (Taiwan Standard Time),,,,,0,0,0,normal,,下單機【開始下單】通知 2020/01/31 08:44:53 視窗標題【】開始下單
16ff4fb454acdb15,Thu Jan 30 2020 13:45:03 GMT+0800 (Taiwan Standard Time),Thu Jan 30 2020 13:45:00 GMT+0800 (Taiwan Standard Time),,,,,0,0,0,normal,,下單機【停止下單】通知 2020/01/30 13:45:00 視窗標題【】停止下單
16ff4443cdbdad0d,Thu Jan 30 2020 10:25:09 GMT+0800 (Taiwan Standard Time),Thu Jan 30 2020 10:24:59 GMT+0800 (Taiwan Standard Time),策略_TCA,交易所_A,11525,reduce_long,-1,11,10,normal,,"2020/01/30 10:24:59 【策略_TCA】 ""11525"" 減碼多單，策略倉位 11 → 10 帳戶【交易所_A】(小型台指) 帳戶倉位 11 → 10 倍數 1，本次下單 -1，下單後帳戶總倉位 10 策略_TCA"
16ff3f9dd16201f9,Thu Jan 30 2020 09:03:54 GMT+0800 (Taiwan Standard Time),Thu Jan 30 2020 09:03:45 GMT+0800 (Taiwan Standard Time),策略_TCA,交易所_A,11707,reduce_long,-1,12,11,normal,,"2020/01/30 09:03:45 【策略_TCA】 ""11707"" 減碼多單，策略倉位 12 → 11 帳戶【交易所_A】(小型台指) 帳戶倉位 12 → 11 倍數 1，本次下單 -1，下單後帳戶總倉位 11 策略_TCA"
16ff3e7d7e67d65c,Thu Jan 30 2020 08:44:13 GMT+0800 (Taiwan Standard Time),Thu Jan 30 2020 08:44:09 GMT+0800 (Taiwan Standard Time),,,,,0,0,0,normal,,下單機【開始下單】通知 2020/01/30 08:44:09 視窗標題【】開始下單
16ff3e7bebd8a512,Thu Jan 30 2020 08:44:07 GMT+0800 (Taiwan Standard Time),Thu Jan 30 2020 08:44:02 GMT+0800 (Taiwan Standard Time),,,,,0,0,0,normal,,下單機【開始下單】通知 2020/01/30 08:44:02 視窗標題【】開始下單
16fefd4e7bbdc1e7,Wed Jan 29 2020 13:45:03 GMT+0800 (Taiwan Standard Time),Wed Jan 29 2020 13:45:00 GMT+0800 (Taiwan Standard Time),,,,,0,0,0,normal,,下單機【停止下單】通知 2020/01/29 13:45:00 視窗標題【】停止下單
16feec156822bddc,Wed Jan 29 2020 08:44:04 GMT+0800 (Taiwan Standard Time),Wed Jan 29 2020 08:44:00 GMT+0800 (Taiwan Standard Time),,,,,0,0,0,normal,,下單機【開始下單】通知 2020/01/29 08:44:00 視窗標題【】開始下單
16feaae8c393fee0,Tue Jan 28 2020 13:45:04 GMT+0800 (Taiwan Standard Time),Tue Jan 28 2020 13:45:00 GMT+0800 (Taiwan Standard Time),,,,,0,0,0,normal,,下單機【停止下單】通知 2020/01/28 13:45:00 視窗標題【】停止下單
16fe99afce0e8002,Tue Jan 28 2020 08:44:04 GMT+0800 (Taiwan Standard Time),Tue Jan 28 2020 08:44:00 GMT+0800 (Taiwan Standard Time),,,,,0,0,0,normal,,下單機【開始下單】通知 2020/01/28 08:44:00 視窗標題【】開始下單
16fe58830cb0d479,Mon Jan 27 2020 13:45:04 GMT+0800 (Taiwan Standard Time),Mon Jan 27 2020 13:45:00 GMT+0800 (Taiwan Standard Time),,,,,0,0,0,normal,,下單機【停止下單】通知 2020/01/27 13:45:00 視窗標題【】停止下單
16fe474ef16f03f0,Mon Jan 27 2020 08:44:24 GMT+0800 (Taiwan Standard Time),Mon Jan 27 2020 08:44:20 GMT+0800 (Taiwan Standard Time),,,,,0,0,0,normal,,下單機【開始下單】通知 2020/01/27 08:44:20 視窗標題【】開始下單
16fd6151c2ecfeb5,Fri Jan 24 2020 13:45:03 GMT+0800 (Taiwan Standard Time),Fri Jan 24 2020 13:45:00 GMT+0800 (Taiwan Standard Time),,,,,0,0,0,normal,,下單機【停止下單】通知 2020/01/24 13:45:00 視窗標題【】停止下單
16fd5018f58197a3,Fri Jan 24 2020 08:44:05 GMT+0800 (Taiwan Standard Time),Fri Jan 24 2020 08:44:01 GMT+0800 (Taiwan Standard Time),,,,,0,0,0,normal,,下單機【開始下單】通知 2020/01/24 08:44:01 視窗標題【】開始下單
16fd0eec15aeff3d,Thu Jan 23 2020 13:45:03 GMT+0800 (Taiwan Standard Time),Thu Jan 23 2020 13:45:00 GMT+0800 (Taiwan Standard Time),,,,,0,0,0,normal,,下單機【停止下單】通知 2020/01/23 13:45:00 視窗標題【】停止下單
16fcfdb2e2e9c66d,Thu Jan 23 2020 08:44:04 GMT+0800 (Taiwan Standard Time),Thu Jan 23 2020 08:44:00 GMT+0800 (Taiwan Standard Time),,,,,0,0,0,normal,,下單機【開始下單】通知 2020/01/23 08:44:00 視窗標題【】開始下單
16fcbc864622fc4d,Wed Jan 22 2020 13:45:03 GMT+0800 (Taiwan Standard Time),Wed Jan 22 2020 13:45:00 GMT+0800 (Taiwan Standard Time),,,,,0,0,0,normal,,下單機【停止下單】通知 2020/01/22 13:45:00 視窗標題【】停止下單
16fcad2d769d363b,Wed Jan 22 2020 09:16:51 GMT+0800 (Taiwan Standard Time),Wed Jan 22 2020 09:16:48 GMT+0800 (Taiwan Standard Time),,,,,0,0,0,normal,,下單機【開始下單】通知 2020/01/22 09:16:48 視窗標題【】開始下單
16fcad181904f9c0,Wed Jan 22 2020 09:15:24 GMT+0800 (Taiwan Standard Time),Wed Jan 22 2020 09:15:20 GMT+0800 (Taiwan Standard Time),,,,,0,0,0,normal,,下單機【停止下單】通知 2020/01/22 09:15:20 視窗標題【】停止下單
16fcad087b093372,Wed Jan 22 2020 09:14:20 GMT+0800 (Taiwan Standard Time),Wed Jan 22 2020 09:14:16 GMT+0800 (Taiwan Standard Time),,,,,0,0,0,normal,,下單機【停止下單】通知 2020/01/22 09:14:16 視窗標題【】停止下單
16fcacfad429e8ea,Wed Jan 22 2020 09:13:24 GMT+0800 (Taiwan Standard Time),Wed Jan 22 2020 09:13:20 GMT+0800 (Taiwan Standard Time),,,,,0,0,0,normal,,下單機【停止下單】通知 2020/01/22 09:13:20 視窗標題【】停止下單
16fc6290c79c5ad5,Tue Jan 21 2020 11:32:55 GMT+0800 (Taiwan Standard Time),Tue Jan 21 2020 11:32:51 GMT+0800 (Taiwan Standard Time),,,,,0,0,0,normal,,下單機【停止下單】通知 2020/01/21 11:32:51 視窗標題【】停止下單
16fc58e7575edeb0,Tue Jan 21 2020 08:44:03 GMT+0800 (Taiwan Standard Time),Tue Jan 21 2020 08:44:00 GMT+0800 (Taiwan Standard Time),,,,,0,0,0,normal,,下單機【開始下單】通知 2020/01/21 08:44:00 視窗標題【】開始下單
16fc17bac4341de0,Mon Jan 20 2020 13:45:03 GMT+0800 (Taiwan Standard Time),Mon Jan 20 2020 13:45:00 GMT+0800 (Taiwan Standard Time),,,,,0,0,0,normal,,下單機【停止下單】通知 2020/01/20 13:45:00 視窗標題【】停止下單
16fc06d4d735236a,Mon Jan 20 2020 08:49:45 GMT+0800 (Taiwan Standard Time),Mon Jan 20 2020 08:49:41 GMT+0800 (Taiwan Standard Time),,,,,0,0,0,normal,,下單機【開始下單】通知 2020/01/20 08:49:41 視窗標題【】開始下單
16fc06cda06aa18f,Mon Jan 20 2020 08:49:16 GMT+0800 (Taiwan Standard Time),Mon Jan 20 2020 08:49:12 GMT+0800 (Taiwan Standard Time),,,,,0,0,0,normal,,下單機【停止下單】通知 2020/01/20 08:49:12 視窗標題【】停止下單
16fc06cc963e23a3,Mon Jan 20 2020 08:49:11 GMT+0800 (Taiwan Standard Time),Mon Jan 20 2020 08:49:08 GMT+0800 (Taiwan Standard Time),,,,,0,0,0,normal,,下單機【開始下單】通知 2020/01/20 08:49:08 視窗標題【】開始下單
16fc06c6c1e723fe,Mon Jan 20 2020 08:48:47 GMT+0800 (Taiwan Standard Time),Mon Jan 20 2020 08:48:44 GMT+0800 (Taiwan Standard Time),,,,,0,0,0,normal,,下單機【停止下單】通知 2020/01/20 08:48:44 視窗標題【】停止下單
16fc06c178eebd17,Mon Jan 20 2020 08:48:25 GMT+0800 (Taiwan Standard Time),Mon Jan 20 2020 08:48:22 GMT+0800 (Taiwan Standard Time),,,,,0,0,0,normal,,下單機【開始下單】通知 2020/01/20 08:48:22 視窗標題【】開始下單
16fb208988e8cab1,Fri Jan 17 2020 13:45:03 GMT+0800 (Taiwan Standard Time),Fri Jan 17 2020 13:45:00 GMT+0800 (Taiwan Standard Time),,,,,0,0,0,normal,,下單機【停止下單】通知 2020/01/17 13:45:00 視窗標題【】停止下單
16fb0f63233fe3d9,Fri Jan 17 2020 08:45:21 GMT+0800 (Taiwan Standard Time),Fri Jan 17 2020 08:45:16 GMT+0800 (Taiwan Standard Time),,,,,0,0,0,normal,,下單機【開始下單】通知 2020/01/17 08:45:16 視窗標題【】開始下單
16face23b330f345,Thu Jan 16 2020 13:45:03 GMT+0800 (Taiwan Standard Time),Thu Jan 16 2020 13:45:00 GMT+0800 (Taiwan Standard Time),,,,,0,0,0,normal,,下單機【停止下單】通知 2020/01/16 13:45:00 視窗標題【】停止下單
16fabcf39d3576a4,Thu Jan 16 2020 08:44:40 GMT+0800 (Taiwan Standard Time),Thu Jan 16 2020 08:44:37 GMT+0800 (Taiwan Standard Time),,,,,0,0,0,normal,,下單機【開始下單】通知 2020/01/16 08:44:37 視窗標題【】開始下單
16fabceeb32c68fc,Thu Jan 16 2020 08:44:21 GMT+0800 (Taiwan Standard Time),Thu Jan 16 2020 08:44:18 GMT+0800 (Taiwan Standard Time),,,,,0,0,0,error,<警告/提醒> 2020/01/16 08:44:18 以下帳戶倉位不同步，請確認是否故意不同步，以免下單錯誤： 【交易所_A-策略_TCA】 (策略倉位×倍數) 0×1 ≠ 12 (帳戶倉位) 【模擬帳戶-模擬_TEST】 (策略倉位×倍數) 0×1 ≠ 12 (帳戶倉位),<警告/提醒> 2020/01/16 08:44:18 以下帳戶倉位不同步，請確認是否故意不同步，以免下單錯誤： 【交易所_A-策略_TCA】 (策略倉位×倍數) 0×1 ≠ 12 (帳戶倉位) 【模擬帳戶-模擬_TEST】 (策略倉位×倍數) 0×1 ≠ 12 (帳戶倉位)
16fabcedca5cc06c,Thu Jan 16 2020 08:44:17 GMT+0800 (Taiwan Standard Time),Thu Jan 16 2020 08:44:14 GMT+0800 (Taiwan Standard Time),模擬_TEST,,,,0,0,0,normal,,<警告/提醒> 2020/01/16 08:44:14 【模擬_TEST】策略倉位已自動和訊號源同步：由【12】-->【0】
16fabced07cdbb3a,Thu Jan 16 2020 08:44:13 GMT+0800 (Taiwan Standard Time),Thu Jan 16 2020 08:44:09 GMT+0800 (Taiwan Standard Time),策略_TCA,,,,0,0,0,normal,,<警告/提醒> 2020/01/16 08:44:09 【策略_TCA】策略倉位已自動和訊號源同步：由【12】-->【0】
16fa7bbddfdd35b1,Wed Jan 15 2020 13:45:03 GMT+0800 (Taiwan Standard Time),Wed Jan 15 2020 13:45:00 GMT+0800 (Taiwan Standard Time),,,,,0,0,0,normal,,下單機【停止下單】通知 2020/01/15 13:45:00 視窗標題【】停止下單
16fa7a86aa343d51,Wed Jan 15 2020 13:23:48 GMT+0800 (Taiwan Standard Time),Wed Jan 15 2020 13:23:45 GMT+0800 (Taiwan Standard Time),,,,,0,0,0,error,帳戶【交易所_A】開始進行【定時自動轉倉換月】 2020/01/15 13:23:45 交易所_A-小型台指12口 開始自動轉倉至2020/02。,帳戶【交易所_A】開始進行【定時自動轉倉換月】 2020/01/15 13:23:45 交易所_A-小型台指12口 開始自動轉倉至2020/02。
16fa6a851376ab89,Wed Jan 15 2020 08:44:04 GMT+0800 (Taiwan Standard Time),Wed Jan 15 2020 08:44:00 GMT+0800 (Taiwan Standard Time),,,,,0,0,0,normal,,下單機【開始下單】通知 2020/01/15 08:44:00 視窗標題【】開始下單
16fa2957fa373243,Tue Jan 14 2020 13:45:02 GMT+0800 (Taiwan Standard Time),Tue Jan 14 2020 13:45:00 GMT+0800 (Taiwan Standard Time),,,,,0,0,0,normal,,下單機【停止下單】通知 2020/01/14 13:45:00 視窗標題【】停止下單
16fa1824e421bac2,Tue Jan 14 2020 08:44:27 GMT+0800 (Taiwan Standard Time),Tue Jan 14 2020 08:44:24 GMT+0800 (Taiwan Standard Time),,,,,0,0,0,normal,,下單機【開始下單】通知 2020/01/14 08:44:24 視窗標題【】開始下單
16f9d6f25026fa35,Mon Jan 13 2020 13:45:03 GMT+0800 (Taiwan Standard Time),Mon Jan 13 2020 13:45:00 GMT+0800 (Taiwan Standard Time),,,,,0,0,0,normal,,下單機【停止下單】通知 2020/01/13 13:45:00 視窗標題【】停止下單
16f9c5b98349d83f,Mon Jan 13 2020 08:44:04 GMT+0800 (Taiwan Standard Time),Mon Jan 13 2020 08:44:00 GMT+0800 (Taiwan Standard Time),,,,,0,0,0,normal,,下單機【開始下單】通知 2020/01/13 08:44:00 視窗標題【】開始下單
16f8dfc126e4d86d,Fri Jan 10 2020 13:45:03 GMT+0800 (Taiwan Standard Time),Fri Jan 10 2020 13:45:00 GMT+0800 (Taiwan Standard Time),,,,,0,0,0,normal,,下單機【停止下單】通知 2020/01/10 13:45:00 視窗標題【】停止下單
16f8ce89b3dded68,Fri Jan 10 2020 08:44:06 GMT+0800 (Taiwan Standard Time),Fri Jan 10 2020 08:44:00 GMT+0800 (Taiwan Standard Time),,,,,0,0,0,normal,,下單機【開始下單】通知 2020/01/10 08:44:00 視窗標題【】開始下單
16f87da0766572bd,Thu Jan 09 2020 09:10:09 GMT+0800 (Taiwan Standard Time),Thu Jan 09 2020 09:10:00 GMT+0800 (Taiwan Standard Time),策略_TCA,交易所_A,11905,add_long,1,11,12,normal,,"2020/01/09 09:10:00 【策略_TCA】 ""11905"" 加碼多單，策略倉位 11 → 12 帳戶【交易所_A】(小型台指) 帳戶倉位 11 → 12 倍數 1，本次下單 1，下單後帳戶總倉位 12 策略_TCA"
16f83af5b74ee164,Wed Jan 08 2020 13:45:03 GMT+0800 (Taiwan Standard Time),Wed Jan 08 2020 13:45:00 GMT+0800 (Taiwan Standard Time),,,,,0,0,0,normal,,下單機【停止下單】通知 2020/01/08 13:45:00 視窗標題【】停止下單
16f7e77e9d240a49,Tue Jan 07 2020 13:26:24 GMT+0800 (Taiwan Standard Time),Tue Jan 07 2020 13:26:15 GMT+0800 (Taiwan Standard Time),策略_TCA,交易所_A,11885,reduce_long,-1,12,11,normal,,"2020/01/07 13:26:15 【策略_TCA】 ""11885"" 減碼多單，策略倉位 12 → 11 帳戶【交易所_A】(小型台指) 帳戶倉位 12 → 11 倍數 1，本次下單 -1，下單後帳戶總倉位 11 策略_TCA"
16f7e732dc596fa9,Tue Jan 07 2020 13:21:13 GMT+0800 (Taiwan Standard Time),Tue Jan 07 2020 13:21:04 GMT+0800 (Taiwan Standard Time),策略_TCA,交易所_A,11894,add_long,1,11,12,normal,,"2020/01/07 13:21:04 【策略_TCA】 ""11894"" 加碼多單，策略倉位 11 → 12 帳戶【交易所_A】(小型台指) 帳戶倉位 11 → 12 倍數 1，本次下單 1，下單後帳戶總倉位 12 策略_TCA"
16f7e6828f054881,Tue Jan 07 2020 13:09:11 GMT+0800 (Taiwan Standard Time),Tue Jan 07 2020 13:09:02 GMT+0800 (Taiwan Standard Time),策略_TCA,交易所_A,11885,reduce_long,-1,12,11,normal,,"2020/01/07 13:09:02 【策略_TCA】 ""11885"" 減碼多單，策略倉位 12 → 11 帳戶【交易所_A】(小型台指) 帳戶倉位 12 → 11 倍數 1，本次下單 -1，下單後帳戶總倉位 11 策略_TCA"
16f7e5b5007c7bdf,Tue Jan 07 2020 12:55:09 GMT+0800 (Taiwan Standard Time),Tue Jan 07 2020 12:55:00 GMT+0800 (Taiwan Standard Time),策略_TCA,交易所_A,11895,add_long,1,11,12,normal,,"2020/01/07 12:55:00 【策略_TCA】 ""11895"" 加碼多單，策略倉位 11 → 12 帳戶【交易所_A】(小型台指) 帳戶倉位 11 → 12 倍數 1，本次下單 1，下單後帳戶總倉位 12 策略_TCA"
16f7ddd6997c19e7,Tue Jan 07 2020 10:37:39 GMT+0800 (Taiwan Standard Time),Tue Jan 07 2020 10:37:30 GMT+0800 (Taiwan Standard Time),策略_TCA,交易所_A,11873,reduce_long,-1,12,11,normal,,"2020/01/07 10:37:30 【策略_TCA】 ""11873"" 減碼多單，策略倉位 12 → 11 帳戶【交易所_A】(小型台指) 帳戶倉位 12 → 11 倍數 1，本次下單 -1，下單後帳戶總倉位 11 策略_TCA"
16f7d75e60e61675,Tue Jan 07 2020 08:44:34 GMT+0800 (Taiwan Standard Time),Tue Jan 07 2020 08:44:31 GMT+0800 (Taiwan Standard Time),,,,,0,0,0,normal,,下單機【開始下單】通知 2020/01/07 08:44:31 視窗標題【】開始下單
16f2270a8bf61626,Fri Dec 20 2019 16:33:25 GMT+0800 (Taiwan Standard Time),Fri Dec 20 2019 16:33:16 GMT+0800 (Taiwan Standard Time),策略_TCA,交易所_A,11991,reduce_long,-1,13,12,normal,,"2019/12/20 16:33:16 【策略_TCA】 ""11991"" 減碼多單，策略倉位 13 → 12 帳戶【交易所_A】(小型台指) 帳戶倉位 13 → 12 倍數 1，本次下單 -1，下單後帳戶總倉位 12 策略_TCA"
16f226a3497a71c6,Fri Dec 20 2019 16:26:22 GMT+0800 (Taiwan Standard Time),Fri Dec 20 2019 16:26:19 GMT+0800 (Taiwan Standard Time),,,,,0,0,0,normal,,下單機【開始下單】通知 2019/12/20 16:26:19 視窗標題【】開始下單
16f20c2fd49ace5b,Fri Dec 20 2019 08:44:05 GMT+0800 (Taiwan Standard Time),Fri Dec 20 2019 08:44:00 GMT+0800 (Taiwan Standard Time),,,,,0,0,0,normal,,下單機【開始下單】通知 2019/12/20 08:44:00 視窗標題【】開始下單
16f1b9d99a11af2f,Thu Dec 19 2019 08:45:09 GMT+0800 (Taiwan Standard Time),Thu Dec 19 2019 08:44:59 GMT+0800 (Taiwan Standard Time),策略_TCA,交易所_A,12110,,12,0,12,normal,,"2019/12/19 08:44:59 【策略_TCA】 ""12110"" 多單進場，策略倉位 0 → 12 帳戶【交易所_A】(小型台指) 帳戶倉位 12 → 12 倍數 1，本次下單 0，下單後帳戶總倉位 12 策略_TCA"
16f179c2e6e230f1,Wed Dec 18 2019 14:05:07 GMT+0800 (Taiwan Standard Time),Wed Dec 18 2019 14:04:58 GMT+0800 (Taiwan Standard Time),策略_TCA,交易所_A,12119,add_long,1,12,13,normal,,"2019/12/18 14:04:58 【策略_TCA】 ""12119"" 加碼多單，策略倉位 12 → 13 帳戶【交易所_A】(小型台指) 帳戶倉位 10 → 13 倍數 1，本次下單 3，下單後帳戶總倉位 13 策略_TCA"
16f113d287c6f957,Tue Dec 17 2019 08:23:36 GMT+0800 (Taiwan Standard Time),Tue Dec 17 2019 08:23:30 GMT+0800 (Taiwan Standard Time),,,,,0,0,0,error,<警告/提醒> 2019/12/17 08:23:30 以下帳戶倉位不同步，請確認是否故意不同步，以免下單錯誤： 【交易所_A-策略_TCA】 (策略倉位×倍數) 12×1 ≠ 10 (帳戶倉位) 【模擬帳戶-模擬_TEST】 (策略倉位×倍數) 12×1 ≠ 10 (帳戶倉位),<警告/提醒> 2019/12/17 08:23:30 以下帳戶倉位不同步，請確認是否故意不同步，以免下單錯誤： 【交易所_A-策略_TCA】 (策略倉位×倍數) 12×1 ≠ 10 (帳戶倉位) 【模擬帳戶-模擬_TEST】 (策略倉位×倍數) 12×1 ≠ 10 (帳戶倉位)
16f027bd891bab52,Sat Dec 14 2019 11:37:47 GMT+0800 (Taiwan Standard Time),Sat Dec 14 2019 11:37:41 GMT+0800 (Taiwan Standard Time),,,,,0,0,0,error,<警告/提醒> 2019/12/14 11:37:41 以下帳戶倉位不同步，請確認是否故意不同步，以免下單錯誤： 【交易所_A-策略_TCA】 (策略倉位×倍數) 12×1 ≠ 10 (帳戶倉位) 【模擬帳戶-模擬_TEST】 (策略倉位×倍數) 12×1 ≠ 10 (帳戶倉位),<警告/提醒> 2019/12/14 11:37:41 以下帳戶倉位不同步，請確認是否故意不同步，以免下單錯誤： 【交易所_A-策略_TCA】 (策略倉位×倍數) 12×1 ≠ 10 (帳戶倉位) 【模擬帳戶-模擬_TEST】 (策略倉位×倍數) 12×1 ≠ 10 (帳戶倉位)
16efe15fb1bc2665,Fri Dec 13 2019 15:08:02 GMT+0800 (Taiwan Standard Time),Fri Dec 13 2019 15:07:59 GMT+0800 (Taiwan Standard Time),,,,,0,0,0,error,<警告/提醒> 2019/12/13 15:07:59 以下帳戶倉位不同步，請確認是否故意不同步，以免下單錯誤： 【交易所_A-策略_TCA】 (策略倉位×倍數) 12×1 ≠ 10 (帳戶倉位) 【模擬帳戶-模擬_TEST】 (策略倉位×倍數) 12×1 ≠ 10 (帳戶倉位),<警告/提醒> 2019/12/13 15:07:59 以下帳戶倉位不同步，請確認是否故意不同步，以免下單錯誤： 【交易所_A-策略_TCA】 (策略倉位×倍數) 12×1 ≠ 10 (帳戶倉位) 【模擬帳戶-模擬_TEST】 (策略倉位×倍數) 12×1 ≠ 10 (帳戶倉位)
16efcc89ef94563d,Fri Dec 13 2019 09:03:54 GMT+0800 (Taiwan Standard Time),Fri Dec 13 2019 09:03:45 GMT+0800 (Taiwan Standard Time),策略_TCA,交易所_A,11985,add_long,1,11,12,normal,,"2019/12/13 09:03:45 【策略_TCA】 ""11985"" 加碼多單，策略倉位 11 → 12 帳戶【交易所_A】(小型台指) 帳戶倉位 11 → 12 倍數 1，本次下單 1，下單後帳戶總倉位 12 策略_TCA"
16ef8af30b6d1c49,Thu Dec 12 2019 13:57:39 GMT+0800 (Taiwan Standard Time),Thu Dec 12 2019 13:57:36 GMT+0800 (Taiwan Standard Time),,,,,0,0,0,error,<警告/提醒> 2019/12/12 13:57:36 以下帳戶倉位不同步，請確認是否故意不同步，以免下單錯誤： 【交易所_A-策略_TCA】 (策略倉位×倍數) 12×1 ≠ 10 (帳戶倉位) 【模擬帳戶-模擬_TEST】 (策略倉位×倍數) 12×1 ≠ 10 (帳戶倉位),<警告/提醒> 2019/12/12 13:57:36 以下帳戶倉位不同步，請確認是否故意不同步，以免下單錯誤： 【交易所_A-策略_TCA】 (策略倉位×倍數) 12×1 ≠ 10 (帳戶倉位) 【模擬帳戶-模擬_TEST】 (策略倉位×倍數) 12×1 ≠ 10 (帳戶倉位)
16ef4e66075f645c,Wed Dec 11 2019 20:19:28 GMT+0800 (Taiwan Standard Time),Wed Dec 11 2019 20:19:24 GMT+0800 (Taiwan Standard Time),,,,,0,0,0,error,<警告/提醒> 2019/12/11 20:19:24 以下帳戶倉位不同步，請確認是否故意不同步，以免下單錯誤： 【交易所_A-策略_TCA】 (策略倉位×倍數) 12×1 ≠ 10 (帳戶倉位) 【模擬帳戶-模擬_TEST】 (策略倉位×倍數) 12×1 ≠ 10 (帳戶倉位),<警告/提醒> 2019/12/11 20:19:24 以下帳戶倉位不同步，請確認是否故意不同步，以免下單錯誤： 【交易所_A-策略_TCA】 (策略倉位×倍數) 12×1 ≠ 10 (帳戶倉位) 【模擬帳戶-模擬_TEST】 (策略倉位×倍數) 12×1 ≠ 10 (帳戶倉位)
16ef424e95407e31,Wed Dec 11 2019 16:48:09 GMT+0800 (Taiwan Standard Time),Wed Dec 11 2019 16:48:05 GMT+0800 (Taiwan Standard Time),,,,,0,0,0,error,<警告/提醒> 2019/12/11 16:48:05 以下帳戶倉位不同步，請確認是否故意不同步，以免下單錯誤： 【交易所_A-策略_TCA】 (策略倉位×倍數) 12×1 ≠ 10 (帳戶倉位) 【模擬帳戶-模擬_TEST】 (策略倉位×倍數) 12×1 ≠ 10 (帳戶倉位),<警告/提醒> 2019/12/11 16:48:05 以下帳戶倉位不同步，請確認是否故意不同步，以免下單錯誤： 【交易所_A-策略_TCA】 (策略倉位×倍數) 12×1 ≠ 10 (帳戶倉位) 【模擬帳戶-模擬_TEST】 (策略倉位×倍數) 12×1 ≠ 10 (帳戶倉位)
16ef423ee4d647d1,Wed Dec 11 2019 16:47:05 GMT+0800 (Taiwan Standard Time),Wed Dec 11 2019 16:47:02 GMT+0800 (Taiwan Standard Time),,,,,0,0,0,error,<警告/提醒> 2019/12/11 16:47:02 以下帳戶倉位不同步，請確認是否故意不同步，以免下單錯誤： 【交易所_A-策略_TCA】 (策略倉位×倍數) 12×1 ≠ 10 (帳戶倉位) 【模擬帳戶-模擬_TEST】 (策略倉位×倍數) 12×1 ≠ 10 (帳戶倉位),<警告/提醒> 2019/12/11 16:47:02 以下帳戶倉位不同步，請確認是否故意不同步，以免下單錯誤： 【交易所_A-策略_TCA】 (策略倉位×倍數) 12×1 ≠ 10 (帳戶倉位) 【模擬帳戶-模擬_TEST】 (策略倉位×倍數) 12×1 ≠ 10 (帳戶倉位)
16ef422ff350d06b,Wed Dec 11 2019 16:46:02 GMT+0800 (Taiwan Standard Time),Wed Dec 11 2019 16:45:59 GMT+0800 (Taiwan Standard Time),,,,,0,0,0,error,<警告/提醒> 2019/12/11 16:45:59 以下帳戶倉位不同步，請確認是否故意不同步，以免下單錯誤： 【交易所_A-策略_TCA】 (策略倉位×倍數) 12×1 ≠ 10 (帳戶倉位) 【模擬帳戶-模擬_TEST】 (策略倉位×倍數) 12×1 ≠ 10 (帳戶倉位),<警告/提醒> 2019/12/11 16:45:59 以下帳戶倉位不同步，請確認是否故意不同步，以免下單錯誤： 【交易所_A-策略_TCA】 (策略倉位×倍數) 12×1 ≠ 10 (帳戶倉位) 【模擬帳戶-模擬_TEST】 (策略倉位×倍數) 12×1 ≠ 10 (帳戶倉位)
16ef395a860447b4,Wed Dec 11 2019 14:11:41 GMT+0800 (Taiwan Standard Time),Wed Dec 11 2019 14:11:37 GMT+0800 (Taiwan Standard Time),,,,,0,0,0,error,<警告/提醒> 2019/12/11 14:11:37 以下帳戶倉位不同步，請確認是否故意不同步，以免下單錯誤： 【交易所_A-策略_TCA】 (策略倉位×倍數) 12×1 ≠ 10 (帳戶倉位) 【模擬帳戶-模擬_TEST】 (策略倉位×倍數) 12×1 ≠ 10 (帳戶倉位),<警告/提醒> 2019/12/11 14:11:37 以下帳戶倉位不同步，請確認是否故意不同步，以免下單錯誤： 【交易所_A-策略_TCA】 (策略倉位×倍數) 12×1 ≠ 10 (帳戶倉位) 【模擬帳戶-模擬_TEST】 (策略倉位×倍數) 12×1 ≠ 10 (帳戶倉位)
16ef39597c2451b4,Wed Dec 11 2019 14:11:36 GMT+0800 (Taiwan Standard Time),Wed Dec 11 2019 14:11:33 GMT+0800 (Taiwan Standard Time),模擬_TEST,,,,0,0,0,normal,,<警告/提醒> 2019/12/11 14:11:33 【模擬_TEST】策略倉位已自動和訊號源同步：由【11】-->【12】
16ef3958b109668e,Wed Dec 11 2019 14:11:32 GMT+0800 (Taiwan Standard Time),Wed Dec 11 2019 14:11:29 GMT+0800 (Taiwan Standard Time),策略_TCA,,,,0,0,0,normal,,<警告/提醒> 2019/12/11 14:11:29 【策略_TCA】策略倉位已自動和訊號源同步：由【11】-->【12】
16eee821203ae5a3,Tue Dec 10 2019 14:32:11 GMT+0800 (Taiwan Standard Time),Tue Dec 10 2019 14:32:08 GMT+0800 (Taiwan Standard Time),,,,,0,0,0,error,<警告/提醒> 2019/12/10 14:32:08 以下帳戶倉位不同步，請確認是否故意不同步，以免下單錯誤： 【交易所_A-策略_TCA】 (策略倉位×倍數) 11×1 ≠ 10 (帳戶倉位) 【模擬帳戶-模擬_TEST】 (策略倉位×倍數) 11×1 ≠ 10 (帳戶倉位),<警告/提醒> 2019/12/10 14:32:08 以下帳戶倉位不同步，請確認是否故意不同步，以免下單錯誤： 【交易所_A-策略_TCA】 (策略倉位×倍數) 11×1 ≠ 10 (帳戶倉位) 【模擬帳戶-模擬_TEST】 (策略倉位×倍數) 11×1 ≠ 10 (帳戶倉位)
16eee8127523034d,Tue Dec 10 2019 14:31:10 GMT+0800 (Taiwan Standard Time),Tue Dec 10 2019 14:31:07 GMT+0800 (Taiwan Standard Time),,,,,0,0,0,error,<警告/提醒> 2019/12/10 14:31:07 以下帳戶倉位不同步，請確認是否故意不同步，以免下單錯誤： 【交易所_A-策略_TCA】 (策略倉位×倍數) 11×1 ≠ 10 (帳戶倉位) 【模擬帳戶-模擬_TEST】 (策略倉位×倍數) 11×1 ≠ 10 (帳戶倉位),<警告/提醒> 2019/12/10 14:31:07 以下帳戶倉位不同步，請確認是否故意不同步，以免下單錯誤： 【交易所_A-策略_TCA】 (策略倉位×倍數) 11×1 ≠ 10 (帳戶倉位) 【模擬帳戶-模擬_TEST】 (策略倉位×倍數) 11×1 ≠ 10 (帳戶倉位)
16eea021bcc8fc40,Mon Dec 09 2019 17:33:54 GMT+0800 (Taiwan Standard Time),Mon Dec 09 2019 17:33:50 GMT+0800 (Taiwan Standard Time),,,,,0,0,0,error,<警告/提醒> 2019/12/09 17:33:50 以下帳戶倉位不同步，請確認是否故意不同步，以免下單錯誤： 【交易所_A-策略_TCA】 (策略倉位×倍數) 11×1 ≠ 10 (帳戶倉位) 【模擬帳戶-模擬_TEST】 (策略倉位×倍數) 11×1 ≠ 10 (帳戶倉位),<警告/提醒> 2019/12/09 17:33:50 以下帳戶倉位不同步，請確認是否故意不同步，以免下單錯誤： 【交易所_A-策略_TCA】 (策略倉位×倍數) 11×1 ≠ 10 (帳戶倉位) 【模擬帳戶-模擬_TEST】 (策略倉位×倍數) 11×1 ≠ 10 (帳戶倉位)
16ed9e244749fd30,Fri Dec 06 2019 14:25:13 GMT+0800 (Taiwan Standard Time),Fri Dec 06 2019 14:25:10 GMT+0800 (Taiwan Standard Time),,,,,0,0,0,error,<警告/提醒> 2019/12/06 14:25:10 以下帳戶倉位不同步，請確認是否故意不同步，以免下單錯誤： 【交易所_A-策略_TCA】 (策略倉位×倍數) 11×1 ≠ 10 (帳戶倉位) 【模擬帳戶-模擬_TEST】 (策略倉位×倍數) 11×1 ≠ 10 (帳戶倉位),<警告/提醒> 2019/12/06 14:25:10 以下帳戶倉位不同步，請確認是否故意不同步，以免下單錯誤： 【交易所_A-策略_TCA】 (策略倉位×倍數) 11×1 ≠ 10 (帳戶倉位) 【模擬帳戶-模擬_TEST】 (策略倉位×倍數) 11×1 ≠ 10 (帳戶倉位)
16ed4ade86fc77b4,Thu Dec 05 2019 14:09:56 GMT+0800 (Taiwan Standard Time),Thu Dec 05 2019 14:09:54 GMT+0800 (Taiwan Standard Time),,,,,0,0,0,error,<警告/提醒> 2019/12/05 14:09:54 以下帳戶倉位不同步，請確認是否故意不同步，以免下單錯誤： 【交易所_A-策略_TCA】 (策略倉位×倍數) 11×1 ≠ 10 (帳戶倉位) 【模擬帳戶-模擬_TEST】 (策略倉位×倍數) 11×1 ≠ 10 (帳戶倉位),<警告/提醒> 2019/12/05 14:09:54 以下帳戶倉位不同步，請確認是否故意不同步，以免下單錯誤： 【交易所_A-策略_TCA】 (策略倉位×倍數) 11×1 ≠ 10 (帳戶倉位) 【模擬帳戶-模擬_TEST】 (策略倉位×倍數) 11×1 ≠ 10 (帳戶倉位)
16ed4acf2b275136,Thu Dec 05 2019 14:08:53 GMT+0800 (Taiwan Standard Time),Thu Dec 05 2019 14:08:51 GMT+0800 (Taiwan Standard Time),,,,,0,0,0,error,<警告/提醒> 2019/12/05 14:08:51 以下帳戶倉位不同步，請確認是否故意不同步，以免下單錯誤： 【交易所_A-策略_TCA】 (策略倉位×倍數) 11×1 ≠ 10 (帳戶倉位) 【模擬帳戶-模擬_TEST】 (策略倉位×倍數) 11×1 ≠ 10 (帳戶倉位),<警告/提醒> 2019/12/05 14:08:51 以下帳戶倉位不同步，請確認是否故意不同步，以免下單錯誤： 【交易所_A-策略_TCA】 (策略倉位×倍數) 11×1 ≠ 10 (帳戶倉位) 【模擬帳戶-模擬_TEST】 (策略倉位×倍數) 11×1 ≠ 10 (帳戶倉位)
16ed4abfc8819075,Thu Dec 05 2019 14:07:50 GMT+0800 (Taiwan Standard Time),Thu Dec 05 2019 14:07:47 GMT+0800 (Taiwan Standard Time),,,,,0,0,0,error,<警告/提醒> 2019/12/05 14:07:47 以下帳戶倉位不同步，請確認是否故意不同步，以免下單錯誤： 【交易所_A-策略_TCA】 (策略倉位×倍數) 11×1 ≠ 10 (帳戶倉位) 【模擬帳戶-模擬_TEST】 (策略倉位×倍數) 11×1 ≠ 10 (帳戶倉位),<警告/提醒> 2019/12/05 14:07:47 以下帳戶倉位不同步，請確認是否故意不同步，以免下單錯誤： 【交易所_A-策略_TCA】 (策略倉位×倍數) 11×1 ≠ 10 (帳戶倉位) 【模擬帳戶-模擬_TEST】 (策略倉位×倍數) 11×1 ≠ 10 (帳戶倉位)
16ed4a522b4c47c7,Thu Dec 05 2019 14:00:20 GMT+0800 (Taiwan Standard Time),Thu Dec 05 2019 14:00:18 GMT+0800 (Taiwan Standard Time),,,,,0,0,0,error,<警告/提醒> 2019/12/05 14:00:18 以下帳戶倉位不同步，請確認是否故意不同步，以免下單錯誤： 【交易所_A-策略_TCA】 (策略倉位×倍數) 11×1 ≠ 10 (帳戶倉位) 【模擬帳戶-模擬_TEST】 (策略倉位×倍數) 11×1 ≠ 10 (帳戶倉位),<警告/提醒> 2019/12/05 14:00:18 以下帳戶倉位不同步，請確認是否故意不同步，以免下單錯誤： 【交易所_A-策略_TCA】 (策略倉位×倍數) 11×1 ≠ 10 (帳戶倉位) 【模擬帳戶-模擬_TEST】 (策略倉位×倍數) 11×1 ≠ 10 (帳戶倉位)
16ed3a6e4e535ac3,Thu Dec 05 2019 09:22:39 GMT+0800 (Taiwan Standard Time),Thu Dec 05 2019 09:22:30 GMT+0800 (Taiwan Standard Time),策略_TCA,交易所_A,11600,add_long,1,10,11,normal,,"2019/12/05 09:22:30 【策略_TCA】 ""11600"" 加碼多單，策略倉位 10 → 11 帳戶【交易所_A】(小型台指) 帳戶倉位 10 → 11 倍數 1，本次下單 1，下單後帳戶總倉位 11 策略_TCA"
16ed38c769cc8fbe,Thu Dec 05 2019 08:53:47 GMT+0800 (Taiwan Standard Time),Thu Dec 05 2019 08:53:42 GMT+0800 (Taiwan Standard Time),,,,,0,0,0,error,<警告/提醒> 2019/12/05 08:53:42 以下帳戶倉位不同步，請確認是否故意不同步，以免下單錯誤： 【交易所_A-策略_TCA】 (策略倉位×倍數) 11×1 ≠ 10 (帳戶倉位) 【模擬帳戶-模擬_TEST】 (策略倉位×倍數) 11×1 ≠ 10 (帳戶倉位),<警告/提醒> 2019/12/05 08:53:42 以下帳戶倉位不同步，請確認是否故意不同步，以免下單錯誤： 【交易所_A-策略_TCA】 (策略倉位×倍數) 11×1 ≠ 10 (帳戶倉位) 【模擬帳戶-模擬_TEST】 (策略倉位×倍數) 11×1 ≠ 10 (帳戶倉位)
16ecf7ee60a61ab3,Wed Dec 04 2019 14:00:29 GMT+0800 (Taiwan Standard Time),Wed Dec 04 2019 14:00:27 GMT+0800 (Taiwan Standard Time),,,,,0,0,0,error,<警告/提醒> 2019/12/04 14:00:27 以下帳戶倉位不同步，請確認是否故意不同步，以免下單錯誤： 【交易所_A-策略_TCA】 (策略倉位×倍數) 11×1 ≠ 10 (帳戶倉位) 【模擬帳戶-模擬_TEST】 (策略倉位×倍數) 11×1 ≠ 10 (帳戶倉位),<警告/提醒> 2019/12/04 14:00:27 以下帳戶倉位不同步，請確認是否故意不同步，以免下單錯誤： 【交易所_A-策略_TCA】 (策略倉位×倍數) 11×1 ≠ 10 (帳戶倉位) 【模擬帳戶-模擬_TEST】 (策略倉位×倍數) 11×1 ≠ 10 (帳戶倉位)
16ecf7ed74db958b,Wed Dec 04 2019 14:00:25 GMT+0800 (Taiwan Standard Time),Wed Dec 04 2019 14:00:23 GMT+0800 (Taiwan Standard Time),模擬_TEST,,,,0,0,0,normal,,<警告/提醒> 2019/12/04 14:00:23 【模擬_TEST】策略倉位已自動和訊號源同步：由【10】-->【11】
16ecf7ecd9544bab,Wed Dec 04 2019 14:00:22 GMT+0800 (Taiwan Standard Time),Wed Dec 04 2019 14:00:19 GMT+0800 (Taiwan Standard Time),策略_TCA,,,,0,0,0,normal,,<警告/提醒> 2019/12/04 14:00:19 【策略_TCA】策略倉位已自動和訊號源同步：由【10】-->【11】
16eb60a914ecb775,Fri Nov 29 2019 15:22:55 GMT+0800 (Taiwan Standard Time),Fri Nov 29 2019 15:22:52 GMT+0800 (Taiwan Standard Time),模擬_TEST,,,,0,0,0,normal,,<警告/提醒> 2019/11/29 15:22:52 【模擬_TEST】策略倉位已自動和訊號源同步：由【11】-->【10】
16eb60a873ef017b,Fri Nov 29 2019 15:22:52 GMT+0800 (Taiwan Standard Time),Fri Nov 29 2019 15:22:48 GMT+0800 (Taiwan Standard Time),策略_TCA,,,,0,0,0,normal,,<警告/提醒> 2019/11/29 15:22:48 【策略_TCA】策略倉位已自動和訊號源同步：由【11】-->【10】
16eb4ca5dd96c58d,Fri Nov 29 2019 09:33:09 GMT+0800 (Taiwan Standard Time),Fri Nov 29 2019 09:33:00 GMT+0800 (Taiwan Standard Time),策略_TCA,交易所_A,11553,reduce_long,-1,11,10,normal,,"2019/11/29 09:33:00 【策略_TCA】 ""11553"" 減碼多單，策略倉位 11 → 10 帳戶【交易所_A】(小型台指) 帳戶倉位 11 → 10 倍數 1，本次下單 -1，下單後帳戶總倉位 10 策略_TCA"
16eafaef877c13ab,Thu Nov 28 2019 09:45:08 GMT+0800 (Taiwan Standard Time),Thu Nov 28 2019 09:45:05 GMT+0800 (Taiwan Standard Time),,,,,0,0,0,error,<警告/提醒> 2019/11/28 09:45:05 以下帳戶倉位不同步，請確認是否故意不同步，以免下單錯誤： 【交易所_A-策略_TCA】 (策略倉位×倍數) 11×1 ≠ 10 (帳戶倉位) 【模擬帳戶-模擬_TEST】 (策略倉位×倍數) 11×1 ≠ 10 (帳戶倉位),<警告/提醒> 2019/11/28 09:45:05 以下帳戶倉位不同步，請確認是否故意不同步，以免下單錯誤： 【交易所_A-策略_TCA】 (策略倉位×倍數) 11×1 ≠ 10 (帳戶倉位) 【模擬帳戶-模擬_TEST】 (策略倉位×倍數) 11×1 ≠ 10 (帳戶倉位)
16eabcf7933b1fe3,Wed Nov 27 2019 15:42:10 GMT+0800 (Taiwan Standard Time),Wed Nov 27 2019 15:42:07 GMT+0800 (Taiwan Standard Time),,,,,0,0,0,error,<警告/提醒> 2019/11/27 15:42:07 以下帳戶倉位不同步，請確認是否故意不同步，以免下單錯誤： 【交易所_A-策略_TCA】 (策略倉位×倍數) 11×1 ≠ 10 (帳戶倉位) 【模擬帳戶-模擬_TEST】 (策略倉位×倍數) 11×1 ≠ 10 (帳戶倉位),<警告/提醒> 2019/11/27 15:42:07 以下帳戶倉位不同步，請確認是否故意不同步，以免下單錯誤： 【交易所_A-策略_TCA】 (策略倉位×倍數) 11×1 ≠ 10 (帳戶倉位) 【模擬帳戶-模擬_TEST】 (策略倉位×倍數) 11×1 ≠ 10 (帳戶倉位)
16eabcf6abc94920,Wed Nov 27 2019 15:42:06 GMT+0800 (Taiwan Standard Time),Wed Nov 27 2019 15:42:03 GMT+0800 (Taiwan Standard Time),模擬_TEST,,,,0,0,0,normal,,<警告/提醒> 2019/11/27 15:42:03 【模擬_TEST】策略倉位已自動和訊號源同步：由【10】-->【11】
16eabcf5ecb2a33f,Wed Nov 27 2019 15:42:03 GMT+0800 (Taiwan Standard Time),Wed Nov 27 2019 15:41:59 GMT+0800 (Taiwan Standard Time),策略_TCA,,,,0,0,0,normal,,<警告/提醒> 2019/11/27 15:41:59 【策略_TCA】策略倉位已自動和訊號源同步：由【10】-->【11】
16ea53c83b4653ea,Tue Nov 26 2019 09:03:55 GMT+0800 (Taiwan Standard Time),Tue Nov 26 2019 09:03:45 GMT+0800 (Taiwan Standard Time),策略_TCA,交易所_A,11614,add_long,1,10,11,normal,,"2019/11/26 09:03:45 【策略_TCA】 ""11614"" 加碼多單，策略倉位 10 → 11 帳戶【交易所_A】(小型台指) 帳戶倉位 10 → 11 倍數 1，本次下單 1，下單後帳戶總倉位 11 策略_TCA"
16ea100c03b68754,Mon Nov 25 2019 13:20:09 GMT+0800 (Taiwan Standard Time),Mon Nov 25 2019 13:20:01 GMT+0800 (Taiwan Standard Time),策略_TCA,交易所_A,11567,reduce_long,-1,11,10,normal,,"2019/11/25 13:20:01 【策略_TCA】 ""11567"" 減碼多單，策略倉位 11 → 10 帳戶【交易所_A】(小型台指) 帳戶倉位 11 → 10 倍數 1，本次下單 -1，下單後帳戶總倉位 10 策略_TCA"
16ea0162587e4bb7,Mon Nov 25 2019 09:03:54 GMT+0800 (Taiwan Standard Time),Mon Nov 25 2019 09:03:45 GMT+0800 (Taiwan Standard Time),策略_TCA,交易所_A,11601,add_long,1,10,11,normal,,"2019/11/25 09:03:45 【策略_TCA】 ""11601"" 加碼多單，策略倉位 10 → 11 帳戶【交易所_A】(小型台指) 帳戶倉位 10 → 11 倍數 1，本次下單 1，下單後帳戶總倉位 11 策略_TCA"
16e874447e44cfa9,Wed Nov 20 2019 13:23:47 GMT+0800 (Taiwan Standard Time),Wed Nov 20 2019 13:23:45 GMT+0800 (Taiwan Standard Time),,,,,0,0,0,error,帳戶【交易所_A】開始進行【定時自動轉倉換月】 2019/11/20 13:23:45 交易所_A-小型台指10口 開始自動轉倉至2019/12。,帳戶【交易所_A】開始進行【定時自動轉倉換月】 2019/11/20 13:23:45 交易所_A-小型台指10口 開始自動轉倉至2019/12。
16e7c9ea72fa0b95,Mon Nov 18 2019 11:46:41 GMT+0800 (Taiwan Standard Time),Mon Nov 18 2019 11:46:37 GMT+0800 (Taiwan Standard Time),,,,,0,0,0,error,"交易所_AII API 錯誤,帳號 (全部) 2019/11/18 11:46:37 斷線-P:ReceiveThread_EntryPoint CALL :無法從傳輸連接讀取資料: 連線嘗試失敗，因為連線對象有一段時間並未正確回應，或是連線建立失敗，因為連線的主機無法回應。?","交易所_AII API 錯誤,帳號 (全部) 2019/11/18 11:46:37 斷線-P:ReceiveThread_EntryPoint CALL :無法從傳輸連接讀取資料: 連線嘗試失敗，因為連線對象有一段時間並未正確回應，或是連線建立失敗，因為連線的主機無法回應。?"
16e6d97328ee761b,Fri Nov 15 2019 13:44:14 GMT+0800 (Taiwan Standard Time),Fri Nov 15 2019 13:44:11 GMT+0800 (Taiwan Standard Time),策略_TCA,,,,0,0,0,normal,,<警告/提醒> 2019/11/15 13:44:11 【策略_TCA】策略倉位已自動和訊號源同步：由【11】-->【10】
16e6d97198381fbb,Fri Nov 15 2019 13:44:07 GMT+0800 (Taiwan Standard Time),Fri Nov 15 2019 13:44:04 GMT+0800 (Taiwan Standard Time),策略_TCA,,,,0,0,0,normal,,<警告/提醒> 2019/11/15 13:44:04 【策略_TCA】策略倉位已自動和訊號源同步：由【11】-->【10】
16e6d96c076e963e,Fri Nov 15 2019 13:43:45 GMT+0800 (Taiwan Standard Time),Fri Nov 15 2019 13:43:41 GMT+0800 (Taiwan Standard Time),策略_TCA,,,,0,0,0,normal,,<警告/提醒> 2019/11/15 13:43:41 【策略_TCA】策略倉位已自動和訊號源同步：由【11】-->【10】
16e627f28ed2bdb4,Wed Nov 13 2019 10:02:09 GMT+0800 (Taiwan Standard Time),Wed Nov 13 2019 10:02:06 GMT+0800 (Taiwan Standard Time),,,,,0,0,0,error,"交易所_AII API 錯誤,帳號 (全部) 2019/11/13 10:02:06 斷線-P:ReceiveThread_EntryPoint CALL :無法從傳輸連接讀取資料: 連線已被您主機上的軟體中止。?","交易所_AII API 錯誤,帳號 (全部) 2019/11/13 10:02:06 斷線-P:ReceiveThread_EntryPoint CALL :無法從傳輸連接讀取資料: 連線已被您主機上的軟體中止。?"
16e496bf52c4a214,Fri Nov 08 2019 13:10:41 GMT+0800 (Taiwan Standard Time),Fri Nov 08 2019 13:10:37 GMT+0800 (Taiwan Standard Time),,,,,0,0,0,error,"交易所_AII API 錯誤,帳號 (全部) 2019/11/08 13:10:37 連線失敗-連線逾時:800 api.exchange-a.internal:8000","交易所_AII API 錯誤,帳號 (全部) 2019/11/08 13:10:37 連線失敗-連線逾時:800 api.exchange-a.internal:8000"
16e496b931bcfb76,Fri Nov 08 2019 13:10:16 GMT+0800 (Taiwan Standard Time),Fri Nov 08 2019 13:10:12 GMT+0800 (Taiwan Standard Time),,,,,0,0,0,error,"交易所_AII API 錯誤,帳號 (全部) 2019/11/08 13:10:12 連線失敗-連線逾時:800 api.exchange-a.internal:8000","交易所_AII API 錯誤,帳號 (全部) 2019/11/08 13:10:12 連線失敗-連線逾時:800 api.exchange-a.internal:8000"
16e496b350b61992,Fri Nov 08 2019 13:09:51 GMT+0800 (Taiwan Standard Time),Fri Nov 08 2019 13:09:47 GMT+0800 (Taiwan Standard Time),,,,,0,0,0,error,"交易所_AII API 錯誤,帳號 (全部) 2019/11/08 13:09:47 連線失敗-連線逾時:800 api.exchange-a.internal:8000","交易所_AII API 錯誤,帳號 (全部) 2019/11/08 13:09:47 連線失敗-連線逾時:800 api.exchange-a.internal:8000"
16e496b0421581b5,Fri Nov 08 2019 13:09:39 GMT+0800 (Taiwan Standard Time),Fri Nov 08 2019 13:09:35 GMT+0800 (Taiwan Standard Time),,,,,0,0,0,error,"交易所_AII API 錯誤,帳號 (全部) 2019/11/08 13:09:35 斷線-P:ReceiveThread_EntryPoint CALL :無法從傳輸連接讀取資料: 連線嘗試失敗，因為連線對象有一段時間並未正確回應，或是連線建立失敗，因為連線的主機無法回應。?","交易所_AII API 錯誤,帳號 (全部) 2019/11/08 13:09:35 斷線-P:ReceiveThread_EntryPoint CALL :無法從傳輸連接讀取資料: 連線嘗試失敗，因為連線對象有一段時間並未正確回應，或是連線建立失敗，因為連線的主機無法回應。?"
16e43a0f1b95a9ee,Thu Nov 07 2019 10:10:50 GMT+0800 (Taiwan Standard Time),Thu Nov 07 2019 10:10:47 GMT+0800 (Taiwan Standard Time),,,,,0,0,0,error,<警告/提醒> 2019/11/07 10:10:47 以下帳戶倉位不同步，請確認是否故意不同步，以免下單錯誤： 【交易所_A-策略_TCA】 (策略倉位×倍數) 10×1 ≠ 11 (帳戶倉位),<警告/提醒> 2019/11/07 10:10:47 以下帳戶倉位不同步，請確認是否故意不同步，以免下單錯誤： 【交易所_A-策略_TCA】 (策略倉位×倍數) 10×1 ≠ 11 (帳戶倉位)
16e435d881ba2a7c,Thu Nov 07 2019 08:57:12 GMT+0800 (Taiwan Standard Time),Thu Nov 07 2019 08:57:03 GMT+0800 (Taiwan Standard Time),策略_TCA,交易所_A,11632,reduce_long,-1,11,10,normal,,"2019/11/07 08:57:03 【策略_TCA】 ""11632"" 減碼多單，策略倉位 11 → 10 帳戶【交易所_A】(小型台指) 帳戶倉位 10 → 10 倍數 1，本次下單 0，下單後帳戶總倉位 10 策略_TCA"
16e4350a3b0bf6c9,Thu Nov 07 2019 08:43:06 GMT+0800 (Taiwan Standard Time),Thu Nov 07 2019 08:43:04 GMT+0800 (Taiwan Standard Time),,,,,0,0,0,error,<警告/提醒> 2019/11/07 08:43:04 以下帳戶倉位不同步，請確認是否故意不同步，以免下單錯誤： 【交易所_A-策略_TCA】 (策略倉位×倍數) 11×1 ≠ 10 (帳戶倉位),<警告/提醒> 2019/11/07 08:43:04 以下帳戶倉位不同步，請確認是否故意不同步，以免下單錯誤： 【交易所_A-策略_TCA】 (策略倉位×倍數) 11×1 ≠ 10 (帳戶倉位)
16e3f3987ac7c93b,Wed Nov 06 2019 13:39:23 GMT+0800 (Taiwan Standard Time),Wed Nov 06 2019 13:39:20 GMT+0800 (Taiwan Standard Time),,,,,0,0,0,error,<警告/提醒> 2019/11/06 13:39:20 以下帳戶倉位不同步，請確認是否故意不同步，以免下單錯誤： 【交易所_A-策略_TCA】 (策略倉位×倍數) 11×1 ≠ 10 (帳戶倉位),<警告/提醒> 2019/11/06 13:39:20 以下帳戶倉位不同步，請確認是否故意不同步，以免下單錯誤： 【交易所_A-策略_TCA】 (策略倉位×倍數) 11×1 ≠ 10 (帳戶倉位)
16e3f0ec3814236c,Wed Nov 06 2019 12:52:41 GMT+0800 (Taiwan Standard Time),Wed Nov 06 2019 12:52:38 GMT+0800 (Taiwan Standard Time),,,,,0,0,0,error,<警告/提醒> 2019/11/06 12:52:38 以下帳戶倉位不同步，請確認是否故意不同步，以免下單錯誤： 【交易所_A-策略_TCA】 (策略倉位×倍數) 11×1 ≠ 10 (帳戶倉位),<警告/提醒> 2019/11/06 12:52:38 以下帳戶倉位不同步，請確認是否故意不同步，以免下單錯誤： 【交易所_A-策略_TCA】 (策略倉位×倍數) 11×1 ≠ 10 (帳戶倉位)
16e3f0b52eb9539d,Wed Nov 06 2019 12:48:55 GMT+0800 (Taiwan Standard Time),Wed Nov 06 2019 12:48:45 GMT+0800 (Taiwan Standard Time),策略_TCA,交易所_A,11655,add_long,1,10,11,normal,,"2019/11/06 12:48:45 【策略_TCA】 ""11655"" 加碼多單，策略倉位 10 → 11 帳戶【交易所_A】(小型台指) 帳戶倉位 10 → 10 倍數 1，本次下單 0，下單後帳戶總倉位 10 策略_TCA"
16e24c7e7e7e1f98,Fri Nov 01 2019 10:25:09 GMT+0800 (Taiwan Standard Time),Fri Nov 01 2019 10:25:00 GMT+0800 (Taiwan Standard Time),策略_TCA,交易所_A,11346,add_long,1,9,10,normal,,"2019/11/01 10:25:00 【策略_TCA】 ""11346"" 加碼多單，策略倉位 9 → 10 帳戶【交易所_A】(小型台指) 帳戶倉位 9 → 10 倍數 1，本次下單 1，下單後帳戶總倉位 10 策略_TCA"
16e247d822b2106a,Fri Nov 01 2019 09:03:54 GMT+0800 (Taiwan Standard Time),Fri Nov 01 2019 09:03:45 GMT+0800 (Taiwan Standard Time),策略_TCA,交易所_A,11334,reduce_long,-1,10,9,normal,,"2019/11/01 09:03:45 【策略_TCA】 ""11334"" 減碼多單，策略倉位 10 → 9 帳戶【交易所_A】(小型台指) 帳戶倉位 10 → 9 倍數 1，本次下單 -1，下單後帳戶總倉位 9 策略_TCA"
16e1f51054afbbf4,Thu Oct 31 2019 08:57:12 GMT+0800 (Taiwan Standard Time),Thu Oct 31 2019 08:57:01 GMT+0800 (Taiwan Standard Time),策略_TCA,交易所_A,11369,add_long,1,9,10,normal,,"2019/10/31 08:57:01 【策略_TCA】 ""11369"" 加碼多單，策略倉位 9 → 10 帳戶【交易所_A】(小型台指) 帳戶倉位 9 → 10 倍數 1，本次下單 1，下單後帳戶總倉位 10 策略_TCA"
16e157173efe0dcd,Tue Oct 29 2019 10:56:25 GMT+0800 (Taiwan Standard Time),Tue Oct 29 2019 10:56:15 GMT+0800 (Taiwan Standard Time),策略_TCA,交易所_A,11325,reduce_long,-1,10,9,normal,,"2019/10/29 10:56:15 【策略_TCA】 ""11325"" 減碼多單，策略倉位 10 → 9 帳戶【交易所_A】(小型台指) 帳戶倉位 10 → 9 倍數 1，本次下單 -1，下單後帳戶總倉位 9 策略_TCA"
16e15102c22d94c0,Tue Oct 29 2019 09:10:10 GMT+0800 (Taiwan Standard Time),Tue Oct 29 2019 09:10:00 GMT+0800 (Taiwan Standard Time),策略_TCA,交易所_A,11354,add_long,1,9,10,normal,,"2019/10/29 09:10:00 【策略_TCA】 ""11354"" 加碼多單，策略倉位 9 → 10 帳戶【交易所_A】(小型台指) 帳戶倉位 9 → 10 倍數 1，本次下單 1，下單後帳戶總倉位 10 策略_TCA"
16dd72cf173cdb7c,Thu Oct 17 2019 08:45:08 GMT+0800 (Taiwan Standard Time),Thu Oct 17 2019 08:45:00 GMT+0800 (Taiwan Standard Time),策略_TCA,交易所_A,11150,,9,0,9,normal,,"2019/10/17 08:45:00 【策略_TCA】 ""11150"" 多單進場，策略倉位 0 → 9 帳戶【交易所_A】(小型台指) 帳戶倉位 9 → 9 倍數 1，本次下單 0，下單後帳戶總倉位 9 策略_TCA"
16dd72b20e79304a,Thu Oct 17 2019 08:43:09 GMT+0800 (Taiwan Standard Time),Thu Oct 17 2019 08:43:06 GMT+0800 (Taiwan Standard Time),,,,,0,0,0,error,<警告/提醒> 2019/10/17 08:43:06 以下帳戶倉位不同步，請確認是否故意不同步，以免下單錯誤： 【交易所_A-策略_TCA】 (策略倉位×倍數) 0×1 ≠ 9 (帳戶倉位) 【模擬帳戶-模擬_TEST】 (策略倉位×倍數) 0×1 ≠ 9 (帳戶倉位),<警告/提醒> 2019/10/17 08:43:06 以下帳戶倉位不同步，請確認是否故意不同步，以免下單錯誤： 【交易所_A-策略_TCA】 (策略倉位×倍數) 0×1 ≠ 9 (帳戶倉位) 【模擬帳戶-模擬_TEST】 (策略倉位×倍數) 0×1 ≠ 9 (帳戶倉位)
16dd72b0e7ce7ac9,Thu Oct 17 2019 08:43:05 GMT+0800 (Taiwan Standard Time),Thu Oct 17 2019 08:43:02 GMT+0800 (Taiwan Standard Time),模擬_TEST,,,,0,0,0,normal,,<警告/提醒> 2019/10/17 08:43:02 【模擬_TEST】策略倉位已自動和訊號源同步：由【9】-->【0】
16dd72b020f9fad2,Thu Oct 17 2019 08:43:01 GMT+0800 (Taiwan Standard Time),Thu Oct 17 2019 08:42:58 GMT+0800 (Taiwan Standard Time),策略_TCA,,,,0,0,0,normal,,<警告/提醒> 2019/10/17 08:42:58 【策略_TCA】策略倉位已自動和訊號源同步：由【9】-->【0】
16dd305b6935a91e,Wed Oct 16 2019 13:23:48 GMT+0800 (Taiwan Standard Time),Wed Oct 16 2019 13:23:45 GMT+0800 (Taiwan Standard Time),,,,,0,0,0,error,帳戶【交易所_A】開始進行【定時自動轉倉換月】 2019/10/16 13:23:45 交易所_A-小型台指9口 開始自動轉倉至2019/11。,帳戶【交易所_A】開始進行【定時自動轉倉換月】 2019/10/16 13:23:45 交易所_A-小型台指9口 開始自動轉倉至2019/11。
16dc8907d01efe68,Mon Oct 14 2019 12:39:33 GMT+0800 (Taiwan Standard Time),Mon Oct 14 2019 12:39:27 GMT+0800 (Taiwan Standard Time),,,,,0,0,0,error,"交易所_AII API 錯誤,帳號 (全部) 2019/10/14 12:39:27 斷線-P:ReceiveThread_EntryPoint CALL :無法從傳輸連接讀取資料: 連線嘗試失敗，因為連線對象有一段時間並未正確回應，或是連線建立失敗，因為連線的主機無法回應。?","交易所_AII API 錯誤,帳號 (全部) 2019/10/14 12:39:27 斷線-P:ReceiveThread_EntryPoint CALL :無法從傳輸連接讀取資料: 連線嘗試失敗，因為連線對象有一段時間並未正確回應，或是連線建立失敗，因為連線的主機無法回應。?"
16dc7d0c9b8465c9,Mon Oct 14 2019 09:10:10 GMT+0800 (Taiwan Standard Time),Mon Oct 14 2019 09:09:57 GMT+0800 (Taiwan Standard Time),策略_TCA,交易所_A,11045,add_long,1,8,9,normal,,"2019/10/14 09:09:57 【策略_TCA】 ""11045"" 加碼多單，策略倉位 8 → 9 帳戶【交易所_A】(小型台指) 帳戶倉位 8 → 9 倍數 1，本次下單 1，下單後帳戶總倉位 9 策略_TCA"
16d5bf90776d0bdf,Mon Sep 23 2019 10:35:08 GMT+0800 (Taiwan Standard Time),Mon Sep 23 2019 10:35:02 GMT+0800 (Taiwan Standard Time),,,,,0,0,0,error,"交易所_AII API 錯誤,帳號 (全部) 2019/09/23 10:35:02 斷線-P:ReceiveThread_EntryPoint CALL :無法從傳輸連接讀取資料: 連線已被您主機上的軟體中止。?","交易所_AII API 錯誤,帳號 (全部) 2019/09/23 10:35:02 斷線-P:ReceiveThread_EntryPoint CALL :無法從傳輸連接讀取資料: 連線已被您主機上的軟體中止。?"
16d4cac54b61dad3,Fri Sep 20 2019 11:17:03 GMT+0800 (Taiwan Standard Time),Fri Sep 20 2019 11:17:00 GMT+0800 (Taiwan Standard Time),,,,,0,0,0,error,"交易所_AII API 錯誤,帳號 (全部) 2019/09/20 11:17:00 斷線-P:ReceiveThread_EntryPoint CALL :無法從傳輸連接讀取資料: 連線嘗試失敗，因為連線對象有一段時間並未正確回應，或是連線建立失敗，因為連線的主機無法回應。?","交易所_AII API 錯誤,帳號 (全部) 2019/09/20 11:17:00 斷線-P:ReceiveThread_EntryPoint CALL :無法從傳輸連接讀取資料: 連線嘗試失敗，因為連線對象有一段時間並未正確回應，或是連線建立失敗，因為連線的主機無法回應。?"
16d4c9e58bdf0fa6,Fri Sep 20 2019 11:01:47 GMT+0800 (Taiwan Standard Time),Fri Sep 20 2019 11:01:45 GMT+0800 (Taiwan Standard Time),,,,,0,0,0,error,"交易所_AII API 錯誤,帳號 (全部) 2019/09/20 11:01:45 斷線-P:ReceiveThread_EntryPoint CALL :無法從傳輸連接讀取資料: 遠端主機已強制關閉一個現存的連線。?","交易所_AII API 錯誤,帳號 (全部) 2019/09/20 11:01:45 斷線-P:ReceiveThread_EntryPoint CALL :無法從傳輸連接讀取資料: 遠端主機已強制關閉一個現存的連線。?"
16d4c9c418d8f4d6,Fri Sep 20 2019 10:59:30 GMT+0800 (Taiwan Standard Time),Fri Sep 20 2019 10:59:27 GMT+0800 (Taiwan Standard Time),,,,,0,0,0,error,"交易所_AII API 錯誤,帳號 (全部) 2019/09/20 10:59:27 斷線-P:ReceiveThread_EntryPoint CALL :無法從傳輸連接讀取資料: 連線嘗試失敗，因為連線對象有一段時間並未正確回應，或是連線建立失敗，因為連線的主機無法回應。?","交易所_AII API 錯誤,帳號 (全部) 2019/09/20 10:59:27 斷線-P:ReceiveThread_EntryPoint CALL :無法從傳輸連接讀取資料: 連線嘗試失敗，因為連線對象有一段時間並未正確回應，或是連線建立失敗，因為連線的主機無法回應。?"
16d4c9184c65416a,Fri Sep 20 2019 10:47:47 GMT+0800 (Taiwan Standard Time),Fri Sep 20 2019 10:47:44 GMT+0800 (Taiwan Standard Time),,,,,0,0,0,error,"交易所_AII API 錯誤,帳號 (全部) 2019/09/20 10:47:44 斷線-P:ReceiveThread_EntryPoint CALL :無法從傳輸連接讀取資料: 連線嘗試失敗，因為連線對象有一段時間並未正確回應，或是連線建立失敗，因為連線的主機無法回應。?","交易所_AII API 錯誤,帳號 (全部) 2019/09/20 10:47:44 斷線-P:ReceiveThread_EntryPoint CALL :無法從傳輸連接讀取資料: 連線嘗試失敗，因為連線對象有一段時間並未正確回應，或是連線建立失敗，因為連線的主機無法回應。?"
16d4c8da3831b097,Fri Sep 20 2019 10:43:32 GMT+0800 (Taiwan Standard Time),Fri Sep 20 2019 10:43:29 GMT+0800 (Taiwan Standard Time),,,,,0,0,0,error,"交易所_AII API 錯誤,帳號 (全部) 2019/09/20 10:43:29 斷線-P:ReceiveThread_EntryPoint CALL :無法從傳輸連接讀取資料: 連線嘗試失敗，因為連線對象有一段時間並未正確回應，或是連線建立失敗，因為連線的主機無法回應。?","交易所_AII API 錯誤,帳號 (全部) 2019/09/20 10:43:29 斷線-P:ReceiveThread_EntryPoint CALL :無法從傳輸連接讀取資料: 連線嘗試失敗，因為連線對象有一段時間並未正確回應，或是連線建立失敗，因為連線的主機無法回應。?"
16d4c8685be33b18,Fri Sep 20 2019 10:35:46 GMT+0800 (Taiwan Standard Time),Fri Sep 20 2019 10:35:42 GMT+0800 (Taiwan Standard Time),,,,,0,0,0,error,"交易所_AII API 錯誤,帳號 (全部) 2019/09/20 10:35:42 連線失敗-連線逾時:800 api.exchange-a.internal:8000","交易所_AII API 錯誤,帳號 (全部) 2019/09/20 10:35:42 連線失敗-連線逾時:800 api.exchange-a.internal:8000"
16d4c86577f2f0d4,Fri Sep 20 2019 10:35:34 GMT+0800 (Taiwan Standard Time),Fri Sep 20 2019 10:35:31 GMT+0800 (Taiwan Standard Time),,,,,0,0,0,error,"交易所_AII API 錯誤,帳號 (全部) 2019/09/20 10:35:31 斷線-P:ReceiveThread_EntryPoint CALL :無法從傳輸連接讀取資料: 連線嘗試失敗，因為連線對象有一段時間並未正確回應，或是連線建立失敗，因為連線的主機無法回應。?","交易所_AII API 錯誤,帳號 (全部) 2019/09/20 10:35:31 斷線-P:ReceiveThread_EntryPoint CALL :無法從傳輸連接讀取資料: 連線嘗試失敗，因為連線對象有一段時間並未正確回應，或是連線建立失敗，因為連線的主機無法回應。?"
16d4c76a04c1e62a,Fri Sep 20 2019 10:18:24 GMT+0800 (Taiwan Standard Time),Fri Sep 20 2019 10:18:21 GMT+0800 (Taiwan Standard Time),,,,,0,0,0,error,"交易所_AII API 錯誤,帳號 (全部) 2019/09/20 10:18:21 斷線-P:ReceiveThread_EntryPoint CALL :無法從傳輸連接讀取資料: 連線嘗試失敗，因為連線對象有一段時間並未正確回應，或是連線建立失敗，因為連線的主機無法回應。?","交易所_AII API 錯誤,帳號 (全部) 2019/09/20 10:18:21 斷線-P:ReceiveThread_EntryPoint CALL :無法從傳輸連接讀取資料: 連線嘗試失敗，因為連線對象有一段時間並未正確回應，或是連線建立失敗，因為連線的主機無法回應。?"
16d4c725c8a22e8d,Fri Sep 20 2019 10:13:45 GMT+0800 (Taiwan Standard Time),Fri Sep 20 2019 10:13:42 GMT+0800 (Taiwan Standard Time),,,,,0,0,0,error,"交易所_AII API 錯誤,帳號 (全部) 2019/09/20 10:13:42 斷線-P:ReceiveThread_EntryPoint CALL :無法從傳輸連接讀取資料: 連線嘗試失敗，因為連線對象有一段時間並未正確回應，或是連線建立失敗，因為連線的主機無法回應。?","交易所_AII API 錯誤,帳號 (全部) 2019/09/20 10:13:42 斷線-P:ReceiveThread_EntryPoint CALL :無法從傳輸連接讀取資料: 連線嘗試失敗，因為連線對象有一段時間並未正確回應，或是連線建立失敗，因為連線的主機無法回應。?"
16d4c70f45517141,Fri Sep 20 2019 10:12:13 GMT+0800 (Taiwan Standard Time),Fri Sep 20 2019 10:12:10 GMT+0800 (Taiwan Standard Time),,,,,0,0,0,error,"交易所_AII API 錯誤,帳號 (全部) 2019/09/20 10:12:10 連線失敗-連線逾時:800 api.exchange-a.internal:8000","交易所_AII API 錯誤,帳號 (全部) 2019/09/20 10:12:10 連線失敗-連線逾時:800 api.exchange-a.internal:8000"
16d4c70c782159cb,Fri Sep 20 2019 10:12:01 GMT+0800 (Taiwan Standard Time),Fri Sep 20 2019 10:11:58 GMT+0800 (Taiwan Standard Time),,,,,0,0,0,error,"交易所_AII API 錯誤,帳號 (全部) 2019/09/20 10:11:58 斷線-P:ReceiveThread_EntryPoint CALL :無法從傳輸連接讀取資料: 連線嘗試失敗，因為連線對象有一段時間並未正確回應，或是連線建立失敗，因為連線的主機無法回應。?","交易所_AII API 錯誤,帳號 (全部) 2019/09/20 10:11:58 斷線-P:ReceiveThread_EntryPoint CALL :無法從傳輸連接讀取資料: 連線嘗試失敗，因為連線對象有一段時間並未正確回應，或是連線建立失敗，因為連線的主機無法回應。?"
16d4c6e09d8a4753,Fri Sep 20 2019 10:09:01 GMT+0800 (Taiwan Standard Time),Fri Sep 20 2019 10:08:58 GMT+0800 (Taiwan Standard Time),,,,,0,0,0,error,"交易所_AII API 錯誤,帳號 (全部) 2019/09/20 10:08:58 斷線-P:ReceiveThread_EntryPoint CALL :無法從傳輸連接讀取資料: 遠端主機已強制關閉一個現存的連線。?","交易所_AII API 錯誤,帳號 (全部) 2019/09/20 10:08:58 斷線-P:ReceiveThread_EntryPoint CALL :無法從傳輸連接讀取資料: 遠端主機已強制關閉一個現存的連線。?"
16d4c67bb8c57570,Fri Sep 20 2019 10:02:08 GMT+0800 (Taiwan Standard Time),Fri Sep 20 2019 10:02:06 GMT+0800 (Taiwan Standard Time),,,,,0,0,0,error,"交易所_AII API 錯誤,帳號 (全部) 2019/09/20 10:02:06 斷線-P:ReceiveThread_EntryPoint CALL :無法從傳輸連接讀取資料: 連線嘗試失敗，因為連線對象有一段時間並未正確回應，或是連線建立失敗，因為連線的主機無法回應。?","交易所_AII API 錯誤,帳號 (全部) 2019/09/20 10:02:06 斷線-P:ReceiveThread_EntryPoint CALL :無法從傳輸連接讀取資料: 連線嘗試失敗，因為連線對象有一段時間並未正確回應，或是連線建立失敗，因為連線的主機無法回應。?"
16d4c655c8eb66d2,Fri Sep 20 2019 09:59:33 GMT+0800 (Taiwan Standard Time),Fri Sep 20 2019 09:59:29 GMT+0800 (Taiwan Standard Time),,,,,0,0,0,error,"交易所_AII API 錯誤,帳號 (全部) 2019/09/20 09:59:29 斷線-P:ReceiveThread_EntryPoint CALL :無法從傳輸連接讀取資料: 連線嘗試失敗，因為連線對象有一段時間並未正確回應，或是連線建立失敗，因為連線的主機無法回應。?","交易所_AII API 錯誤,帳號 (全部) 2019/09/20 09:59:29 斷線-P:ReceiveThread_EntryPoint CALL :無法從傳輸連接讀取資料: 連線嘗試失敗，因為連線對象有一段時間並未正確回應，或是連線建立失敗，因為連線的主機無法回應。?"
16d4c6324fb66095,Fri Sep 20 2019 09:57:08 GMT+0800 (Taiwan Standard Time),Fri Sep 20 2019 09:57:05 GMT+0800 (Taiwan Standard Time),,,,,0,0,0,error,"交易所_AII API 錯誤,帳號 (全部) 2019/09/20 09:57:05 連線失敗-連線逾時:800 api.exchange-a.internal:8000","交易所_AII API 錯誤,帳號 (全部) 2019/09/20 09:57:05 連線失敗-連線逾時:800 api.exchange-a.internal:8000"
16d4c62f8a78d269,Fri Sep 20 2019 09:56:56 GMT+0800 (Taiwan Standard Time),Fri Sep 20 2019 09:56:53 GMT+0800 (Taiwan Standard Time),,,,,0,0,0,error,"交易所_AII API 錯誤,帳號 (全部) 2019/09/20 09:56:53 斷線-P:ReceiveThread_EntryPoint CALL :無法從傳輸連接讀取資料: 連線嘗試失敗，因為連線對象有一段時間並未正確回應，或是連線建立失敗，因為連線的主機無法回應。?","交易所_AII API 錯誤,帳號 (全部) 2019/09/20 09:56:53 斷線-P:ReceiveThread_EntryPoint CALL :無法從傳輸連接讀取資料: 連線嘗試失敗，因為連線對象有一段時間並未正確回應，或是連線建立失敗，因為連線的主機無法回應。?"
16d4c5a22273e0c9,Fri Sep 20 2019 09:47:17 GMT+0800 (Taiwan Standard Time),Fri Sep 20 2019 09:47:14 GMT+0800 (Taiwan Standard Time),,,,,0,0,0,error,"交易所_AII API 錯誤,帳號 (全部) 2019/09/20 09:47:14 斷線-P:ReceiveThread_EntryPoint CALL :無法從傳輸連接讀取資料: 連線嘗試失敗，因為連線對象有一段時間並未正確回應，或是連線建立失敗，因為連線的主機無法回應。?","交易所_AII API 錯誤,帳號 (全部) 2019/09/20 09:47:14 斷線-P:ReceiveThread_EntryPoint CALL :無法從傳輸連接讀取資料: 連線嘗試失敗，因為連線對象有一段時間並未正確回應，或是連線建立失敗，因為連線的主機無法回應。?"
16d4c4763bc17a71,Fri Sep 20 2019 09:26:48 GMT+0800 (Taiwan Standard Time),Fri Sep 20 2019 09:26:44 GMT+0800 (Taiwan Standard Time),,,,,0,0,0,error,"交易所_AII API 錯誤,帳號 (全部) 2019/09/20 09:26:44 斷線-P:ReceiveThread_EntryPoint CALL :無法從傳輸連接讀取資料: 連線嘗試失敗，因為連線對象有一段時間並未正確回應，或是連線建立失敗，因為連線的主機無法回應。?","交易所_AII API 錯誤,帳號 (全部) 2019/09/20 09:26:44 斷線-P:ReceiveThread_EntryPoint CALL :無法從傳輸連接讀取資料: 連線嘗試失敗，因為連線對象有一段時間並未正確回應，或是連線建立失敗，因為連線的主機無法回應。?"
16d42d3ab5c3a7f4,Wed Sep 18 2019 13:23:48 GMT+0800 (Taiwan Standard Time),Wed Sep 18 2019 13:23:45 GMT+0800 (Taiwan Standard Time),,,,,0,0,0,error,帳戶【交易所_A】開始進行【定時自動轉倉換月】 2019/09/18 13:23:45 交易所_A-小型台指8口 開始自動轉倉至2019/10。,帳戶【交易所_A】開始進行【定時自動轉倉換月】 2019/09/18 13:23:45 交易所_A-小型台指8口 開始自動轉倉至2019/10。
16d28151d375c732,Fri Sep 13 2019 08:45:33 GMT+0800 (Taiwan Standard Time),Fri Sep 13 2019 08:45:30 GMT+0800 (Taiwan Standard Time),,,,,0,0,0,error,"交易所_AII API 錯誤,帳號 (全部) 2019/09/13 08:45:30 連線失敗-連線逾時:800 api.exchange-a.internal:8000","交易所_AII API 錯誤,帳號 (全部) 2019/09/13 08:45:30 連線失敗-連線逾時:800 api.exchange-a.internal:8000"
16d22ef9007f0da5,Thu Sep 12 2019 08:46:27 GMT+0800 (Taiwan Standard Time),Thu Sep 12 2019 08:46:23 GMT+0800 (Taiwan Standard Time),,,,,0,0,0,error,"交易所_AII API 錯誤,帳號 (全部) 2019/09/12 08:46:23 連線失敗-連線逾時:800 api.exchange-a.internal:8000","交易所_AII API 錯誤,帳號 (全部) 2019/09/12 08:46:23 連線失敗-連線逾時:800 api.exchange-a.internal:8000"
16d1dd3099759f64,Wed Sep 11 2019 08:57:11 GMT+0800 (Taiwan Standard Time),Wed Sep 11 2019 08:57:02 GMT+0800 (Taiwan Standard Time),策略_TCA,交易所_A,10787,add_long,1,7,8,normal,,"2019/09/11 08:57:02 【策略_TCA】 ""10787"" 加碼多單，策略倉位 7 → 8 帳戶【交易所_A】(小型台指) 帳戶倉位 7 → 8 倍數 1，本次下單 1，下單後帳戶總倉位 8 策略_TCA"
16d1dc803ac6644f,Wed Sep 11 2019 08:45:09 GMT+0800 (Taiwan Standard Time),Wed Sep 11 2019 08:45:00 GMT+0800 (Taiwan Standard Time),策略_TCA,交易所_A,10795,reduce_long,-1,8,7,normal,,"2019/09/11 08:45:00 【策略_TCA】 ""10795"" 減碼多單，策略倉位 8 → 7 帳戶【交易所_A】(小型台指) 帳戶倉位 8 → 7 倍數 1，本次下單 -1，下單後帳戶總倉位 7 策略_TCA"
16d1dc7d2ee06287,Wed Sep 11 2019 08:44:56 GMT+0800 (Taiwan Standard Time),Wed Sep 11 2019 08:44:52 GMT+0800 (Taiwan Standard Time),,,,,0,0,0,error,"交易所_AII API 錯誤,帳號 (全部) 2019/09/11 08:44:52 連線失敗-連線逾時:800 api.exchange-a.internal:8000","交易所_AII API 錯誤,帳號 (全部) 2019/09/11 08:44:52 連線失敗-連線逾時:800 api.exchange-a.internal:8000"
16d1980d8cd3bf26,Tue Sep 10 2019 12:48:56 GMT+0800 (Taiwan Standard Time),Tue Sep 10 2019 12:48:47 GMT+0800 (Taiwan Standard Time),策略_TCA,交易所_A,10748,add_long,1,7,8,normal,,"2019/09/10 12:48:47 【策略_TCA】 ""10748"" 加碼多單，策略倉位 7 → 8 帳戶【交易所_A】(小型台指) 帳戶倉位 7 → 8 倍數 1，本次下單 1，下單後帳戶總倉位 8 策略_TCA"
16d197d5efa0ae41,Tue Sep 10 2019 12:45:08 GMT+0800 (Taiwan Standard Time),Tue Sep 10 2019 12:44:59 GMT+0800 (Taiwan Standard Time),策略_TCA,交易所_A,10745,reduce_long,-1,8,7,normal,,"2019/09/10 12:44:59 【策略_TCA】 ""10745"" 減碼多單，策略倉位 8 → 7 帳戶【交易所_A】(小型台指) 帳戶倉位 8 → 7 倍數 1，本次下單 -1，下單後帳戶總倉位 7 策略_TCA"
16d197266a1a9b2e,Tue Sep 10 2019 12:33:09 GMT+0800 (Taiwan Standard Time),Tue Sep 10 2019 12:33:00 GMT+0800 (Taiwan Standard Time),策略_TCA,交易所_A,10748,add_long,1,7,8,normal,,"2019/09/10 12:33:00 【策略_TCA】 ""10748"" 加碼多單，策略倉位 7 → 8 帳戶【交易所_A】(小型台指) 帳戶倉位 7 → 8 倍數 1，本次下單 1，下單後帳戶總倉位 8 策略_TCA"
16d195e7bc17e768,Tue Sep 10 2019 12:11:24 GMT+0800 (Taiwan Standard Time),Tue Sep 10 2019 12:11:15 GMT+0800 (Taiwan Standard Time),策略_TCA,交易所_A,10743,reduce_long,-1,8,7,normal,,"2019/09/10 12:11:15 【策略_TCA】 ""10743"" 減碼多單，策略倉位 8 → 7 帳戶【交易所_A】(小型台指) 帳戶倉位 8 → 7 倍數 1，本次下單 -1，下單後帳戶總倉位 7 策略_TCA"
16d1958cb433376c,Tue Sep 10 2019 12:05:11 GMT+0800 (Taiwan Standard Time),Tue Sep 10 2019 12:05:02 GMT+0800 (Taiwan Standard Time),策略_TCA,交易所_A,10745,add_long,1,7,8,normal,,"2019/09/10 12:05:02 【策略_TCA】 ""10745"" 加碼多單，策略倉位 7 → 8 帳戶【交易所_A】(小型台指) 帳戶倉位 7 → 8 倍數 1，本次下單 1，下單後帳戶總倉位 8 策略_TCA"
16d19517399675c4,Tue Sep 10 2019 11:57:09 GMT+0800 (Taiwan Standard Time),Tue Sep 10 2019 11:57:01 GMT+0800 (Taiwan Standard Time),策略_TCA,交易所_A,10742,reduce_long,-1,8,7,normal,,"2019/09/10 11:57:01 【策略_TCA】 ""10742"" 減碼多單，策略倉位 8 → 7 帳戶【交易所_A】(小型台指) 帳戶倉位 8 → 7 倍數 1，本次下單 -1，下單後帳戶總倉位 7 策略_TCA"
16d194d94d9a7692,Tue Sep 10 2019 11:52:56 GMT+0800 (Taiwan Standard Time),Tue Sep 10 2019 11:52:46 GMT+0800 (Taiwan Standard Time),策略_TCA,交易所_A,10746,add_long,1,7,8,normal,,"2019/09/10 11:52:46 【策略_TCA】 ""10746"" 加碼多單，策略倉位 7 → 8 帳戶【交易所_A】(小型台指) 帳戶倉位 7 → 8 倍數 1，本次下單 1，下單後帳戶總倉位 8 策略_TCA"
16d1919d1d8a0173,Tue Sep 10 2019 10:56:24 GMT+0800 (Taiwan Standard Time),Tue Sep 10 2019 10:56:14 GMT+0800 (Taiwan Standard Time),策略_TCA,交易所_A,10739,reduce_long,-1,8,7,normal,,"2019/09/10 10:56:14 【策略_TCA】 ""10739"" 減碼多單，策略倉位 8 → 7 帳戶【交易所_A】(小型台指) 帳戶倉位 8 → 7 倍數 1，本次下單 -1，下單後帳戶總倉位 7 策略_TCA"
16d191417ef4d59c,Tue Sep 10 2019 10:50:08 GMT+0800 (Taiwan Standard Time),Tue Sep 10 2019 10:49:59 GMT+0800 (Taiwan Standard Time),策略_TCA,交易所_A,10748,add_long,1,7,8,normal,,"2019/09/10 10:49:59 【策略_TCA】 ""10748"" 加碼多單，策略倉位 7 → 8 帳戶【交易所_A】(小型台指) 帳戶倉位 7 → 8 倍數 1，本次下單 1，下單後帳戶總倉位 8 策略_TCA"
16d18fd34869a37e,Tue Sep 10 2019 10:25:09 GMT+0800 (Taiwan Standard Time),Tue Sep 10 2019 10:24:59 GMT+0800 (Taiwan Standard Time),策略_TCA,交易所_A,10737,reduce_long,-1,8,7,normal,,"2019/09/10 10:24:59 【策略_TCA】 ""10737"" 減碼多單，策略倉位 8 → 7 帳戶【交易所_A】(小型台指) 帳戶倉位 8 → 7 倍數 1，本次下單 -1，下單後帳戶總倉位 7 策略_TCA"
16d04196bd7d0591,Fri Sep 06 2019 09:03:55 GMT+0800 (Taiwan Standard Time),Fri Sep 06 2019 09:03:46 GMT+0800 (Taiwan Standard Time),策略_TCA,交易所_A,10770,add_long,1,7,8,normal,,"2019/09/06 09:03:46 【策略_TCA】 ""10770"" 加碼多單，策略倉位 7 → 8 帳戶【交易所_A】(小型台指) 帳戶倉位 7 → 8 倍數 1，本次下單 1，下單後帳戶總倉位 8 策略_TCA"
16cff91a9cdb7094,Thu Sep 05 2019 11:57:10 GMT+0800 (Taiwan Standard Time),Thu Sep 05 2019 11:57:02 GMT+0800 (Taiwan Standard Time),策略_TCA,交易所_A,10744,reduce_long,-1,8,7,normal,,"2019/09/05 11:57:02 【策略_TCA】 ""10744"" 減碼多單，策略倉位 8 → 7 帳戶【交易所_A】(小型台指) 帳戶倉位 8 → 7 倍數 1，本次下單 -1，下單後帳戶總倉位 7 策略_TCA"
16cff7c5bfcafe5b,Thu Sep 05 2019 11:33:53 GMT+0800 (Taiwan Standard Time),Thu Sep 05 2019 11:33:45 GMT+0800 (Taiwan Standard Time),策略_TCA,交易所_A,10749,add_long,1,7,8,normal,,"2019/09/05 11:33:45 【策略_TCA】 ""10749"" 加碼多單，策略倉位 7 → 8 帳戶【交易所_A】(小型台指) 帳戶倉位 7 → 8 倍數 1，本次下單 1，下單後帳戶總倉位 8 策略_TCA"
16cff5a0cfa74ced,Thu Sep 05 2019 10:56:26 GMT+0800 (Taiwan Standard Time),Thu Sep 05 2019 10:56:17 GMT+0800 (Taiwan Standard Time),策略_TCA,交易所_A,10743,reduce_long,-1,8,7,normal,,"2019/09/05 10:56:17 【策略_TCA】 ""10743"" 減碼多單，策略倉位 8 → 7 帳戶【交易所_A】(小型台指) 帳戶倉位 8 → 7 倍數 1，本次下單 -1，下單後帳戶總倉位 7 策略_TCA"
16cff26892b1e702,Thu Sep 05 2019 10:00:09 GMT+0800 (Taiwan Standard Time),Thu Sep 05 2019 10:00:01 GMT+0800 (Taiwan Standard Time),策略_TCA,交易所_A,10757,add_long,1,7,8,normal,,"2019/09/05 10:00:01 【策略_TCA】 ""10757"" 加碼多單，策略倉位 7 → 8 帳戶【交易所_A】(小型台指) 帳戶倉位 7 → 8 倍數 1，本次下單 1，下單後帳戶總倉位 8 策略_TCA"
16ce0de345fdcd5b,Fri Aug 30 2019 12:52:32 GMT+0800 (Taiwan Standard Time),Fri Aug 30 2019 12:52:29 GMT+0800 (Taiwan Standard Time),,,,,0,0,0,error,"交易所_AII API 錯誤,帳號 (全部) 2019/08/30 12:52:29 斷線-P:ReceiveThread_EntryPoint CALL :無法從傳輸連接讀取資料: 連線嘗試失敗，因為連線對象有一段時間並未正確回應，或是連線建立失敗，因為連線的主機無法回應。?","交易所_AII API 錯誤,帳號 (全部) 2019/08/30 12:52:29 斷線-P:ReceiveThread_EntryPoint CALL :無法從傳輸連接讀取資料: 連線嘗試失敗，因為連線對象有一段時間並未正確回應，或是連線建立失敗，因為連線的主機無法回應。?"
16ce006bcbf6d2b9,Fri Aug 30 2019 08:57:12 GMT+0800 (Taiwan Standard Time),Fri Aug 30 2019 08:57:02 GMT+0800 (Taiwan Standard Time),策略_TCA,交易所_A,10527,add_long,1,6,7,normal,,"2019/08/30 08:57:02 【策略_TCA】 ""10527"" 加碼多單，策略倉位 6 → 7 帳戶【交易所_A】(小型台指) 帳戶倉位 6 → 7 倍數 1，本次下單 1，下單後帳戶總倉位 7 策略_TCA"
16cd5fe08fd25880,Wed Aug 28 2019 10:11:30 GMT+0800 (Taiwan Standard Time),Wed Aug 28 2019 10:11:27 GMT+0800 (Taiwan Standard Time),,,,,0,0,0,error,<發生錯誤> 2019/08/28 10:11:27 策略_TCA 策略價格，超過 10 分鐘未跳動，請儘快處理。,<發生錯誤> 2019/08/28 10:11:27 策略_TCA 策略價格，超過 10 分鐘未跳動，請儘快處理。
16cd5e7104a7921a,Wed Aug 28 2019 09:46:24 GMT+0800 (Taiwan Standard Time),Wed Aug 28 2019 09:46:22 GMT+0800 (Taiwan Standard Time),,,,,0,0,0,error,"交易所_AII API 錯誤,帳號 (全部) 2019/08/28 09:46:22 連線失敗-連線逾時:800 api.exchange-a.internal:8000","交易所_AII API 錯誤,帳號 (全部) 2019/08/28 09:46:22 連線失敗-連線逾時:800 api.exchange-a.internal:8000"
16cd5e6df939b0e6,Wed Aug 28 2019 09:46:11 GMT+0800 (Taiwan Standard Time),Wed Aug 28 2019 09:46:09 GMT+0800 (Taiwan Standard Time),,,,,0,0,0,error,"交易所_AII API 錯誤,帳號 (全部) 2019/08/28 09:46:09 斷線-P:ReceiveThread_EntryPoint CALL :無法從傳輸連接讀取資料: 連線嘗試失敗，因為連線對象有一段時間並未正確回應，或是連線建立失敗，因為連線的主機無法回應。?","交易所_AII API 錯誤,帳號 (全部) 2019/08/28 09:46:09 斷線-P:ReceiveThread_EntryPoint CALL :無法從傳輸連接讀取資料: 連線嘗試失敗，因為連線對象有一段時間並未正確回應，或是連線建立失敗，因為連線的主機無法回應。?"
16cd5d8215e91b2a,Wed Aug 28 2019 09:30:06 GMT+0800 (Taiwan Standard Time),Wed Aug 28 2019 09:30:03 GMT+0800 (Taiwan Standard Time),,,,,0,0,0,error,"交易所_AII API 錯誤,帳號 (全部) 2019/08/28 09:30:03 連線失敗-連線逾時:800 api.exchange-a.internal:8000","交易所_AII API 錯誤,帳號 (全部) 2019/08/28 09:30:03 連線失敗-連線逾時:800 api.exchange-a.internal:8000"
16cd5d7f656429c9,Wed Aug 28 2019 09:29:54 GMT+0800 (Taiwan Standard Time),Wed Aug 28 2019 09:29:51 GMT+0800 (Taiwan Standard Time),,,,,0,0,0,error,"交易所_AII API 錯誤,帳號 (全部) 2019/08/28 09:29:51 斷線-P:ReceiveThread_EntryPoint CALL :無法從傳輸連接讀取資料: 連線嘗試失敗，因為連線對象有一段時間並未正確回應，或是連線建立失敗，因為連線的主機無法回應。?","交易所_AII API 錯誤,帳號 (全部) 2019/08/28 09:29:51 斷線-P:ReceiveThread_EntryPoint CALL :無法從傳輸連接讀取資料: 連線嘗試失敗，因為連線對象有一段時間並未正確回應，或是連線建立失敗，因為連線的主機無法回應。?"
16ccb7370282ba1e,Mon Aug 26 2019 09:03:54 GMT+0800 (Taiwan Standard Time),Mon Aug 26 2019 09:03:44 GMT+0800 (Taiwan Standard Time),策略_TCA,交易所_A,10331,reduce_long,-1,7,6,normal,,"2019/08/26 09:03:44 【策略_TCA】 ""10331"" 減碼多單，策略倉位 7 → 6 帳戶【交易所_A】(小型台指) 帳戶倉位 7 → 6 倍數 1，本次下單 -1，下單後帳戶總倉位 6 策略_TCA"
16cb6c8d4723bf45,Thu Aug 22 2019 08:45:09 GMT+0800 (Taiwan Standard Time),Thu Aug 22 2019 08:45:00 GMT+0800 (Taiwan Standard Time),策略_TCA,交易所_A,10539,,7,0,7,normal,,"2019/08/22 08:45:00 【策略_TCA】 ""10539"" 多單進場，策略倉位 0 → 7 帳戶【交易所_A】(小型台指) 帳戶倉位 7 → 7 倍數 1，本次下單 0，下單後帳戶總倉位 7 策略_TCA"
16cb6c79e0a8e90c,Thu Aug 22 2019 08:43:50 GMT+0800 (Taiwan Standard Time),Thu Aug 22 2019 08:43:47 GMT+0800 (Taiwan Standard Time),,,,,0,0,0,error,<警告/提醒> 2019/08/22 08:43:47 以下帳戶倉位不同步，請確認是否故意不同步，以免下單錯誤： 【交易所_A-策略_TCA】 (策略倉位×倍數) 0×1 ≠ 7 (帳戶倉位) 【模擬帳戶-模擬_TEST】 (策略倉位×倍數) 0×1 ≠ 7 (帳戶倉位),<警告/提醒> 2019/08/22 08:43:47 以下帳戶倉位不同步，請確認是否故意不同步，以免下單錯誤： 【交易所_A-策略_TCA】 (策略倉位×倍數) 0×1 ≠ 7 (帳戶倉位) 【模擬帳戶-模擬_TEST】 (策略倉位×倍數) 0×1 ≠ 7 (帳戶倉位)
16cb6c78f235aef7,Thu Aug 22 2019 08:43:46 GMT+0800 (Taiwan Standard Time),Thu Aug 22 2019 08:43:43 GMT+0800 (Taiwan Standard Time),模擬_TEST,,,,0,0,0,normal,,<警告/提醒> 2019/08/22 08:43:43 【模擬_TEST】策略倉位已自動和訊號源同步：由【7】-->【0】
16cb6c783f4bd190,Thu Aug 22 2019 08:43:43 GMT+0800 (Taiwan Standard Time),Thu Aug 22 2019 08:43:39 GMT+0800 (Taiwan Standard Time),策略_TCA,,,,0,0,0,normal,,<警告/提醒> 2019/08/22 08:43:39 【策略_TCA】策略倉位已自動和訊號源同步：由【7】-->【0】
16cb2a198be315b9,Wed Aug 21 2019 13:23:49 GMT+0800 (Taiwan Standard Time),Wed Aug 21 2019 13:23:45 GMT+0800 (Taiwan Standard Time),,,,,0,0,0,error,帳戶【交易所_A】開始進行【定時自動轉倉換月】 2019/08/21 13:23:45 交易所_A-小型台指7口 開始自動轉倉至2019/09。,帳戶【交易所_A】開始進行【定時自動轉倉換月】 2019/08/21 13:23:45 交易所_A-小型台指7口 開始自動轉倉至2019/09。
16ca760c128a1509,Mon Aug 19 2019 08:57:10 GMT+0800 (Taiwan Standard Time),Mon Aug 19 2019 08:57:00 GMT+0800 (Taiwan Standard Time),策略_TCA,交易所_A,10437,add_long,1,6,7,normal,,"2019/08/19 08:57:00 【策略_TCA】 ""10437"" 加碼多單，策略倉位 6 → 7 帳戶【交易所_A】(小型台指) 帳戶倉位 6 → 7 倍數 1，本次下單 1，下單後帳戶總倉位 7 策略_TCA"
16c98ea5a63a54d6,Fri Aug 16 2019 13:33:09 GMT+0800 (Taiwan Standard Time),Fri Aug 16 2019 13:33:00 GMT+0800 (Taiwan Standard Time),策略_TCA,交易所_A,10408,reduce_long,-1,7,6,normal,,"2019/08/16 13:33:00 【策略_TCA】 ""10408"" 減碼多單，策略倉位 7 → 6 帳戶【交易所_A】(小型台指) 帳戶倉位 7 → 6 倍數 1，本次下單 -1，下單後帳戶總倉位 6 策略_TCA"
16c98de7a277a26c,Fri Aug 16 2019 13:20:11 GMT+0800 (Taiwan Standard Time),Fri Aug 16 2019 13:20:01 GMT+0800 (Taiwan Standard Time),策略_TCA,交易所_A,10420,add_long,1,6,7,normal,,"2019/08/16 13:20:01 【策略_TCA】 ""10420"" 加碼多單，策略倉位 6 → 7 帳戶【交易所_A】(小型台指) 帳戶倉位 6 → 7 倍數 1，本次下單 1，下單後帳戶總倉位 7 策略_TCA"
16c92c74d59f3961,Thu Aug 15 2019 08:57:09 GMT+0800 (Taiwan Standard Time),Thu Aug 15 2019 08:56:59 GMT+0800 (Taiwan Standard Time),策略_TCA,交易所_A,10296,reduce_long,-1,7,6,normal,,"2019/08/15 08:56:59 【策略_TCA】 ""10296"" 減碼多單，策略倉位 7 → 6 帳戶【交易所_A】(小型台指) 帳戶倉位 7 → 6 倍數 1，本次下單 -1，下單後帳戶總倉位 6 策略_TCA"
16c8da721c3f9ae4,Wed Aug 14 2019 09:03:54 GMT+0800 (Taiwan Standard Time),Wed Aug 14 2019 09:03:45 GMT+0800 (Taiwan Standard Time),策略_TCA,交易所_A,10473,add_long,1,6,7,normal,,"2019/08/14 09:03:45 【策略_TCA】 ""10473"" 加碼多單，策略倉位 6 → 7 帳戶【交易所_A】(小型台指) 帳戶倉位 6 → 7 倍數 1，本次下單 1，下單後帳戶總倉位 7 策略_TCA"
16c8880c41cebaee,Tue Aug 13 2019 09:03:55 GMT+0800 (Taiwan Standard Time),Tue Aug 13 2019 09:03:46 GMT+0800 (Taiwan Standard Time),策略_TCA,交易所_A,10399,reduce_long,-1,7,6,normal,,"2019/08/13 09:03:46 【策略_TCA】 ""10399"" 減碼多單，策略倉位 7 → 6 帳戶【交易所_A】(小型台指) 帳戶倉位 7 → 6 倍數 1，本次下單 -1，下單後帳戶總倉位 6 策略_TCA"
16c836b8fc573fdb,Mon Aug 12 2019 09:22:38 GMT+0800 (Taiwan Standard Time),Mon Aug 12 2019 09:22:29 GMT+0800 (Taiwan Standard Time),策略_TCA,交易所_A,10430,add_long,1,6,7,normal,,"2019/08/12 09:22:29 【策略_TCA】 ""10430"" 加碼多單，策略倉位 6 → 7 帳戶【交易所_A】(小型台指) 帳戶倉位 6 → 7 倍數 1，本次下單 1，下單後帳戶總倉位 7 策略_TCA"
16c835a64b96d7fa,Mon Aug 12 2019 09:03:53 GMT+0800 (Taiwan Standard Time),Mon Aug 12 2019 09:03:44 GMT+0800 (Taiwan Standard Time),策略_TCA,交易所_A,10405,reduce_long,-1,7,6,normal,,"2019/08/12 09:03:44 【策略_TCA】 ""10405"" 減碼多單，策略倉位 7 → 6 帳戶【交易所_A】(小型台指) 帳戶倉位 2 → 6 倍數 1，本次下單 4，下單後帳戶總倉位 6 策略_TCA"
16c6f549872880a0,Thu Aug 08 2019 11:45:09 GMT+0800 (Taiwan Standard Time),Thu Aug 08 2019 11:45:01 GMT+0800 (Taiwan Standard Time),策略_TCA,交易所_A,10419,add_long,1,6,7,normal,,"2019/08/08 11:45:01 【策略_TCA】 ""10419"" 加碼多單，策略倉位 6 → 7 帳戶【交易所_A】(小型台指) 帳戶倉位 2 → 2 倍數 1，本次下單 0，下單後帳戶總倉位 2 策略_TCA"
16c6f5485d50aaf3,Thu Aug 08 2019 11:45:04 GMT+0800 (Taiwan Standard Time),Thu Aug 08 2019 11:45:01 GMT+0800 (Taiwan Standard Time),,,,,0,0,0,error,<下單失敗> 2019/08/08 11:45:01 交易所_AII API 下單發生錯誤，本次下單已取消，請由手動補單。,<下單失敗> 2019/08/08 11:45:01 交易所_AII API 下單發生錯誤，本次下單已取消，請由手動補單。
16c6f223d02f16dd,Thu Aug 08 2019 10:50:09 GMT+0800 (Taiwan Standard Time),Thu Aug 08 2019 10:50:00 GMT+0800 (Taiwan Standard Time),策略_TCA,交易所_A,10401,reduce_long,-1,7,6,normal,,"2019/08/08 10:50:00 【策略_TCA】 ""10401"" 減碼多單，策略倉位 7 → 6 帳戶【交易所_A】(小型台指) 帳戶倉位 2 → 2 倍數 1，本次下單 0，下單後帳戶總倉位 2 策略_TCA"
16c6f222752c2ae3,Thu Aug 08 2019 10:50:03 GMT+0800 (Taiwan Standard Time),Thu Aug 08 2019 10:50:01 GMT+0800 (Taiwan Standard Time),,,,,0,0,0,error,<下單失敗> 2019/08/08 10:50:01 交易所_AII API 下單發生錯誤，本次下單已取消，請由手動補單。,<下單失敗> 2019/08/08 10:50:01 交易所_AII API 下單發生錯誤，本次下單已取消，請由手動補單。
16c6ee74f08c01ed,Thu Aug 08 2019 09:45:47 GMT+0800 (Taiwan Standard Time),Thu Aug 08 2019 09:45:45 GMT+0800 (Taiwan Standard Time),,交易所_A,,,0,0,0,normal,,"交易所_AII 下單失敗,帳號 ID_MASKED 2019/08/08 09:45:45 3309後檯:留倉口數不足!不可下平倉單"
16c6ee35409f68ae,Thu Aug 08 2019 09:41:26 GMT+0800 (Taiwan Standard Time),Thu Aug 08 2019 09:41:17 GMT+0800 (Taiwan Standard Time),策略_TCA,交易所_A,10424,add_long,1,6,7,normal,,"2019/08/08 09:41:17 【策略_TCA】 ""10424"" 加碼多單，策略倉位 6 → 7 帳戶【交易所_A】(小型台指) 帳戶倉位 2 → 2 倍數 1，本次下單 0，下單後帳戶總倉位 2 策略_TCA"
16c6ee33f39d09d7,Thu Aug 08 2019 09:41:20 GMT+0800 (Taiwan Standard Time),Thu Aug 08 2019 09:41:18 GMT+0800 (Taiwan Standard Time),,,,,0,0,0,error,<下單失敗> 2019/08/08 09:41:18 交易所_AII API 下單發生錯誤，本次下單已取消，請由手動補單。,<下單失敗> 2019/08/08 09:41:18 交易所_AII API 下單發生錯誤，本次下單已取消，請由手動補單。
16c5f80aeddabf65,Mon Aug 05 2019 09:59:23 GMT+0800 (Taiwan Standard Time),Mon Aug 05 2019 09:59:20 GMT+0800 (Taiwan Standard Time),,交易所_A,,,0,0,0,normal,,"交易所_AII 下單失敗,帳號 ID_MASKED 2019/08/05 09:59:20 3309後檯:留倉口數不足!不可下平倉單"
16c5f6a7b74e1390,Mon Aug 05 2019 09:35:08 GMT+0800 (Taiwan Standard Time),Mon Aug 05 2019 09:35:00 GMT+0800 (Taiwan Standard Time),策略_TCA,交易所_A,10413,reduce_long,-1,7,6,normal,,"2019/08/05 09:35:00 【策略_TCA】 ""10413"" 減碼多單，策略倉位 7 → 6 帳戶【交易所_A】(小型台指) 帳戶倉位 2 → 2 倍數 1，本次下單 0，下單後帳戶總倉位 2 策略_TCA"
16c5f6a6798a6478,Mon Aug 05 2019 09:35:03 GMT+0800 (Taiwan Standard Time),Mon Aug 05 2019 09:35:00 GMT+0800 (Taiwan Standard Time),,,,,0,0,0,error,<下單失敗> 2019/08/05 09:35:00 交易所_AII API 下單發生錯誤，本次下單已取消，請由手動補單。,<下單失敗> 2019/08/05 09:35:00 交易所_AII API 下單發生錯誤，本次下單已取消，請由手動補單。
16c4fc570d4543ae,Fri Aug 02 2019 08:40:34 GMT+0800 (Taiwan Standard Time),Fri Aug 02 2019 08:40:30 GMT+0800 (Taiwan Standard Time),,,,,0,0,0,error,<警告/提醒> 2019/08/02 08:40:30 因升級專業版，請將【帳戶管理】中所有帳戶總倉位之【最大口數限制】取消，以免下單錯誤 !,<警告/提醒> 2019/08/02 08:40:30 因升級專業版，請將【帳戶管理】中所有帳戶總倉位之【最大口數限制】取消，以免下單錯誤 !
16c4ab5b0482611c,Thu Aug 01 2019 09:05:15 GMT+0800 (Taiwan Standard Time),Thu Aug 01 2019 09:05:12 GMT+0800 (Taiwan Standard Time),,交易所_A,,,0,0,0,normal,,"交易所_AII 下單失敗,帳號 ID_MASKED 2019/08/01 09:05:12 3309後檯:留倉口數不足!不可下平倉單"
16c4aae482504144,Thu Aug 01 2019 08:57:09 GMT+0800 (Taiwan Standard Time),Thu Aug 01 2019 08:57:01 GMT+0800 (Taiwan Standard Time),策略_TCA,交易所_A,10647,reduce_long,-1,8,7,normal,,"2019/08/01 08:57:01 【策略_TCA】 ""10647"" 減碼多單，策略倉位 8 → 7 帳戶【交易所_A】(小型台指) 帳戶倉位 2 → 2 倍數 1，本次下單 0，下單後帳戶總倉位 2 策略_TCA"
16c4642a6acc53d1,Wed Jul 31 2019 12:21:07 GMT+0800 (Taiwan Standard Time),Wed Jul 31 2019 12:21:00 GMT+0800 (Taiwan Standard Time),策略_TCA,交易所_A,10740,add_long,1,7,8,normal,,"2019/07/31 12:21:00 【策略_TCA】 ""10740"" 加碼多單，策略倉位 7 → 8 帳戶【交易所_A】(小型台指) 帳戶倉位 2 → 2 倍數 1，本次下單 0，下單後帳戶總倉位 2 策略_TCA"
16c45bedaad2128b,Wed Jul 31 2019 09:57:10 GMT+0800 (Taiwan Standard Time),Wed Jul 31 2019 09:57:03 GMT+0800 (Taiwan Standard Time),策略_TCA,交易所_A,10720,reduce_long,-1,8,7,normal,,"2019/07/31 09:57:03 【策略_TCA】 ""10720"" 減碼多單，策略倉位 8 → 7 帳戶【交易所_A】(小型台指) 帳戶倉位 2 → 2 倍數 1，本次下單 0，下單後帳戶總倉位 2 策略_TCA"
16c45b06b81bebe4,Wed Jul 31 2019 09:41:24 GMT+0800 (Taiwan Standard Time),Wed Jul 31 2019 09:41:16 GMT+0800 (Taiwan Standard Time),策略_TCA,交易所_A,10734,add_long,1,7,8,normal,,"2019/07/31 09:41:16 【策略_TCA】 ""10734"" 加碼多單，策略倉位 7 → 8 帳戶【交易所_A】(小型台指) 帳戶倉位 2 → 2 倍數 1，本次下單 0，下單後帳戶總倉位 2 策略_TCA"
16c4593c8b1cd337,Wed Jul 31 2019 09:10:07 GMT+0800 (Taiwan Standard Time),Wed Jul 31 2019 09:10:00 GMT+0800 (Taiwan Standard Time),策略_TCA,交易所_A,10725,reduce_long,-1,8,7,normal,,"2019/07/31 09:10:00 【策略_TCA】 ""10725"" 減碼多單，策略倉位 8 → 7 帳戶【交易所_A】(小型台指) 帳戶倉位 2 → 2 倍數 1，本次下單 0，下單後帳戶總倉位 2 策略_TCA"
16c4592e8ac1440b,Wed Jul 31 2019 09:09:10 GMT+0800 (Taiwan Standard Time),Wed Jul 31 2019 09:09:03 GMT+0800 (Taiwan Standard Time),策略_TCA,交易所_A,10726,add_long,1,7,8,normal,,"2019/07/31 09:09:03 【策略_TCA】 ""10726"" 加碼多單，策略倉位 7 → 8 帳戶【交易所_A】(小型台指) 帳戶倉位 2 → 2 倍數 1，本次下單 0，下單後帳戶總倉位 2 策略_TCA"
16c458e14e720105,Wed Jul 31 2019 09:03:53 GMT+0800 (Taiwan Standard Time),Wed Jul 31 2019 09:03:45 GMT+0800 (Taiwan Standard Time),策略_TCA,交易所_A,10727,reduce_long,-1,8,7,normal,,"2019/07/31 09:03:45 【策略_TCA】 ""10727"" 減碼多單，策略倉位 8 → 7 帳戶【交易所_A】(小型台指) 帳戶倉位 2 → 2 倍數 1，本次下單 0，下單後帳戶總倉位 2 策略_TCA"
16c07c215cebc2d7,Fri Jul 19 2019 09:04:13 GMT+0800 (Taiwan Standard Time),Fri Jul 19 2019 09:04:10 GMT+0800 (Taiwan Standard Time),,交易所_A,,,0,0,0,normal,,"交易所_AII 下單失敗,帳號 ID_MASKED 2019/07/19 09:04:10 3309後檯:留倉口數不足!不可下平倉單"
16c07c1c496b84f2,Fri Jul 19 2019 09:03:53 GMT+0800 (Taiwan Standard Time),Fri Jul 19 2019 09:03:44 GMT+0800 (Taiwan Standard Time),策略_TCA,交易所_A,10765,add_long,1,7,8,normal,,"2019/07/19 09:03:44 【策略_TCA】 ""10765"" 加碼多單，策略倉位 7 → 8 帳戶【交易所_A】(小型台指) 帳戶倉位 2 → 2 倍數 1，本次下單 0，下單後帳戶總倉位 2 策略_TCA"
16c028a3cae54d2b,Thu Jul 18 2019 08:45:08 GMT+0800 (Taiwan Standard Time),Thu Jul 18 2019 08:45:00 GMT+0800 (Taiwan Standard Time),策略_TCA,交易所_A,10625,,7,0,7,normal,,"2019/07/18 08:45:00 【策略_TCA】 ""10625"" 多單進場，策略倉位 0 → 7 帳戶【交易所_A】(小型台指) 帳戶倉位 2 → 2 倍數 1，本次下單 0，下單後帳戶總倉位 2 策略_TCA"
16c0285ed3d41c39,Thu Jul 18 2019 08:40:25 GMT+0800 (Taiwan Standard Time),Thu Jul 18 2019 08:40:22 GMT+0800 (Taiwan Standard Time),,,,,0,0,0,normal,,<警告/提醒> 2019/07/18 08:40:22 模擬_TEST 策略倉位已由7自動同步為文字檔內倉位0 請檢查下單機實際倉位是否需進行同步!
16c0285ec8c5e822,Thu Jul 18 2019 08:40:25 GMT+0800 (Taiwan Standard Time),Thu Jul 18 2019 08:40:22 GMT+0800 (Taiwan Standard Time),,,,,0,0,0,normal,,<警告/提醒> 2019/07/18 08:40:22 策略_TCA 策略倉位已由7自動同步為文字檔內倉位0 請檢查下單機實際倉位是否需進行同步!
16bfe632cf7be9e0,Wed Jul 17 2019 13:24:00 GMT+0800 (Taiwan Standard Time),Wed Jul 17 2019 13:23:58 GMT+0800 (Taiwan Standard Time),,,,,0,0,0,error,<下單失敗> 2019/07/17 13:23:58 交易所_AII API 下單發生錯誤，本次下單已取消，請由手動補單。,<下單失敗> 2019/07/17 13:23:58 交易所_AII API 下單發生錯誤，本次下單已取消，請由手動補單。
16bfe63219c2325a,Wed Jul 17 2019 13:23:56 GMT+0800 (Taiwan Standard Time),Wed Jul 17 2019 13:23:55 GMT+0800 (Taiwan Standard Time),,,,,0,0,0,error,<下單失敗> 2019/07/17 13:23:55 交易所_AII API 下單發生錯誤，本次下單已取消，請由手動補單。,<下單失敗> 2019/07/17 13:23:55 交易所_AII API 下單發生錯誤，本次下單已取消，請由手動補單。
16bfe6300653dad5,Wed Jul 17 2019 13:23:48 GMT+0800 (Taiwan Standard Time),Wed Jul 17 2019 13:23:45 GMT+0800 (Taiwan Standard Time),,,,,0,0,0,error,帳戶【交易所_A】開始進行【定時自動轉倉換月】 2019/07/17 13:23:45 交易所_A-小型台指2口 開始自動轉倉至2019/08。,帳戶【交易所_A】開始進行【定時自動轉倉換月】 2019/07/17 13:23:45 交易所_A-小型台指2口 開始自動轉倉至2019/08。
16bdf765dffb148f,Thu Jul 11 2019 13:16:43 GMT+0800 (Taiwan Standard Time),Thu Jul 11 2019 13:16:40 GMT+0800 (Taiwan Standard Time),,,,,0,0,0,error,"交易所_AII API 錯誤,帳號 (全部) 2019/07/11 13:16:40 斷線-P:ReceiveThread_EntryPoint CALL :無法從傳輸連接讀取資料: 連線嘗試失敗，因為連線對象有一段時間並未正確回應，或是連線建立失敗，因為連線的主機無法回應。?","交易所_AII API 錯誤,帳號 (全部) 2019/07/11 13:16:40 斷線-P:ReceiveThread_EntryPoint CALL :無法從傳輸連接讀取資料: 連線嘗試失敗，因為連線對象有一段時間並未正確回應，或是連線建立失敗，因為連線的主機無法回應。?"
16bab0f4f03b2b27,Mon Jul 01 2019 09:03:53 GMT+0800 (Taiwan Standard Time),Mon Jul 01 2019 09:03:45 GMT+0800 (Taiwan Standard Time),策略_TCA,交易所_A,10719,add_long,1,6,7,normal,,"2019/07/01 09:03:45 【策略_TCA】 ""10719"" 加碼多單，策略倉位 6 → 7 帳戶【交易所_A】(小型台指) 帳戶倉位 2 → 2 倍數 1，本次下單 0，下單後帳戶總倉位 2 策略_TCA"
16b9ba1eea81543d,Fri Jun 28 2019 09:10:08 GMT+0800 (Taiwan Standard Time),Fri Jun 28 2019 09:09:59 GMT+0800 (Taiwan Standard Time),策略_TCA,交易所_A,10607,reduce_long,-1,7,6,normal,,"2019/06/28 09:09:59 【策略_TCA】 ""10607"" 減碼多單，策略倉位 7 → 6 帳戶【交易所_A】(小型台指) 帳戶倉位 2 → 2 倍數 1，本次下單 0，下單後帳戶總倉位 2 策略_TCA"
16b96983672914e1,Thu Jun 27 2019 09:41:25 GMT+0800 (Taiwan Standard Time),Thu Jun 27 2019 09:41:16 GMT+0800 (Taiwan Standard Time),策略_TCA,交易所_A,10624,add_long,1,6,7,normal,,"2019/06/27 09:41:16 【策略_TCA】 ""10624"" 加碼多單，策略倉位 6 → 7 帳戶【交易所_A】(小型台指) 帳戶倉位 2 → 2 倍數 1，本次下單 0，下單後帳戶總倉位 2 策略_TCA"
16b8c3a4f297f58d,Tue Jun 25 2019 09:22:38 GMT+0800 (Taiwan Standard Time),Tue Jun 25 2019 09:22:30 GMT+0800 (Taiwan Standard Time),策略_TCA,交易所_A,10609,reduce_long,-1,7,6,normal,,"2019/06/25 09:22:30 【策略_TCA】 ""10609"" 減碼多單，策略倉位 7 → 6 帳戶【交易所_A】(小型台指) 帳戶倉位 2 → 2 倍數 1，本次下單 0，下單後帳戶總倉位 2 策略_TCA"
16b8764197d58fff,Mon Jun 24 2019 10:50:08 GMT+0800 (Taiwan Standard Time),Mon Jun 24 2019 10:49:59 GMT+0800 (Taiwan Standard Time),策略_TCA,交易所_A,10631,add_long,1,6,7,normal,,"2019/06/24 10:49:59 【策略_TCA】 ""10631"" 加碼多單，策略倉位 6 → 7 帳戶【交易所_A】(小型台指) 帳戶倉位 2 → 2 倍數 1，本次下單 0，下單後帳戶總倉位 2 策略_TCA"
16b77f0f73735d0d,Fri Jun 21 2019 10:50:07 GMT+0800 (Taiwan Standard Time),Fri Jun 21 2019 10:49:59 GMT+0800 (Taiwan Standard Time),策略_TCA,交易所_A,10608,reduce_long,-1,7,6,normal,,"2019/06/21 10:49:59 【策略_TCA】 ""10608"" 減碼多單，策略倉位 7 → 6 帳戶【交易所_A】(小型台指) 帳戶倉位 2 → 2 倍數 1，本次下單 0，下單後帳戶總倉位 2 策略_TCA"
16b77da15ddf557e,Fri Jun 21 2019 10:25:08 GMT+0800 (Taiwan Standard Time),Fri Jun 21 2019 10:25:00 GMT+0800 (Taiwan Standard Time),策略_TCA,交易所_A,10625,add_long,1,6,7,normal,,"2019/06/21 10:25:00 【策略_TCA】 ""10625"" 加碼多單，策略倉位 6 → 7 帳戶【交易所_A】(小型台指) 帳戶倉位 2 → 2 倍數 1，本次下單 0，下單後帳戶總倉位 2 策略_TCA"
16b77c338b7e5c3e,Fri Jun 21 2019 10:00:09 GMT+0800 (Taiwan Standard Time),Fri Jun 21 2019 10:00:01 GMT+0800 (Taiwan Standard Time),策略_TCA,交易所_A,10602,reduce_long,-1,7,6,normal,,"2019/06/21 10:00:01 【策略_TCA】 ""10602"" 減碼多單，策略倉位 7 → 6 帳戶【交易所_A】(小型台指) 帳戶倉位 2 → 2 倍數 1，本次下單 0，下單後帳戶總倉位 2 策略_TCA"
16b778fb58755ce0,Fri Jun 21 2019 09:03:53 GMT+0800 (Taiwan Standard Time),Fri Jun 21 2019 09:03:45 GMT+0800 (Taiwan Standard Time),策略_TCA,交易所_A,10632,add_long,1,6,7,normal,,"2019/06/21 09:03:45 【策略_TCA】 ""10632"" 加碼多單，策略倉位 6 → 7 帳戶【交易所_A】(小型台指) 帳戶倉位 2 → 2 倍數 1，本次下單 0，下單後帳戶總倉位 2 策略_TCA"
16b7258290713e79,Thu Jun 20 2019 08:45:08 GMT+0800 (Taiwan Standard Time),Thu Jun 20 2019 08:44:59 GMT+0800 (Taiwan Standard Time),策略_TCA,交易所_A,10574,,6,0,6,normal,,"2019/06/20 08:44:59 【策略_TCA】 ""10574"" 多單進場，策略倉位 0 → 6 帳戶【交易所_A】(小型台指) 帳戶倉位 2 → 2 倍數 1，本次下單 0，下單後帳戶總倉位 2 策略_TCA"
16b7253a86ac61b7,Thu Jun 20 2019 08:40:12 GMT+0800 (Taiwan Standard Time),Thu Jun 20 2019 08:40:08 GMT+0800 (Taiwan Standard Time),,,,,0,0,0,normal,,<警告/提醒> 2019/06/20 08:40:08 策略_TCA 策略倉位已由6自動同步為文字檔內倉位0 請檢查下單機實際倉位是否需進行同步!
16b7253a63a041c4,Thu Jun 20 2019 08:40:12 GMT+0800 (Taiwan Standard Time),Thu Jun 20 2019 08:40:08 GMT+0800 (Taiwan Standard Time),,,,,0,0,0,normal,,<警告/提醒> 2019/06/20 08:40:08 模擬_TEST 策略倉位已由6自動同步為文字檔內倉位0 請檢查下單機實際倉位是否需進行同步!
16b6e31218bd33d8,Wed Jun 19 2019 13:24:00 GMT+0800 (Taiwan Standard Time),Wed Jun 19 2019 13:23:57 GMT+0800 (Taiwan Standard Time),,,,,0,0,0,error,<下單失敗> 2019/06/19 13:23:57 交易所_AII API 下單發生錯誤，本次下單已取消，請由手動補單。,<下單失敗> 2019/06/19 13:23:57 交易所_AII API 下單發生錯誤，本次下單已取消，請由手動補單。
16b6e3114b8e70fe,Wed Jun 19 2019 13:23:57 GMT+0800 (Taiwan Standard Time),Wed Jun 19 2019 13:23:54 GMT+0800 (Taiwan Standard Time),,,,,0,0,0,error,<下單失敗> 2019/06/19 13:23:54 交易所_AII API 下單發生錯誤，本次下單已取消，請由手動補單。,<下單失敗> 2019/06/19 13:23:54 交易所_AII API 下單發生錯誤，本次下單已取消，請由手動補單。
16b6e30f68bb11b8,Wed Jun 19 2019 13:23:49 GMT+0800 (Taiwan Standard Time),Wed Jun 19 2019 13:23:45 GMT+0800 (Taiwan Standard Time),,,,,0,0,0,error,帳戶【交易所_A】開始進行【定時自動轉倉換月】 2019/06/19 13:23:45 交易所_A-小型台指2口 開始自動轉倉至2019/07。,帳戶【交易所_A】開始進行【定時自動轉倉換月】 2019/06/19 13:23:45 交易所_A-小型台指2口 開始自動轉倉至2019/07。
16b63076e00c51a3,Mon Jun 17 2019 09:22:39 GMT+0800 (Taiwan Standard Time),Mon Jun 17 2019 09:22:29 GMT+0800 (Taiwan Standard Time),策略_TCA,交易所_A,10506,add_long,1,5,6,normal,,"2019/06/17 09:22:29 【策略_TCA】 ""10506"" 加碼多單，策略倉位 5 → 6 帳戶【交易所_A】(小型台指) 帳戶倉位 2 → 2 倍數 1，本次下單 0，下單後帳戶總倉位 2 策略_TCA"
16b62f644addc2ad,Mon Jun 17 2019 09:03:53 GMT+0800 (Taiwan Standard Time),Mon Jun 17 2019 09:03:44 GMT+0800 (Taiwan Standard Time),策略_TCA,交易所_A,10474,reduce_long,-1,6,5,normal,,"2019/06/17 09:03:44 【策略_TCA】 ""10474"" 減碼多單，策略倉位 6 → 5 帳戶【交易所_A】(小型台指) 帳戶倉位 2 → 2 倍數 1，本次下單 0，下單後帳戶總倉位 2 策略_TCA"
16b3f1d3f135582c,Mon Jun 10 2019 10:00:08 GMT+0800 (Taiwan Standard Time),Mon Jun 10 2019 10:00:00 GMT+0800 (Taiwan Standard Time),策略_TCA,交易所_A,10516,add_long,1,5,6,normal,,"2019/06/10 10:00:00 【策略_TCA】 ""10516"" 加碼多單，策略倉位 5 → 6 帳戶【交易所_A】(小型台指) 帳戶倉位 2 → 2 倍數 1，本次下單 0，下單後帳戶總倉位 2 策略_TCA"
16b2f8b1715bfb02,Fri Jun 07 2019 09:26:11 GMT+0800 (Taiwan Standard Time),Fri Jun 07 2019 09:26:08 GMT+0800 (Taiwan Standard Time),,,,,0,0,0,error,<發生錯誤> 2019/06/07 09:26:08 策略_TCA 策略價格，超過 10 分鐘未跳動，請儘快處理。,<發生錯誤> 2019/06/07 09:26:08 策略_TCA 策略價格，超過 10 分鐘未跳動，請儘快處理。
16b253b1fb9d5253,Wed Jun 05 2019 09:22:38 GMT+0800 (Taiwan Standard Time),Wed Jun 05 2019 09:22:30 GMT+0800 (Taiwan Standard Time),策略_TCA,交易所_A,10482,reduce_long,-1,6,5,normal,,"2019/06/05 09:22:30 【策略_TCA】 ""10482"" 減碼多單，策略倉位 6 → 5 帳戶【交易所_A】(小型台指) 帳戶倉位 2 → 2 倍數 1，本次下單 0，下單後帳戶總倉位 2 策略_TCA"
16b252fb1ba2fc7f,Wed Jun 05 2019 09:10:09 GMT+0800 (Taiwan Standard Time),Wed Jun 05 2019 09:10:00 GMT+0800 (Taiwan Standard Time),策略_TCA,交易所_A,10484,add_long,1,5,6,normal,,"2019/06/05 09:10:00 【策略_TCA】 ""10484"" 加碼多單，策略倉位 5 → 6 帳戶【交易所_A】(小型台指) 帳戶倉位 2 → 2 倍數 1，本次下單 0，下單後帳戶總倉位 2 策略_TCA"
16b1ff21719fdaa0,Tue Jun 04 2019 08:44:47 GMT+0800 (Taiwan Standard Time),Tue Jun 04 2019 08:44:43 GMT+0800 (Taiwan Standard Time),,交易所_A,,,0,0,0,normal,,"交易所_AII 下單失敗,帳號 ID_MASKED 2019/06/04 08:44:43 9999不可刪改單期間，退回刪改單"
16b1ff1fecbf6fc5,Tue Jun 04 2019 08:44:40 GMT+0800 (Taiwan Standard Time),Tue Jun 04 2019 08:44:37 GMT+0800 (Taiwan Standard Time),,交易所_A,,,0,0,0,normal,,"交易所_AII 下單失敗,帳號 ID_MASKED 2019/06/04 08:44:37 9999不可刪改單期間，退回刪改單"
16b1ff1e427a980d,Tue Jun 04 2019 08:44:34 GMT+0800 (Taiwan Standard Time),Tue Jun 04 2019 08:44:30 GMT+0800 (Taiwan Standard Time),,交易所_A,,,0,0,0,normal,,"交易所_AII 下單失敗,帳號 ID_MASKED 2019/06/04 08:44:30 9999不可刪改單期間，退回刪改單"
16b1ff1d93f479dd,Tue Jun 04 2019 08:44:30 GMT+0800 (Taiwan Standard Time),Tue Jun 04 2019 08:44:26 GMT+0800 (Taiwan Standard Time),,交易所_A,,,0,0,0,normal,,"交易所_AII 下單失敗,帳號 ID_MASKED 2019/06/04 08:44:26 9999不可刪改單期間，退回刪改單"
16b1ff1cad055890,Tue Jun 04 2019 08:44:27 GMT+0800 (Taiwan Standard Time),Tue Jun 04 2019 08:44:22 GMT+0800 (Taiwan Standard Time),,交易所_A,,,0,0,0,normal,,"交易所_AII 下單失敗,帳號 ID_MASKED 2019/06/04 08:44:22 9999不可刪改單期間，退回刪改單"
16b1142bfefd53fe,Sat Jun 01 2019 12:18:33 GMT+0800 (Taiwan Standard Time),Sat Jun 01 2019 12:18:28 GMT+0800 (Taiwan Standard Time),,,,,0,0,0,error,<發生錯誤> 2019/06/01 12:18:28 策略_TCA 策略價格，超過 10 分鐘未跳動，請儘快處理。,<發生錯誤> 2019/06/01 12:18:28 策略_TCA 策略價格，超過 10 分鐘未跳動，請儘快處理。
16adddb78f483fa0,Wed May 22 2019 12:45:08 GMT+0800 (Taiwan Standard Time),Wed May 22 2019 12:45:00 GMT+0800 (Taiwan Standard Time),交易所_A,交易所_A,10485,reduce_long,-1,6,5,normal,,"2019/05/22 12:45:00 ""10485"" 減碼多單策略倉位 6 → 5 帳戶【交易所_A】(小型台指) 帳戶倉位 5 → 2 倍數 1，本次下單 0，下單後帳戶總倉位 2 策略_TCA"
16adda007c03ff22,Wed May 22 2019 11:40:12 GMT+0800 (Taiwan Standard Time),Wed May 22 2019 11:40:04 GMT+0800 (Taiwan Standard Time),交易所_A,交易所_A,10493,add_long,1,5,6,normal,,"2019/05/22 11:40:04 ""10493"" 加碼多單策略倉位 5 → 6 帳戶【交易所_A】(小型台指) 帳戶倉位 5 → 2 倍數 1，本次下單 0，下單後帳戶總倉位 2 策略_TCA"
16add66be22976bc,Wed May 22 2019 10:37:37 GMT+0800 (Taiwan Standard Time),Wed May 22 2019 10:37:29 GMT+0800 (Taiwan Standard Time),交易所_A,交易所_A,10487,reduce_long,-1,6,5,normal,,"2019/05/22 10:37:29 ""10487"" 減碼多單策略倉位 6 → 5 帳戶【交易所_A】(小型台指) 帳戶倉位 5 → 2 倍數 1，本次下單 0，下單後帳戶總倉位 2 策略_TCA"
16add4ca9fa82a9c,Wed May 22 2019 10:09:08 GMT+0800 (Taiwan Standard Time),Wed May 22 2019 10:09:00 GMT+0800 (Taiwan Standard Time),交易所_A,交易所_A,10494,add_long,1,5,6,normal,,"2019/05/22 10:09:00 ""10494"" 加碼多單策略倉位 5 → 6 帳戶【交易所_A】(小型台指) 帳戶倉位 5 → 2 倍數 1，本次下單 0，下單後帳戶總倉位 2 策略_TCA"
16ac3add50fbadc3,Fri May 17 2019 10:45:09 GMT+0800 (Taiwan Standard Time),Fri May 17 2019 10:44:59 GMT+0800 (Taiwan Standard Time),交易所_A,交易所_A,10487,reduce_long,-1,6,5,normal,,"2019/05/17 10:44:59 ""10487"" 減碼多單策略倉位 6 → 5 帳戶【交易所_A】(小型台指) 帳戶倉位 5 → 2 倍數 1，本次下單 0，下單後帳戶總倉位 2 策略_TCA"
16ac34af0cb02f5b,Fri May 17 2019 08:57:08 GMT+0800 (Taiwan Standard Time),Fri May 17 2019 08:57:00 GMT+0800 (Taiwan Standard Time),交易所_A,交易所_A,10555,add_long,1,5,6,normal,,"2019/05/17 08:57:00 ""10555"" 加碼多單策略倉位 5 → 6 帳戶【交易所_A】(小型台指) 帳戶倉位 5 → 2 倍數 1，本次下單 0，下單後帳戶總倉位 2 策略_TCA"
16ac347ff283783d,Fri May 17 2019 08:53:55 GMT+0800 (Taiwan Standard Time),Fri May 17 2019 08:53:50 GMT+0800 (Taiwan Standard Time),,,,,0,0,0,normal,,<警告/提醒> 2019/05/17 08:53:50 模擬_TEST 策略倉位已由6自動同步為文字檔內倉位5 請檢查下單機實際倉位是否需進行同步!
16ac347fc6960a37,Fri May 17 2019 08:53:55 GMT+0800 (Taiwan Standard Time),Fri May 17 2019 08:53:50 GMT+0800 (Taiwan Standard Time),,,,,0,0,0,normal,,<警告/提醒> 2019/05/17 08:53:50 策略_TCA 策略倉位已由6自動同步為文字檔內倉位5 請檢查下單機實際倉位是否需進行同步!
16abe1992badf182,Thu May 16 2019 08:45:07 GMT+0800 (Taiwan Standard Time),Thu May 16 2019 08:44:59 GMT+0800 (Taiwan Standard Time),交易所_A,交易所_A,10537,,6,0,6,normal,,"2019/05/16 08:44:59 ""10537"" 多單進場策略倉位 0 → 6 帳戶【交易所_A】(小型台指) 帳戶倉位 5 → 2 倍數 1，本次下單 0，下單後帳戶總倉位 2 策略_TCA"
16abe15670a6af78,Thu May 16 2019 08:40:33 GMT+0800 (Taiwan Standard Time),Thu May 16 2019 08:40:29 GMT+0800 (Taiwan Standard Time),,,,,0,0,0,normal,,<警告/提醒> 2019/05/16 08:40:29 策略_TCA 策略倉位已由6自動同步為文字檔內倉位0 請檢查下單機實際倉位是否需進行同步!
16abe15666bc839a,Thu May 16 2019 08:40:33 GMT+0800 (Taiwan Standard Time),Thu May 16 2019 08:40:29 GMT+0800 (Taiwan Standard Time),,,,,0,0,0,normal,,<警告/提醒> 2019/05/16 08:40:29 模擬_TEST 策略倉位已由6自動同步為文字檔內倉位0 請檢查下單機實際倉位是否需進行同步!
16ab9f28260596e0,Wed May 15 2019 13:23:58 GMT+0800 (Taiwan Standard Time),Wed May 15 2019 13:23:55 GMT+0800 (Taiwan Standard Time),,,,,0,0,0,error,<下單失敗> 2019/05/15 13:23:55 交易所_AII API 下單發生錯誤，本次下單已取消，請由手動補單。,<下單失敗> 2019/05/15 13:23:55 交易所_AII API 下單發生錯誤，本次下單已取消，請由手動補單。
16ab9f27943854e3,Wed May 15 2019 13:23:56 GMT+0800 (Taiwan Standard Time),Wed May 15 2019 13:23:53 GMT+0800 (Taiwan Standard Time),,,,,0,0,0,error,<下單失敗> 2019/05/15 13:23:53 交易所_AII API 下單發生錯誤，本次下單已取消，請由手動補單。,<下單失敗> 2019/05/15 13:23:53 交易所_AII API 下單發生錯誤，本次下單已取消，請由手動補單。
16ab9f25cba45b46,Wed May 15 2019 13:23:48 GMT+0800 (Taiwan Standard Time),Wed May 15 2019 13:23:45 GMT+0800 (Taiwan Standard Time),,,,,0,0,0,error,【交易所_A】開始自動轉倉 2019/05/15 13:23:45 交易所_A-小型台指2口 開始自動轉倉至2019/06。,【交易所_A】開始自動轉倉 2019/05/15 13:23:45 交易所_A-小型台指2口 開始自動轉倉至2019/06。
16ab904692738ceb,Wed May 15 2019 09:03:53 GMT+0800 (Taiwan Standard Time),Wed May 15 2019 09:03:45 GMT+0800 (Taiwan Standard Time),交易所_A,交易所_A,10545,add_long,1,5,6,normal,,"2019/05/15 09:03:45 ""10545"" 加碼多單策略倉位 5 → 6 帳戶【交易所_A】(小型台指) 帳戶倉位 5 → 2 倍數 1，本次下單 0，下單後帳戶總倉位 2 策略_TCA"
16ab8fe407230d4b,Wed May 15 2019 08:57:09 GMT+0800 (Taiwan Standard Time),Wed May 15 2019 08:57:01 GMT+0800 (Taiwan Standard Time),交易所_A,交易所_A,10520,reduce_long,-1,6,5,normal,,"2019/05/15 08:57:01 ""10520"" 減碼多單策略倉位 6 → 5 帳戶【交易所_A】(小型台指) 帳戶倉位 5 → 2 倍數 1，本次下單 0，下單後帳戶總倉位 2 策略_TCA"
16ab466afc2d7de4,Tue May 14 2019 11:33:08 GMT+0800 (Taiwan Standard Time),Tue May 14 2019 11:33:01 GMT+0800 (Taiwan Standard Time),交易所_A,交易所_A,10543,add_long,1,5,6,normal,,"2019/05/14 11:33:01 ""10543"" 加碼多單策略倉位 5 → 6 帳戶【交易所_A】(小型台指) 帳戶倉位 5 → 2 倍數 1，本次下單 0，下單後帳戶總倉位 2 策略_TCA"
16ab45bb7c6fb0c2,Tue May 14 2019 11:21:09 GMT+0800 (Taiwan Standard Time),Tue May 14 2019 11:21:01 GMT+0800 (Taiwan Standard Time),交易所_A,交易所_A,10522,reduce_long,-1,6,5,normal,,"2019/05/14 11:21:01 ""10522"" 減碼多單策略倉位 6 → 5 帳戶【交易所_A】(小型台指) 帳戶倉位 5 → 2 倍數 1，本次下單 0，下單後帳戶總倉位 2 策略_TCA"
16ab4118c5f11c4e,Tue May 14 2019 10:00:08 GMT+0800 (Taiwan Standard Time),Tue May 14 2019 10:00:00 GMT+0800 (Taiwan Standard Time),交易所_A,交易所_A,10533,add_long,1,5,6,normal,,"2019/05/14 10:00:00 ""10533"" 加碼多單策略倉位 5 → 6 帳戶【交易所_A】(小型台指) 帳戶倉位 5 → 2 倍數 1，本次下單 0，下單後帳戶總倉位 2 策略_TCA"
16ab3de0da57110d,Tue May 14 2019 09:03:53 GMT+0800 (Taiwan Standard Time),Tue May 14 2019 09:03:45 GMT+0800 (Taiwan Standard Time),交易所_A,交易所_A,10412,reduce_long,-1,6,5,normal,,"2019/05/14 09:03:45 ""10412"" 減碼多單策略倉位 6 → 5 帳戶【交易所_A】(小型台指) 帳戶倉位 5 → 2 倍數 1，本次下單 0，下單後帳戶總倉位 2 策略_TCA"
16a9f8941387c6c0,Fri May 10 2019 10:18:52 GMT+0800 (Taiwan Standard Time),Fri May 10 2019 10:18:44 GMT+0800 (Taiwan Standard Time),交易所_A,交易所_A,10816,reduce_long,-1,7,6,normal,,"2019/05/10 10:18:44 ""10816"" 減碼多單策略倉位 7 → 6 帳戶【交易所_A】(小型台指) 帳戶倉位 5 → 2 倍數 1，本次下單 0，下單後帳戶總倉位 2 策略_TCA"
16a9f781f8d70014,Fri May 10 2019 10:00:08 GMT+0800 (Taiwan Standard Time),Fri May 10 2019 10:00:00 GMT+0800 (Taiwan Standard Time),交易所_A,交易所_A,10846,add_long,1,6,7,normal,,"2019/05/10 10:00:00 ""10846"" 加碼多單策略倉位 6 → 7 帳戶【交易所_A】(小型台指) 帳戶倉位 5 → 2 倍數 1，本次下單 0，下單後帳戶總倉位 2 策略_TCA"
16a9a2f6ef8cb562,Thu May 09 2019 09:22:39 GMT+0800 (Taiwan Standard Time),Thu May 09 2019 09:22:30 GMT+0800 (Taiwan Standard Time),交易所_A,交易所_A,10831,reduce_long,-1,7,6,normal,,"2019/05/09 09:22:30 ""10831"" 減碼多單策略倉位 7 → 6 帳戶【交易所_A】(小型台指) 帳戶倉位 5 → 2 倍數 1，本次下單 0，下單後帳戶總倉位 2 策略_TCA"
16a8b49de183907d,Mon May 06 2019 11:57:14 GMT+0800 (Taiwan Standard Time),Mon May 06 2019 11:57:06 GMT+0800 (Taiwan Standard Time),交易所_A,交易所_A,10844,add_long,1,6,7,normal,,"2019/05/06 11:57:06 ""10844"" 加碼多單策略倉位 6 → 7 帳戶【交易所_A】(小型台指) 帳戶倉位 5 → 2 倍數 1，本次下單 0，下單後帳戶總倉位 2 策略_TCA"
16a8b3a3e8b272a8,Mon May 06 2019 11:40:09 GMT+0800 (Taiwan Standard Time),Mon May 06 2019 11:40:02 GMT+0800 (Taiwan Standard Time),交易所_A,交易所_A,10839,reduce_long,-1,7,6,normal,,"2019/05/06 11:40:02 ""10839"" 減碼多單策略倉位 7 → 6 帳戶【交易所_A】(小型台指) 帳戶倉位 5 → 2 倍數 1，本次下單 0，下單後帳戶總倉位 2 策略_TCA"
16a8b234fc9f5baf,Mon May 06 2019 11:15:07 GMT+0800 (Taiwan Standard Time),Mon May 06 2019 11:15:00 GMT+0800 (Taiwan Standard Time),交易所_A,交易所_A,10853,add_long,1,6,7,normal,,"2019/05/06 11:15:00 ""10853"" 加碼多單策略倉位 6 → 7 帳戶【交易所_A】(小型台指) 帳戶倉位 5 → 2 倍數 1，本次下單 0，下單後帳戶總倉位 2 策略_TCA"
16a8b122bedf4fd7,Mon May 06 2019 10:56:23 GMT+0800 (Taiwan Standard Time),Mon May 06 2019 10:56:15 GMT+0800 (Taiwan Standard Time),交易所_A,交易所_A,10835,reduce_long,-1,7,6,normal,,"2019/05/06 10:56:15 ""10835"" 減碼多單策略倉位 7 → 6 帳戶【交易所_A】(小型台指) 帳戶倉位 5 → 2 倍數 1，本次下單 0，下單後帳戶總倉位 2 策略_TCA"
16a2de786b423768,Thu Apr 18 2019 08:45:08 GMT+0800 (Taiwan Standard Time),Thu Apr 18 2019 08:44:59 GMT+0800 (Taiwan Standard Time),交易所_A,交易所_A,11021,,7,0,7,normal,,"2019/04/18 08:44:59 ""11021"" 多單進場策略倉位 0 → 7 帳戶【交易所_A】(小型台指) 帳戶倉位 5 → 2 倍數 1，本次下單 0，下單後帳戶總倉位 2 策略_TCA"
16a2de19572cec0e,Thu Apr 18 2019 08:38:38 GMT+0800 (Taiwan Standard Time),Thu Apr 18 2019 08:38:34 GMT+0800 (Taiwan Standard Time),,,,,0,0,0,normal,,<警告/提醒> 2019/04/18 08:38:34 策略_TCA 策略倉位已由7自動同步為文字檔內倉位0 請檢查下單機實際倉位是否需進行同步!
16a2de194146f622,Thu Apr 18 2019 08:38:38 GMT+0800 (Taiwan Standard Time),Thu Apr 18 2019 08:38:34 GMT+0800 (Taiwan Standard Time),,,,,0,0,0,normal,,<警告/提醒> 2019/04/18 08:38:34 模擬_TEST 策略倉位已由7自動同步為文字檔內倉位0 請檢查下單機實際倉位是否需進行同步!
16a29c0767555e1b,Wed Apr 17 2019 13:23:59 GMT+0800 (Taiwan Standard Time),Wed Apr 17 2019 13:23:57 GMT+0800 (Taiwan Standard Time),,,,,0,0,0,error,<下單失敗> 2019/04/17 13:23:57 交易所_AII API 下單發生錯誤，本次下單已取消，請由手動補單。,<下單失敗> 2019/04/17 13:23:57 交易所_AII API 下單發生錯誤，本次下單已取消，請由手動補單。
16a29c06b13284ae,Wed Apr 17 2019 13:23:56 GMT+0800 (Taiwan Standard Time),Wed Apr 17 2019 13:23:54 GMT+0800 (Taiwan Standard Time),,,,,0,0,0,error,<下單失敗> 2019/04/17 13:23:54 交易所_AII API 下單發生錯誤，本次下單已取消，請由手動補單。,<下單失敗> 2019/04/17 13:23:54 交易所_AII API 下單發生錯誤，本次下單已取消，請由手動補單。
16a29c04f9b3e8e0,Wed Apr 17 2019 13:23:48 GMT+0800 (Taiwan Standard Time),Wed Apr 17 2019 13:23:45 GMT+0800 (Taiwan Standard Time),,,,,0,0,0,error,【交易所_A】開始自動轉倉 2019/04/17 13:23:45 交易所_A-小型台指2口 開始自動轉倉至2019/05。,【交易所_A】開始自動轉倉 2019/04/17 13:23:45 交易所_A-小型台指2口 開始自動轉倉至2019/05。
16a1e7f6ecccaf75,Mon Apr 15 2019 08:57:07 GMT+0800 (Taiwan Standard Time),Mon Apr 15 2019 08:57:01 GMT+0800 (Taiwan Standard Time),交易所_A,交易所_A,10876,add_long,1,6,7,normal,,"2019/04/15 08:57:01 ""10876"" 加碼多單策略倉位 6 → 7 帳戶【交易所_A】(小型台指) 帳戶倉位 5 → 2 倍數 1，本次下單 0，下單後帳戶總倉位 2 策略_TCA"
16a1e73d153b3277,Mon Apr 15 2019 08:44:27 GMT+0800 (Taiwan Standard Time),Mon Apr 15 2019 08:44:25 GMT+0800 (Taiwan Standard Time),,交易所_A,,,0,0,0,normal,,"交易所_AII 下單失敗,帳號 ID_MASKED 2019/04/15 08:44:25 9999不可刪改單期間，退回刪改單"
16a1e73bbb62d486,Mon Apr 15 2019 08:44:20 GMT+0800 (Taiwan Standard Time),Mon Apr 15 2019 08:44:18 GMT+0800 (Taiwan Standard Time),,交易所_A,,,0,0,0,normal,,"交易所_AII 下單失敗,帳號 ID_MASKED 2019/04/15 08:44:18 9999不可刪改單期間，退回刪改單"
16a0f5cf35144edb,Fri Apr 12 2019 10:25:09 GMT+0800 (Taiwan Standard Time),Fri Apr 12 2019 10:25:02 GMT+0800 (Taiwan Standard Time),交易所_A,交易所_A,10813,reduce_long,-1,7,6,normal,,"2019/04/12 10:25:02 ""10813"" 減碼多單策略倉位 7 → 6 帳戶【交易所_A】(小型台指) 帳戶倉位 5 → 2 倍數 1，本次下單 0，下單後帳戶總倉位 2 策略_TCA"
16a0f460a95ef66f,Fri Apr 12 2019 10:00:08 GMT+0800 (Taiwan Standard Time),Fri Apr 12 2019 10:00:01 GMT+0800 (Taiwan Standard Time),交易所_A,交易所_A,10818,add_long,1,6,7,normal,,"2019/04/12 10:00:01 ""10818"" 加碼多單策略倉位 6 → 7 帳戶【交易所_A】(小型台指) 帳戶倉位 5 → 2 倍數 1，本次下單 0，下單後帳戶總倉位 2 策略_TCA"
16a0a645a78697ec,Thu Apr 11 2019 11:15:08 GMT+0800 (Taiwan Standard Time),Thu Apr 11 2019 11:15:00 GMT+0800 (Taiwan Standard Time),交易所_A,交易所_A,10804,reduce_long,-1,7,6,normal,,"2019/04/11 11:15:00 ""10804"" 減碼多單策略倉位 7 → 6 帳戶【交易所_A】(小型台指) 帳戶倉位 5 → 2 倍數 1，本次下單 0，下單後帳戶總倉位 2 策略_TCA"
16a0017a17c38b8d,Tue Apr 09 2019 11:15:08 GMT+0800 (Taiwan Standard Time),Tue Apr 09 2019 11:15:00 GMT+0800 (Taiwan Standard Time),交易所_A,交易所_A,10828,add_long,1,6,7,normal,,"2019/04/09 11:15:00 ""10828"" 加碼多單策略倉位 6 → 7 帳戶【交易所_A】(小型台指) 帳戶倉位 5 → 2 倍數 1，本次下單 0，下單後帳戶總倉位 2 策略_TCA"
169ffe04d9748851,Tue Apr 09 2019 10:14:42 GMT+0800 (Taiwan Standard Time),Tue Apr 09 2019 10:14:39 GMT+0800 (Taiwan Standard Time),,,,,0,0,0,error,"交易所_AII API 錯誤,帳號 (全部) 2019/04/09 10:14:39 斷線-P:ReceiveThread_EntryPoint CALL :無法從傳輸連接讀取資料: 遠端主機已強制關閉一個現存的連線。?","交易所_AII API 錯誤,帳號 (全部) 2019/04/09 10:14:39 斷線-P:ReceiveThread_EntryPoint CALL :無法從傳輸連接讀取資料: 遠端主機已強制關閉一個現存的連線。?"
169c740419ce5289,Fri Mar 29 2019 10:21:09 GMT+0800 (Taiwan Standard Time),Fri Mar 29 2019 10:21:02 GMT+0800 (Taiwan Standard Time),策略_TCA,交易所_A,10519,add_long,1,5,6,normal,,"2019/03/29 10:21:02 ""10519"" 加碼多單目前倉位：+6 之前倉位：5 交易所_A(小型台指) 倍數：1, 本次下單：0 , 帳戶實際倉位：2 , 總倉位：2 策略_TCA"
169c70aac33805c4,Fri Mar 29 2019 09:22:37 GMT+0800 (Taiwan Standard Time),Fri Mar 29 2019 09:22:30 GMT+0800 (Taiwan Standard Time),策略_TCA,交易所_A,10484,reduce_long,-1,6,5,normal,,"2019/03/29 09:22:30 ""10484"" 減碼多單目前倉位：+5 之前倉位：6 交易所_A(小型台指) 倍數：1, 本次下單：0 , 帳戶實際倉位：2 , 總倉位：2 策略_TCA"
169c6f3558459aec,Fri Mar 29 2019 08:57:07 GMT+0800 (Taiwan Standard Time),Fri Mar 29 2019 08:57:00 GMT+0800 (Taiwan Standard Time),策略_TCA,交易所_A,10556,add_long,1,5,6,normal,,"2019/03/29 08:57:00 ""10556"" 加碼多單目前倉位：+6 之前倉位：5 交易所_A(小型台指) 倍數：1, 本次下單：0 , 帳戶實際倉位：2 , 總倉位：2 策略_TCA"
169c6e7ec2ce7d74,Fri Mar 29 2019 08:44:40 GMT+0800 (Taiwan Standard Time),Fri Mar 29 2019 08:44:37 GMT+0800 (Taiwan Standard Time),,交易所_A,,,0,0,0,normal,,"交易所_AII 下單失敗,帳號 ID_MASKED 2019/03/29 08:44:37 9999不可刪改單期間，退回刪改單"
169c2b250edfde52,Thu Mar 28 2019 13:07:38 GMT+0800 (Taiwan Standard Time),Thu Mar 28 2019 13:07:29 GMT+0800 (Taiwan Standard Time),策略_TCA,交易所_A,10498,reduce_long,-1,6,5,normal,,"2019/03/28 13:07:29 ""10498"" 減碼多單目前倉位：+5 之前倉位：6 交易所_A(小型台指) 倍數：1, 本次下單：0 , 帳戶實際倉位：2 , 總倉位：2 策略_TCA"
169c27ed30f9e01a,Thu Mar 28 2019 12:11:24 GMT+0800 (Taiwan Standard Time),Thu Mar 28 2019 12:11:14 GMT+0800 (Taiwan Standard Time),策略_TCA,交易所_A,10509,add_long,1,5,6,normal,,"2019/03/28 12:11:14 ""10509"" 加碼多單目前倉位：+6 之前倉位：5 交易所_A(小型台指) 倍數：1, 本次下單：0 , 帳戶實際倉位：2 , 總倉位：2 策略_TCA"
169c1ccfd64dec28,Thu Mar 28 2019 08:57:09 GMT+0800 (Taiwan Standard Time),Thu Mar 28 2019 08:57:00 GMT+0800 (Taiwan Standard Time),策略_TCA,交易所_A,10460,reduce_long,-1,6,5,normal,,"2019/03/28 08:57:00 ""10460"" 減碼多單目前倉位：+5 之前倉位：6 交易所_A(小型台指) 倍數：1, 本次下單：0 , 帳戶實際倉位：2 , 總倉位：2 策略_TCA"
169bd02a94516105,Wed Mar 27 2019 10:37:41 GMT+0800 (Taiwan Standard Time),Wed Mar 27 2019 10:37:33 GMT+0800 (Taiwan Standard Time),策略_TCA,交易所_A,10510,add_long,1,5,6,normal,,"2019/03/27 10:37:33 ""10510"" 加碼多單目前倉位：+6 之前倉位：5 交易所_A(小型台指) 倍數：1, 本次下單：0 , 帳戶實際倉位：2 , 總倉位：2 策略_TCA"
169bcaccb9c15634,Wed Mar 27 2019 09:03:53 GMT+0800 (Taiwan Standard Time),Wed Mar 27 2019 09:03:45 GMT+0800 (Taiwan Standard Time),策略_TCA,交易所_A,10496,reduce_long,-1,6,5,normal,,"2019/03/27 09:03:45 ""10496"" 減碼多單目前倉位：+5 之前倉位：6 交易所_A(小型台指) 倍數：1, 本次下單：0 , 帳戶實際倉位：2 , 總倉位：2 策略_TCA"
169b78c29b6f139c,Tue Mar 26 2019 09:10:08 GMT+0800 (Taiwan Standard Time),Tue Mar 26 2019 09:09:59 GMT+0800 (Taiwan Standard Time),策略_TCA,交易所_A,10524,add_long,1,5,6,normal,,"2019/03/26 09:09:59 ""10524"" 加碼多單目前倉位：+6 之前倉位：5 交易所_A(小型台指) 倍數：1, 本次下單：0 , 帳戶實際倉位：2 , 總倉位：2 策略_TCA"
169b2601397f5306,Mon Mar 25 2019 09:03:53 GMT+0800 (Taiwan Standard Time),Mon Mar 25 2019 09:03:50 GMT+0800 (Taiwan Standard Time),策略_TCA,交易所_A,10455,reduce_long,-1,6,5,normal,,"2019/03/25 09:03:50 ""10455"" 減碼多單目前倉位：+5 之前倉位：6 交易所_A(小型台指) 倍數：1, 本次下單：0 , 帳戶實際倉位：2 , 總倉位：2 策略_TCA"
1699db574d586d5f,Thu Mar 21 2019 08:45:07 GMT+0800 (Taiwan Standard Time),Thu Mar 21 2019 08:44:59 GMT+0800 (Taiwan Standard Time),策略_TCA,交易所_A,10539,,6,0,6,normal,,"2019/03/21 08:44:59 ""10539"" 多單進場目前倉位：+6 之前倉位：0 交易所_A(小型台指) 倍數：1, 本次下單：0 , 帳戶實際倉位：2 , 總倉位：2 策略_TCA"
1699daf9339c6dd4,Thu Mar 21 2019 08:38:41 GMT+0800 (Taiwan Standard Time),Thu Mar 21 2019 08:38:37 GMT+0800 (Taiwan Standard Time),,,,,0,0,0,normal,,<警告/提醒> 2019/03/21 08:38:37 模擬_TEST 策略倉位已由6自動同步為文字檔內倉位0 請檢查下單機實際倉位是否需進行同步!
1699daf92726cbab,Thu Mar 21 2019 08:38:41 GMT+0800 (Taiwan Standard Time),Thu Mar 21 2019 08:38:37 GMT+0800 (Taiwan Standard Time),,,,,0,0,0,normal,,<警告/提醒> 2019/03/21 08:38:37 策略_TCA 策略倉位已由6自動同步為文字檔內倉位0 請檢查下單機實際倉位是否需進行同步!
169998e644bd4d34,Wed Mar 20 2019 13:23:59 GMT+0800 (Taiwan Standard Time),Wed Mar 20 2019 13:23:57 GMT+0800 (Taiwan Standard Time),,,,,0,0,0,error,<下單失敗> 2019/03/20 13:23:57 交易所_AII API 下單發生錯誤，本次下單已取消，請由手動補單。,<下單失敗> 2019/03/20 13:23:57 交易所_AII API 下單發生錯誤，本次下單已取消，請由手動補單。
169998e5b0e85f90,Wed Mar 20 2019 13:23:56 GMT+0800 (Taiwan Standard Time),Wed Mar 20 2019 13:23:54 GMT+0800 (Taiwan Standard Time),,,,,0,0,0,error,<下單失敗> 2019/03/20 13:23:54 交易所_AII API 下單發生錯誤，本次下單已取消，請由手動補單。,<下單失敗> 2019/03/20 13:23:54 交易所_AII API 下單發生錯誤，本次下單已取消，請由手動補單。
169998e389b206a2,Wed Mar 20 2019 13:23:47 GMT+0800 (Taiwan Standard Time),Wed Mar 20 2019 13:23:45 GMT+0800 (Taiwan Standard Time),,,,,0,0,0,error,交易所_A 開始自動轉倉 2019/03/20 13:23:45 交易所_A-小型台指2口 開始自動轉倉至2019/04。,交易所_A 開始自動轉倉 2019/03/20 13:23:45 交易所_A-小型台指2口 開始自動轉倉至2019/04。
16998eab72f8c0a8,Wed Mar 20 2019 10:25:11 GMT+0800 (Taiwan Standard Time),Wed Mar 20 2019 10:25:04 GMT+0800 (Taiwan Standard Time),策略_TCA,交易所_A,10509,add_long,1,5,6,normal,,"2019/03/20 10:25:04 ""10509"" 加碼多單目前倉位：+6 之前倉位：5 交易所_A(小型台指) 倍數：1, 本次下單：0 , 帳戶實際倉位：2 , 總倉位：2 策略_TCA"
16998d3c9e6bb9b0,Wed Mar 20 2019 10:00:08 GMT+0800 (Taiwan Standard Time),Wed Mar 20 2019 10:00:01 GMT+0800 (Taiwan Standard Time),策略_TCA,交易所_A,10504,reduce_long,-1,6,5,normal,,"2019/03/20 10:00:01 ""10504"" 減碼多單目前倉位：+5 之前倉位：6 交易所_A(小型台指) 倍數：1, 本次下單：0 , 帳戶實際倉位：2 , 總倉位：2 策略_TCA"
16998a04c8e7d661,Wed Mar 20 2019 09:03:54 GMT+0800 (Taiwan Standard Time),Wed Mar 20 2019 09:03:46 GMT+0800 (Taiwan Standard Time),策略_TCA,交易所_A,10521,add_long,1,5,6,normal,,"2019/03/20 09:03:46 ""10521"" 加碼多單目前倉位：+6 之前倉位：5 交易所_A(小型台指) 倍數：1, 本次下單：0 , 帳戶實際倉位：2 , 總倉位：2 策略_TCA"
1698e893da5b1f2e,Mon Mar 18 2019 10:02:31 GMT+0800 (Taiwan Standard Time),Mon Mar 18 2019 10:02:28 GMT+0800 (Taiwan Standard Time),,,,,0,0,0,error,<發生錯誤> 2019/03/18 10:02:28 策略_TCA 策略價格，超過 10 分鐘未跳動，請儘快處理。,<發生錯誤> 2019/03/18 10:02:28 策略_TCA 策略價格，超過 10 分鐘未跳動，請儘快處理。
1696a58372d7eeea,Mon Mar 11 2019 09:22:38 GMT+0800 (Taiwan Standard Time),Mon Mar 11 2019 09:22:30 GMT+0800 (Taiwan Standard Time),策略_TCA,交易所_A,10205,add_long,1,4,5,normal,,"2019/03/11 09:22:30 ""10205"" 加碼多單目前倉位：+5 之前倉位：4 交易所_A(小型台指) 倍數：1, 本次下單：0 , 帳戶實際倉位：2 , 總倉位：2 策略_TCA"
1696a40e7774b917,Mon Mar 11 2019 08:57:10 GMT+0800 (Taiwan Standard Time),Mon Mar 11 2019 08:57:02 GMT+0800 (Taiwan Standard Time),策略_TCA,交易所_A,10176,reduce_long,-1,5,4,normal,,"2019/03/11 08:57:02 ""10176"" 減碼多單目前倉位：+4 之前倉位：5 交易所_A(小型台指) 倍數：1, 本次下單：0 , 帳戶實際倉位：2 , 總倉位：2 策略_TCA"
1695b29cfb7a0679,Fri Mar 08 2019 10:37:39 GMT+0800 (Taiwan Standard Time),Fri Mar 08 2019 10:37:30 GMT+0800 (Taiwan Standard Time),策略_TCA,交易所_A,10203,add_long,1,4,5,normal,,"2019/03/08 10:37:30 ""10203"" 加碼多單目前倉位：+5 之前倉位：4 交易所_A(小型台指) 倍數：1, 本次下單：0 , 帳戶實際倉位：2 , 總倉位：2 策略_TCA"
1695aeec00db3ced,Fri Mar 08 2019 09:33:09 GMT+0800 (Taiwan Standard Time),Fri Mar 08 2019 09:32:59 GMT+0800 (Taiwan Standard Time),策略_TCA,交易所_A,10177,reduce_long,-1,5,4,normal,,"2019/03/08 09:32:59 ""10177"" 減碼多單目前倉位：+4 之前倉位：5 交易所_A(小型台指) 倍數：1, 本次下單：0 , 帳戶實際倉位：2 , 總倉位：2 策略_TCA"
1690e4f8b0ecce33,Thu Feb 21 2019 12:28:07 GMT+0800 (Taiwan Standard Time),,,,,,0,0,0,normal,,"阿政：多策略整合之比例式部位實作 多策略整合之比例式部位實作 Posted: 20 Feb 2019 06:30 PM PST 前文：多策略部位整合（http://www.yctseng.net/2018/12/blog-post.html）的文末說到改造成比例式下單是很容易的，這篇我們就來實作一下吧。 由於我們不會直接連結到下單命令的執行，稱為比例式""下單""不大適當，所以文章"
1690d83653f2fd57,Thu Feb 21 2019 08:45:07 GMT+0800 (Taiwan Standard Time),Thu Feb 21 2019 08:44:58 GMT+0800 (Taiwan Standard Time),策略_TCA,交易所_A,10255,,5,0,5,normal,,"2019/02/21 08:44:58 ""10255"" 多單進場目前倉位：+5 之前倉位：0 交易所_A(小型台指) 倍數：1, 本次下單：0 , 帳戶實際倉位：2 , 總倉位：2 策略_TCA"
1690d802b78a2728,Thu Feb 21 2019 08:41:35 GMT+0800 (Taiwan Standard Time),Thu Feb 21 2019 08:41:30 GMT+0800 (Taiwan Standard Time),,,,,0,0,0,normal,,<警告/提醒> 2019/02/21 08:41:30 策略_TCA 策略倉位已由5自動同步為文字檔內倉位0 請檢查下單機實際倉位是否需進行同步!
1690d80288c445f6,Thu Feb 21 2019 08:41:35 GMT+0800 (Taiwan Standard Time),Thu Feb 21 2019 08:41:30 GMT+0800 (Taiwan Standard Time),,,,,0,0,0,normal,,<警告/提醒> 2019/02/21 08:41:30 模擬_TEST 策略倉位已由5自動同步為文字檔內倉位0 請檢查下單機實際倉位是否需進行同步!
169095c682e521a5,Wed Feb 20 2019 13:24:04 GMT+0800 (Taiwan Standard Time),Wed Feb 20 2019 13:23:59 GMT+0800 (Taiwan Standard Time),,,,,0,0,0,error,<下單失敗> 2019/02/20 13:23:59 交易所_AII API 下單發生錯誤，本次下單已取消，請由手動補單。,<下單失敗> 2019/02/20 13:23:59 交易所_AII API 下單發生錯誤，本次下單已取消，請由手動補單。
169095c5b82db51b,Wed Feb 20 2019 13:24:00 GMT+0800 (Taiwan Standard Time),Wed Feb 20 2019 13:23:56 GMT+0800 (Taiwan Standard Time),,,,,0,0,0,error,<下單失敗> 2019/02/20 13:23:56 交易所_AII API 下單發生錯誤，本次下單已取消，請由手動補單。,<下單失敗> 2019/02/20 13:23:56 交易所_AII API 下單發生錯誤，本次下單已取消，請由手動補單。
169095c39f6dbe1f,Wed Feb 20 2019 13:23:51 GMT+0800 (Taiwan Standard Time),Wed Feb 20 2019 13:23:47 GMT+0800 (Taiwan Standard Time),,,,,0,0,0,error,交易所_A 開始自動轉倉 2019/02/20 13:23:47 交易所_A-小型台指2口 開始自動轉倉至2019/03。,交易所_A 開始自動轉倉 2019/02/20 13:23:47 交易所_A-小型台指2口 開始自動轉倉至2019/03。
16908730adb3e52a,Wed Feb 20 2019 09:09:09 GMT+0800 (Taiwan Standard Time),Wed Feb 20 2019 09:08:59 GMT+0800 (Taiwan Standard Time),策略_TCA,交易所_A,10209,add_long,1,4,5,normal,,"2019/02/20 09:08:59 ""10209"" 加碼多單目前倉位：+5 之前倉位：4 交易所_A(小型台指) 倍數：1, 本次下單：0 , 帳戶實際倉位：2 , 總倉位：2 策略_TCA"
169033664fe19d8c,Tue Feb 19 2019 08:44:49 GMT+0800 (Taiwan Standard Time),Tue Feb 19 2019 08:44:45 GMT+0800 (Taiwan Standard Time),,交易所_A,,,0,0,0,normal,,"交易所_AII 下單失敗,帳號 ID_MASKED 2019/02/19 08:44:45 9999不可刪改單期間，退回刪改單"
16903361c2d09ed4,Tue Feb 19 2019 08:44:30 GMT+0800 (Taiwan Standard Time),Tue Feb 19 2019 08:44:26 GMT+0800 (Taiwan Standard Time),,交易所_A,,,0,0,0,normal,,"交易所_AII 下單失敗,帳號 ID_MASKED 2019/02/19 08:44:26 9999不可刪改單期間，退回刪改單"
1690335e510a702f,Tue Feb 19 2019 08:44:16 GMT+0800 (Taiwan Standard Time),Tue Feb 19 2019 08:44:11 GMT+0800 (Taiwan Standard Time),,交易所_A,,,0,0,0,normal,,"交易所_AII 下單失敗,帳號 ID_MASKED 2019/02/19 08:44:11 9999不可刪改單期間，退回刪改單"
1690335be655c112,Tue Feb 19 2019 08:44:05 GMT+0800 (Taiwan Standard Time),Tue Feb 19 2019 08:44:00 GMT+0800 (Taiwan Standard Time),,交易所_A,,,0,0,0,normal,,"交易所_AII 下單失敗,帳號 ID_MASKED 2019/02/19 08:44:00 9999不可刪改單期間，退回刪改單"
16892010c097d961,Mon Jan 28 2019 09:09:27 GMT+0800 (Taiwan Standard Time),Mon Jan 28 2019 09:09:21 GMT+0800 (Taiwan Standard Time),,,,,0,0,0,error,<發生錯誤> 2019/01/28 09:09:21 策略_TCA 策略價格，超過 10 分鐘未跳動，請儘快處理。,<發生錯誤> 2019/01/28 09:09:21 策略_TCA 策略價格，超過 10 分鐘未跳動，請儘快處理。
1688282b7516ee0a,Fri Jan 25 2019 08:57:10 GMT+0800 (Taiwan Standard Time),Fri Jan 25 2019 08:56:59 GMT+0800 (Taiwan Standard Time),策略_TCA,交易所_A,9938,add_long,1,3,4,normal,,"2019/01/25 08:56:59 ""9938"" 加碼多單目前倉位：+4 之前倉位：3 交易所_A(小型台指) 倍數：1, 本次下單：0 , 帳戶實際倉位：2 , 總倉位：2 策略_TCA"
1687304a45f32924,Tue Jan 22 2019 08:45:09 GMT+0800 (Taiwan Standard Time),Tue Jan 22 2019 08:44:59 GMT+0800 (Taiwan Standard Time),策略_TCA,交易所_A,9841,reduce_long,-1,4,3,normal,,"2019/01/22 08:44:59 ""9841"" 減碼多單目前倉位：+3 之前倉位：4 交易所_A(小型台指) 倍數：1, 本次下單：0 , 帳戶實際倉位：2 , 總倉位：2 策略_TCA"
1686e11c10a3bff8,Mon Jan 21 2019 09:41:22 GMT+0800 (Taiwan Standard Time),Mon Jan 21 2019 09:41:14 GMT+0800 (Taiwan Standard Time),策略_TCA,交易所_A,9898,add_long,1,3,4,normal,,"2019/01/21 09:41:14 ""9898"" 加碼多單目前倉位：+4 之前倉位：3 交易所_A(小型台指) 倍數：1, 本次下單：0 , 帳戶實際倉位：2 , 總倉位：2 策略_TCA"
1686e009416d590f,Mon Jan 21 2019 09:22:37 GMT+0800 (Taiwan Standard Time),Mon Jan 21 2019 09:22:29 GMT+0800 (Taiwan Standard Time),策略_TCA,交易所_A,9861,reduce_long,-1,4,3,normal,,"2019/01/21 09:22:29 ""9861"" 減碼多單目前倉位：+3 之前倉位：4 交易所_A(小型台指) 倍數：1, 本次下單：0 , 帳戶實際倉位：2 , 總倉位：2 策略_TCA"
1686df52dbfa7395,Mon Jan 21 2019 09:10:09 GMT+0800 (Taiwan Standard Time),Mon Jan 21 2019 09:09:59 GMT+0800 (Taiwan Standard Time),策略_TCA,交易所_A,9878,add_long,1,3,4,normal,,"2019/01/21 09:09:59 ""9878"" 加碼多單目前倉位：+4 之前倉位：3 交易所_A(小型台指) 倍數：1, 本次下單：0 , 帳戶實際倉位：2 , 總倉位：2 策略_TCA"
1685ea82fe4c486c,Fri Jan 18 2019 09:51:45 GMT+0800 (Taiwan Standard Time),Fri Jan 18 2019 09:51:41 GMT+0800 (Taiwan Standard Time),,交易所_A,,,0,0,0,normal,,"交易所_AII 下單失敗,帳號 ID_MASKED 2019/01/18 09:51:41 3296後檯:原幣保證金不足，不足33658.00元"
1685e6aff8486fd8,Fri Jan 18 2019 08:44:55 GMT+0800 (Taiwan Standard Time),Fri Jan 18 2019 08:44:50 GMT+0800 (Taiwan Standard Time),,交易所_A,,,0,0,0,normal,,"交易所_AII 下單失敗,帳號 ID_MASKED 2019/01/18 08:44:50 3296後檯:原幣保證金不足，不足33658.00元"
1685944e52d92cb2,Thu Jan 17 2019 08:45:12 GMT+0800 (Taiwan Standard Time),Thu Jan 17 2019 08:45:00 GMT+0800 (Taiwan Standard Time),策略_TCA,交易所_A,9778,,3,0,3,normal,,"2019/01/17 08:45:00 ""9778"" 多單進場目前倉位：+3 之前倉位：0 交易所_A(小型台指) 倍數：1, 本次下單：0 , 帳戶實際倉位：2 , 總倉位：2 策略_TCA"
1685942dbd4be66c,Thu Jan 17 2019 08:42:58 GMT+0800 (Taiwan Standard Time),Thu Jan 17 2019 08:42:48 GMT+0800 (Taiwan Standard Time),,,,,0,0,0,normal,,<警告/提醒> 2019/01/17 08:42:48 模擬_TEST 策略倉位已由3自動同步為文字檔內倉位0 請檢查下單機實際倉位是否需進行同步!
1685942db462bdbc,Thu Jan 17 2019 08:42:58 GMT+0800 (Taiwan Standard Time),Thu Jan 17 2019 08:42:48 GMT+0800 (Taiwan Standard Time),,,,,0,0,0,normal,,<警告/提醒> 2019/01/17 08:42:48 策略_TCA 策略倉位已由3自動同步為文字檔內倉位0 請檢查下單機實際倉位是否需進行同步!
168551dd1da8d8c5,Wed Jan 16 2019 13:24:03 GMT+0800 (Taiwan Standard Time),Wed Jan 16 2019 13:23:58 GMT+0800 (Taiwan Standard Time),,交易所_A,,,0,0,0,normal,,"交易所_AII 下單失敗,帳號 6523704 2019/01/16 13:23:58 Unknow Code:5062"
168551dc3cdbea53,Wed Jan 16 2019 13:23:59 GMT+0800 (Taiwan Standard Time),Wed Jan 16 2019 13:23:55 GMT+0800 (Taiwan Standard Time),,交易所_A,,,0,0,0,normal,,"交易所_AII 下單失敗,帳號 6523704 2019/01/16 13:23:55 Unknow Code:5062"
168551da0ac54fe7,Wed Jan 16 2019 13:23:50 GMT+0800 (Taiwan Standard Time),Wed Jan 16 2019 13:23:45 GMT+0800 (Taiwan Standard Time),,,,,0,0,0,error,交易所_A 開始自動轉倉 2019/01/16 13:23:45 交易所_A-小型台指2口 開始自動轉倉至2019/02。,交易所_A 開始自動轉倉 2019/01/16 13:23:45 交易所_A-小型台指2口 開始自動轉倉至2019/02。
168301cf6be313b4,Wed Jan 09 2019 08:57:10 GMT+0800 (Taiwan Standard Time),Wed Jan 09 2019 08:57:01 GMT+0800 (Taiwan Standard Time),策略_TCA,交易所_A,9626,add_long,1,2,3,normal,,"2019/01/09 08:57:01 ""9626"" 加碼多單目前倉位：+3 之前倉位：2 交易所_A(小型台指) 倍數：1, 本次下單：0 , 帳戶實際倉位：2 , 總倉位：2 策略_TCA"
1683011f87f4a286,Wed Jan 09 2019 08:45:09 GMT+0800 (Taiwan Standard Time),Wed Jan 09 2019 08:44:59 GMT+0800 (Taiwan Standard Time),策略_TCA,交易所_A,9610,reduce_long,-1,3,2,normal,,"2019/01/09 08:44:59 ""9610"" 減碼多單目前倉位：+2 之前倉位：3 交易所_A(小型台指) 倍數：1, 本次下單：0 , 帳戶實際倉位：2 , 總倉位：2 策略_TCA"
1682bd07a2e44dba,Tue Jan 08 2019 12:55:08 GMT+0800 (Taiwan Standard Time),Tue Jan 08 2019 12:54:58 GMT+0800 (Taiwan Standard Time),策略_TCA,交易所_A,9568,add_long,1,2,3,normal,,"2019/01/08 12:54:58 ""9568"" 加碼多單目前倉位：+3 之前倉位：2 交易所_A(小型台指) 倍數：1, 本次下單：0 , 帳戶實際倉位：2 , 總倉位：2 策略_TCA"
1682b646fbb81d13,Tue Jan 08 2019 10:57:08 GMT+0800 (Taiwan Standard Time),Tue Jan 08 2019 10:56:59 GMT+0800 (Taiwan Standard Time),策略_TCA,交易所_A,9564,reduce_long,-1,3,2,normal,,"2019/01/08 10:56:59 ""9564"" 減碼多單目前倉位：+2 之前倉位：3 交易所_A(小型台指) 倍數：1, 本次下單：0 , 帳戶實際倉位：2 , 總倉位：2 策略_TCA"
1682b63c18b7b6d4,Tue Jan 08 2019 10:56:23 GMT+0800 (Taiwan Standard Time),Tue Jan 08 2019 10:56:13 GMT+0800 (Taiwan Standard Time),策略_TCA,交易所_A,9565,add_long,1,2,3,normal,,"2019/01/08 10:56:13 ""9565"" 加碼多單目前倉位：+3 之前倉位：2 交易所_A(小型台指) 倍數：1, 本次下單：0 , 帳戶實際倉位：2 , 總倉位：2 策略_TCA"
1682b0ded3dad79f,Tue Jan 08 2019 09:22:38 GMT+0800 (Taiwan Standard Time),Tue Jan 08 2019 09:22:29 GMT+0800 (Taiwan Standard Time),策略_TCA,交易所_A,9552,reduce_long,-1,3,2,normal,,"2019/01/08 09:22:29 ""9552"" 減碼多單目前倉位：+2 之前倉位：3 交易所_A(小型台指) 倍數：1, 本次下單：0 , 帳戶實際倉位：2 , 總倉位：2 策略_TCA"
1682af6923c5dfe2,Tue Jan 08 2019 08:57:07 GMT+0800 (Taiwan Standard Time),Tue Jan 08 2019 08:56:58 GMT+0800 (Taiwan Standard Time),策略_TCA,交易所_A,9605,add_long,1,2,3,normal,,"2019/01/08 08:56:58 ""9605"" 加碼多單目前倉位：+3 之前倉位：2 交易所_A(小型台指) 倍數：1, 本次下單：0 , 帳戶實際倉位：2 , 總倉位：2 策略_TCA"
1682aeb9b7a1ce75,Tue Jan 08 2019 08:45:08 GMT+0800 (Taiwan Standard Time),Tue Jan 08 2019 08:44:59 GMT+0800 (Taiwan Standard Time),策略_TCA,交易所_A,9598,reduce_long,-1,3,2,normal,,"2019/01/08 08:44:59 ""9598"" 減碼多單目前倉位：+2 之前倉位：3 交易所_A(小型台指) 倍數：1, 本次下單：0 , 帳戶實際倉位：2 , 總倉位：2 策略_TCA"
16826800482dc8c8,Mon Jan 07 2019 12:09:08 GMT+0800 (Taiwan Standard Time),Mon Jan 07 2019 12:08:58 GMT+0800 (Taiwan Standard Time),策略_TCA,交易所_A,9568,add_long,1,2,3,normal,,"2019/01/07 12:08:58 ""9568"" 加碼多單目前倉位：+3 之前倉位：2 交易所_A(小型台指) 倍數：1, 本次下單：0 , 帳戶實際倉位：2 , 總倉位：2 策略_TCA"
168263e12d6684fa,Mon Jan 07 2019 10:57:08 GMT+0800 (Taiwan Standard Time),Mon Jan 07 2019 10:56:57 GMT+0800 (Taiwan Standard Time),策略_TCA,交易所_A,9569,reduce_long,-1,3,2,normal,,"2019/01/07 10:56:57 ""9569"" 減碼多單目前倉位：+2 之前倉位：3 交易所_A(小型台指) 倍數：1, 本次下單：0 , 帳戶實際倉位：2 , 總倉位：2 策略_TCA"
168263d6cb0fc26f,Mon Jan 07 2019 10:56:24 GMT+0800 (Taiwan Standard Time),Mon Jan 07 2019 10:56:13 GMT+0800 (Taiwan Standard Time),策略_TCA,交易所_A,9567,add_long,1,2,3,normal,,"2019/01/07 10:56:13 ""9567"" 加碼多單目前倉位：+3 之前倉位：2 交易所_A(小型台指) 倍數：1, 本次下單：0 , 帳戶實際倉位：2 , 總倉位：2 策略_TCA"
1680c8943ac96d26,Wed Jan 02 2019 11:09:07 GMT+0800 (Taiwan Standard Time),Wed Jan 02 2019 11:09:02 GMT+0800 (Taiwan Standard Time),策略_TCA,交易所_A,9527,reduce_long,-1,3,2,normal,,"2019/01/02 11:09:02 ""9527"" 減碼多單目前倉位：+2 之前倉位：3 交易所_A(小型台指) 倍數：1, 本次下單：0 , 帳戶實際倉位：2 , 總倉位：2 策略_TCA"
1680c7d99dba0761,Wed Jan 02 2019 10:56:22 GMT+0800 (Taiwan Standard Time),Wed Jan 02 2019 10:56:17 GMT+0800 (Taiwan Standard Time),策略_TCA,交易所_A,9573,add_long,1,2,3,normal,,"2019/01/02 10:56:17 ""9573"" 加碼多單目前倉位：+3 之前倉位：2 交易所_A(小型台指) 倍數：1, 本次下單：0 , 帳戶實際倉位：2 , 總倉位：2 策略_TCA"
1680c6c7c447ca33,Wed Jan 02 2019 10:37:41 GMT+0800 (Taiwan Standard Time),Wed Jan 02 2019 10:37:34 GMT+0800 (Taiwan Standard Time),策略_TCA,交易所_A,9559,reduce_long,-1,3,2,normal,,"2019/01/02 10:37:34 ""9559"" 減碼多單目前倉位：+2 之前倉位：3 交易所_A(小型台指) 倍數：1, 本次下單：0 , 帳戶實際倉位：2 , 總倉位：2 策略_TCA"
1680c0605eff168a,Wed Jan 02 2019 08:45:46 GMT+0800 (Taiwan Standard Time),Wed Jan 02 2019 08:45:44 GMT+0800 (Taiwan Standard Time),,交易所_A,,,0,0,0,normal,,"交易所_AII 下單失敗,帳號 ID_MASKED 2019/01/02 08:45:44 3309後檯:留倉口數不足!不可下平倉單"
167ed363817d4b1b,Thu Dec 27 2018 09:10:11 GMT+0800 (Taiwan Standard Time),Thu Dec 27 2018 09:09:58 GMT+0800 (Taiwan Standard Time),策略_TCA,交易所_A,9589,add_long,1,2,3,normal,,"2018/12/27 09:09:58 ""9589"" 加碼多單目前倉位：+3 之前倉位：2 交易所_A(小型台指) 倍數：1, 本次下單：0 , 帳戶實際倉位：2 , 總倉位：2 策略_TCA"
167e2e3bf72ab83d,Tue Dec 25 2018 09:03:54 GMT+0800 (Taiwan Standard Time),Tue Dec 25 2018 09:03:43 GMT+0800 (Taiwan Standard Time),策略_TCA,交易所_A,9446,reduce_long,-1,3,2,normal,,"2018/12/25 09:03:43 ""9446"" 減碼多單目前倉位：+2 之前倉位：3 交易所_A(小型台指) 倍數：1, 本次下單：-3 , 帳戶實際倉位：2 , 總倉位：2 策略_TCA"
167ce72203b2c6d3,Fri Dec 21 2018 09:47:23 GMT+0800 (Taiwan Standard Time),Fri Dec 21 2018 09:47:18 GMT+0800 (Taiwan Standard Time),,,,,0,0,0,normal,,<警告/提醒> 2018/12/21 09:47:18 模擬_TEST 策略倉位已由0自動同步為文字檔內倉位3 請檢查下單機實際倉位是否需進行同步!
167ce6285cbd1252,Fri Dec 21 2018 09:30:21 GMT+0800 (Taiwan Standard Time),Fri Dec 21 2018 09:30:16 GMT+0800 (Taiwan Standard Time),,,,,0,0,0,normal,,<警告/提醒> 2018/12/21 09:30:16 策略_TCA 策略倉位已由8自動同步為文字檔內倉位3 請檢查下單機實際倉位是否需進行同步!
167ce5cceb77bf90,Fri Dec 21 2018 09:24:06 GMT+0800 (Taiwan Standard Time),Fri Dec 21 2018 09:24:02 GMT+0800 (Taiwan Standard Time),,,,,0,0,0,error,<發生錯誤> 2018/12/21 09:24:02 模擬_TEST 策略價格，超過 30 分鐘未跳動，請儘快處理。,<發生錯誤> 2018/12/21 09:24:02 模擬_TEST 策略價格，超過 30 分鐘未跳動，請儘快處理。
167ce53935ca4782,Fri Dec 21 2018 09:14:01 GMT+0800 (Taiwan Standard Time),Fri Dec 21 2018 09:13:56 GMT+0800 (Taiwan Standard Time),,,,,0,0,0,error,<發生錯誤> 2018/12/21 09:13:56 模擬_TEST 策略價格，超過 20 分鐘未跳動，請儘快處理。,<發生錯誤> 2018/12/21 09:13:56 模擬_TEST 策略價格，超過 20 分鐘未跳動，請儘快處理。
167ce4a50fe7a13f,Fri Dec 21 2018 09:03:55 GMT+0800 (Taiwan Standard Time),Fri Dec 21 2018 09:03:49 GMT+0800 (Taiwan Standard Time),,,,,0,0,0,error,<發生錯誤> 2018/12/21 09:03:49 模擬_TEST 策略價格，超過 10 分鐘未跳動，請儘快處理。,<發生錯誤> 2018/12/21 09:03:49 模擬_TEST 策略價格，超過 10 分鐘未跳動，請儘快處理。
167c9405c5687444,Thu Dec 20 2018 09:34:56 GMT+0800 (Taiwan Standard Time),Thu Dec 20 2018 09:34:51 GMT+0800 (Taiwan Standard Time),,,,,0,0,0,error,"交易所_AII 下單失敗,帳號 ID_MASKED 2018/12/20 09:34:51 3312後檯:有留倉部位!不可下新單","交易所_AII 下單失敗,帳號 ID_MASKED 2018/12/20 09:34:51 3312後檯:有留倉部位!不可下新單"
167c92b52f6d0a6c,Thu Dec 20 2018 09:11:57 GMT+0800 (Taiwan Standard Time),Thu Dec 20 2018 09:11:53 GMT+0800 (Taiwan Standard Time),,,,,0,0,0,error,<發生錯誤> 2018/12/20 09:11:53 模擬_TEST 策略價格，超過 30 分鐘未跳動，請儘快處理。,<發生錯誤> 2018/12/20 09:11:53 模擬_TEST 策略價格，超過 30 分鐘未跳動，請儘快處理。
167c92211dc7972d,Thu Dec 20 2018 09:01:50 GMT+0800 (Taiwan Standard Time),Thu Dec 20 2018 09:01:46 GMT+0800 (Taiwan Standard Time),,,,,0,0,0,error,<發生錯誤> 2018/12/20 09:01:46 模擬_TEST 策略價格，超過 20 分鐘未跳動，請儘快處理。,<發生錯誤> 2018/12/20 09:01:46 模擬_TEST 策略價格，超過 20 分鐘未跳動，請儘快處理。
167c918c85aa2d94,Thu Dec 20 2018 08:51:43 GMT+0800 (Taiwan Standard Time),Thu Dec 20 2018 08:51:39 GMT+0800 (Taiwan Standard Time),,,,,0,0,0,error,<發生錯誤> 2018/12/20 08:51:39 模擬_TEST 策略價格，超過 10 分鐘未跳動，請儘快處理。,<發生錯誤> 2018/12/20 08:51:39 模擬_TEST 策略價格，超過 10 分鐘未跳動，請儘快處理。
167c912c87b7a2e9,Thu Dec 20 2018 08:45:09 GMT+0800 (Taiwan Standard Time),Thu Dec 20 2018 08:45:00 GMT+0800 (Taiwan Standard Time),策略_TCA,交易所_A,9639,,3,0,3,normal,,"2018/12/20 08:45:00 ""9639"" 多單進場目前倉位：+3 之前倉位：0 交易所_A(小型台指) 倍數：1, 本次下單：0 , 帳戶實際倉位：2 , 總倉位：2 策略_TCA"
167c90fb5ecc2a24,Thu Dec 20 2018 08:41:48 GMT+0800 (Taiwan Standard Time),Thu Dec 20 2018 08:41:43 GMT+0800 (Taiwan Standard Time),,,,,0,0,0,normal,,<警告/提醒> 2018/12/20 08:41:43 策略_TCA 策略倉位已由3自動同步為文字檔內倉位0 請檢查下單機實際倉位是否需進行同步!
167c4eb952b9384e,Wed Dec 19 2018 13:23:51 GMT+0800 (Taiwan Standard Time),Wed Dec 19 2018 13:23:47 GMT+0800 (Taiwan Standard Time),,,,,0,0,0,error,交易所_A 開始自動轉倉 2018/12/19 13:23:47 交易所_A-小型台指2口 開始自動轉倉至2019/01。,交易所_A 開始自動轉倉 2018/12/19 13:23:47 交易所_A-小型台指2口 開始自動轉倉至2019/01。
167c4046f189f08f,Wed Dec 19 2018 09:11:23 GMT+0800 (Taiwan Standard Time),Wed Dec 19 2018 09:11:19 GMT+0800 (Taiwan Standard Time),,,,,0,0,0,error,<發生錯誤> 2018/12/19 09:11:19 模擬_TEST 策略價格，超過 30 分鐘未跳動，請儘快處理。,<發生錯誤> 2018/12/19 09:11:19 模擬_TEST 策略價格，超過 30 分鐘未跳動，請儘快處理。
167c3fb307e34a72,Wed Dec 19 2018 09:01:16 GMT+0800 (Taiwan Standard Time),Wed Dec 19 2018 09:01:09 GMT+0800 (Taiwan Standard Time),,,,,0,0,0,error,<發生錯誤> 2018/12/19 09:01:09 模擬_TEST 策略價格，超過 20 分鐘未跳動，請儘快處理。,<發生錯誤> 2018/12/19 09:01:09 模擬_TEST 策略價格，超過 20 分鐘未跳動，請儘快處理。
167c3f1e648a9df5,Wed Dec 19 2018 08:51:07 GMT+0800 (Taiwan Standard Time),Wed Dec 19 2018 08:51:03 GMT+0800 (Taiwan Standard Time),,,,,0,0,0,error,<發生錯誤> 2018/12/19 08:51:03 模擬_TEST 策略價格，超過 10 分鐘未跳動，請儘快處理。,<發生錯誤> 2018/12/19 08:51:03 模擬_TEST 策略價格，超過 10 分鐘未跳動，請儘快處理。
167bedfcd0df0df1,Tue Dec 18 2018 09:13:16 GMT+0800 (Taiwan Standard Time),Tue Dec 18 2018 09:13:13 GMT+0800 (Taiwan Standard Time),,,,,0,0,0,error,<發生錯誤> 2018/12/18 09:13:13 模擬_TEST 策略價格，超過 30 分鐘未跳動，請儘快處理。,<發生錯誤> 2018/12/18 09:13:13 模擬_TEST 策略價格，超過 30 分鐘未跳動，請儘快處理。
167bed68fcb63c31,Tue Dec 18 2018 09:03:10 GMT+0800 (Taiwan Standard Time),Tue Dec 18 2018 09:03:07 GMT+0800 (Taiwan Standard Time),,,,,0,0,0,error,<發生錯誤> 2018/12/18 09:03:07 模擬_TEST 策略價格，超過 20 分鐘未跳動，請儘快處理。,<發生錯誤> 2018/12/18 09:03:07 模擬_TEST 策略價格，超過 20 分鐘未跳動，請儘快處理。
167becd5284d91aa,Tue Dec 18 2018 08:53:04 GMT+0800 (Taiwan Standard Time),Tue Dec 18 2018 08:53:00 GMT+0800 (Taiwan Standard Time),,,,,0,0,0,error,<發生錯誤> 2018/12/18 08:53:00 模擬_TEST 策略價格，超過 10 分鐘未跳動，請儘快處理。,<發生錯誤> 2018/12/18 08:53:00 模擬_TEST 策略價格，超過 10 分鐘未跳動，請儘快處理。
167b9b9282d18700,Mon Dec 17 2018 09:12:57 GMT+0800 (Taiwan Standard Time),Mon Dec 17 2018 09:12:53 GMT+0800 (Taiwan Standard Time),,,,,0,0,0,error,<發生錯誤> 2018/12/17 09:12:53 模擬_TEST 策略價格，超過 30 分鐘未跳動，請儘快處理。,<發生錯誤> 2018/12/17 09:12:53 模擬_TEST 策略價格，超過 30 分鐘未跳動，請儘快處理。
167b9afeb94326ec,Mon Dec 17 2018 09:02:51 GMT+0800 (Taiwan Standard Time),Mon Dec 17 2018 09:02:47 GMT+0800 (Taiwan Standard Time),,,,,0,0,0,error,<發生錯誤> 2018/12/17 09:02:47 模擬_TEST 策略價格，超過 20 分鐘未跳動，請儘快處理。,<發生錯誤> 2018/12/17 09:02:47 模擬_TEST 策略價格，超過 20 分鐘未跳動，請儘快處理。
167b9a6abe7c5288,Mon Dec 17 2018 08:52:45 GMT+0800 (Taiwan Standard Time),Mon Dec 17 2018 08:52:40 GMT+0800 (Taiwan Standard Time),,,,,0,0,0,error,<發生錯誤> 2018/12/17 08:52:40 模擬_TEST 策略價格，超過 10 分鐘未跳動，請儘快處理。,<發生錯誤> 2018/12/17 08:52:40 模擬_TEST 策略價格，超過 10 分鐘未跳動，請儘快處理。
167aab5f1880af5b,Fri Dec 14 2018 11:15:07 GMT+0800 (Taiwan Standard Time),Fri Dec 14 2018 11:14:58 GMT+0800 (Taiwan Standard Time),策略_TCA,交易所_A,9717,add_long,1,2,3,normal,,"2018/12/14 11:14:58 ""9717"" 加碼多單目前倉位：+3 之前倉位：2 交易所_A(小型台指) 倍數：1, 本次下單：-1 , 帳戶實際倉位：2 , 總倉位：2 策略_TCA"
167aa9a7419821d5,Fri Dec 14 2018 10:45:07 GMT+0800 (Taiwan Standard Time),Fri Dec 14 2018 10:44:58 GMT+0800 (Taiwan Standard Time),策略_TCA,交易所_A,9687,reduce_long,-1,3,2,normal,,"2018/12/14 10:44:58 ""9687"" 減碼多單目前倉位：+2 之前倉位：3 交易所_A(小型台指) 倍數：1, 本次下單：-1 , 帳戶實際倉位：2 , 總倉位：2 策略_TCA"
167aa939dfd4952d,Fri Dec 14 2018 10:37:38 GMT+0800 (Taiwan Standard Time),Fri Dec 14 2018 10:37:28 GMT+0800 (Taiwan Standard Time),策略_TCA,交易所_A,9694,add_long,1,2,3,normal,,"2018/12/14 10:37:28 ""9694"" 加碼多單目前倉位：+3 之前倉位：2 交易所_A(小型台指) 倍數：1, 本次下單：-1 , 帳戶實際倉位：2 , 總倉位：2 策略_TCA"
167aa82703dd615e,Fri Dec 14 2018 10:18:53 GMT+0800 (Taiwan Standard Time),Fri Dec 14 2018 10:18:44 GMT+0800 (Taiwan Standard Time),策略_TCA,交易所_A,9683,reduce_long,-1,3,2,normal,,"2018/12/14 10:18:44 ""9683"" 減碼多單目前倉位：+2 之前倉位：3 交易所_A(小型台指) 倍數：1, 本次下單：-1 , 帳戶實際倉位：2 , 總倉位：2 策略_TCA"
167aa6fa003a724f,Fri Dec 14 2018 09:58:20 GMT+0800 (Taiwan Standard Time),Fri Dec 14 2018 09:58:16 GMT+0800 (Taiwan Standard Time),,,,,0,0,0,error,"交易所_AII 下單失敗,帳號 ID_MASKED 2018/12/14 09:58:16 3309後檯:留倉口數不足!不可下平倉單","交易所_AII 下單失敗,帳號 ID_MASKED 2018/12/14 09:58:16 3309後檯:留倉口數不足!不可下平倉單"
167aa6ecf3913a9e,Fri Dec 14 2018 09:57:27 GMT+0800 (Taiwan Standard Time),Fri Dec 14 2018 09:57:22 GMT+0800 (Taiwan Standard Time),,,,,0,0,0,error,"交易所_AII 下單失敗,帳號 ID_MASKED 2018/12/14 09:57:22 3309後檯:留倉口數不足!不可下平倉單","交易所_AII 下單失敗,帳號 ID_MASKED 2018/12/14 09:57:22 3309後檯:留倉口數不足!不可下平倉單"
167aa6e84d36f6c3,Fri Dec 14 2018 09:57:07 GMT+0800 (Taiwan Standard Time),Fri Dec 14 2018 09:56:58 GMT+0800 (Taiwan Standard Time),策略_TCA,交易所_A,9704,add_long,1,2,3,normal,,"2018/12/14 09:56:58 ""9704"" 加碼多單目前倉位：+3 之前倉位：2 交易所_A(小型台指) 倍數：1, 本次下單：-1 , 帳戶實際倉位：2 , 總倉位：2 策略_TCA"
167aa638afe670a3,Fri Dec 14 2018 09:45:07 GMT+0800 (Taiwan Standard Time),Fri Dec 14 2018 09:44:58 GMT+0800 (Taiwan Standard Time),策略_TCA,交易所_A,9686,reduce_long,-1,3,2,normal,,"2018/12/14 09:44:58 ""9686"" 減碼多單目前倉位：+2 之前倉位：3 交易所_A(小型台指) 倍數：1, 本次下單：-1 , 帳戶實際倉位：2 , 總倉位：2 策略_TCA"
167aa456c7e1e51c,Fri Dec 14 2018 09:12:15 GMT+0800 (Taiwan Standard Time),Fri Dec 14 2018 09:12:10 GMT+0800 (Taiwan Standard Time),,,,,0,0,0,error,<發生錯誤> 2018/12/14 09:12:10 模擬_TEST 策略價格，超過 30 分鐘未跳動，請儘快處理。,<發生錯誤> 2018/12/14 09:12:10 模擬_TEST 策略價格，超過 30 分鐘未跳動，請儘快處理。
167aa3c314a244fd,Fri Dec 14 2018 09:02:09 GMT+0800 (Taiwan Standard Time),Fri Dec 14 2018 09:02:05 GMT+0800 (Taiwan Standard Time),,,,,0,0,0,error,<發生錯誤> 2018/12/14 09:02:05 模擬_TEST 策略價格，超過 20 分鐘未跳動，請儘快處理。,<發生錯誤> 2018/12/14 09:02:05 模擬_TEST 策略價格，超過 20 分鐘未跳動，請儘快處理。
167aa32f3dc0fd22,Fri Dec 14 2018 08:52:03 GMT+0800 (Taiwan Standard Time),Fri Dec 14 2018 08:51:58 GMT+0800 (Taiwan Standard Time),,,,,0,0,0,error,<發生錯誤> 2018/12/14 08:51:58 模擬_TEST 策略價格，超過 10 分鐘未跳動，請儘快處理。,<發生錯誤> 2018/12/14 08:51:58 模擬_TEST 策略價格，超過 10 分鐘未跳動，請儘快處理。
167a53b2920ab2dc,Thu Dec 13 2018 09:42:56 GMT+0800 (Taiwan Standard Time),Thu Dec 13 2018 09:42:52 GMT+0800 (Taiwan Standard Time),,,,,0,0,0,error,<發生錯誤> 2018/12/13 09:42:52 模擬_TEST 策略價格，超過 30 分鐘未跳動，請儘快處理。,<發生錯誤> 2018/12/13 09:42:52 模擬_TEST 策略價格，超過 30 分鐘未跳動，請儘快處理。
167a531eb00be167,Thu Dec 13 2018 09:32:50 GMT+0800 (Taiwan Standard Time),Thu Dec 13 2018 09:32:46 GMT+0800 (Taiwan Standard Time),,,,,0,0,0,error,<發生錯誤> 2018/12/13 09:32:46 模擬_TEST 策略價格，超過 20 分鐘未跳動，請儘快處理。,<發生錯誤> 2018/12/13 09:32:46 模擬_TEST 策略價格，超過 20 分鐘未跳動，請儘快處理。
167a528ad261a664,Thu Dec 13 2018 09:22:44 GMT+0800 (Taiwan Standard Time),Thu Dec 13 2018 09:22:38 GMT+0800 (Taiwan Standard Time),,,,,0,0,0,error,<發生錯誤> 2018/12/13 09:22:38 模擬_TEST 策略價格，超過 10 分鐘未跳動，請儘快處理。,<發生錯誤> 2018/12/13 09:22:38 模擬_TEST 策略價格，超過 10 分鐘未跳動，請儘快處理。
1679feaef6dc733b,Wed Dec 12 2018 08:57:12 GMT+0800 (Taiwan Standard Time),Wed Dec 12 2018 08:57:02 GMT+0800 (Taiwan Standard Time),策略_TCA,交易所_A,9777,add_long,1,2,3,normal,,"2018/12/12 08:57:02 ""9777"" 加碼多單目前倉位：+3 之前倉位：2 交易所_A(小型台指) 倍數：1, 本次下單：1 , 帳戶實際倉位：3 , 總倉位：3 策略_TCA"
1679fe7c09ed494d,Wed Dec 12 2018 08:53:43 GMT+0800 (Taiwan Standard Time),Wed Dec 12 2018 08:53:38 GMT+0800 (Taiwan Standard Time),,,,,0,0,0,error,<發生錯誤> 2018/12/12 08:53:38 模擬_TEST 策略價格，超過 10 分鐘未跳動，請儘快處理。,<發生錯誤> 2018/12/12 08:53:38 模擬_TEST 策略價格，超過 10 分鐘未跳動，請儘快處理。
1679b42ddd6655ee,Tue Dec 11 2018 11:15:08 GMT+0800 (Taiwan Standard Time),Tue Dec 11 2018 11:14:58 GMT+0800 (Taiwan Standard Time),策略_TCA,交易所_A,9686,add_long,1,1,2,normal,,"2018/12/11 11:14:58 ""9686"" 加碼多單目前倉位：+2 之前倉位：1 交易所_A(小型台指) 倍數：1, 本次下單：1 , 帳戶實際倉位：2 , 總倉位：2 策略_TCA"
1679ad28c3016a6c,Tue Dec 11 2018 09:12:28 GMT+0800 (Taiwan Standard Time),Tue Dec 11 2018 09:12:23 GMT+0800 (Taiwan Standard Time),,,,,0,0,0,error,<發生錯誤> 2018/12/11 09:12:23 模擬_TEST 策略價格，超過 30 分鐘未跳動，請儘快處理。,<發生錯誤> 2018/12/11 09:12:23 模擬_TEST 策略價格，超過 30 分鐘未跳動，請儘快處理。
1679ac94f65298fc,Tue Dec 11 2018 09:02:22 GMT+0800 (Taiwan Standard Time),Tue Dec 11 2018 09:02:17 GMT+0800 (Taiwan Standard Time),,,,,0,0,0,error,<發生錯誤> 2018/12/11 09:02:17 模擬_TEST 策略價格，超過 20 分鐘未跳動，請儘快處理。,<發生錯誤> 2018/12/11 09:02:17 模擬_TEST 策略價格，超過 20 分鐘未跳動，請儘快處理。
1679ac00e277a63f,Tue Dec 11 2018 08:52:16 GMT+0800 (Taiwan Standard Time),Tue Dec 11 2018 08:52:08 GMT+0800 (Taiwan Standard Time),,,,,0,0,0,error,<發生錯誤> 2018/12/11 08:52:08 模擬_TEST 策略價格，超過 10 分鐘未跳動，請儘快處理。,<發生錯誤> 2018/12/11 08:52:08 模擬_TEST 策略價格，超過 10 分鐘未跳動，請儘快處理。
1679abd306a8e8ee,Tue Dec 11 2018 08:49:08 GMT+0800 (Taiwan Standard Time),Tue Dec 11 2018 08:48:57 GMT+0800 (Taiwan Standard Time),策略_TCA,交易所_A,9641,reduce_long,-1,2,1,normal,,"2018/12/11 08:48:57 ""9641"" 減碼多單目前倉位：+1 之前倉位：2 交易所_A(小型台指) 倍數：1, 本次下單：-1 , 帳戶實際倉位：1 , 總倉位：1 策略_TCA"
16795a9aa2c0d6fc,Mon Dec 10 2018 09:09:42 GMT+0800 (Taiwan Standard Time),Mon Dec 10 2018 09:09:46 GMT+0800 (Taiwan Standard Time),,,,,0,0,0,error,<發生錯誤> 2018/12/10 09:09:46 模擬_TEST 策略價格，超過 30 分鐘未跳動，請儘快處理。,<發生錯誤> 2018/12/10 09:09:46 模擬_TEST 策略價格，超過 30 分鐘未跳動，請儘快處理。
16795a4566a6e747,Mon Dec 10 2018 09:03:53 GMT+0800 (Taiwan Standard Time),Mon Dec 10 2018 09:03:51 GMT+0800 (Taiwan Standard Time),策略_TCA,交易所_A,9630,reduce_long,-1,3,2,normal,,"2018/12/10 09:03:51 ""9630"" 減碼多單目前倉位：+2 之前倉位：3 交易所_A(小型台指) 倍數：1, 本次下單：-1 , 帳戶實際倉位：2 , 總倉位：2 策略_TCA"
16795a06cfbdf92e,Mon Dec 10 2018 08:59:37 GMT+0800 (Taiwan Standard Time),Mon Dec 10 2018 08:59:41 GMT+0800 (Taiwan Standard Time),,,,,0,0,0,error,<發生錯誤> 2018/12/10 08:59:41 模擬_TEST 策略價格，超過 20 分鐘未跳動，請儘快處理。,<發生錯誤> 2018/12/10 08:59:41 模擬_TEST 策略價格，超過 20 分鐘未跳動，請儘快處理。
16795972d07d576c,Mon Dec 10 2018 08:49:31 GMT+0800 (Taiwan Standard Time),Mon Dec 10 2018 08:49:35 GMT+0800 (Taiwan Standard Time),,,,,0,0,0,error,<發生錯誤> 2018/12/10 08:49:35 模擬_TEST 策略價格，超過 10 分鐘未跳動，請儘快處理。,<發生錯誤> 2018/12/10 08:49:35 模擬_TEST 策略價格，超過 10 分鐘未跳動，請儘快處理。
1679596d9f032bd4,Mon Dec 10 2018 08:49:08 GMT+0800 (Taiwan Standard Time),Mon Dec 10 2018 08:49:06 GMT+0800 (Taiwan Standard Time),策略_TCA,交易所_A,9592,,3,0,3,normal,,"2018/12/10 08:49:06 ""9592"" 多單進場目前倉位：+3 之前倉位：0 交易所_A(小型台指) 倍數：1, 本次下單：3 , 帳戶實際倉位：3 , 總倉位：3 策略_TCA"
167863b355609276,Fri Dec 07 2018 09:14:45 GMT+0800 (Taiwan Standard Time),Fri Dec 07 2018 09:14:41 GMT+0800 (Taiwan Standard Time),,,,,0,0,0,error,<發生錯誤> 2018/12/07 09:14:41 模擬_TEST 策略價格，超過 30 分鐘未跳動，請儘快處理。,<發生錯誤> 2018/12/07 09:14:41 模擬_TEST 策略價格，超過 30 分鐘未跳動，請儘快處理。
1678631f72b87258,Fri Dec 07 2018 09:04:39 GMT+0800 (Taiwan Standard Time),Fri Dec 07 2018 09:04:35 GMT+0800 (Taiwan Standard Time),,,,,0,0,0,error,<發生錯誤> 2018/12/07 09:04:35 模擬_TEST 策略價格，超過 20 分鐘未跳動，請儘快處理。,<發生錯誤> 2018/12/07 09:04:35 模擬_TEST 策略價格，超過 20 分鐘未跳動，請儘快處理。
1678628b96323787,Fri Dec 07 2018 08:54:33 GMT+0800 (Taiwan Standard Time),Fri Dec 07 2018 08:54:29 GMT+0800 (Taiwan Standard Time),,,,,0,0,0,error,<發生錯誤> 2018/12/07 08:54:29 模擬_TEST 策略價格，超過 10 分鐘未跳動，請儘快處理。,<發生錯誤> 2018/12/07 08:54:29 模擬_TEST 策略價格，超過 10 分鐘未跳動，請儘快處理。
1678623c8a6bdc84,Fri Dec 07 2018 08:49:09 GMT+0800 (Taiwan Standard Time),Fri Dec 07 2018 08:49:00 GMT+0800 (Taiwan Standard Time),策略_TCA,交易所_A,9725,close_long,-2,2,0,normal,,"2018/12/07 08:49:00 ""9725"" 多單平倉目前倉位：0 之前倉位：2 交易所_A(小型台指) 倍數：1, 本次下單：-2 , 帳戶實際倉位：0 , 總倉位：0 策略_TCA"
1678151a78149325,Thu Dec 06 2018 10:21:09 GMT+0800 (Taiwan Standard Time),Thu Dec 06 2018 10:20:59 GMT+0800 (Taiwan Standard Time),策略_TCA,交易所_A,9687,reduce_long,-1,3,2,normal,,"2018/12/06 10:20:59 ""9687"" 減碼多單目前倉位：+2 之前倉位：3 交易所_A(小型台指) 倍數：1, 本次下單：-1 , 帳戶實際倉位：2 , 總倉位：2 策略_TCA"
1678110fa96f0171,Thu Dec 06 2018 09:10:31 GMT+0800 (Taiwan Standard Time),Thu Dec 06 2018 09:10:27 GMT+0800 (Taiwan Standard Time),,,,,0,0,0,error,<發生錯誤> 2018/12/06 09:10:27 模擬_TEST 策略價格，超過 30 分鐘未跳動，請儘快處理。,<發生錯誤> 2018/12/06 09:10:27 模擬_TEST 策略價格，超過 30 分鐘未跳動，請儘快處理。
1678107bb65f0fef,Thu Dec 06 2018 09:00:25 GMT+0800 (Taiwan Standard Time),Thu Dec 06 2018 09:00:21 GMT+0800 (Taiwan Standard Time),,,,,0,0,0,error,<發生錯誤> 2018/12/06 09:00:21 模擬_TEST 策略價格，超過 20 分鐘未跳動，請儘快處理。,<發生錯誤> 2018/12/06 09:00:21 模擬_TEST 策略價格，超過 20 分鐘未跳動，請儘快處理。
16780febdd11f1e3,Thu Dec 06 2018 08:50:36 GMT+0800 (Taiwan Standard Time),Thu Dec 06 2018 08:50:31 GMT+0800 (Taiwan Standard Time),,,,,0,0,0,error,<發生錯誤> 2018/12/06 08:50:31 交易所_AII API 斷線一分鐘以上，無法登入下單，請儘快處理。,<發生錯誤> 2018/12/06 08:50:31 交易所_AII API 斷線一分鐘以上，無法登入下單，請儘快處理。
1677bf09c6dfadb5,Wed Dec 05 2018 09:17:04 GMT+0800 (Taiwan Standard Time),Wed Dec 05 2018 09:16:57 GMT+0800 (Taiwan Standard Time),,,,,0,0,0,error,<發生錯誤> 2018/12/05 09:16:57 模擬_TEST 策略價格，超過 30 分鐘未跳動，請儘快處理。,<發生錯誤> 2018/12/05 09:16:57 模擬_TEST 策略價格，超過 30 分鐘未跳動，請儘快處理。
1677be754f18d977,Wed Dec 05 2018 09:06:56 GMT+0800 (Taiwan Standard Time),Wed Dec 05 2018 09:06:52 GMT+0800 (Taiwan Standard Time),,,,,0,0,0,error,<發生錯誤> 2018/12/05 09:06:52 模擬_TEST 策略價格，超過 20 分鐘未跳動，請儘快處理。,<發生錯誤> 2018/12/05 09:06:52 模擬_TEST 策略價格，超過 20 分鐘未跳動，請儘快處理。
1677be494454189b,Wed Dec 05 2018 09:03:55 GMT+0800 (Taiwan Standard Time),Wed Dec 05 2018 09:03:43 GMT+0800 (Taiwan Standard Time),策略_TCA,交易所_A,9901,reduce_long,-1,4,3,normal,,"2018/12/05 09:03:43 ""9901"" 減碼多單目前倉位：+3 之前倉位：4 交易所_A(小型台指) 倍數：1, 本次下單：-1 , 帳戶實際倉位：3 , 總倉位：3 策略_TCA"
1677bdf90d4dbbf2,Wed Dec 05 2018 08:58:27 GMT+0800 (Taiwan Standard Time),Wed Dec 05 2018 08:58:23 GMT+0800 (Taiwan Standard Time),,,,,0,0,0,error,"交易所_AII 下單失敗,帳號 ID_MASKED 2018/12/05 08:58:23 3309後檯:留倉口數不足!不可下平倉單","交易所_AII 下單失敗,帳號 ID_MASKED 2018/12/05 08:58:23 3309後檯:留倉口數不足!不可下平倉單"
1677bdf059ace0f1,Wed Dec 05 2018 08:57:51 GMT+0800 (Taiwan Standard Time),Wed Dec 05 2018 08:57:47 GMT+0800 (Taiwan Standard Time),,,,,0,0,0,error,"交易所_AII 下單失敗,帳號 ID_MASKED 2018/12/05 08:57:47 3309後檯:留倉口數不足!不可下平倉單","交易所_AII 下單失敗,帳號 ID_MASKED 2018/12/05 08:57:47 3309後檯:留倉口數不足!不可下平倉單"
1677bde16a4bbffe,Wed Dec 05 2018 08:56:50 GMT+0800 (Taiwan Standard Time),Wed Dec 05 2018 08:56:46 GMT+0800 (Taiwan Standard Time),,,,,0,0,0,error,<發生錯誤> 2018/12/05 08:56:46 模擬_TEST 策略價格，超過 10 分鐘未跳動，請儘快處理。,<發生錯誤> 2018/12/05 08:56:46 模擬_TEST 策略價格，超過 10 分鐘未跳動，請儘快處理。
1677bdda1eaebad5,Wed Dec 05 2018 08:56:20 GMT+0800 (Taiwan Standard Time),Wed Dec 05 2018 08:56:15 GMT+0800 (Taiwan Standard Time),,,,,0,0,0,error,"交易所_AII 下單失敗,帳號 ID_MASKED 2018/12/05 08:56:15 3309後檯:留倉口數不足!不可下平倉單","交易所_AII 下單失敗,帳號 ID_MASKED 2018/12/05 08:56:15 3309後檯:留倉口數不足!不可下平倉單"
16776de6cb0de686,Tue Dec 04 2018 09:39:06 GMT+0800 (Taiwan Standard Time),Tue Dec 04 2018 09:39:04 GMT+0800 (Taiwan Standard Time),,,,,0,0,0,error,<發生錯誤> 2018/12/04 09:39:04 模擬_TEST 策略價格，超過 30 分鐘未跳動，請儘快處理。,<發生錯誤> 2018/12/04 09:39:04 模擬_TEST 策略價格，超過 30 分鐘未跳動，請儘快處理。
16776d52fae07d13,Tue Dec 04 2018 09:29:00 GMT+0800 (Taiwan Standard Time),Tue Dec 04 2018 09:28:58 GMT+0800 (Taiwan Standard Time),,,,,0,0,0,error,<發生錯誤> 2018/12/04 09:28:58 模擬_TEST 策略價格，超過 20 分鐘未跳動，請儘快處理。,<發生錯誤> 2018/12/04 09:28:58 模擬_TEST 策略價格，超過 20 分鐘未跳動，請儘快處理。
16776cbeeb219253,Tue Dec 04 2018 09:18:54 GMT+0800 (Taiwan Standard Time),Tue Dec 04 2018 09:18:52 GMT+0800 (Taiwan Standard Time),,,,,0,0,0,error,<發生錯誤> 2018/12/04 09:18:52 模擬_TEST 策略價格，超過 10 分鐘未跳動，請儘快處理。,<發生錯誤> 2018/12/04 09:18:52 模擬_TEST 策略價格，超過 10 分鐘未跳動，請儘快處理。
16776bc30b4a29d7,Tue Dec 04 2018 09:01:43 GMT+0800 (Taiwan Standard Time),Tue Dec 04 2018 09:01:40 GMT+0800 (Taiwan Standard Time),,,,,0,0,0,error,<發生錯誤> 2018/12/04 09:01:40 模擬_TEST 策略價格，超過 20 分鐘未跳動，請儘快處理。,<發生錯誤> 2018/12/04 09:01:40 模擬_TEST 策略價格，超過 20 分鐘未跳動，請儘快處理。
16776b2f088200f1,Tue Dec 04 2018 08:51:37 GMT+0800 (Taiwan Standard Time),Tue Dec 04 2018 08:51:34 GMT+0800 (Taiwan Standard Time),,,,,0,0,0,error,<發生錯誤> 2018/12/04 08:51:34 模擬_TEST 策略價格，超過 10 分鐘未跳動，請儘快處理。,<發生錯誤> 2018/12/04 08:51:34 模擬_TEST 策略價格，超過 10 分鐘未跳動，請儘快處理。
16776b0ad5c3d158,Tue Dec 04 2018 08:49:08 GMT+0800 (Taiwan Standard Time),Tue Dec 04 2018 08:49:00 GMT+0800 (Taiwan Standard Time),策略_TCA,交易所_A,10066,,4,0,4,normal,,"2018/12/04 08:49:00 ""10066"" 多單進場目前倉位：+4 之前倉位：0 交易所_A(小型台指) 倍數：1, 本次下單：3 , 帳戶實際倉位：4 , 總倉位：4 策略_TCA"
16771ddbb53c7e76,Mon Dec 03 2018 10:20:14 GMT+0800 (Taiwan Standard Time),Mon Dec 03 2018 10:20:12 GMT+0800 (Taiwan Standard Time),,,,,0,0,0,error,<發生錯誤> 2018/12/03 10:20:12 模擬_TEST 策略價格，超過 30 分鐘未跳動，請儘快處理。,<發生錯誤> 2018/12/03 10:20:12 模擬_TEST 策略價格，超過 30 分鐘未跳動，請儘快處理。
16771d47a08a3c7c,Mon Dec 03 2018 10:10:08 GMT+0800 (Taiwan Standard Time),Mon Dec 03 2018 10:10:06 GMT+0800 (Taiwan Standard Time),,,,,0,0,0,error,<發生錯誤> 2018/12/03 10:10:06 模擬_TEST 策略價格，超過 20 分鐘未跳動，請儘快處理。,<發生錯誤> 2018/12/03 10:10:06 模擬_TEST 策略價格，超過 20 分鐘未跳動，請儘快處理。
16771cb3cc09f27f,Mon Dec 03 2018 10:00:03 GMT+0800 (Taiwan Standard Time),Mon Dec 03 2018 10:00:00 GMT+0800 (Taiwan Standard Time),,,,,0,0,0,error,<發生錯誤> 2018/12/03 10:00:00 模擬_TEST 策略價格，超過 10 分鐘未跳動，請儘快處理。,<發生錯誤> 2018/12/03 10:00:00 模擬_TEST 策略價格，超過 10 分鐘未跳動，請儘快處理。
16771ad9aa6adf92,Mon Dec 03 2018 09:27:40 GMT+0800 (Taiwan Standard Time),Mon Dec 03 2018 09:27:37 GMT+0800 (Taiwan Standard Time),,,,,0,0,0,normal,,<警告/提醒> 2018/12/03 09:27:37 策略_TCA 策略倉位已由1自動同步為文字檔內倉位0 請檢查下單機實際倉位是否需進行同步!
1676314de8dc70ac,Fri Nov 30 2018 13:26:10 GMT+0800 (Taiwan Standard Time),Fri Nov 30 2018 13:26:02 GMT+0800 (Taiwan Standard Time),策略_TCA,交易所_A,9868,,1,0,1,normal,,"2018/11/30 13:26:02 ""9868"" 多單進場目前倉位：+1 之前倉位：0 交易所_A(小型台指) 倍數：1, 本次下單：1 , 帳戶實際倉位：1 , 總倉位：1 策略_TCA"
167627302a3d3292,Fri Nov 30 2018 10:29:22 GMT+0800 (Taiwan Standard Time),Fri Nov 30 2018 10:29:15 GMT+0800 (Taiwan Standard Time),策略_TCA,交易所_A,9872,close_long,-1,1,0,normal,,"2018/11/30 10:29:15 ""9872"" 多單平倉目前倉位：0 之前倉位：1 交易所_A(小型台指) 倍數：1, 本次下單：-1 , 帳戶實際倉位：0 , 總倉位：0 策略_TCA"
167625eb3434e515,Fri Nov 30 2018 10:07:11 GMT+0800 (Taiwan Standard Time),Fri Nov 30 2018 10:07:04 GMT+0800 (Taiwan Standard Time),策略_TCA,交易所_A,9897,,1,0,1,normal,,"2018/11/30 10:07:04 ""9897"" 多單進場目前倉位：+1 之前倉位：0 交易所_A(小型台指) 倍數：1, 本次下單：1 , 帳戶實際倉位：1 , 總倉位：1 策略_TCA"
16762504f2fcb49e,Fri Nov 30 2018 09:51:27 GMT+0800 (Taiwan Standard Time),Fri Nov 30 2018 09:51:20 GMT+0800 (Taiwan Standard Time),策略_TCA,交易所_A,9919,close_long,-1,1,0,normal,,"2018/11/30 09:51:20 ""9919"" 多單平倉目前倉位：0 之前倉位：1 交易所_A(小型台指) 倍數：1, 本次下單：-1 , 帳戶實際倉位：0 , 總倉位：0 策略_TCA"
16762239b9aa1e88,Fri Nov 30 2018 09:02:38 GMT+0800 (Taiwan Standard Time),Fri Nov 30 2018 09:02:35 GMT+0800 (Taiwan Standard Time),,,,,0,0,0,normal,,<警告/提醒> 2018/11/30 09:02:35 策略_TCA 策略倉位已由0自動同步為文字檔內倉位1 請檢查下單機實際倉位是否需進行同步!
16762076de422717,Fri Nov 30 2018 08:31:51 GMT+0800 (Taiwan Standard Time),Fri Nov 30 2018 08:31:49 GMT+0800 (Taiwan Standard Time),,,,,0,0,0,normal,,<警告/提醒> 2018/11/30 08:31:49 策略_TCA 策略倉位已由1自動同步為文字檔內倉位0 請檢查下單機實際倉位是否需進行同步!
1675dedcdd364d0e,Thu Nov 29 2018 13:25:22 GMT+0800 (Taiwan Standard Time),Thu Nov 29 2018 13:25:15 GMT+0800 (Taiwan Standard Time),策略_TCA,交易所_A,9889,reduce_long,-1,2,1,normal,,"2018/11/29 13:25:15 ""9889"" 減碼多單目前倉位：+1 之前倉位：2 交易所_A(小型台指) 倍數：1, 本次下單：-2 , 帳戶實際倉位：1 , 總倉位：1 策略_TCA"
1675d1019e2f968c,Thu Nov 29 2018 09:23:14 GMT+0800 (Taiwan Standard Time),Thu Nov 29 2018 09:23:12 GMT+0800 (Taiwan Standard Time),,,,,0,0,0,error,<發生錯誤> 2018/11/29 09:23:12 模擬_TEST 策略價格，超過 30 分鐘未跳動，請儘快處理。,<發生錯誤> 2018/11/29 09:23:12 模擬_TEST 策略價格，超過 30 分鐘未跳動，請儘快處理。
1675d06dbec21cc6,Thu Nov 29 2018 09:13:08 GMT+0800 (Taiwan Standard Time),Thu Nov 29 2018 09:13:06 GMT+0800 (Taiwan Standard Time),,,,,0,0,0,error,<發生錯誤> 2018/11/29 09:13:06 模擬_TEST 策略價格，超過 20 分鐘未跳動，請儘快處理。,<發生錯誤> 2018/11/29 09:13:06 模擬_TEST 策略價格，超過 20 分鐘未跳動，請儘快處理。
1675cfd9de0a4077,Thu Nov 29 2018 09:03:02 GMT+0800 (Taiwan Standard Time),Thu Nov 29 2018 09:03:00 GMT+0800 (Taiwan Standard Time),,,,,0,0,0,error,<發生錯誤> 2018/11/29 09:03:00 模擬_TEST 策略價格，超過 10 分鐘未跳動，請儘快處理。,<發生錯誤> 2018/11/29 09:03:00 模擬_TEST 策略價格，超過 10 分鐘未跳動，請儘快處理。
1675cf2ea1227a84,Thu Nov 29 2018 08:51:21 GMT+0800 (Taiwan Standard Time),Thu Nov 29 2018 08:51:18 GMT+0800 (Taiwan Standard Time),,,,,0,0,0,normal,,<警告/提醒> 2018/11/29 08:51:18 策略_TCA 策略倉位已由3自動同步為文字檔內倉位2 請檢查下單機實際倉位是否需進行同步!
167533a72e63d6b9,Tue Nov 27 2018 11:33:16 GMT+0800 (Taiwan Standard Time),Tue Nov 27 2018 11:33:01 GMT+0800 (Taiwan Standard Time),策略_TCA,交易所_A,9718,add_long,1,2,3,normal,,"2018/11/27 11:33:01 ""9718"" 加碼多單目前倉位：+3 之前倉位：2 交易所_A(小型台指) 倍數：1, 本次下單：1 , 帳戶實際倉位：3 , 總倉位：3 策略_TCA"
1675318a4c807f67,Tue Nov 27 2018 10:56:22 GMT+0800 (Taiwan Standard Time),Tue Nov 27 2018 10:56:15 GMT+0800 (Taiwan Standard Time),策略_TCA,交易所_A,9683,reduce_long,-1,3,2,normal,,"2018/11/27 10:56:15 ""9683"" 減碼多單目前倉位：+2 之前倉位：3 交易所_A(小型台指) 倍數：1, 本次下單：-1 , 帳戶實際倉位：2 , 總倉位：2 策略_TCA"
1675312f526fb849,Tue Nov 27 2018 10:50:09 GMT+0800 (Taiwan Standard Time),Tue Nov 27 2018 10:50:02 GMT+0800 (Taiwan Standard Time),策略_TCA,交易所_A,9691,add_long,1,2,3,normal,,"2018/11/27 10:50:02 ""9691"" 加碼多單目前倉位：+3 之前倉位：2 交易所_A(小型台指) 倍數：1, 本次下單：1 , 帳戶實際倉位：3 , 總倉位：3 策略_TCA"
167530e6528b6a70,Tue Nov 27 2018 10:45:10 GMT+0800 (Taiwan Standard Time),Tue Nov 27 2018 10:45:02 GMT+0800 (Taiwan Standard Time),策略_TCA,交易所_A,9692,reduce_long,-1,3,2,normal,,"2018/11/27 10:45:02 ""9692"" 減碼多單目前倉位：+2 之前倉位：3 交易所_A(小型台指) 倍數：1, 本次下單：-1 , 帳戶實際倉位：2 , 總倉位：2 策略_TCA"
167530788d2bd075,Tue Nov 27 2018 10:37:40 GMT+0800 (Taiwan Standard Time),Tue Nov 27 2018 10:37:33 GMT+0800 (Taiwan Standard Time),策略_TCA,交易所_A,9695,add_long,1,2,3,normal,,"2018/11/27 10:37:33 ""9695"" 加碼多單目前倉位：+3 之前倉位：2 交易所_A(小型台指) 倍數：1, 本次下單：0 , 帳戶實際倉位：3 , 總倉位：3 策略_TCA"
16752f4b3a4a855a,Tue Nov 27 2018 10:17:06 GMT+0800 (Taiwan Standard Time),Tue Nov 27 2018 10:17:04 GMT+0800 (Taiwan Standard Time),,,,,0,0,0,error,<發生錯誤> 2018/11/27 10:17:04 模擬_TEST 策略價格，超過 30 分鐘未跳動，請儘快處理。,<發生錯誤> 2018/11/27 10:17:04 模擬_TEST 策略價格，超過 30 分鐘未跳動，請儘快處理。
16752eb751708594,Tue Nov 27 2018 10:07:00 GMT+0800 (Taiwan Standard Time),Tue Nov 27 2018 10:06:58 GMT+0800 (Taiwan Standard Time),,,,,0,0,0,error,<發生錯誤> 2018/11/27 10:06:58 模擬_TEST 策略價格，超過 20 分鐘未跳動，請儘快處理。,<發生錯誤> 2018/11/27 10:06:58 模擬_TEST 策略價格，超過 20 分鐘未跳動，請儘快處理。
16752e235175418c,Tue Nov 27 2018 09:56:54 GMT+0800 (Taiwan Standard Time),Tue Nov 27 2018 09:56:52 GMT+0800 (Taiwan Standard Time),,,,,0,0,0,error,<發生錯誤> 2018/11/27 09:56:52 模擬_TEST 策略價格，超過 10 分鐘未跳動，請儘快處理。,<發生錯誤> 2018/11/27 09:56:52 模擬_TEST 策略價格，超過 10 分鐘未跳動，請儘快處理。
16752d82ed7cda78,Tue Nov 27 2018 09:45:58 GMT+0800 (Taiwan Standard Time),Tue Nov 27 2018 09:45:55 GMT+0800 (Taiwan Standard Time),,,,,0,0,0,normal,,<警告/提醒> 2018/11/27 09:45:55 策略_TCA 策略倉位已由3自動同步為文字檔內倉位2 請檢查下單機實際倉位是否需進行同步!
16752d585c665224,Tue Nov 27 2018 09:43:02 GMT+0800 (Taiwan Standard Time),Tue Nov 27 2018 09:42:58 GMT+0800 (Taiwan Standard Time),,,,,0,0,0,normal,,<警告/提醒> 2018/11/27 09:42:58 策略_TCA 策略倉位已由3自動同步為文字檔內倉位2 請檢查下單機實際倉位是否需進行同步!
16752b1900126c9c,Tue Nov 27 2018 09:03:46 GMT+0800 (Taiwan Standard Time),Tue Nov 27 2018 09:03:40 GMT+0800 (Taiwan Standard Time),,,,,0,0,0,error,<發生錯誤> 2018/11/27 09:03:40 模擬_TEST 策略價格，超過 10 分鐘未跳動，請儘快處理。,<發生錯誤> 2018/11/27 09:03:40 模擬_TEST 策略價格，超過 10 分鐘未跳動，請儘快處理。
16752a95f01da82f,Tue Nov 27 2018 08:54:49 GMT+0800 (Taiwan Standard Time),Tue Nov 27 2018 08:54:46 GMT+0800 (Taiwan Standard Time),,,,,0,0,0,error,<發生錯誤> 2018/11/27 08:54:46 策略_TCA 策略價格，超過 10 分鐘未跳動，請儘快處理。,<發生錯誤> 2018/11/27 08:54:46 策略_TCA 策略價格，超過 10 分鐘未跳動，請儘快處理。
1674d9093e8e8a03,Mon Nov 26 2018 09:09:38 GMT+0800 (Taiwan Standard Time),Mon Nov 26 2018 09:09:36 GMT+0800 (Taiwan Standard Time),,,,,0,0,0,error,<發生錯誤> 2018/11/26 09:09:36 模擬_TEST 策略價格，超過 30 分鐘未跳動，請儘快處理。,<發生錯誤> 2018/11/26 09:09:36 模擬_TEST 策略價格，超過 30 分鐘未跳動，請儘快處理。
1674d90182d91961,Mon Nov 26 2018 09:09:07 GMT+0800 (Taiwan Standard Time),Mon Nov 26 2018 09:09:00 GMT+0800 (Taiwan Standard Time),策略_TCA,交易所_A,9814,add_long,1,2,3,normal,,"2018/11/26 09:09:00 ""9814"" 加碼多單目前倉位：+3 之前倉位：2 交易所_A(小型台指) 倍數：1, 本次下單：1 , 帳戶實際倉位：3 , 總倉位：3 策略_TCA"
1674d87544be582a,Mon Nov 26 2018 08:59:32 GMT+0800 (Taiwan Standard Time),Mon Nov 26 2018 08:59:30 GMT+0800 (Taiwan Standard Time),,,,,0,0,0,error,<發生錯誤> 2018/11/26 08:59:30 模擬_TEST 策略價格，超過 20 分鐘未跳動，請儘快處理。,<發生錯誤> 2018/11/26 08:59:30 模擬_TEST 策略價格，超過 20 分鐘未跳動，請儘快處理。
1674d7e15b853ea1,Mon Nov 26 2018 08:49:26 GMT+0800 (Taiwan Standard Time),Mon Nov 26 2018 08:49:23 GMT+0800 (Taiwan Standard Time),,,,,0,0,0,error,<發生錯誤> 2018/11/26 08:49:23 模擬_TEST 策略價格，超過 10 分鐘未跳動，請儘快處理。,<發生錯誤> 2018/11/26 08:49:23 模擬_TEST 策略價格，超過 10 分鐘未跳動，請儘快處理。
1673e3aa7adf2dc3,Fri Nov 23 2018 09:41:29 GMT+0800 (Taiwan Standard Time),Fri Nov 23 2018 09:41:15 GMT+0800 (Taiwan Standard Time),策略_TCA,交易所_A,9678,reduce_long,-1,3,2,normal,,"2018/11/23 09:41:15 ""9678"" 減碼多單目前倉位：+2 之前倉位：3 交易所_A(小型台指) 倍數：1, 本次下單：-2 , 帳戶實際倉位：2 , 總倉位：2 策略_TCA"
1673e14dd7052f94,Fri Nov 23 2018 09:00:12 GMT+0800 (Taiwan Standard Time),Fri Nov 23 2018 09:00:09 GMT+0800 (Taiwan Standard Time),,,,,0,0,0,error,<發生錯誤> 2018/11/23 09:00:09 策略_TCA 策略價格，超過 10 分鐘未跳動，請儘快處理。,<發生錯誤> 2018/11/23 09:00:09 策略_TCA 策略價格，超過 10 分鐘未跳動，請儘快處理。
167395e24b5e6247,Thu Nov 22 2018 11:02:08 GMT+0800 (Taiwan Standard Time),Thu Nov 22 2018 11:02:06 GMT+0800 (Taiwan Standard Time),,,,,0,0,0,error,"交易所_AII 下單失敗,帳號 ID_MASKED 2018/11/22 11:02:06 3309後檯:留倉口數不足!不可下平倉單","交易所_AII 下單失敗,帳號 ID_MASKED 2018/11/22 11:02:06 3309後檯:留倉口數不足!不可下平倉單"
1673936e0652c25a,Thu Nov 22 2018 10:19:15 GMT+0800 (Taiwan Standard Time),Thu Nov 22 2018 10:19:13 GMT+0800 (Taiwan Standard Time),,,,,0,0,0,normal,,<警告/提醒> 2018/11/22 10:19:13 策略_TCA 策略倉位已由8自動同步為文字檔內倉位3 請檢查下單機實際倉位是否需進行同步!
167392cac7ef962f,Thu Nov 22 2018 10:08:07 GMT+0800 (Taiwan Standard Time),Thu Nov 22 2018 10:07:59 GMT+0800 (Taiwan Standard Time),策略_TCA,交易所_A,9736,add_long,4,4,8,normal,,"2018/11/22 10:07:59 ""9736"" 加碼多單目前倉位：+8 之前倉位：4 交易所_A(小型台指) 倍數：1, 本次下單：4 , 帳戶實際倉位：8 , 總倉位：8 策略_TCA"
16738e12d3141ab6,Thu Nov 22 2018 08:45:38 GMT+0800 (Taiwan Standard Time),Thu Nov 22 2018 08:45:34 GMT+0800 (Taiwan Standard Time),,,,,0,0,0,normal,,<警告/提醒> 2018/11/22 08:45:34 策略_TCA 策略倉位已由0自動同步為文字檔內倉位4 請檢查下單機實際倉位是否需進行同步!
16734b9779bb7de3,Wed Nov 21 2018 13:23:47 GMT+0800 (Taiwan Standard Time),Wed Nov 21 2018 13:23:45 GMT+0800 (Taiwan Standard Time),,,,,0,0,0,error,交易所_A 開始自動轉倉 2018/11/21 13:23:45 交易所_A-小型台指-7口 開始自動轉倉至2018/12。,交易所_A 開始自動轉倉 2018/11/21 13:23:45 交易所_A-小型台指-7口 開始自動轉倉至2018/12。
1672f23d46fdc6ef,Tue Nov 20 2018 11:22:15 GMT+0800 (Taiwan Standard Time),Tue Nov 20 2018 11:22:07 GMT+0800 (Taiwan Standard Time),策略_TCA,交易所_A,9741,add_long,1,2,3,normal,,"2018/11/20 11:22:07 ""9741"" 加碼多單目前倉位：+3 之前倉位：2 交易所_A(小型台指) 倍數：1, 本次下單：0 , 帳戶實際倉位：-7 , 總倉位：-7 策略_TCA"
1672f23c445d6cab,Tue Nov 20 2018 11:22:10 GMT+0800 (Taiwan Standard Time),Tue Nov 20 2018 11:22:08 GMT+0800 (Taiwan Standard Time),,,,,0,0,0,error,<下單失敗> 2018/11/20 11:22:08 交易所_AII API 下單發生錯誤，本次下單已取消，請由手動補單。,<下單失敗> 2018/11/20 11:22:08 交易所_AII API 下單發生錯誤，本次下單已取消，請由手動補單。
1672ec165e5cd8bf,Tue Nov 20 2018 09:34:44 GMT+0800 (Taiwan Standard Time),Tue Nov 20 2018 09:34:34 GMT+0800 (Taiwan Standard Time),策略_TCA,交易所_A,9786,reduce_long,-2,4,2,normal,,"2018/11/20 09:34:34 ""9786"" 減碼多單目前倉位：+2 之前倉位：4 交易所_A(小型台指) 倍數：1, 本次下單：0 , 帳戶實際倉位：-7 , 總倉位：-7 策略_TCA"
1672ec15beab3200,Tue Nov 20 2018 09:34:41 GMT+0800 (Taiwan Standard Time),Tue Nov 20 2018 09:34:39 GMT+0800 (Taiwan Standard Time),,,,,0,0,0,error,<下單失敗> 2018/11/20 09:34:39 交易所_AII API 下單發生錯誤，本次下單已取消，請由手動補單。,<下單失敗> 2018/11/20 09:34:39 交易所_AII API 下單發生錯誤，本次下單已取消，請由手動補單。
1672eb900d1ff6f9,Tue Nov 20 2018 09:25:33 GMT+0800 (Taiwan Standard Time),Tue Nov 20 2018 09:25:30 GMT+0800 (Taiwan Standard Time),,,,,0,0,0,error,<發生錯誤> 2018/11/20 09:25:30 策略_TCA 策略價格，超過 10 分鐘未跳動，請儘快處理。,<發生錯誤> 2018/11/20 09:25:30 策略_TCA 策略價格，超過 10 分鐘未跳動，請儘快處理。
1672a571c72e024f,Mon Nov 19 2018 13:00:10 GMT+0800 (Taiwan Standard Time),Mon Nov 19 2018 13:00:02 GMT+0800 (Taiwan Standard Time),策略_TCA,交易所_A,9806,reduce_long,-4,8,4,normal,,"2018/11/19 13:00:02 ""9806"" 減碼多單目前倉位：+4 之前倉位：8 交易所_A(小型台指) 倍數：1, 本次下單：0 , 帳戶實際倉位：-7 , 總倉位：-7 策略_TCA"
1672a522459a513e,Mon Nov 19 2018 12:54:44 GMT+0800 (Taiwan Standard Time),Mon Nov 19 2018 12:54:38 GMT+0800 (Taiwan Standard Time),,,,,0,0,0,error,<發生錯誤> 2018/11/19 12:54:38 策略_TCA 策略價格，超過 10 分鐘未跳動，請儘快處理。,<發生錯誤> 2018/11/19 12:54:38 策略_TCA 策略價格，超過 10 分鐘未跳動，請儘快處理。
1671a1a4cc677b47,Fri Nov 16 2018 09:19:49 GMT+0800 (Taiwan Standard Time),Fri Nov 16 2018 09:19:47 GMT+0800 (Taiwan Standard Time),,,,,0,0,0,error,<發生錯誤> 2018/11/16 09:19:47 模擬_TEST 策略價格，超過 30 分鐘未跳動，請儘快處理。,<發生錯誤> 2018/11/16 09:19:47 模擬_TEST 策略價格，超過 30 分鐘未跳動，請儘快處理。
1671a110e13610e2,Fri Nov 16 2018 09:09:43 GMT+0800 (Taiwan Standard Time),Fri Nov 16 2018 09:09:40 GMT+0800 (Taiwan Standard Time),,,,,0,0,0,error,<發生錯誤> 2018/11/16 09:09:40 模擬_TEST 策略價格，超過 20 分鐘未跳動，請儘快處理。,<發生錯誤> 2018/11/16 09:09:40 模擬_TEST 策略價格，超過 20 分鐘未跳動，請儘快處理。
1671a07ce0db635e,Fri Nov 16 2018 08:59:37 GMT+0800 (Taiwan Standard Time),Fri Nov 16 2018 08:59:33 GMT+0800 (Taiwan Standard Time),,,,,0,0,0,error,<發生錯誤> 2018/11/16 08:59:33 模擬_TEST 策略價格，超過 10 分鐘未跳動，請儘快處理。,<發生錯誤> 2018/11/16 08:59:33 模擬_TEST 策略價格，超過 10 分鐘未跳動，請儘快處理。
16714f4a9863b72a,Thu Nov 15 2018 09:20:36 GMT+0800 (Taiwan Standard Time),Thu Nov 15 2018 09:20:34 GMT+0800 (Taiwan Standard Time),,,,,0,0,0,error,<發生錯誤> 2018/11/15 09:20:34 模擬_TEST 策略價格，超過 30 分鐘未跳動，請儘快處理。,<發生錯誤> 2018/11/15 09:20:34 模擬_TEST 策略價格，超過 30 分鐘未跳動，請儘快處理。
16714eb680aa0105,Thu Nov 15 2018 09:10:30 GMT+0800 (Taiwan Standard Time),Thu Nov 15 2018 09:10:28 GMT+0800 (Taiwan Standard Time),,,,,0,0,0,error,<發生錯誤> 2018/11/15 09:10:28 模擬_TEST 策略價格，超過 20 分鐘未跳動，請儘快處理。,<發生錯誤> 2018/11/15 09:10:28 模擬_TEST 策略價格，超過 20 分鐘未跳動，請儘快處理。
16714e22c0845c9b,Thu Nov 15 2018 09:00:24 GMT+0800 (Taiwan Standard Time),Thu Nov 15 2018 09:00:20 GMT+0800 (Taiwan Standard Time),,,,,0,0,0,error,<發生錯誤> 2018/11/15 09:00:20 模擬_TEST 策略價格，超過 10 分鐘未跳動，請儘快處理。,<發生錯誤> 2018/11/15 09:00:20 模擬_TEST 策略價格，超過 10 分鐘未跳動，請儘快處理。
1670ae28885d5d89,Tue Nov 13 2018 10:24:35 GMT+0800 (Taiwan Standard Time),Tue Nov 13 2018 10:24:32 GMT+0800 (Taiwan Standard Time),,,,,0,0,0,error,<發生錯誤> 2018/11/13 10:24:32 模擬_TEST 策略價格，超過 10 分鐘未跳動，請儘快處理。,<發生錯誤> 2018/11/13 10:24:32 模擬_TEST 策略價格，超過 10 分鐘未跳動，請儘快處理。
1670ac2bd7987ba2,Tue Nov 13 2018 09:49:53 GMT+0800 (Taiwan Standard Time),Tue Nov 13 2018 09:49:39 GMT+0800 (Taiwan Standard Time),策略_TCA,交易所_A,9638,reduce_long,-7,8,1,normal,,"2018/11/13 09:49:39 ""9638"" 減碼多單目前倉位：+1 之前倉位：8 交易所_A(小型台指) 倍數：1, 本次下單：-7 , 帳戶實際倉位：1 , 總倉位：1 策略_TCA"
166e165c5fd0f036,Mon Nov 05 2018 09:03:53 GMT+0800 (Taiwan Standard Time),Mon Nov 05 2018 09:03:45 GMT+0800 (Taiwan Standard Time),策略_TCA,交易所_A,9782,reduce_long,-1,9,8,normal,,"2018/11/05 09:03:45 ""9782"" 減碼多單目前倉位：+8 之前倉位：9 交易所_A(小型台指) 倍數：1, 本次下單：-1 , 帳戶實際倉位：8 , 總倉位：8 策略_TCA"
166d2c0adcd5541a,Fri Nov 02 2018 12:48:52 GMT+0800 (Taiwan Standard Time),Fri Nov 02 2018 12:48:45 GMT+0800 (Taiwan Standard Time),策略_TCA,交易所_A,9835,add_long,1,8,9,normal,,"2018/11/02 12:48:45 ""9835"" 加碼多單目前倉位：+9 之前倉位：8 交易所_A(小型台指) 倍數：1, 本次下單：1 , 帳戶實際倉位：9 , 總倉位：9 策略_TCA"
166d281be79366fe,Fri Nov 02 2018 11:40:09 GMT+0800 (Taiwan Standard Time),Fri Nov 02 2018 11:40:00 GMT+0800 (Taiwan Standard Time),策略_TCA,交易所_A,9806,reduce_long,-1,9,8,normal,,"2018/11/02 11:40:00 ""9806"" 減碼多單目前倉位：+8 之前倉位：9 交易所_A(小型台指) 倍數：1, 本次下單：-1 , 帳戶實際倉位：8 , 總倉位：8 策略_TCA"
166d2262acaccb5c,Fri Nov 02 2018 10:00:07 GMT+0800 (Taiwan Standard Time),Fri Nov 02 2018 09:59:59 GMT+0800 (Taiwan Standard Time),策略_TCA,交易所_A,9843,add_long,1,8,9,normal,,"2018/11/02 09:59:59 ""9843"" 加碼多單目前倉位：+9 之前倉位：8 交易所_A(小型台指) 倍數：1, 本次下單：1 , 帳戶實際倉位：9 , 總倉位：9 策略_TCA"
166d21500a67cebd,Fri Nov 02 2018 09:41:22 GMT+0800 (Taiwan Standard Time),Fri Nov 02 2018 09:41:15 GMT+0800 (Taiwan Standard Time),策略_TCA,交易所_A,9821,reduce_long,-1,9,8,normal,,"2018/11/02 09:41:15 ""9821"" 減碼多單目前倉位：+8 之前倉位：9 交易所_A(小型台指) 倍數：1, 本次下單：-1 , 帳戶實際倉位：8 , 總倉位：8 策略_TCA"
166d20f4a469375a,Fri Nov 02 2018 09:35:08 GMT+0800 (Taiwan Standard Time),Fri Nov 02 2018 09:35:00 GMT+0800 (Taiwan Standard Time),策略_TCA,交易所_A,9815,add_long,1,8,9,normal,,"2018/11/02 09:35:00 ""9815"" 加碼多單目前倉位：+9 之前倉位：8 交易所_A(小型台指) 倍數：1, 本次下單：1 , 帳戶實際倉位：9 , 總倉位：9 策略_TCA"
166d1f779c3e3324,Fri Nov 02 2018 09:09:07 GMT+0800 (Taiwan Standard Time),Fri Nov 02 2018 09:09:00 GMT+0800 (Taiwan Standard Time),策略_TCA,交易所_A,9804,reduce_long,-1,9,8,normal,,"2018/11/02 09:09:00 ""9804"" 減碼多單目前倉位：+8 之前倉位：9 交易所_A(小型台指) 倍數：1, 本次下單：-1 , 帳戶實際倉位：8 , 總倉位：8 策略_TCA"
166d1f2b1eedf83c,Fri Nov 02 2018 09:03:53 GMT+0800 (Taiwan Standard Time),Fri Nov 02 2018 09:03:45 GMT+0800 (Taiwan Standard Time),策略_TCA,交易所_A,9833,add_long,1,8,9,normal,,"2018/11/02 09:03:45 ""9833"" 加碼多單目前倉位：+9 之前倉位：8 交易所_A(小型台指) 倍數：1, 本次下單：1 , 帳戶實際倉位：9 , 總倉位：9 策略_TCA"
166807b01040c007,Wed Oct 17 2018 13:23:56 GMT+0800 (Taiwan Standard Time),Wed Oct 17 2018 13:23:53 GMT+0800 (Taiwan Standard Time),,,,,0,0,0,error,"交易所_AII 下單失敗,帳號 6523704 2018/10/17 13:23:53 3296後檯:原幣保證金不足，不足60403.00元","交易所_AII 下單失敗,帳號 6523704 2018/10/17 13:23:53 3296後檯:原幣保證金不足，不足60403.00元"
166807ae339b7e4f,Wed Oct 17 2018 13:23:47 GMT+0800 (Taiwan Standard Time),Wed Oct 17 2018 13:23:45 GMT+0800 (Taiwan Standard Time),,,,,0,0,0,error,交易所_A 開始自動轉倉 2018/10/17 13:23:45 交易所_A-小型台指8口 開始自動轉倉至2018/11。,交易所_A 開始自動轉倉 2018/10/17 13:23:45 交易所_A-小型台指8口 開始自動轉倉至2018/11。
1667fffaffd756b8,Wed Oct 17 2018 11:09:13 GMT+0800 (Taiwan Standard Time),Wed Oct 17 2018 11:09:05 GMT+0800 (Taiwan Standard Time),策略_TCA,交易所_A,10065,reduce_long,-1,9,8,normal,,"2018/10/17 11:09:05 ""10065"" 減碼多單目前倉位：+8 之前倉位：9 交易所_A(小型台指) 倍數：1, 本次下單：-1 , 帳戶實際倉位：8 , 總倉位：8 策略_TCA"
1667fd74e7cf6e25,Wed Oct 17 2018 10:25:07 GMT+0800 (Taiwan Standard Time),Wed Oct 17 2018 10:25:00 GMT+0800 (Taiwan Standard Time),策略_TCA,交易所_A,10077,add_long,1,8,9,normal,,"2018/10/17 10:25:00 ""10077"" 加碼多單目前倉位：+9 之前倉位：8 交易所_A(小型台指) 倍數：1, 本次下單：1 , 帳戶實際倉位：9 , 總倉位：9 策略_TCA"
1667fa98a1d5f349,Wed Oct 17 2018 09:35:08 GMT+0800 (Taiwan Standard Time),Wed Oct 17 2018 09:35:00 GMT+0800 (Taiwan Standard Time),策略_TCA,交易所_A,10064,reduce_long,-1,9,8,normal,,"2018/10/17 09:35:00 ""10064"" 減碼多單目前倉位：+8 之前倉位：9 交易所_A(小型台指) 倍數：1, 本次下單：-1 , 帳戶實際倉位：8 , 總倉位：8 策略_TCA"
1667f92a595a077e,Wed Oct 17 2018 09:10:07 GMT+0800 (Taiwan Standard Time),Wed Oct 17 2018 09:10:00 GMT+0800 (Taiwan Standard Time),策略_TCA,交易所_A,10087,add_long,1,8,9,normal,,"2018/10/17 09:10:00 ""10087"" 加碼多單目前倉位：+9 之前倉位：8 交易所_A(小型台指) 倍數：1, 本次下單：1 , 帳戶實際倉位：9 , 總倉位：9 策略_TCA"
1667f7f718d26aa8,Wed Oct 17 2018 08:49:08 GMT+0800 (Taiwan Standard Time),Wed Oct 17 2018 08:49:00 GMT+0800 (Taiwan Standard Time),策略_TCA,交易所_A,10097,reduce_long,-1,9,8,normal,,"2018/10/17 08:49:00 ""10097"" 減碼多單目前倉位：+8 之前倉位：9 交易所_A(小型台指) 倍數：1, 本次下單：-1 , 帳戶實際倉位：8 , 總倉位：8 策略_TCA"
1667b4de35f44bea,Tue Oct 16 2018 13:16:32 GMT+0800 (Taiwan Standard Time),Tue Oct 16 2018 13:16:24 GMT+0800 (Taiwan Standard Time),策略_TCA,交易所_A,9946,add_long,1,8,9,normal,,"2018/10/16 13:16:24 ""9946"" 加碼多單目前倉位：+9 之前倉位：8 交易所_A(小型台指) 倍數：1, 本次下單：1 , 帳戶實際倉位：9 , 總倉位：9 策略_TCA"
1667aea2ee6341e0,Tue Oct 16 2018 11:27:38 GMT+0800 (Taiwan Standard Time),Tue Oct 16 2018 11:27:30 GMT+0800 (Taiwan Standard Time),策略_TCA,交易所_A,9903,reduce_long,-1,9,8,normal,,"2018/10/16 11:27:30 ""9903"" 減碼多單目前倉位：+8 之前倉位：9 交易所_A(小型台指) 倍數：1, 本次下單：-1 , 帳戶實際倉位：8 , 總倉位：8 策略_TCA"
1667a765e0b8c664,Tue Oct 16 2018 09:21:08 GMT+0800 (Taiwan Standard Time),Tue Oct 16 2018 09:21:00 GMT+0800 (Taiwan Standard Time),策略_TCA,交易所_A,9893,add_long,1,8,9,normal,,"2018/10/16 09:21:00 ""9893"" 加碼多單目前倉位：+9 之前倉位：8 交易所_A(小型台指) 倍數：1, 本次下單：1 , 帳戶實際倉位：9 , 總倉位：9 策略_TCA"
166758a961422b95,Mon Oct 15 2018 10:25:07 GMT+0800 (Taiwan Standard Time),Mon Oct 15 2018 10:25:00 GMT+0800 (Taiwan Standard Time),策略_TCA,交易所_A,9876,reduce_long,-1,9,8,normal,,"2018/10/15 10:25:00 ""9876"" 減碼多單目前倉位：+8 之前倉位：9 交易所_A(小型台指) 倍數：1, 本次下單：-1 , 帳戶實際倉位：8 , 總倉位：8 策略_TCA"
16675515c02b66f8,Mon Oct 15 2018 09:22:37 GMT+0800 (Taiwan Standard Time),Mon Oct 15 2018 09:22:30 GMT+0800 (Taiwan Standard Time),策略_TCA,交易所_A,9913,add_long,1,8,9,normal,,"2018/10/15 09:22:30 ""9913"" 加碼多單目前倉位：+9 之前倉位：8 交易所_A(小型台指) 倍數：1, 本次下單：1 , 帳戶實際倉位：9 , 總倉位：9 策略_TCA"
1667545ef9b24373,Mon Oct 15 2018 09:10:08 GMT+0800 (Taiwan Standard Time),Mon Oct 15 2018 09:10:00 GMT+0800 (Taiwan Standard Time),策略_TCA,交易所_A,9871,reduce_long,-1,9,8,normal,,"2018/10/15 09:10:00 ""9871"" 減碼多單目前倉位：+8 之前倉位：9 交易所_A(小型台指) 倍數：1, 本次下單：-1 , 帳戶實際倉位：8 , 總倉位：8 策略_TCA"
1667532c8cb0dd3f,Mon Oct 15 2018 08:49:13 GMT+0800 (Taiwan Standard Time),Mon Oct 15 2018 08:49:06 GMT+0800 (Taiwan Standard Time),策略_TCA,交易所_A,9892,add_long,1,8,9,normal,,"2018/10/15 08:49:06 ""9892"" 加碼多單目前倉位：+9 之前倉位：8 交易所_A(小型台指) 倍數：1, 本次下單：1 , 帳戶實際倉位：9 , 總倉位：9 策略_TCA"
1667532b761039d9,Mon Oct 15 2018 08:49:08 GMT+0800 (Taiwan Standard Time),Mon Oct 15 2018 08:49:00 GMT+0800 (Taiwan Standard Time),策略_TCA,交易所_A,9892,add_long,1,7,8,normal,,"2018/10/15 08:49:00 ""9892"" 加碼多單目前倉位：+8 之前倉位：7 交易所_A(小型台指) 倍數：1, 本次下單：2 , 帳戶實際倉位：8 , 總倉位：8 策略_TCA"
16666ce9ccf55d34,Fri Oct 12 2018 13:45:07 GMT+0800 (Taiwan Standard Time),Fri Oct 12 2018 13:44:59 GMT+0800 (Taiwan Standard Time),策略_TCA,交易所_A,9955,add_long,1,6,7,normal,,"2018/10/12 13:44:59 ""9955"" 加碼多單目前倉位：+7 之前倉位：6 交易所_A(小型台指) 倍數：1, 本次下單：-1 , 帳戶實際倉位：6 , 總倉位：6 策略_TCA"
16666ce09c2e842e,Fri Oct 12 2018 13:44:29 GMT+0800 (Taiwan Standard Time),Fri Oct 12 2018 13:44:21 GMT+0800 (Taiwan Standard Time),策略_TCA,交易所_A,9962,reduce_long,-1,7,6,normal,,"2018/10/12 13:44:21 ""9962"" 減碼多單目前倉位：+6 之前倉位：7 交易所_A(小型台指) 倍數：1, 本次下單：-1 , 帳戶實際倉位：6 , 總倉位：6 策略_TCA"
16666cde5f07c759,Fri Oct 12 2018 13:44:20 GMT+0800 (Taiwan Standard Time),Fri Oct 12 2018 13:44:12 GMT+0800 (Taiwan Standard Time),策略_TCA,交易所_A,9975,reduce_long,-2,9,7,normal,,"2018/10/12 13:44:12 ""9975"" 減碼多單目前倉位：+7 之前倉位：9 交易所_A(小型台指) 倍數：1, 本次下單：-2 , 帳戶實際倉位：7 , 總倉位：7 策略_TCA"
1666667a1239a314,Fri Oct 12 2018 11:52:38 GMT+0800 (Taiwan Standard Time),Fri Oct 12 2018 11:52:30 GMT+0800 (Taiwan Standard Time),策略_TCA,交易所_A,9931,add_long,1,8,9,normal,,"2018/10/12 11:52:30 ""9931"" 加碼多單目前倉位：+9 之前倉位：8 交易所_A(小型台指) 倍數：1, 本次下單：1 , 帳戶實際倉位：9 , 總倉位：9 策略_TCA"
16665bf9d4f7c3a3,Fri Oct 12 2018 08:49:07 GMT+0800 (Taiwan Standard Time),Fri Oct 12 2018 08:49:00 GMT+0800 (Taiwan Standard Time),策略_TCA,交易所_A,9730,add_long,4,4,8,normal,,"2018/10/12 08:49:00 ""9730"" 加碼多單目前倉位：+8 之前倉位：4 交易所_A(小型台指) 倍數：1, 本次下單：4 , 帳戶實際倉位：8 , 總倉位：8 策略_TCA"
16665bf915c6dfb8,Fri Oct 12 2018 08:49:04 GMT+0800 (Taiwan Standard Time),Fri Oct 12 2018 08:49:00 GMT+0800 (Taiwan Standard Time),,,,,0,0,0,error,"交易所_AII 下單失敗,帳號 6523704 2018/10/12 08:49:00 3296後檯:原幣保證金不足，不足18177.00元","交易所_AII 下單失敗,帳號 6523704 2018/10/12 08:49:00 3296後檯:原幣保證金不足，不足18177.00元"
166619c512b4718e,Thu Oct 11 2018 13:32:05 GMT+0800 (Taiwan Standard Time),Thu Oct 11 2018 13:31:57 GMT+0800 (Taiwan Standard Time),策略_TCA,交易所_A,9647,add_long,1,3,4,normal,,"2018/10/11 13:31:57 ""9647"" 加碼多單目前倉位：+4 之前倉位：3 交易所_A(小型台指) 倍數：1, 本次下單：1 , 帳戶實際倉位：4 , 總倉位：4 策略_TCA"
16660a6c74658618,Thu Oct 11 2018 09:03:53 GMT+0800 (Taiwan Standard Time),Thu Oct 11 2018 09:03:45 GMT+0800 (Taiwan Standard Time),策略_TCA,交易所_A,9963,reduce_long,-1,4,3,normal,,"2018/10/11 09:03:45 ""9963"" 減碼多單目前倉位：+3 之前倉位：4 交易所_A(小型台指) 倍數：1, 本次下單：-1 , 帳戶實際倉位：3 , 總倉位：3 策略_TCA"
166574f1595e6b54,Tue Oct 09 2018 13:31:31 GMT+0800 (Taiwan Standard Time),Tue Oct 09 2018 13:31:23 GMT+0800 (Taiwan Standard Time),策略_TCA,交易所_A,10463,add_long,1,3,4,normal,,"2018/10/09 13:31:23 ""10463"" 加碼多單目前倉位：+4 之前倉位：3 交易所_A(小型台指) 倍數：1, 本次下單：1 , 帳戶實際倉位：4 , 總倉位：4 策略_TCA"
166567f08d00388c,Tue Oct 09 2018 09:44:16 GMT+0800 (Taiwan Standard Time),Tue Oct 09 2018 09:44:08 GMT+0800 (Taiwan Standard Time),策略_TCA,交易所_A,10463,reduce_long,-1,4,3,normal,,"2018/10/09 09:44:08 ""10463"" 減碼多單目前倉位：+3 之前倉位：4 交易所_A(小型台指) 倍數：1, 本次下單：-1 , 帳戶實際倉位：3 , 總倉位：3 策略_TCA"
166564c8e22e21d3,Tue Oct 09 2018 08:49:08 GMT+0800 (Taiwan Standard Time),Tue Oct 09 2018 08:49:00 GMT+0800 (Taiwan Standard Time),策略_TCA,交易所_A,10505,add_long,1,3,4,normal,,"2018/10/09 08:49:00 ""10505"" 加碼多單目前倉位：+4 之前倉位：3 交易所_A(小型台指) 倍數：1, 本次下單：1 , 帳戶實際倉位：4 , 總倉位：4 策略_TCA"
16651a955434048e,Mon Oct 08 2018 11:12:23 GMT+0800 (Taiwan Standard Time),Mon Oct 08 2018 11:12:15 GMT+0800 (Taiwan Standard Time),策略_TCA,交易所_A,10488,reduce_long,-1,4,3,normal,,"2018/10/08 11:12:15 ""10488"" 減碼多單目前倉位：+3 之前倉位：4 交易所_A(小型台指) 倍數：1, 本次下單：-1 , 帳戶實際倉位：3 , 總倉位：3 策略_TCA"
16651a69766bf722,Mon Oct 08 2018 11:09:22 GMT+0800 (Taiwan Standard Time),Mon Oct 08 2018 11:09:14 GMT+0800 (Taiwan Standard Time),策略_TCA,交易所_A,10480,add_long,1,3,4,normal,,"2018/10/08 11:09:14 ""10480"" 加碼多單目前倉位：+4 之前倉位：3 交易所_A(小型台指) 倍數：1, 本次下單：-2 , 帳戶實際倉位：4 , 總倉位：4 策略_TCA"
166376664d61661b,Wed Oct 03 2018 08:49:08 GMT+0800 (Taiwan Standard Time),Wed Oct 03 2018 08:49:00 GMT+0800 (Taiwan Standard Time),策略_TCA,交易所_A,10889,reduce_long,-1,7,6,normal,,"2018/10/03 08:49:00 ""10889"" 減碼多單目前倉位：+6 之前倉位：7 交易所_A(小型台指) 倍數：1, 本次下單：-1 , 帳戶實際倉位：6 , 總倉位：6 策略_TCA"
166331cfc9b75ff3,Tue Oct 02 2018 12:50:28 GMT+0800 (Taiwan Standard Time),Tue Oct 02 2018 12:50:24 GMT+0800 (Taiwan Standard Time),,,,,0,0,0,error,"交易所_AII API 錯誤,帳號 (全部) 2018/10/02 12:50:24 斷線-P:ReceiveThread_EntryPoint CALL :無法從傳輸連接讀取資料: 連線嘗試失敗，因為連線對象有一段時間並未正確回應，或是連線建立失敗，因為連線的主機無法回應。?","交易所_AII API 錯誤,帳號 (全部) 2018/10/02 12:50:24 斷線-P:ReceiveThread_EntryPoint CALL :無法從傳輸連接讀取資料: 連線嘗試失敗，因為連線對象有一段時間並未正確回應，或是連線建立失敗，因為連線的主機無法回應。?"
1662e20805b4c948,Mon Oct 01 2018 13:36:13 GMT+0800 (Taiwan Standard Time),Mon Oct 01 2018 13:36:10 GMT+0800 (Taiwan Standard Time),,,,,0,0,0,error,<發生錯誤> 2018/10/01 13:36:10 模擬_TEST 策略價格，超過 20 分鐘未跳動，請儘快處理。,<發生錯誤> 2018/10/01 13:36:10 模擬_TEST 策略價格，超過 20 分鐘未跳動，請儘快處理。
1662e174212f94a3,Mon Oct 01 2018 13:26:07 GMT+0800 (Taiwan Standard Time),Mon Oct 01 2018 13:26:03 GMT+0800 (Taiwan Standard Time),,,,,0,0,0,error,<發生錯誤> 2018/10/01 13:26:03 模擬_TEST 策略價格，超過 10 分鐘未跳動，請儘快處理。,<發生錯誤> 2018/10/01 13:26:03 模擬_TEST 策略價格，超過 10 分鐘未跳動，請儘快處理。
165f048d24537262,Wed Sep 19 2018 13:23:48 GMT+0800 (Taiwan Standard Time),Wed Sep 19 2018 13:23:45 GMT+0800 (Taiwan Standard Time),,,,,0,0,0,error,交易所_A 開始自動轉倉 2018/09/19 13:23:45 交易所_A-小型台指7口 開始自動轉倉至2018/10。,交易所_A 開始自動轉倉 2018/09/19 13:23:45 交易所_A-小型台指7口 開始自動轉倉至2018/10。
165ef54b4c408541,Wed Sep 19 2018 08:57:09 GMT+0800 (Taiwan Standard Time),Wed Sep 19 2018 08:57:02 GMT+0800 (Taiwan Standard Time),策略_TCA,交易所_A,10837,add_long,1,6,7,normal,,"2018/09/19 08:57:02 ""10837"" 加碼多單目前倉位：+7 之前倉位：6 交易所_A(小型台指) 倍數：1, 本次下單：1 , 帳戶實際倉位：7 , 總倉位：7 策略_TCA"
165ef49b5c07da48,Wed Sep 19 2018 08:45:08 GMT+0800 (Taiwan Standard Time),Wed Sep 19 2018 08:45:00 GMT+0800 (Taiwan Standard Time),策略_TCA,交易所_A,10836,reduce_long,-1,7,6,normal,,"2018/09/19 08:45:00 ""10836"" 減碼多單目前倉位：+6 之前倉位：7 交易所_A(小型台指) 倍數：1, 本次下單：-1 , 帳戶實際倉位：6 , 總倉位：6 策略_TCA"
165eb083ff0dc48a,Tue Sep 18 2018 12:55:09 GMT+0800 (Taiwan Standard Time),Tue Sep 18 2018 12:55:01 GMT+0800 (Taiwan Standard Time),策略_TCA,交易所_A,10784,add_long,1,6,7,normal,,"2018/09/18 12:55:01 ""10784"" 加碼多單目前倉位：+7 之前倉位：6 交易所_A(小型台指) 倍數：1, 本次下單：1 , 帳戶實際倉位：7 , 總倉位：7 策略_TCA"
165eabdd353b9319,Tue Sep 18 2018 11:33:52 GMT+0800 (Taiwan Standard Time),Tue Sep 18 2018 11:33:44 GMT+0800 (Taiwan Standard Time),策略_TCA,交易所_A,10776,reduce_long,-1,7,6,normal,,"2018/09/18 11:33:44 ""10776"" 減碼多單目前倉位：+6 之前倉位：7 交易所_A(小型台指) 倍數：1, 本次下單：-1 , 帳戶實際倉位：6 , 總倉位：6 策略_TCA"
165eaacae3a1dbec,Tue Sep 18 2018 11:15:08 GMT+0800 (Taiwan Standard Time),Tue Sep 18 2018 11:15:00 GMT+0800 (Taiwan Standard Time),策略_TCA,交易所_A,10786,add_long,1,6,7,normal,,"2018/09/18 11:15:00 ""10786"" 加碼多單目前倉位：+7 之前倉位：6 交易所_A(小型台指) 倍數：1, 本次下單：1 , 帳戶實際倉位：7 , 總倉位：7 策略_TCA"
165ea8a5dca18030,Tue Sep 18 2018 10:37:39 GMT+0800 (Taiwan Standard Time),Tue Sep 18 2018 10:37:31 GMT+0800 (Taiwan Standard Time),策略_TCA,交易所_A,10764,reduce_long,-1,7,6,normal,,"2018/09/18 10:37:31 ""10764"" 減碼多單目前倉位：+6 之前倉位：7 交易所_A(小型台指) 倍數：1, 本次下單：-1 , 帳戶實際倉位：6 , 總倉位：6 策略_TCA"
165ea45a83205d58,Tue Sep 18 2018 09:22:37 GMT+0800 (Taiwan Standard Time),Tue Sep 18 2018 09:22:30 GMT+0800 (Taiwan Standard Time),策略_TCA,交易所_A,10792,add_long,1,6,7,normal,,"2018/09/18 09:22:30 ""10792"" 加碼多單目前倉位：+7 之前倉位：6 交易所_A(小型台指) 倍數：1, 本次下單：1 , 帳戶實際倉位：7 , 總倉位：7 策略_TCA"
165ea3a41d106e30,Tue Sep 18 2018 09:10:09 GMT+0800 (Taiwan Standard Time),Tue Sep 18 2018 09:10:00 GMT+0800 (Taiwan Standard Time),策略_TCA,交易所_A,10777,reduce_long,-1,7,6,normal,,"2018/09/18 09:10:00 ""10777"" 減碼多單目前倉位：+6 之前倉位：7 交易所_A(小型台指) 倍數：1, 本次下單：-1 , 帳戶實際倉位：6 , 總倉位：6 策略_TCA"
165d5d1ec16a1d7e,Fri Sep 14 2018 10:03:48 GMT+0800 (Taiwan Standard Time),Fri Sep 14 2018 10:03:39 GMT+0800 (Taiwan Standard Time),策略_TCA,交易所_A,10824,add_long,1,6,7,normal,,"2018/09/14 10:03:39 ""10824"" 加碼多單目前倉位：+7 之前倉位：6 交易所_A(小型台指) 倍數：1, 本次下單：8 , 帳戶實際倉位：7 , 總倉位：7 策略_TCA"
165c135217aa1c9d,Mon Sep 10 2018 10:00:07 GMT+0800 (Taiwan Standard Time),Mon Sep 10 2018 10:00:00 GMT+0800 (Taiwan Standard Time),策略_TCA,交易所_A,10776,reduce_long,-1,7,6,normal,,"2018/09/10 10:00:00 ""10776"" 減碼多單目前倉位：+6 之前倉位：7 交易所_A(小型台指) 倍數：1, 本次下單：-1 , 帳戶實際倉位：6 , 總倉位：6 策略_TCA"
165c113fef81ee3f,Mon Sep 10 2018 09:23:57 GMT+0800 (Taiwan Standard Time),Mon Sep 10 2018 09:23:54 GMT+0800 (Taiwan Standard Time),,,,,0,0,0,error,<發生錯誤> 2018/09/10 09:23:54 模擬_TEST 策略價格，超過 30 分鐘未跳動，請儘快處理。,<發生錯誤> 2018/09/10 09:23:54 模擬_TEST 策略價格，超過 30 分鐘未跳動，請儘快處理。
165c10ac07f24770,Mon Sep 10 2018 09:13:51 GMT+0800 (Taiwan Standard Time),Mon Sep 10 2018 09:13:49 GMT+0800 (Taiwan Standard Time),,,,,0,0,0,error,<發生錯誤> 2018/09/10 09:13:49 模擬_TEST 策略價格，超過 20 分鐘未跳動，請儘快處理。,<發生錯誤> 2018/09/10 09:13:49 模擬_TEST 策略價格，超過 20 分鐘未跳動，請儘快處理。
165c10185b7b31de,Mon Sep 10 2018 09:03:45 GMT+0800 (Taiwan Standard Time),Mon Sep 10 2018 09:03:42 GMT+0800 (Taiwan Standard Time),,,,,0,0,0,error,<發生錯誤> 2018/09/10 09:03:42 模擬_TEST 策略價格，超過 10 分鐘未跳動，請儘快處理。,<發生錯誤> 2018/09/10 09:03:42 模擬_TEST 策略價格，超過 10 分鐘未跳動，請儘快處理。
1659d441c806750c,Mon Sep 03 2018 10:30:10 GMT+0800 (Taiwan Standard Time),Mon Sep 03 2018 10:30:02 GMT+0800 (Taiwan Standard Time),策略_TCA,交易所_A,10948,reduce_long,-1,8,7,normal,,"2018/09/03 10:30:02 ""10948"" 減碼多單目前倉位：+7 之前倉位：8 交易所_A(小型台指) 倍數：1, 本次下單：-1 , 帳戶實際倉位：7 , 總倉位：7 策略_TCA"
1659ce79ed23ce8d,Mon Sep 03 2018 08:49:08 GMT+0800 (Taiwan Standard Time),Mon Sep 03 2018 08:49:00 GMT+0800 (Taiwan Standard Time),策略_TCA,交易所_A,11037,add_long,1,7,8,normal,,"2018/09/03 08:49:00 ""11037"" 加碼多單目前倉位：+8 之前倉位：7 交易所_A(小型台指) 倍數：1, 本次下單：1 , 帳戶實際倉位：8 , 總倉位：8 策略_TCA"
1658e669d9a8b98a,Fri Aug 31 2018 13:13:33 GMT+0800 (Taiwan Standard Time),Fri Aug 31 2018 13:13:23 GMT+0800 (Taiwan Standard Time),策略_TCA,交易所_A,11007,reduce_long,-1,8,7,normal,,"2018/08/31 13:13:23 ""11007"" 減碼多單目前倉位：+7 之前倉位：8 交易所_A(小型台指) 倍數：1, 本次下單：-1 , 帳戶實際倉位：7 , 總倉位：7 策略_TCA"
16583bdfbfabfdcc,Wed Aug 29 2018 11:33:09 GMT+0800 (Taiwan Standard Time),Wed Aug 29 2018 11:33:01 GMT+0800 (Taiwan Standard Time),策略_TCA,交易所_A,11039,add_long,1,7,8,normal,,"2018/08/29 11:33:01 ""11039"" 加碼多單目前倉位：+8 之前倉位：7 交易所_A(小型台指) 倍數：1, 本次下單：1 , 帳戶實際倉位：8 , 總倉位：8 策略_TCA"
16583ad7b2dcde27,Wed Aug 29 2018 11:15:08 GMT+0800 (Taiwan Standard Time),Wed Aug 29 2018 11:15:00 GMT+0800 (Taiwan Standard Time),策略_TCA,交易所_A,11031,reduce_long,-1,8,7,normal,,"2018/08/29 11:15:00 ""11031"" 減碼多單目前倉位：+7 之前倉位：8 交易所_A(小型台指) 倍數：1, 本次下單：-1 , 帳戶實際倉位：7 , 總倉位：7 策略_TCA"
16583969cdd7df32,Wed Aug 29 2018 10:50:09 GMT+0800 (Taiwan Standard Time),Wed Aug 29 2018 10:50:00 GMT+0800 (Taiwan Standard Time),策略_TCA,交易所_A,11037,add_long,1,7,8,normal,,"2018/08/29 10:50:00 ""11037"" 加碼多單目前倉位：+8 之前倉位：7 交易所_A(小型台指) 倍數：1, 本次下單：1 , 帳戶實際倉位：8 , 總倉位：8 策略_TCA"
16578d77174f9fe2,Mon Aug 27 2018 08:45:08 GMT+0800 (Taiwan Standard Time),Mon Aug 27 2018 08:45:00 GMT+0800 (Taiwan Standard Time),策略_TCA,交易所_A,10830,add_long,1,6,7,normal,,"2018/08/27 08:45:00 ""10830"" 加碼多單目前倉位：+7 之前倉位：6 交易所_A(小型台指) 倍數：1, 本次下單：1 , 帳戶實際倉位：7 , 總倉位：7 策略_TCA"
1656a65d9ed8efc9,Fri Aug 24 2018 13:26:23 GMT+0800 (Taiwan Standard Time),Fri Aug 24 2018 13:26:15 GMT+0800 (Taiwan Standard Time),策略_TCA,交易所_A,10778,reduce_long,-1,7,6,normal,,"2018/08/24 13:26:15 ""10778"" 減碼多單目前倉位：+6 之前倉位：7 交易所_A(小型台指) 倍數：1, 本次下單：-1 , 帳戶實際倉位：6 , 總倉位：6 策略_TCA"
1656a560fb365b99,Fri Aug 24 2018 13:09:08 GMT+0800 (Taiwan Standard Time),Fri Aug 24 2018 13:09:00 GMT+0800 (Taiwan Standard Time),策略_TCA,交易所_A,10787,add_long,1,6,7,normal,,"2018/08/24 13:09:00 ""10787"" 加碼多單目前倉位：+7 之前倉位：6 交易所_A(小型台指) 倍數：1, 本次下單：1 , 帳戶實際倉位：7 , 總倉位：7 策略_TCA"
1656997dc17771c7,Fri Aug 24 2018 09:41:23 GMT+0800 (Taiwan Standard Time),Fri Aug 24 2018 09:41:15 GMT+0800 (Taiwan Standard Time),策略_TCA,交易所_A,10743,reduce_long,-1,7,6,normal,,"2018/08/24 09:41:15 ""10743"" 減碼多單目前倉位：+6 之前倉位：7 交易所_A(小型台指) 倍數：1, 本次下單：-1 , 帳戶實際倉位：6 , 總倉位：6 策略_TCA"
16564e9a68ad500c,Thu Aug 23 2018 11:52:37 GMT+0800 (Taiwan Standard Time),Thu Aug 23 2018 11:52:29 GMT+0800 (Taiwan Standard Time),策略_TCA,交易所_A,10786,add_long,1,6,7,normal,,"2018/08/23 11:52:29 ""10786"" 加碼多單目前倉位：+7 之前倉位：6 交易所_A(小型台指) 倍數：1, 本次下單：1 , 帳戶實際倉位：7 , 總倉位：7 策略_TCA"
16564c753af0aad4,Thu Aug 23 2018 11:15:08 GMT+0800 (Taiwan Standard Time),Thu Aug 23 2018 11:15:00 GMT+0800 (Taiwan Standard Time),策略_TCA,交易所_A,10783,reduce_long,-1,7,6,normal,,"2018/08/23 11:15:00 ""10783"" 減碼多單目前倉位：+6 之前倉位：7 交易所_A(小型台指) 倍數：1, 本次下單：-1 , 帳戶實際倉位：6 , 總倉位：6 策略_TCA"
16564b6dcebd4509,Thu Aug 23 2018 10:57:09 GMT+0800 (Taiwan Standard Time),Thu Aug 23 2018 10:57:01 GMT+0800 (Taiwan Standard Time),策略_TCA,交易所_A,10783,add_long,1,6,7,normal,,"2018/08/23 10:57:01 ""10783"" 加碼多單目前倉位：+7 之前倉位：6 交易所_A(小型台指) 倍數：1, 本次下單：1 , 帳戶實際倉位：7 , 總倉位：7 策略_TCA"
1656482a7bc58cff,Thu Aug 23 2018 10:00:07 GMT+0800 (Taiwan Standard Time),Thu Aug 23 2018 10:00:00 GMT+0800 (Taiwan Standard Time),策略_TCA,交易所_A,10767,reduce_long,-1,7,6,normal,,"2018/08/23 10:00:00 ""10767"" 減碼多單目前倉位：+6 之前倉位：7 交易所_A(小型台指) 倍數：1, 本次下單：-1 , 帳戶實際倉位：6 , 總倉位：6 策略_TCA"
16564608898f097a,Thu Aug 23 2018 09:22:51 GMT+0800 (Taiwan Standard Time),Thu Aug 23 2018 09:22:49 GMT+0800 (Taiwan Standard Time),,,,,0,0,0,error,<發生錯誤> 2018/08/23 09:22:49 模擬_TEST 策略價格，超過 30 分鐘未跳動，請儘快處理。,<發生錯誤> 2018/08/23 09:22:49 模擬_TEST 策略價格，超過 30 分鐘未跳動，請儘快處理。
16564574804bcd15,Thu Aug 23 2018 09:12:45 GMT+0800 (Taiwan Standard Time),Thu Aug 23 2018 09:12:37 GMT+0800 (Taiwan Standard Time),,,,,0,0,0,error,<發生錯誤> 2018/08/23 09:12:37 模擬_TEST 策略價格，超過 20 分鐘未跳動，請儘快處理。,<發生錯誤> 2018/08/23 09:12:37 模擬_TEST 策略價格，超過 20 分鐘未跳動，請儘快處理。
165644f3c60e0508,Thu Aug 23 2018 09:03:58 GMT+0800 (Taiwan Standard Time),Thu Aug 23 2018 09:03:46 GMT+0800 (Taiwan Standard Time),策略_TCA,交易所_A,10804,add_long,1,6,7,normal,,"2018/08/23 09:03:46 ""10804"" 加碼多單目前倉位：+7 之前倉位：6 交易所_A(小型台指) 倍數：1, 本次下單：1 , 帳戶實際倉位：7 , 總倉位：7 策略_TCA"
165644df1b9d5d27,Thu Aug 23 2018 09:02:33 GMT+0800 (Taiwan Standard Time),Thu Aug 23 2018 09:02:23 GMT+0800 (Taiwan Standard Time),,,,,0,0,0,error,<發生錯誤> 2018/08/23 09:02:23 模擬_TEST 策略價格，超過 10 分鐘未跳動，請儘快處理。,<發生錯誤> 2018/08/23 09:02:23 模擬_TEST 策略價格，超過 10 分鐘未跳動，請儘快處理。
1655ff6ed73b0001,Wed Aug 22 2018 12:49:01 GMT+0800 (Taiwan Standard Time),Wed Aug 22 2018 12:48:47 GMT+0800 (Taiwan Standard Time),策略_TCA,交易所_A,10778,reduce_long,-1,7,6,normal,,"2018/08/22 12:48:47 ""10778"" 減碼多單目前倉位：+6 之前倉位：7 交易所_A(小型台指) 倍數：1, 本次下單：-1 , 帳戶實際倉位：6 , 總倉位：6 策略_TCA"
1655fb221811e49e,Wed Aug 22 2018 11:33:53 GMT+0800 (Taiwan Standard Time),Wed Aug 22 2018 11:33:45 GMT+0800 (Taiwan Standard Time),策略_TCA,交易所_A,10787,add_long,1,6,7,normal,,"2018/08/22 11:33:45 ""10787"" 加碼多單目前倉位：+7 之前倉位：6 交易所_A(小型台指) 倍數：1, 本次下單：1 , 帳戶實際倉位：7 , 總倉位：7 策略_TCA"
1655f43b7d291d99,Wed Aug 22 2018 09:33:16 GMT+0800 (Taiwan Standard Time),Wed Aug 22 2018 09:33:01 GMT+0800 (Taiwan Standard Time),策略_TCA,交易所_A,10758,reduce_long,-1,7,6,normal,,"2018/08/22 09:33:01 ""10758"" 減碼多單目前倉位：+6 之前倉位：7 交易所_A(小型台指) 倍數：1, 本次下單：-1 , 帳戶實際倉位：6 , 總倉位：6 策略_TCA"
1655f2e8879251b5,Wed Aug 22 2018 09:10:08 GMT+0800 (Taiwan Standard Time),Wed Aug 22 2018 09:10:00 GMT+0800 (Taiwan Standard Time),策略_TCA,交易所_A,10785,add_long,1,6,7,normal,,"2018/08/22 09:10:00 ""10785"" 加碼多單目前倉位：+7 之前倉位：6 交易所_A(小型台指) 倍數：1, 本次下單：1 , 帳戶實際倉位：7 , 總倉位：7 策略_TCA"
165407e635898ba9,Thu Aug 16 2018 10:09:08 GMT+0800 (Taiwan Standard Time),Thu Aug 16 2018 10:08:49 GMT+0800 (Taiwan Standard Time),策略_TCA,交易所_A,10701,add_long,1,5,6,normal,,"2018/08/16 10:08:49 ""10701"" 加碼多單目前倉位：+6 之前倉位：5 交易所_A(小型台指) 倍數：1, 本次下單：1 , 帳戶實際倉位：6 , 總倉位：6 策略_TCA"
1653c0a3edbf9899,Wed Aug 15 2018 13:23:47 GMT+0800 (Taiwan Standard Time),Wed Aug 15 2018 13:23:45 GMT+0800 (Taiwan Standard Time),,,,,0,0,0,error,交易所_A 開始自動轉倉 2018/08/15 13:23:45 交易所_A-小型台指5口 開始自動轉倉至2018/09。,交易所_A 開始自動轉倉 2018/08/15 13:23:45 交易所_A-小型台指5口 開始自動轉倉至2018/09。
1653be870997041d,Wed Aug 15 2018 12:46:52 GMT+0800 (Taiwan Standard Time),Wed Aug 15 2018 12:46:43 GMT+0800 (Taiwan Standard Time),策略_TCA,交易所_A,10729,reduce_long,-1,6,5,normal,,"2018/08/15 12:46:43 ""10729"" 減碼多單目前倉位：+5 之前倉位：6 交易所_A(小型台指) 倍數：1, 本次下單：-1 , 帳戶實際倉位：5 , 總倉位：5 策略_TCA"
16531c3cf51700dc,Mon Aug 13 2018 13:30:39 GMT+0800 (Taiwan Standard Time),Mon Aug 13 2018 13:30:32 GMT+0800 (Taiwan Standard Time),策略_TCA,交易所_A,10752,add_long,1,5,6,normal,,"2018/08/13 13:30:32 ""10752"" 加碼多單目前倉位：+6 之前倉位：5 交易所_A(小型台指) 倍數：1, 本次下單：1 , 帳戶實際倉位：6 , 總倉位：6 策略_TCA"
165318bfbe538d9e,Mon Aug 13 2018 12:29:40 GMT+0800 (Taiwan Standard Time),Mon Aug 13 2018 12:29:33 GMT+0800 (Taiwan Standard Time),策略_TCA,交易所_A,10727,reduce_long,-1,6,5,normal,,"2018/08/13 12:29:33 ""10727"" 減碼多單目前倉位：+5 之前倉位：6 交易所_A(小型台指) 倍數：1, 本次下單：-1 , 帳戶實際倉位：5 , 總倉位：5 策略_TCA"
16530cf9227c2e8e,Mon Aug 13 2018 09:03:53 GMT+0800 (Taiwan Standard Time),Mon Aug 13 2018 09:03:45 GMT+0800 (Taiwan Standard Time),策略_TCA,交易所_A,10874,reduce_long,-1,7,6,normal,,"2018/08/13 09:03:45 ""10874"" 減碼多單目前倉位：+6 之前倉位：7 交易所_A(小型台指) 倍數：1, 本次下單：-1 , 帳戶實際倉位：6 , 總倉位：6 策略_TCA"
164fd7d8ce64501d,Fri Aug 03 2018 09:53:40 GMT+0800 (Taiwan Standard Time),Fri Aug 03 2018 09:53:33 GMT+0800 (Taiwan Standard Time),策略_TCA,交易所_A,10958,add_long,1,6,7,normal,,"2018/08/03 09:53:33 ""10958"" 加碼多單目前倉位：+7 之前倉位：6 交易所_A(小型台指) 倍數：1, 本次下單：1 , 帳戶實際倉位：7 , 總倉位：7 策略_TCA"
164fd438b8e40fa2,Fri Aug 03 2018 08:50:18 GMT+0800 (Taiwan Standard Time),Fri Aug 03 2018 08:50:15 GMT+0800 (Taiwan Standard Time),,,,,0,0,0,error,"交易所_AII API 錯誤,帳號 (全部) 2018/08/03 08:50:15 斷線-P:ReceiveThread_EntryPoint CALL :無法從傳輸連接讀取資料: 連線嘗試失敗，因為連線對象有一段時間並未正確回應，或是連線建立失敗，因為連線的主機無法回應。?","交易所_AII API 錯誤,帳號 (全部) 2018/08/03 08:50:15 斷線-P:ReceiveThread_EntryPoint CALL :無法從傳輸連接讀取資料: 連線嘗試失敗，因為連線對象有一段時間並未正確回應，或是連線建立失敗，因為連線的主機無法回應。?"
164f8c41ccc09b19,Thu Aug 02 2018 11:52:38 GMT+0800 (Taiwan Standard Time),Thu Aug 02 2018 11:52:30 GMT+0800 (Taiwan Standard Time),策略_TCA,交易所_A,10897,reduce_long,-1,7,6,normal,,"2018/08/02 11:52:30 ""10897"" 減碼多單目前倉位：+6 之前倉位：7 交易所_A(小型台指) 倍數：1, 本次下單：-1 , 帳戶實際倉位：6 , 總倉位：6 策略_TCA"
164d4fdaad846fbc,Thu Jul 26 2018 13:09:10 GMT+0800 (Taiwan Standard Time),Thu Jul 26 2018 13:09:02 GMT+0800 (Taiwan Standard Time),策略_TCA,交易所_A,10906,add_long,1,6,7,normal,,"2018/07/26 13:09:02 ""10906"" 加碼多單目前倉位：+7 之前倉位：6 交易所_A(小型台指) 倍數：1, 本次下單：1 , 帳戶實際倉位：7 , 總倉位：7 策略_TCA"
164d450955ab0c10,Thu Jul 26 2018 10:00:07 GMT+0800 (Taiwan Standard Time),Thu Jul 26 2018 10:00:00 GMT+0800 (Taiwan Standard Time),策略_TCA,交易所_A,10895,reduce_long,-1,7,6,normal,,"2018/07/26 10:00:00 ""10895"" 減碼多單目前倉位：+6 之前倉位：7 交易所_A(小型台指) 倍數：1, 本次下單：-1 , 帳戶實際倉位：6 , 總倉位：6 策略_TCA"
164d43f1b8c3ce2a,Thu Jul 26 2018 09:41:01 GMT+0800 (Taiwan Standard Time),Thu Jul 26 2018 09:40:53 GMT+0800 (Taiwan Standard Time),策略_TCA,交易所_A,10897,add_long,1,6,7,normal,,"2018/07/26 09:40:53 ""10897"" 加碼多單目前倉位：+7 之前倉位：6 交易所_A(小型台指) 倍數：1, 本次下單：1 , 帳戶實際倉位：7 , 總倉位：7 策略_TCA"
164c4c23455ad4c2,Mon Jul 23 2018 09:30:18 GMT+0800 (Taiwan Standard Time),Mon Jul 23 2018 09:29:52 GMT+0800 (Taiwan Standard Time),,,,,0,0,0,error,"交易所_AII API 錯誤,帳號 (全部) 2018/07/23 09:29:52 連線失敗-連線失敗:api.exchange-a.internal 800 api.exchange-a.internal:8000","交易所_AII API 錯誤,帳號 (全部) 2018/07/23 09:29:52 連線失敗-連線失敗:api.exchange-a.internal 800 api.exchange-a.internal:8000"
164c4c0affed7637,Mon Jul 23 2018 09:28:38 GMT+0800 (Taiwan Standard Time),Mon Jul 23 2018 09:28:36 GMT+0800 (Taiwan Standard Time),,,,,0,0,0,error,"交易所_AII API 錯誤,帳號 (全部) 2018/07/23 09:28:36 斷線-P:ReceiveThread_EntryPoint CALL :無法從傳輸連接讀取資料: 連線嘗試失敗，因為連線對象有一段時間並未正確回應，或是連線建立失敗，因為連線的主機無法回應。?","交易所_AII API 錯誤,帳號 (全部) 2018/07/23 09:28:36 斷線-P:ReceiveThread_EntryPoint CALL :無法從傳輸連接讀取資料: 連線嘗試失敗，因為連線對象有一段時間並未正確回應，或是連線建立失敗，因為連線的主機無法回應。?"
164c4b1df0986d4a,Mon Jul 23 2018 09:12:28 GMT+0800 (Taiwan Standard Time),Mon Jul 23 2018 09:12:25 GMT+0800 (Taiwan Standard Time),,,,,0,0,0,error,<發生錯誤> 2018/07/23 09:12:25 模擬_TEST 策略價格，超過 30 分鐘未跳動，請儘快處理。,<發生錯誤> 2018/07/23 09:12:25 模擬_TEST 策略價格，超過 30 分鐘未跳動，請儘快處理。
164c4a8a2c748ce7,Mon Jul 23 2018 09:02:22 GMT+0800 (Taiwan Standard Time),Mon Jul 23 2018 09:02:20 GMT+0800 (Taiwan Standard Time),,,,,0,0,0,error,<發生錯誤> 2018/07/23 09:02:20 模擬_TEST 策略價格，超過 20 分鐘未跳動，請儘快處理。,<發生錯誤> 2018/07/23 09:02:20 模擬_TEST 策略價格，超過 20 分鐘未跳動，請儘快處理。
164c49f653a38e6d,Mon Jul 23 2018 08:52:16 GMT+0800 (Taiwan Standard Time),Mon Jul 23 2018 08:52:13 GMT+0800 (Taiwan Standard Time),,,,,0,0,0,error,<發生錯誤> 2018/07/23 08:52:13 模擬_TEST 策略價格，超過 10 分鐘未跳動，請儘快處理。,<發生錯誤> 2018/07/23 08:52:13 模擬_TEST 策略價格，超過 10 分鐘未跳動，請儘快處理。
164b5574bd49546a,Fri Jul 20 2018 09:39:13 GMT+0800 (Taiwan Standard Time),Fri Jul 20 2018 09:39:05 GMT+0800 (Taiwan Standard Time),策略_TCA,交易所_A,10781,add_long,1,5,6,normal,,"2018/07/20 09:39:05 ""10781"" 加碼多單目前倉位：+6 之前倉位：5 交易所_A(小型台指) 倍數：1, 本次下單：1 , 帳戶實際倉位：6 , 總倉位：6 策略_TCA"
164b52974c822d88,Fri Jul 20 2018 08:49:09 GMT+0800 (Taiwan Standard Time),Fri Jul 20 2018 08:49:00 GMT+0800 (Taiwan Standard Time),策略_TCA,交易所_A,10793,reduce_long,-1,6,5,normal,,"2018/07/20 08:49:00 ""10793"" 減碼多單目前倉位：+5 之前倉位：6 交易所_A(小型台指) 倍數：1, 本次下單：0 , 帳戶實際倉位：5 , 總倉位：5 策略_TCA"
164abd82da881c8b,Wed Jul 18 2018 13:23:47 GMT+0800 (Taiwan Standard Time),Wed Jul 18 2018 13:23:45 GMT+0800 (Taiwan Standard Time),,,,,0,0,0,error,交易所_A 開始自動轉倉 2018/07/18 13:23:45 交易所_A-小型台指5口 開始自動轉倉至2018/08。,交易所_A 開始自動轉倉 2018/07/18 13:23:45 交易所_A-小型台指5口 開始自動轉倉至2018/08。
164abc2d4f1f04d4,Wed Jul 18 2018 13:00:29 GMT+0800 (Taiwan Standard Time),Wed Jul 18 2018 13:00:21 GMT+0800 (Taiwan Standard Time),策略_TCA,交易所_A,10826,reduce_long,-1,6,5,normal,,"2018/07/18 13:00:21 ""10826"" 減碼多單目前倉位：+5 之前倉位：6 交易所_A(小型台指) 倍數：1, 本次下單：-1 , 帳戶實際倉位：5 , 總倉位：5 策略_TCA"
164abc2be492e92b,Wed Jul 18 2018 13:00:23 GMT+0800 (Taiwan Standard Time),Wed Jul 18 2018 13:00:15 GMT+0800 (Taiwan Standard Time),策略_TCA,交易所_A,10824,add_long,1,5,6,normal,,"2018/07/18 13:00:15 ""10824"" 加碼多單目前倉位：+6 之前倉位：5 交易所_A(小型台指) 倍數：1, 本次下單：1 , 帳戶實際倉位：6 , 總倉位：6 策略_TCA"
164abbe32d7a2f46,Wed Jul 18 2018 12:55:25 GMT+0800 (Taiwan Standard Time),Wed Jul 18 2018 12:55:17 GMT+0800 (Taiwan Standard Time),策略_TCA,交易所_A,10814,reduce_long,-1,6,5,normal,,"2018/07/18 12:55:17 ""10814"" 減碼多單目前倉位：+5 之前倉位：6 交易所_A(小型台指) 倍數：1, 本次下單：-1 , 帳戶實際倉位：5 , 總倉位：5 策略_TCA"
164ab2b20c8c1204,Wed Jul 18 2018 10:14:46 GMT+0800 (Taiwan Standard Time),Wed Jul 18 2018 10:14:38 GMT+0800 (Taiwan Standard Time),策略_TCA,交易所_A,10855,add_long,1,5,6,normal,,"2018/07/18 10:14:38 ""10855"" 加碼多單目前倉位：+6 之前倉位：5 交易所_A(小型台指) 倍數：1, 本次下單：1 , 帳戶實際倉位：6 , 總倉位：6 策略_TCA"
164a5b65e4021491,Tue Jul 17 2018 08:49:09 GMT+0800 (Taiwan Standard Time),Tue Jul 17 2018 08:49:01 GMT+0800 (Taiwan Standard Time),策略_TCA,交易所_A,10808,reduce_long,-1,6,5,normal,,"2018/07/17 08:49:01 ""10808"" 減碼多單目前倉位：+5 之前倉位：6 交易所_A(小型台指) 倍數：1, 本次下單：-1 , 帳戶實際倉位：5 , 總倉位：5 策略_TCA"
164a090031378457,Mon Jul 16 2018 08:49:08 GMT+0800 (Taiwan Standard Time),Mon Jul 16 2018 08:49:01 GMT+0800 (Taiwan Standard Time),策略_TCA,交易所_A,10849,add_long,1,5,6,normal,,"2018/07/16 08:49:01 ""10849"" 加碼多單目前倉位：+6 之前倉位：5 交易所_A(小型台指) 倍數：1, 本次下單：1 , 帳戶實際倉位：6 , 總倉位：6 策略_TCA"
164911cef0c4c342,Fri Jul 13 2018 08:49:08 GMT+0800 (Taiwan Standard Time),Fri Jul 13 2018 08:49:01 GMT+0800 (Taiwan Standard Time),策略_TCA,交易所_A,10801,add_long,1,4,5,normal,,"2018/07/13 08:49:01 ""10801"" 加碼多單目前倉位：+5 之前倉位：4 交易所_A(小型台指) 倍數：1, 本次下單：1 , 帳戶實際倉位：5 , 總倉位：5 策略_TCA"
16487b9c1385021b,Wed Jul 11 2018 13:04:14 GMT+0800 (Taiwan Standard Time),Wed Jul 11 2018 13:04:06 GMT+0800 (Taiwan Standard Time),策略_TCA,交易所_A,10609,reduce_long,-1,5,4,normal,,"2018/07/11 13:04:06 ""10609"" 減碼多單目前倉位：+4 之前倉位：5 交易所_A(小型台指) 倍數：1, 本次下單：-1 , 帳戶實際倉位：4 , 總倉位：4 策略_TCA"
16486d034d945da7,Wed Jul 11 2018 08:49:08 GMT+0800 (Taiwan Standard Time),Wed Jul 11 2018 08:49:00 GMT+0800 (Taiwan Standard Time),策略_TCA,交易所_A,10614,add_long,1,4,5,normal,,"2018/07/11 08:49:00 ""10614"" 加碼多單目前倉位：+5 之前倉位：4 交易所_A(小型台指) 倍數：1, 本次下單：1 , 帳戶實際倉位：5 , 總倉位：5 策略_TCA"
16481a963bf25bfc,Tue Jul 10 2018 08:48:38 GMT+0800 (Taiwan Standard Time),Tue Jul 10 2018 08:48:35 GMT+0800 (Taiwan Standard Time),,,,,0,0,0,error,"交易所_AII API 錯誤,帳號 (全部) 2018/07/10 08:48:35 斷線-P:ReceiveThread_EntryPoint CALL :無法從傳輸連接讀取資料: 連線嘗試失敗，因為連線對象有一段時間並未正確回應，或是連線建立失敗，因為連線的主機無法回應。?","交易所_AII API 錯誤,帳號 (全部) 2018/07/10 08:48:35 斷線-P:ReceiveThread_EntryPoint CALL :無法從傳輸連接讀取資料: 連線嘗試失敗，因為連線對象有一段時間並未正確回應，或是連線建立失敗，因為連線的主機無法回應。?"
1647d84c5e655be1,Mon Jul 09 2018 13:30:09 GMT+0800 (Taiwan Standard Time),Mon Jul 09 2018 13:30:01 GMT+0800 (Taiwan Standard Time),策略_TCA,交易所_A,10653,add_long,1,3,4,normal,,"2018/07/09 13:30:01 ""10653"" 加碼多單目前倉位：+4 之前倉位：3 交易所_A(小型台指) 倍數：1, 本次下單：1 , 帳戶實際倉位：4 , 總倉位：4 策略_TCA"
1646d106bf315695,Fri Jul 06 2018 08:49:08 GMT+0800 (Taiwan Standard Time),Fri Jul 06 2018 08:49:00 GMT+0800 (Taiwan Standard Time),策略_TCA,交易所_A,10534,reduce_long,-1,4,3,normal,,"2018/07/06 08:49:00 ""10534"" 減碼多單目前倉位：+3 之前倉位：4 交易所_A(小型台指) 倍數：1, 本次下單：-1 , 帳戶實際倉位：3 , 總倉位：3 策略_TCA"
1645d9d5c861a84c,Tue Jul 03 2018 08:49:10 GMT+0800 (Taiwan Standard Time),Tue Jul 03 2018 08:49:02 GMT+0800 (Taiwan Standard Time),策略_TCA,交易所_A,10657,reduce_long,-1,5,4,normal,,"2018/07/03 08:49:02 ""10657"" 減碼多單目前倉位：+4 之前倉位：5 交易所_A(小型台指) 倍數：1, 本次下單：-1 , 帳戶實際倉位：4 , 總倉位：4 策略_TCA"
164587d5d2c3864a,Mon Jul 02 2018 08:56:07 GMT+0800 (Taiwan Standard Time),Mon Jul 02 2018 08:56:05 GMT+0800 (Taiwan Standard Time),,,,,0,0,0,error,"交易所_AII API 錯誤,帳號 (全部) 2018/07/02 08:56:05 斷線-P:ReceiveThread_EntryPoint CALL :無法從傳輸連接讀取資料: 連線嘗試失敗，因為連線對象有一段時間並未正確回應，或是連線建立失敗，因為連線的主機無法回應。?","交易所_AII API 錯誤,帳號 (全部) 2018/07/02 08:56:05 斷線-P:ReceiveThread_EntryPoint CALL :無法從傳輸連接讀取資料: 連線嘗試失敗，因為連線對象有一段時間並未正確回應，或是連線建立失敗，因為連線的主機無法回應。?"
1645876f666cbc1a,Mon Jul 02 2018 08:49:08 GMT+0800 (Taiwan Standard Time),Mon Jul 02 2018 08:49:00 GMT+0800 (Taiwan Standard Time),策略_TCA,交易所_A,10667,add_long,1,4,5,normal,,"2018/07/02 08:49:00 ""10667"" 加碼多單目前倉位：+5 之前倉位：4 交易所_A(小型台指) 倍數：1, 本次下單：1 , 帳戶實際倉位：5 , 總倉位：5 策略_TCA"
16434b4623109086,Mon Jun 25 2018 10:09:53 GMT+0800 (Taiwan Standard Time),Mon Jun 25 2018 10:09:45 GMT+0800 (Taiwan Standard Time),策略_TCA,交易所_A,10606,reduce_long,-1,5,4,normal,,"2018/06/25 10:09:45 ""10606"" 減碼多單目前倉位：+4 之前倉位：5 交易所_A(小型台指) 倍數：1, 本次下單：-1 , 帳戶實際倉位：4 , 總倉位：4 策略_TCA"
164346a7350b6494,Mon Jun 25 2018 08:49:08 GMT+0800 (Taiwan Standard Time),Mon Jun 25 2018 08:49:00 GMT+0800 (Taiwan Standard Time),策略_TCA,交易所_A,10618,add_long,1,4,5,normal,,"2018/06/25 08:49:00 ""10618"" 加碼多單目前倉位：+5 之前倉位：4 交易所_A(小型台指) 倍數：1, 本次下單：1 , 帳戶實際倉位：5 , 總倉位：5 策略_TCA"
1642575740918fd4,Fri Jun 22 2018 11:06:50 GMT+0800 (Taiwan Standard Time),Fri Jun 22 2018 11:06:42 GMT+0800 (Taiwan Standard Time),策略_TCA,交易所_A,10679,reduce_long,-1,5,4,normal,,"2018/06/22 11:06:42 ""10679"" 減碼多單目前倉位：+4 之前倉位：5 交易所_A(小型台指) 倍數：1, 本次下單：-1 , 帳戶實際倉位：4 , 總倉位：4 策略_TCA"
1641ba61f3f0c3f3,Wed Jun 20 2018 13:23:48 GMT+0800 (Taiwan Standard Time),Wed Jun 20 2018 13:23:45 GMT+0800 (Taiwan Standard Time),,,,,0,0,0,error,交易所_A 開始自動轉倉 2018/06/20 13:23:45 交易所_A-小型台指5口 開始自動轉倉至2018/07。,交易所_A 開始自動轉倉 2018/06/20 13:23:45 交易所_A-小型台指5口 開始自動轉倉至2018/07。
16415c2884f448b4,Tue Jun 19 2018 09:57:07 GMT+0800 (Taiwan Standard Time),Tue Jun 19 2018 09:57:00 GMT+0800 (Taiwan Standard Time),策略_TCA,交易所_A,10906,reduce_long,-1,6,5,normal,,"2018/06/19 09:57:00 ""10906"" 減碼多單目前倉位：+5 之前倉位：6 交易所_A(小型台指) 倍數：1, 本次下單：-1 , 帳戶實際倉位：5 , 總倉位：5 策略_TCA"
16415ac9066b3855,Tue Jun 19 2018 09:33:07 GMT+0800 (Taiwan Standard Time),Tue Jun 19 2018 09:33:00 GMT+0800 (Taiwan Standard Time),策略_TCA,交易所_A,10955,add_long,1,5,6,normal,,"2018/06/19 09:33:00 ""10955"" 加碼多單目前倉位：+6 之前倉位：5 交易所_A(小型台指) 倍數：1, 本次下單：1 , 帳戶實際倉位：6 , 總倉位：6 策略_TCA"
16415a19882d7bae,Tue Jun 19 2018 09:21:08 GMT+0800 (Taiwan Standard Time),Tue Jun 19 2018 09:21:00 GMT+0800 (Taiwan Standard Time),策略_TCA,交易所_A,10934,reduce_long,-1,6,5,normal,,"2018/06/19 09:21:00 ""10934"" 減碼多單目前倉位：+5 之前倉位：6 交易所_A(小型台指) 倍數：1, 本次下單：-1 , 帳戶實際倉位：5 , 總倉位：5 策略_TCA"
16410b693fcbc43f,Mon Jun 18 2018 10:25:56 GMT+0800 (Taiwan Standard Time),Mon Jun 18 2018 10:25:54 GMT+0800 (Taiwan Standard Time),,,,,0,0,0,error,"交易所_AII API 錯誤,帳號 (全部) 2018/06/18 10:25:54 斷線-P:ReceiveThread_EntryPoint CALL :無法從傳輸連接讀取資料: 遠端主機已強制關閉一個現存的連線。?","交易所_AII API 錯誤,帳號 (全部) 2018/06/18 10:25:54 斷線-P:ReceiveThread_EntryPoint CALL :無法從傳輸連接讀取資料: 遠端主機已強制關閉一個現存的連線。?"
16401e7945f84042,Fri Jun 15 2018 13:25:10 GMT+0800 (Taiwan Standard Time),Fri Jun 15 2018 13:25:02 GMT+0800 (Taiwan Standard Time),策略_TCA,交易所_A,11051,add_long,1,5,6,normal,,"2018/06/15 13:25:02 ""11051"" 加碼多單目前倉位：+6 之前倉位：5 交易所_A(小型台指) 倍數：1, 本次下單：1 , 帳戶實際倉位：6 , 總倉位：6 策略_TCA"
163fcd0b45713e56,Thu Jun 14 2018 13:42:04 GMT+0800 (Taiwan Standard Time),Thu Jun 14 2018 13:41:56 GMT+0800 (Taiwan Standard Time),策略_TCA,交易所_A,10987,reduce_long,-1,6,5,normal,,"2018/06/14 13:41:56 ""10987"" 減碼多單目前倉位：+5 之前倉位：6 交易所_A(小型台指) 倍數：1, 本次下單：-1 , 帳戶實際倉位：5 , 總倉位：5 策略_TCA"
163fbcfbcaa78a7a,Thu Jun 14 2018 09:01:24 GMT+0800 (Taiwan Standard Time),Thu Jun 14 2018 09:01:21 GMT+0800 (Taiwan Standard Time),,,,,0,0,0,error,"交易所_AII API 錯誤,帳號 (全部) 2018/06/14 09:01:21 斷線-P:ReceiveThread_EntryPoint CALL :無法從傳輸連接讀取資料: 遠端主機已強制關閉一個現存的連線。?","交易所_AII API 錯誤,帳號 (全部) 2018/06/14 09:01:21 斷線-P:ReceiveThread_EntryPoint CALL :無法從傳輸連接讀取資料: 遠端主機已強制關閉一個現存的連線。?"
163f75f74be8321b,Wed Jun 13 2018 12:20:17 GMT+0800 (Taiwan Standard Time),Wed Jun 13 2018 12:20:14 GMT+0800 (Taiwan Standard Time),,,,,0,0,0,error,<發生錯誤> 2018/06/13 12:20:14 模擬_TEST 策略價格，超過 30 分鐘未跳動，請儘快處理。,<發生錯誤> 2018/06/13 12:20:14 模擬_TEST 策略價格，超過 30 分鐘未跳動，請儘快處理。
163f75635ab99e1f,Wed Jun 13 2018 12:10:11 GMT+0800 (Taiwan Standard Time),Wed Jun 13 2018 12:10:08 GMT+0800 (Taiwan Standard Time),,,,,0,0,0,error,<發生錯誤> 2018/06/13 12:10:08 模擬_TEST 策略價格，超過 20 分鐘未跳動，請儘快處理。,<發生錯誤> 2018/06/13 12:10:08 模擬_TEST 策略價格，超過 20 分鐘未跳動，請儘快處理。
163f74cf46eb571e,Wed Jun 13 2018 12:00:05 GMT+0800 (Taiwan Standard Time),Wed Jun 13 2018 12:00:01 GMT+0800 (Taiwan Standard Time),,,,,0,0,0,error,<發生錯誤> 2018/06/13 12:00:01 模擬_TEST 策略價格，超過 10 分鐘未跳動，請儘快處理。,<發生錯誤> 2018/06/13 12:00:01 模擬_TEST 策略價格，超過 10 分鐘未跳動，請儘快處理。
163dd0e2bbc927f9,Fri Jun 08 2018 09:41:22 GMT+0800 (Taiwan Standard Time),Fri Jun 08 2018 09:41:14 GMT+0800 (Taiwan Standard Time),策略_TCA,交易所_A,11188,reduce_long,-1,7,6,normal,,"2018/06/08 09:41:14 ""11188"" 減碼多單目前倉位：+6 之前倉位：7 交易所_A(小型台指) 倍數：1, 本次下單：-1 , 帳戶實際倉位：6 , 總倉位：6 策略_TCA"
163dcfba1dea599f,Fri Jun 08 2018 09:21:07 GMT+0800 (Taiwan Standard Time),Fri Jun 08 2018 09:21:00 GMT+0800 (Taiwan Standard Time),策略_TCA,交易所_A,11203,add_long,1,6,7,normal,,"2018/06/08 09:21:00 ""11203"" 加碼多單目前倉位：+7 之前倉位：6 交易所_A(小型台指) 倍數：1, 本次下單：1 , 帳戶實際倉位：7 , 總倉位：7 策略_TCA"
163dcf1925551d6a,Fri Jun 08 2018 09:10:08 GMT+0800 (Taiwan Standard Time),Fri Jun 08 2018 09:10:00 GMT+0800 (Taiwan Standard Time),策略_TCA,交易所_A,11186,reduce_long,-1,7,6,normal,,"2018/06/08 09:10:00 ""11186"" 減碼多單目前倉位：+6 之前倉位：7 交易所_A(小型台指) 倍數：1, 本次下單：-1 , 帳戶實際倉位：6 , 總倉位：6 策略_TCA"
163d871225d08ea4,Thu Jun 07 2018 12:11:22 GMT+0800 (Taiwan Standard Time),Thu Jun 07 2018 12:11:14 GMT+0800 (Taiwan Standard Time),策略_TCA,交易所_A,11192,add_long,1,6,7,normal,,"2018/06/07 12:11:14 ""11192"" 加碼多單目前倉位：+7 之前倉位：6 交易所_A(小型台指) 倍數：1, 本次下單：1 , 帳戶實際倉位：7 , 總倉位：7 策略_TCA"
163d85ff83d12d5b,Thu Jun 07 2018 11:52:37 GMT+0800 (Taiwan Standard Time),Thu Jun 07 2018 11:52:29 GMT+0800 (Taiwan Standard Time),策略_TCA,交易所_A,11181,reduce_long,-1,7,6,normal,,"2018/06/07 11:52:29 ""11181"" 減碼多單目前倉位：+6 之前倉位：7 交易所_A(小型台指) 倍數：1, 本次下單：-1 , 帳戶實際倉位：6 , 總倉位：6 策略_TCA"
163d83da71fb4c20,Thu Jun 07 2018 11:15:08 GMT+0800 (Taiwan Standard Time),Thu Jun 07 2018 11:14:59 GMT+0800 (Taiwan Standard Time),策略_TCA,交易所_A,11191,add_long,1,6,7,normal,,"2018/06/07 11:14:59 ""11191"" 加碼多單目前倉位：+7 之前倉位：6 交易所_A(小型台指) 倍數：1, 本次下單：1 , 帳戶實際倉位：7 , 總倉位：7 策略_TCA"
163d81b5110aaf05,Thu Jun 07 2018 10:37:38 GMT+0800 (Taiwan Standard Time),Thu Jun 07 2018 10:37:30 GMT+0800 (Taiwan Standard Time),策略_TCA,交易所_A,11183,reduce_long,-1,7,6,normal,,"2018/06/07 10:37:30 ""11183"" 減碼多單目前倉位：+6 之前倉位：7 交易所_A(小型台指) 倍數：1, 本次下單：-1 , 帳戶實際倉位：6 , 總倉位：6 策略_TCA"
163d7c3bf4ae0562,Thu Jun 07 2018 09:01:59 GMT+0800 (Taiwan Standard Time),Thu Jun 07 2018 09:01:56 GMT+0800 (Taiwan Standard Time),,,,,0,0,0,error,"交易所_AII API 錯誤,帳號 (全部) 2018/06/07 09:01:56 斷線-P:ReceiveThread_EntryPoint CALL :無法從傳輸連接讀取資料: 連線嘗試失敗，因為連線對象有一段時間並未正確回應，或是連線建立失敗，因為連線的主機無法回應。?","交易所_AII API 錯誤,帳號 (全部) 2018/06/07 09:01:56 斷線-P:ReceiveThread_EntryPoint CALL :無法從傳輸連接讀取資料: 連線嘗試失敗，因為連線對象有一段時間並未正確回應，或是連線建立失敗，因為連線的主機無法回應。?"
163d37e4b68e8ccf,Wed Jun 06 2018 13:07:38 GMT+0800 (Taiwan Standard Time),Wed Jun 06 2018 13:07:29 GMT+0800 (Taiwan Standard Time),策略_TCA,交易所_A,11202,add_long,1,6,7,normal,,"2018/06/06 13:07:29 ""11202"" 加碼多單目前倉位：+7 之前倉位：6 交易所_A(小型台指) 倍數：1, 本次下單：1 , 帳戶實際倉位：7 , 總倉位：7 策略_TCA"
163cd6b42819c7cc,Tue Jun 05 2018 08:49:08 GMT+0800 (Taiwan Standard Time),Tue Jun 05 2018 08:49:00 GMT+0800 (Taiwan Standard Time),策略_TCA,交易所_A,11115,add_long,1,5,6,normal,,"2018/06/05 08:49:00 ""11115"" 加碼多單目前倉位：+6 之前倉位：5 交易所_A(小型台指) 倍數：1, 本次下單：1 , 帳戶實際倉位：6 , 總倉位：6 策略_TCA"
163c94b93deb9c57,Mon Jun 04 2018 13:36:02 GMT+0800 (Taiwan Standard Time),Mon Jun 04 2018 13:35:59 GMT+0800 (Taiwan Standard Time),,,,,0,0,0,error,<發生錯誤> 2018/06/04 13:35:59 模擬_TEST 策略價格，超過 10 分鐘未跳動，請儘快處理。,<發生錯誤> 2018/06/04 13:35:59 模擬_TEST 策略價格，超過 10 分鐘未跳動，請儘快處理。
163b4b403d49b950,Thu May 31 2018 13:38:05 GMT+0800 (Taiwan Standard Time),Thu May 31 2018 13:37:56 GMT+0800 (Taiwan Standard Time),策略_TCA,交易所_A,10862,add_long,1,4,5,normal,,"2018/05/31 13:37:56 ""10862"" 加碼多單目前倉位：+5 之前倉位：4 交易所_A(小型台指) 倍數：1, 本次下單：1 , 帳戶實際倉位：5 , 總倉位：5 策略_TCA"
163b43d58aa2ae78,Thu May 31 2018 11:28:28 GMT+0800 (Taiwan Standard Time),Thu May 31 2018 11:28:21 GMT+0800 (Taiwan Standard Time),策略_TCA,交易所_A,10832,reduce_long,-1,5,4,normal,,"2018/05/31 11:28:21 ""10832"" 減碼多單目前倉位：+4 之前倉位：5 交易所_A(小型台指) 倍數：1, 本次下單：-1 , 帳戶實際倉位：4 , 總倉位：4 策略_TCA"
163b3ccc76ec900a,Thu May 31 2018 09:25:31 GMT+0800 (Taiwan Standard Time),Thu May 31 2018 09:25:23 GMT+0800 (Taiwan Standard Time),策略_TCA,交易所_A,10829,add_long,1,4,5,normal,,"2018/05/31 09:25:23 ""10829"" 加碼多單目前倉位：+5 之前倉位：4 交易所_A(小型台指) 倍數：1, 本次下單：1 , 帳戶實際倉位：5 , 總倉位：5 策略_TCA"
163b3ab7db3405d7,Thu May 31 2018 08:49:09 GMT+0800 (Taiwan Standard Time),Thu May 31 2018 08:49:00 GMT+0800 (Taiwan Standard Time),策略_TCA,交易所_A,10841,reduce_long,-1,5,4,normal,,"2018/05/31 08:49:00 ""10841"" 減碼多單目前倉位：+4 之前倉位：5 交易所_A(小型台指) 倍數：1, 本次下單：-1 , 帳戶實際倉位：4 , 總倉位：4 策略_TCA"
1638594a075f74bc,Tue May 22 2018 10:01:39 GMT+0800 (Taiwan Standard Time),Tue May 22 2018 10:01:31 GMT+0800 (Taiwan Standard Time),策略_TCA,交易所_A,10941,reduce_long,-1,6,5,normal,,"2018/05/22 10:01:31 ""10941"" 減碼多單目前倉位：+5 之前倉位：6 交易所_A(小型台指) 倍數：1, 本次下單：-1 , 帳戶實際倉位：5 , 總倉位：5 策略_TCA"
163857545d499825,Tue May 22 2018 09:27:23 GMT+0800 (Taiwan Standard Time),Tue May 22 2018 09:27:15 GMT+0800 (Taiwan Standard Time),策略_TCA,交易所_A,10974,add_long,1,5,6,normal,,"2018/05/22 09:27:15 ""10974"" 加碼多單目前倉位：+6 之前倉位：5 交易所_A(小型台指) 倍數：1, 本次下單：1 , 帳戶實際倉位：6 , 總倉位：6 策略_TCA"
1636767a68e58d17,Wed May 16 2018 13:23:54 GMT+0800 (Taiwan Standard Time),Wed May 16 2018 13:23:45 GMT+0800 (Taiwan Standard Time),,,,,0,0,0,error,交易所_A 開始自動轉倉 2018/05/16 13:23:45 交易所_A-小型台指5口 開始自動轉倉至2018/06。,交易所_A 開始自動轉倉 2018/05/16 13:23:45 交易所_A-小型台指5口 開始自動轉倉至2018/06。
16363e24b2ee4715,Tue May 15 2018 20:59:25 GMT+0800 (Taiwan Standard Time),,,,,,0,0,0,normal,,您好 我想請問的是奇狐可以收你們報價來看盤嗎？？ 怎設定？？ 謝謝 TOUCHANCE 會員中心 <tccc@touchance.com> 於 2018年5月15日 週二 上午10:53寫道： 您好 請參考使用手冊，XBridge設定說明 http://tc26.touchance.com.tw/download_file/broker/TOUCHANCE%E6%93%8D%E4%BD%
16361d66bf2ef26f,Tue May 15 2018 11:27:11 GMT+0800 (Taiwan Standard Time),Tue May 15 2018 11:26:59 GMT+0800 (Taiwan Standard Time),策略_TCA,交易所_A,10890,reduce_long,-1,6,5,normal,,"2018/05/15 11:26:59 ""10890"" 減碼多單目前倉位：+5 之前倉位：6 交易所_A(小型台指) 倍數：1, 本次下單：-1 , 帳戶實際倉位：5 , 總倉位：5 策略_TCA"
16361b735a71b65f,Tue May 15 2018 10:53:05 GMT+0800 (Taiwan Standard Time),,,,,,0,0,0,normal,,您好 請參考使用手冊，XBridge設定說明 http://tc26.touchance.com.tw/download_file/broker/TOUCHANCE%E6%93%8D%E4%BD%9C%E6%89%8B%E5%86%8A.pdf Reco <reco.fu@gmail.com> 於 2018年5月15日 上午10:30 寫道： 您好： 不好意思，我想問TOUCHANCE訊
16361a2b0360ac9d,Tue May 15 2018 10:30:46 GMT+0800 (Taiwan Standard Time),,,,,,0,0,0,normal,,您好： 不好意思，我想問TOUCHANCE訊源是如何餵給奇狐接收的呢，有沒設定說明? 謝謝 TOUCHANCE 會員中心 <tccc@touchance.com> 於 2018年5月15日 週二 上午8:26寫道： 您好 TOUCHANCE 2.6提供台灣期貨交易所報價，外期報價授權由合作券商開通。 您指的是奇狐嗎?我們提供文字檔輸出下單，請參考使用手冊XBridge設定，謝謝。
1636145b8f3210ca,Tue May 15 2018 08:49:08 GMT+0800 (Taiwan Standard Time),Tue May 15 2018 08:48:56 GMT+0800 (Taiwan Standard Time),策略_TCA,交易所_A,10949,add_long,1,5,6,normal,,"2018/05/15 08:48:56 ""10949"" 加碼多單目前倉位：+6 之前倉位：5 交易所_A(小型台指) 倍數：1, 本次下單：1 , 帳戶實際倉位：6 , 總倉位：6 策略_TCA"
163613089c285023,Tue May 15 2018 08:25:59 GMT+0800 (Taiwan Standard Time),,,,,,0,0,0,normal,,您好 TOUCHANCE 2.6提供台灣期貨交易所報價，外期報價授權由合作券商開通。 您指的是奇狐嗎?我們提供文字檔輸出下單，請參考使用手冊XBridge設定，謝謝。 TOUCHANCE 客服中心 <tccc@touchance.com> 於 2018年5月14日 下午9:42 寫道： TOUCHANCE 線上諮詢 提問時間：2018-05-14 21:42:58 真實姓名：reco
1635c3d1e8f32db3,Mon May 14 2018 09:21:38 GMT+0800 (Taiwan Standard Time),Mon May 14 2018 09:21:35 GMT+0800 (Taiwan Standard Time),,,,,0,0,0,error,<發生錯誤> 2018/05/14 09:21:35 模擬_TEST 策略價格，超過 30 分鐘未跳動，請儘快處理。,<發生錯誤> 2018/05/14 09:21:35 模擬_TEST 策略價格，超過 30 分鐘未跳動，請儘快處理。
1635c3974819a75b,Mon May 14 2018 09:17:38 GMT+0800 (Taiwan Standard Time),Mon May 14 2018 09:17:30 GMT+0800 (Taiwan Standard Time),策略_TCA,交易所_A,10923,reduce_long,-3,8,5,normal,,"2018/05/14 09:17:30 ""10923"" 減碼多單目前倉位：+5 之前倉位：8 交易所_A(小型台指) 倍數：1, 本次下單：0 , 帳戶實際倉位：5 , 總倉位：5 策略_TCA"
1635c33e25830b4e,Mon May 14 2018 09:11:33 GMT+0800 (Taiwan Standard Time),Mon May 14 2018 09:11:30 GMT+0800 (Taiwan Standard Time),,,,,0,0,0,error,<發生錯誤> 2018/05/14 09:11:30 模擬_TEST 策略價格，超過 20 分鐘未跳動，請儘快處理。,<發生錯誤> 2018/05/14 09:11:30 模擬_TEST 策略價格，超過 20 分鐘未跳動，請儘快處理。
1635c2aa59e019b6,Mon May 14 2018 09:01:27 GMT+0800 (Taiwan Standard Time),Mon May 14 2018 09:01:22 GMT+0800 (Taiwan Standard Time),,,,,0,0,0,error,<發生錯誤> 2018/05/14 09:01:22 模擬_TEST 策略價格，超過 10 分鐘未跳動，請儘快處理。,<發生錯誤> 2018/05/14 09:01:22 模擬_TEST 策略價格，超過 10 分鐘未跳動，請儘快處理。
16358524e04287c7,Sun May 13 2018 15:06:18 GMT+0800 (Taiwan Standard Time),Sun May 13 2018 15:06:15 GMT+0800 (Taiwan Standard Time),策略_TCA,,8765,,2,-1,1,normal,,"2018/05/13 15:06:15.746 ""8765"" 多單進場目前倉位：1 之前倉位：-1 帳戶 (台指12345) 倍數：2, 本次下單：4 , 帳戶實際倉位：2 , 總倉位：-5 帳戶 (台指67890) 倍數：1, 本次下單：2 , 帳戶實際倉位：1 , 總倉位：2 策略_TCA"
1631bf6e5467f8b1,Tue May 01 2018 21:49:15 GMT+0800 (Taiwan Standard Time),,,,,,0,0,0,normal,,下單機 - 下載專區 瀏覽 自動下單機 下單機更新補丁 各家期貨-外掛套件 萬用 API 及範例 自動下單機 含最新「安裝程式」 ć 下單機Telegram傳訊.ppsx 檢視 下載 1621k 第 2 版 2016年11月22日 上午9:30 下單機客服 ć 下單機Telegram傳訊.ppt 檢視 下載 2226k 第 1 版 2017年9月28日 上午11:15 下單機客服 ċ 
1630b2efacf90575,Sat Apr 28 2018 15:36:57 GMT+0800 (Taiwan Standard Time),Sat Apr 28 2018 15:36:54 GMT+0800 (Taiwan Standard Time),策略_TCA,,8765,,2,-1,1,normal,,"2018/04/28 15:36:54.950 ""8765"" 多單進場目前倉位：1 之前倉位：-1 帳戶 (台指12345) 倍數：2, 本次下單：4 , 帳戶實際倉位：2 , 總倉位：-5 帳戶 (台指67890) 倍數：1, 本次下單：2 , 帳戶實際倉位：1 , 總倉位：2 策略_TCA"
15b0d5205b57917d,Mon Mar 27 2017 09:12:02 GMT+0800 (Taiwan Standard Time),Mon Mar 27 2017 09:11:57 GMT+0800 (Taiwan Standard Time),,,,,0,0,0,error,<發生錯誤> 2017/03/27 09:11:57 模擬_TEST 策略價格，超過 10 分鐘未跳動，請儘快處理。,<發生錯誤> 2017/03/27 09:11:57 模擬_TEST 策略價格，超過 10 分鐘未跳動，請儘快處理。
15b031d5e2385f74,Sat Mar 25 2017 09:38:23 GMT+0800 (Taiwan Standard Time),Sat Mar 25 2017 09:38:19 GMT+0800 (Taiwan Standard Time),,,,,0,0,0,error,"交易所_AII API 錯誤,帳號 (全部) 2017/03/25 09:38:19 連線失敗-連線失敗:api.exchange-a.internal 800 api.exchange-a.internal:8000","交易所_AII API 錯誤,帳號 (全部) 2017/03/25 09:38:19 連線失敗-連線失敗:api.exchange-a.internal 800 api.exchange-a.internal:8000"
15b031cd177ab039,Sat Mar 25 2017 09:37:48 GMT+0800 (Taiwan Standard Time),Sat Mar 25 2017 09:37:44 GMT+0800 (Taiwan Standard Time),,,,,0,0,0,error,"交易所_AII API 錯誤,帳號 (全部) 2017/03/25 09:37:44 連線失敗-連線失敗:api.exchange-a.internal 800 api.exchange-a.internal:8000","交易所_AII API 錯誤,帳號 (全部) 2017/03/25 09:37:44 連線失敗-連線失敗:api.exchange-a.internal 800 api.exchange-a.internal:8000"
15b031c4c5b45dfb,Sat Mar 25 2017 09:37:13 GMT+0800 (Taiwan Standard Time),Sat Mar 25 2017 09:37:09 GMT+0800 (Taiwan Standard Time),,,,,0,0,0,error,"交易所_AII API 錯誤,帳號 (全部) 2017/03/25 09:37:09 連線失敗-連線失敗:api.exchange-a.internal 800 api.exchange-a.internal:8000","交易所_AII API 錯誤,帳號 (全部) 2017/03/25 09:37:09 連線失敗-連線失敗:api.exchange-a.internal 800 api.exchange-a.internal:8000"
15b031bc39fbcbe0,Sat Mar 25 2017 09:36:38 GMT+0800 (Taiwan Standard Time),Sat Mar 25 2017 09:36:34 GMT+0800 (Taiwan Standard Time),,,,,0,0,0,error,"交易所_AII API 錯誤,帳號 (全部) 2017/03/25 09:36:34 連線失敗-連線失敗:api.exchange-a.internal 800 api.exchange-a.internal:8000","交易所_AII API 錯誤,帳號 (全部) 2017/03/25 09:36:34 連線失敗-連線失敗:api.exchange-a.internal 800 api.exchange-a.internal:8000"
15b031b9c267c913,Sat Mar 25 2017 09:36:29 GMT+0800 (Taiwan Standard Time),Sat Mar 25 2017 09:36:25 GMT+0800 (Taiwan Standard Time),,,,,0,0,0,error,<發生錯誤> 2017/03/25 09:36:25 交易所_AII API 斷線一分鐘以上，無法登入下單，請儘快處理。,<發生錯誤> 2017/03/25 09:36:25 交易所_AII API 斷線一分鐘以上，無法登入下單，請儘快處理。
15b031b19ed6a8ae,Sat Mar 25 2017 09:35:55 GMT+0800 (Taiwan Standard Time),Sat Mar 25 2017 09:35:51 GMT+0800 (Taiwan Standard Time),,,,,0,0,0,error,"交易所_AII API 錯誤,帳號 (全部) 2017/03/25 09:35:51 連線失敗-連線失敗:api.exchange-a.internal 800 api.exchange-a.internal:8000","交易所_AII API 錯誤,帳號 (全部) 2017/03/25 09:35:51 連線失敗-連線失敗:api.exchange-a.internal 800 api.exchange-a.internal:8000"
15b031a5429ac386,Sat Mar 25 2017 09:35:04 GMT+0800 (Taiwan Standard Time),Sat Mar 25 2017 09:35:00 GMT+0800 (Taiwan Standard Time),,,,,0,0,0,error,"交易所_AII API 錯誤,帳號 (全部) 2017/03/25 09:35:00 連線失敗-連線失敗:api.exchange-a.internal 800 api.exchange-a.internal:8000","交易所_AII API 錯誤,帳號 (全部) 2017/03/25 09:35:00 連線失敗-連線失敗:api.exchange-a.internal 800 api.exchange-a.internal:8000"
15b0319b5c394563,Sat Mar 25 2017 09:34:24 GMT+0800 (Taiwan Standard Time),Sat Mar 25 2017 09:34:20 GMT+0800 (Taiwan Standard Time),,,,,0,0,0,error,"交易所_AII API 錯誤,帳號 (全部) 2017/03/25 09:34:20 連線失敗-連線失敗:api.exchange-a.internal 800 api.exchange-a.internal:8000","交易所_AII API 錯誤,帳號 (全部) 2017/03/25 09:34:20 連線失敗-連線失敗:api.exchange-a.internal 800 api.exchange-a.internal:8000"
15b031918f3f1bce,Sat Mar 25 2017 09:33:45 GMT+0800 (Taiwan Standard Time),Sat Mar 25 2017 09:33:40 GMT+0800 (Taiwan Standard Time),,,,,0,0,0,error,"交易所_AII API 錯誤,帳號 (全部) 2017/03/25 09:33:40 連線失敗-連線失敗:api.exchange-a.internal 800 api.exchange-a.internal:8000","交易所_AII API 錯誤,帳號 (全部) 2017/03/25 09:33:40 連線失敗-連線失敗:api.exchange-a.internal 800 api.exchange-a.internal:8000"
15b0318f8ab4f3ae,Sat Mar 25 2017 09:33:35 GMT+0800 (Taiwan Standard Time),Sat Mar 25 2017 09:33:30 GMT+0800 (Taiwan Standard Time),,,,,0,0,0,error,<發生錯誤> 2017/03/25 09:33:30 交易所_AII API 斷線一分鐘以上，無法登入下單，請儘快處理。,<發生錯誤> 2017/03/25 09:33:30 交易所_AII API 斷線一分鐘以上，無法登入下單，請儘快處理。
15b031848c8fef2e,Sat Mar 25 2017 09:32:51 GMT+0800 (Taiwan Standard Time),Sat Mar 25 2017 09:32:46 GMT+0800 (Taiwan Standard Time),,,,,0,0,0,error,"交易所_AII API 錯誤,帳號 (全部) 2017/03/25 09:32:46 連線失敗-連線失敗:api.exchange-a.internal 800 api.exchange-a.internal:8000","交易所_AII API 錯誤,帳號 (全部) 2017/03/25 09:32:46 連線失敗-連線失敗:api.exchange-a.internal 800 api.exchange-a.internal:8000"
15b0317ace410ed0,Sat Mar 25 2017 09:32:10 GMT+0800 (Taiwan Standard Time),Sat Mar 25 2017 09:32:06 GMT+0800 (Taiwan Standard Time),,,,,0,0,0,error,"交易所_AII API 錯誤,帳號 (全部) 2017/03/25 09:32:06 連線失敗-連線失敗:api.exchange-a.internal 800 api.exchange-a.internal:8000","交易所_AII API 錯誤,帳號 (全部) 2017/03/25 09:32:06 連線失敗-連線失敗:api.exchange-a.internal 800 api.exchange-a.internal:8000"
15b0317107200b06,Sat Mar 25 2017 09:31:30 GMT+0800 (Taiwan Standard Time),Sat Mar 25 2017 09:31:26 GMT+0800 (Taiwan Standard Time),,,,,0,0,0,error,"交易所_AII API 錯誤,帳號 (全部) 2017/03/25 09:31:26 連線失敗-連線失敗:api.exchange-a.internal 800 api.exchange-a.internal:8000","交易所_AII API 錯誤,帳號 (全部) 2017/03/25 09:31:26 連線失敗-連線失敗:api.exchange-a.internal 800 api.exchange-a.internal:8000"
15b03168f2a47958,Sat Mar 25 2017 09:30:52 GMT+0800 (Taiwan Standard Time),Sat Mar 25 2017 09:30:46 GMT+0800 (Taiwan Standard Time),,,,,0,0,0,error,"交易所_AII API 錯誤,帳號 (全部) 2017/03/25 09:30:46 連線失敗-連線失敗:api.exchange-a.internal 800 api.exchange-a.internal:8000","交易所_AII API 錯誤,帳號 (全部) 2017/03/25 09:30:46 連線失敗-連線失敗:api.exchange-a.internal 800 api.exchange-a.internal:8000"
15b0316505ef659a,Sat Mar 25 2017 09:30:41 GMT+0800 (Taiwan Standard Time),Sat Mar 25 2017 09:30:37 GMT+0800 (Taiwan Standard Time),,,,,0,0,0,error,<發生錯誤> 2017/03/25 09:30:37 交易所_AII API 斷線一分鐘以上，無法登入下單，請儘快處理。,<發生錯誤> 2017/03/25 09:30:37 交易所_AII API 斷線一分鐘以上，無法登入下單，請儘快處理。
15b0315cd1932438,Sat Mar 25 2017 09:30:07 GMT+0800 (Taiwan Standard Time),Sat Mar 25 2017 09:30:03 GMT+0800 (Taiwan Standard Time),,,,,0,0,0,error,"交易所_AII API 錯誤,帳號 (全部) 2017/03/25 09:30:03 連線失敗-連線失敗:api.exchange-a.internal 800 api.exchange-a.internal:8000","交易所_AII API 錯誤,帳號 (全部) 2017/03/25 09:30:03 連線失敗-連線失敗:api.exchange-a.internal 800 api.exchange-a.internal:8000"
15b031542cd0c932,Sat Mar 25 2017 09:29:32 GMT+0800 (Taiwan Standard Time),Sat Mar 25 2017 09:29:28 GMT+0800 (Taiwan Standard Time),,,,,0,0,0,error,"交易所_AII API 錯誤,帳號 (全部) 2017/03/25 09:29:28 連線失敗-連線失敗:api.exchange-a.internal 800 api.exchange-a.internal:8000","交易所_AII API 錯誤,帳號 (全部) 2017/03/25 09:29:28 連線失敗-連線失敗:api.exchange-a.internal 800 api.exchange-a.internal:8000"
15b0314bb16370ec,Sat Mar 25 2017 09:28:58 GMT+0800 (Taiwan Standard Time),Sat Mar 25 2017 09:28:53 GMT+0800 (Taiwan Standard Time),,,,,0,0,0,error,"交易所_AII API 錯誤,帳號 (全部) 2017/03/25 09:28:53 連線失敗-連線失敗:api.exchange-a.internal 800 api.exchange-a.internal:8000","交易所_AII API 錯誤,帳號 (全部) 2017/03/25 09:28:53 連線失敗-連線失敗:api.exchange-a.internal 800 api.exchange-a.internal:8000"
15b031422e9fbade,Sat Mar 25 2017 09:28:17 GMT+0800 (Taiwan Standard Time),Sat Mar 25 2017 09:28:13 GMT+0800 (Taiwan Standard Time),,,,,0,0,0,error,"交易所_AII API 錯誤,帳號 (全部) 2017/03/25 09:28:13 連線失敗-連線失敗:api.exchange-a.internal 800 api.exchange-a.internal:8000","交易所_AII API 錯誤,帳號 (全部) 2017/03/25 09:28:13 連線失敗-連線失敗:api.exchange-a.internal 800 api.exchange-a.internal:8000"
15b0313f6bbe4b33,Sat Mar 25 2017 09:28:08 GMT+0800 (Taiwan Standard Time),Sat Mar 25 2017 09:28:04 GMT+0800 (Taiwan Standard Time),,,,,0,0,0,error,<發生錯誤> 2017/03/25 09:28:04 交易所_AII API 斷線一分鐘以上，無法登入下單，請儘快處理。,<發生錯誤> 2017/03/25 09:28:04 交易所_AII API 斷線一分鐘以上，無法登入下單，請儘快處理。
15b03137610f7af1,Sat Mar 25 2017 09:27:34 GMT+0800 (Taiwan Standard Time),Sat Mar 25 2017 09:27:30 GMT+0800 (Taiwan Standard Time),,,,,0,0,0,error,"交易所_AII API 錯誤,帳號 (全部) 2017/03/25 09:27:30 連線失敗-連線失敗:api.exchange-a.internal 800 api.exchange-a.internal:8000","交易所_AII API 錯誤,帳號 (全部) 2017/03/25 09:27:30 連線失敗-連線失敗:api.exchange-a.internal 800 api.exchange-a.internal:8000"
15b0312b3e77ad88,Sat Mar 25 2017 09:26:44 GMT+0800 (Taiwan Standard Time),Sat Mar 25 2017 09:26:39 GMT+0800 (Taiwan Standard Time),,,,,0,0,0,error,"交易所_AII API 錯誤,帳號 (全部) 2017/03/25 09:26:39 連線失敗-連線失敗:api.exchange-a.internal 800 api.exchange-a.internal:8000","交易所_AII API 錯誤,帳號 (全部) 2017/03/25 09:26:39 連線失敗-連線失敗:api.exchange-a.internal 800 api.exchange-a.internal:8000"
15b03120e896a9ba,Sat Mar 25 2017 09:26:03 GMT+0800 (Taiwan Standard Time),Sat Mar 25 2017 09:25:59 GMT+0800 (Taiwan Standard Time),,,,,0,0,0,error,"交易所_AII API 錯誤,帳號 (全部) 2017/03/25 09:25:59 連線失敗-連線失敗:api.exchange-a.internal 800 api.exchange-a.internal:8000","交易所_AII API 錯誤,帳號 (全部) 2017/03/25 09:25:59 連線失敗-連線失敗:api.exchange-a.internal 800 api.exchange-a.internal:8000"
15b0311776f25bed,Sat Mar 25 2017 09:25:23 GMT+0800 (Taiwan Standard Time),Sat Mar 25 2017 09:25:19 GMT+0800 (Taiwan Standard Time),,,,,0,0,0,error,"交易所_AII API 錯誤,帳號 (全部) 2017/03/25 09:25:19 連線失敗-連線失敗:api.exchange-a.internal 800 api.exchange-a.internal:8000","交易所_AII API 錯誤,帳號 (全部) 2017/03/25 09:25:19 連線失敗-連線失敗:api.exchange-a.internal 800 api.exchange-a.internal:8000"
15b0311555537478,Sat Mar 25 2017 09:25:15 GMT+0800 (Taiwan Standard Time),Sat Mar 25 2017 09:25:10 GMT+0800 (Taiwan Standard Time),,,,,0,0,0,error,<發生錯誤> 2017/03/25 09:25:10 交易所_AII API 斷線一分鐘以上，無法登入下單，請儘快處理。,<發生錯誤> 2017/03/25 09:25:10 交易所_AII API 斷線一分鐘以上，無法登入下單，請儘快處理。
15b0310cab3d48de,Sat Mar 25 2017 09:24:35 GMT+0800 (Taiwan Standard Time),Sat Mar 25 2017 09:24:31 GMT+0800 (Taiwan Standard Time),,,,,0,0,0,error,"交易所_AII API 錯誤,帳號 (全部) 2017/03/25 09:24:31 連線失敗-連線失敗:api.exchange-a.internal 800 api.exchange-a.internal:8000","交易所_AII API 錯誤,帳號 (全部) 2017/03/25 09:24:31 連線失敗-連線失敗:api.exchange-a.internal 800 api.exchange-a.internal:8000"
15b03101ed25e313,Sat Mar 25 2017 09:23:55 GMT+0800 (Taiwan Standard Time),Sat Mar 25 2017 09:23:51 GMT+0800 (Taiwan Standard Time),,,,,0,0,0,error,"交易所_AII API 錯誤,帳號 (全部) 2017/03/25 09:23:51 連線失敗-連線失敗:api.exchange-a.internal 800 api.exchange-a.internal:8000","交易所_AII API 錯誤,帳號 (全部) 2017/03/25 09:23:51 連線失敗-連線失敗:api.exchange-a.internal 800 api.exchange-a.internal:8000"
15b030f96a4e6b23,Sat Mar 25 2017 09:23:21 GMT+0800 (Taiwan Standard Time),Sat Mar 25 2017 09:23:16 GMT+0800 (Taiwan Standard Time),,,,,0,0,0,error,"交易所_AII API 錯誤,帳號 (全部) 2017/03/25 09:23:16 連線失敗-連線失敗:api.exchange-a.internal 800 api.exchange-a.internal:8000","交易所_AII API 錯誤,帳號 (全部) 2017/03/25 09:23:16 連線失敗-連線失敗:api.exchange-a.internal 800 api.exchange-a.internal:8000"
15b030f0b3f20f3d,Sat Mar 25 2017 09:22:45 GMT+0800 (Taiwan Standard Time),Sat Mar 25 2017 09:22:41 GMT+0800 (Taiwan Standard Time),,,,,0,0,0,error,"交易所_AII API 錯誤,帳號 (全部) 2017/03/25 09:22:41 連線失敗-連線失敗:api.exchange-a.internal 800 api.exchange-a.internal:8000","交易所_AII API 錯誤,帳號 (全部) 2017/03/25 09:22:41 連線失敗-連線失敗:api.exchange-a.internal 800 api.exchange-a.internal:8000"
15b030ee67c0de4f,Sat Mar 25 2017 09:22:36 GMT+0800 (Taiwan Standard Time),Sat Mar 25 2017 09:22:32 GMT+0800 (Taiwan Standard Time),,,,,0,0,0,error,<發生錯誤> 2017/03/25 09:22:32 交易所_AII API 斷線一分鐘以上，無法登入下單，請儘快處理。,<發生錯誤> 2017/03/25 09:22:32 交易所_AII API 斷線一分鐘以上，無法登入下單，請儘快處理。
15b030e4efb7695b,Sat Mar 25 2017 09:21:57 GMT+0800 (Taiwan Standard Time),Sat Mar 25 2017 09:21:53 GMT+0800 (Taiwan Standard Time),,,,,0,0,0,error,"交易所_AII API 錯誤,帳號 (全部) 2017/03/25 09:21:53 連線失敗-連線失敗:api.exchange-a.internal 800 api.exchange-a.internal:8000","交易所_AII API 錯誤,帳號 (全部) 2017/03/25 09:21:53 連線失敗-連線失敗:api.exchange-a.internal 800 api.exchange-a.internal:8000"
15b030d9e9f3618d,Sat Mar 25 2017 09:21:12 GMT+0800 (Taiwan Standard Time),Sat Mar 25 2017 09:21:08 GMT+0800 (Taiwan Standard Time),,,,,0,0,0,error,"交易所_AII API 錯誤,帳號 (全部) 2017/03/25 09:21:08 連線失敗-連線失敗:api.exchange-a.internal 800 api.exchange-a.internal:8000","交易所_AII API 錯誤,帳號 (全部) 2017/03/25 09:21:08 連線失敗-連線失敗:api.exchange-a.internal 800 api.exchange-a.internal:8000"
15b030cfe039d7f4,Sat Mar 25 2017 09:20:31 GMT+0800 (Taiwan Standard Time),Sat Mar 25 2017 09:20:27 GMT+0800 (Taiwan Standard Time),,,,,0,0,0,error,"交易所_AII API 錯誤,帳號 (全部) 2017/03/25 09:20:27 連線失敗-連線失敗:api.exchange-a.internal 800 api.exchange-a.internal:8000","交易所_AII API 錯誤,帳號 (全部) 2017/03/25 09:20:27 連線失敗-連線失敗:api.exchange-a.internal 800 api.exchange-a.internal:8000"
15b030c6b2913328,Sat Mar 25 2017 09:19:51 GMT+0800 (Taiwan Standard Time),Sat Mar 25 2017 09:19:47 GMT+0800 (Taiwan Standard Time),,,,,0,0,0,error,"交易所_AII API 錯誤,帳號 (全部) 2017/03/25 09:19:47 連線失敗-連線失敗:api.exchange-a.internal 800 api.exchange-a.internal:8000","交易所_AII API 錯誤,帳號 (全部) 2017/03/25 09:19:47 連線失敗-連線失敗:api.exchange-a.internal 800 api.exchange-a.internal:8000"
15b030c3f55cbaaf,Sat Mar 25 2017 09:19:42 GMT+0800 (Taiwan Standard Time),Sat Mar 25 2017 09:19:38 GMT+0800 (Taiwan Standard Time),,,,,0,0,0,error,<發生錯誤> 2017/03/25 09:19:38 交易所_AII API 斷線一分鐘以上，無法登入下單，請儘快處理。,<發生錯誤> 2017/03/25 09:19:38 交易所_AII API 斷線一分鐘以上，無法登入下單，請儘快處理。
15b030ba69a3fdc2,Sat Mar 25 2017 09:19:03 GMT+0800 (Taiwan Standard Time),Sat Mar 25 2017 09:18:59 GMT+0800 (Taiwan Standard Time),,,,,0,0,0,error,"交易所_AII API 錯誤,帳號 (全部) 2017/03/25 09:18:59 連線失敗-連線失敗:api.exchange-a.internal 800 api.exchange-a.internal:8000","交易所_AII API 錯誤,帳號 (全部) 2017/03/25 09:18:59 連線失敗-連線失敗:api.exchange-a.internal 800 api.exchange-a.internal:8000"
15b030b0bf9e4543,Sat Mar 25 2017 09:18:23 GMT+0800 (Taiwan Standard Time),Sat Mar 25 2017 09:18:19 GMT+0800 (Taiwan Standard Time),,,,,0,0,0,error,"交易所_AII API 錯誤,帳號 (全部) 2017/03/25 09:18:19 連線失敗-連線失敗:api.exchange-a.internal 800 api.exchange-a.internal:8000","交易所_AII API 錯誤,帳號 (全部) 2017/03/25 09:18:19 連線失敗-連線失敗:api.exchange-a.internal 800 api.exchange-a.internal:8000"
15b030a6f36882c9,Sat Mar 25 2017 09:17:43 GMT+0800 (Taiwan Standard Time),Sat Mar 25 2017 09:17:39 GMT+0800 (Taiwan Standard Time),,,,,0,0,0,error,"交易所_AII API 錯誤,帳號 (全部) 2017/03/25 09:17:39 連線失敗-連線失敗:api.exchange-a.internal 800 api.exchange-a.internal:8000","交易所_AII API 錯誤,帳號 (全部) 2017/03/25 09:17:39 連線失敗-連線失敗:api.exchange-a.internal 800 api.exchange-a.internal:8000"
15b0309e55e1a19d,Sat Mar 25 2017 09:17:08 GMT+0800 (Taiwan Standard Time),Sat Mar 25 2017 09:17:04 GMT+0800 (Taiwan Standard Time),,,,,0,0,0,error,"交易所_AII API 錯誤,帳號 (全部) 2017/03/25 09:17:04 連線失敗-連線失敗:api.exchange-a.internal 800 api.exchange-a.internal:8000","交易所_AII API 錯誤,帳號 (全部) 2017/03/25 09:17:04 連線失敗-連線失敗:api.exchange-a.internal 800 api.exchange-a.internal:8000"
15b0309c2e261101,Sat Mar 25 2017 09:16:59 GMT+0800 (Taiwan Standard Time),Sat Mar 25 2017 09:16:55 GMT+0800 (Taiwan Standard Time),,,,,0,0,0,error,<發生錯誤> 2017/03/25 09:16:55 交易所_AII API 斷線一分鐘以上，無法登入下單，請儘快處理。,<發生錯誤> 2017/03/25 09:16:55 交易所_AII API 斷線一分鐘以上，無法登入下單，請儘快處理。
15b03093d8afc101,Sat Mar 25 2017 09:16:25 GMT+0800 (Taiwan Standard Time),Sat Mar 25 2017 09:16:21 GMT+0800 (Taiwan Standard Time),,,,,0,0,0,error,"交易所_AII API 錯誤,帳號 (全部) 2017/03/25 09:16:21 連線失敗-連線失敗:api.exchange-a.internal 800 api.exchange-a.internal:8000","交易所_AII API 錯誤,帳號 (全部) 2017/03/25 09:16:21 連線失敗-連線失敗:api.exchange-a.internal 800 api.exchange-a.internal:8000"
15b0308b58b87728,Sat Mar 25 2017 09:15:45 GMT+0800 (Taiwan Standard Time),Sat Mar 25 2017 09:15:41 GMT+0800 (Taiwan Standard Time),,,,,0,0,0,error,"交易所_AII API 錯誤,帳號 (全部) 2017/03/25 09:15:41 連線失敗-連線失敗:api.exchange-a.internal 800 api.exchange-a.internal:8000","交易所_AII API 錯誤,帳號 (全部) 2017/03/25 09:15:41 連線失敗-連線失敗:api.exchange-a.internal 800 api.exchange-a.internal:8000"
15b0307e77d0eef4,Sat Mar 25 2017 09:14:55 GMT+0800 (Taiwan Standard Time),Sat Mar 25 2017 09:14:50 GMT+0800 (Taiwan Standard Time),,,,,0,0,0,error,"交易所_AII API 錯誤,帳號 (全部) 2017/03/25 09:14:50 連線失敗-連線失敗:api.exchange-a.internal 800 api.exchange-a.internal:8000","交易所_AII API 錯誤,帳號 (全部) 2017/03/25 09:14:50 連線失敗-連線失敗:api.exchange-a.internal 800 api.exchange-a.internal:8000"
15b03073fd12f4f5,Sat Mar 25 2017 09:14:14 GMT+0800 (Taiwan Standard Time),Sat Mar 25 2017 09:14:10 GMT+0800 (Taiwan Standard Time),,,,,0,0,0,error,"交易所_AII API 錯誤,帳號 (全部) 2017/03/25 09:14:10 連線失敗-連線失敗:api.exchange-a.internal 800 api.exchange-a.internal:8000","交易所_AII API 錯誤,帳號 (全部) 2017/03/25 09:14:10 連線失敗-連線失敗:api.exchange-a.internal 800 api.exchange-a.internal:8000"
15b03071ef677ab3,Sat Mar 25 2017 09:14:06 GMT+0800 (Taiwan Standard Time),Sat Mar 25 2017 09:14:02 GMT+0800 (Taiwan Standard Time),,,,,0,0,0,error,<發生錯誤> 2017/03/25 09:14:02 交易所_AII API 斷線一分鐘以上，無法登入下單，請儘快處理。,<發生錯誤> 2017/03/25 09:14:02 交易所_AII API 斷線一分鐘以上，無法登入下單，請儘快處理。
15b03069c981b141,Sat Mar 25 2017 09:13:32 GMT+0800 (Taiwan Standard Time),Sat Mar 25 2017 09:13:28 GMT+0800 (Taiwan Standard Time),,,,,0,0,0,error,"交易所_AII API 錯誤,帳號 (全部) 2017/03/25 09:13:28 連線失敗-連線失敗:api.exchange-a.internal 800 api.exchange-a.internal:8000","交易所_AII API 錯誤,帳號 (全部) 2017/03/25 09:13:28 連線失敗-連線失敗:api.exchange-a.internal 800 api.exchange-a.internal:8000"
15b0305dbf92b9f9,Sat Mar 25 2017 09:12:42 GMT+0800 (Taiwan Standard Time),Sat Mar 25 2017 09:12:37 GMT+0800 (Taiwan Standard Time),,,,,0,0,0,error,"交易所_AII API 錯誤,帳號 (全部) 2017/03/25 09:12:37 連線失敗-連線失敗:api.exchange-a.internal 800 api.exchange-a.internal:8000","交易所_AII API 錯誤,帳號 (全部) 2017/03/25 09:12:37 連線失敗-連線失敗:api.exchange-a.internal 800 api.exchange-a.internal:8000"
15b03053b867baa8,Sat Mar 25 2017 09:12:01 GMT+0800 (Taiwan Standard Time),Sat Mar 25 2017 09:11:57 GMT+0800 (Taiwan Standard Time),,,,,0,0,0,error,"交易所_AII API 錯誤,帳號 (全部) 2017/03/25 09:11:57 連線失敗-連線失敗:api.exchange-a.internal 800 api.exchange-a.internal:8000","交易所_AII API 錯誤,帳號 (全部) 2017/03/25 09:11:57 連線失敗-連線失敗:api.exchange-a.internal 800 api.exchange-a.internal:8000"
15b03049fe3cbdcd,Sat Mar 25 2017 09:11:21 GMT+0800 (Taiwan Standard Time),Sat Mar 25 2017 09:11:17 GMT+0800 (Taiwan Standard Time),,,,,0,0,0,error,"交易所_AII API 錯誤,帳號 (全部) 2017/03/25 09:11:17 連線失敗-連線失敗:api.exchange-a.internal 800 api.exchange-a.internal:8000","交易所_AII API 錯誤,帳號 (全部) 2017/03/25 09:11:17 連線失敗-連線失敗:api.exchange-a.internal 800 api.exchange-a.internal:8000"
15b03047be87fb07,Sat Mar 25 2017 09:11:12 GMT+0800 (Taiwan Standard Time),Sat Mar 25 2017 09:11:08 GMT+0800 (Taiwan Standard Time),,,,,0,0,0,error,<發生錯誤> 2017/03/25 09:11:08 交易所_AII API 斷線一分鐘以上，無法登入下單，請儘快處理。,<發生錯誤> 2017/03/25 09:11:08 交易所_AII API 斷線一分鐘以上，無法登入下單，請儘快處理。
15b0303e23eed99c,Sat Mar 25 2017 09:10:33 GMT+0800 (Taiwan Standard Time),Sat Mar 25 2017 09:10:29 GMT+0800 (Taiwan Standard Time),,,,,0,0,0,error,"交易所_AII API 錯誤,帳號 (全部) 2017/03/25 09:10:29 連線失敗-連線失敗:api.exchange-a.internal 800 api.exchange-a.internal:8000","交易所_AII API 錯誤,帳號 (全部) 2017/03/25 09:10:29 連線失敗-連線失敗:api.exchange-a.internal 800 api.exchange-a.internal:8000"
15b0303575e7bfe0,Sat Mar 25 2017 09:09:58 GMT+0800 (Taiwan Standard Time),Sat Mar 25 2017 09:09:54 GMT+0800 (Taiwan Standard Time),,,,,0,0,0,error,"交易所_AII API 錯誤,帳號 (全部) 2017/03/25 09:09:54 連線失敗-連線失敗:api.exchange-a.internal 800 api.exchange-a.internal:8000","交易所_AII API 錯誤,帳號 (全部) 2017/03/25 09:09:54 連線失敗-連線失敗:api.exchange-a.internal 800 api.exchange-a.internal:8000"
15b0302d10562600,Sat Mar 25 2017 09:09:23 GMT+0800 (Taiwan Standard Time),Sat Mar 25 2017 09:09:19 GMT+0800 (Taiwan Standard Time),,,,,0,0,0,error,"交易所_AII API 錯誤,帳號 (全部) 2017/03/25 09:09:19 連線失敗-連線失敗:api.exchange-a.internal 800 api.exchange-a.internal:8000","交易所_AII API 錯誤,帳號 (全部) 2017/03/25 09:09:19 連線失敗-連線失敗:api.exchange-a.internal 800 api.exchange-a.internal:8000"
15b0302446e7eeba,Sat Mar 25 2017 09:08:48 GMT+0800 (Taiwan Standard Time),Sat Mar 25 2017 09:08:44 GMT+0800 (Taiwan Standard Time),,,,,0,0,0,error,"交易所_AII API 錯誤,帳號 (全部) 2017/03/25 09:08:44 連線失敗-連線失敗:api.exchange-a.internal 800 api.exchange-a.internal:8000","交易所_AII API 錯誤,帳號 (全部) 2017/03/25 09:08:44 連線失敗-連線失敗:api.exchange-a.internal 800 api.exchange-a.internal:8000"
15b0302212258e06,Sat Mar 25 2017 09:08:39 GMT+0800 (Taiwan Standard Time),Sat Mar 25 2017 09:08:35 GMT+0800 (Taiwan Standard Time),,,,,0,0,0,error,<發生錯誤> 2017/03/25 09:08:35 交易所_AII API 斷線一分鐘以上，無法登入下單，請儘快處理。,<發生錯誤> 2017/03/25 09:08:35 交易所_AII API 斷線一分鐘以上，無法登入下單，請儘快處理。
15b03018d6610fb0,Sat Mar 25 2017 09:08:00 GMT+0800 (Taiwan Standard Time),Sat Mar 25 2017 09:07:56 GMT+0800 (Taiwan Standard Time),,,,,0,0,0,error,"交易所_AII API 錯誤,帳號 (全部) 2017/03/25 09:07:56 連線失敗-連線失敗:api.exchange-a.internal 800 api.exchange-a.internal:8000","交易所_AII API 錯誤,帳號 (全部) 2017/03/25 09:07:56 連線失敗-連線失敗:api.exchange-a.internal 800 api.exchange-a.internal:8000"
15b030101208b5f2,Sat Mar 25 2017 09:07:25 GMT+0800 (Taiwan Standard Time),Sat Mar 25 2017 09:07:21 GMT+0800 (Taiwan Standard Time),,,,,0,0,0,error,"交易所_AII API 錯誤,帳號 (全部) 2017/03/25 09:07:21 連線失敗-連線失敗:api.exchange-a.internal 800 api.exchange-a.internal:8000","交易所_AII API 錯誤,帳號 (全部) 2017/03/25 09:07:21 連線失敗-連線失敗:api.exchange-a.internal 800 api.exchange-a.internal:8000"
15b030076dfe9108,Sat Mar 25 2017 09:06:50 GMT+0800 (Taiwan Standard Time),Sat Mar 25 2017 09:06:46 GMT+0800 (Taiwan Standard Time),,,,,0,0,0,error,"交易所_AII API 錯誤,帳號 (全部) 2017/03/25 09:06:46 連線失敗-連線失敗:api.exchange-a.internal 800 api.exchange-a.internal:8000","交易所_AII API 錯誤,帳號 (全部) 2017/03/25 09:06:46 連線失敗-連線失敗:api.exchange-a.internal 800 api.exchange-a.internal:8000"
15b02ffee22a7fad,Sat Mar 25 2017 09:06:15 GMT+0800 (Taiwan Standard Time),Sat Mar 25 2017 09:06:11 GMT+0800 (Taiwan Standard Time),,,,,0,0,0,error,"交易所_AII API 錯誤,帳號 (全部) 2017/03/25 09:06:11 連線失敗-連線失敗:api.exchange-a.internal 800 api.exchange-a.internal:8000","交易所_AII API 錯誤,帳號 (全部) 2017/03/25 09:06:11 連線失敗-連線失敗:api.exchange-a.internal 800 api.exchange-a.internal:8000"
15b02ffca0b6eb06,Sat Mar 25 2017 09:06:06 GMT+0800 (Taiwan Standard Time),Sat Mar 25 2017 09:06:02 GMT+0800 (Taiwan Standard Time),,,,,0,0,0,error,<發生錯誤> 2017/03/25 09:06:02 交易所_AII API 斷線一分鐘以上，無法登入下單，請儘快處理。,<發生錯誤> 2017/03/25 09:06:02 交易所_AII API 斷線一分鐘以上，無法登入下單，請儘快處理。
15b02ff4a3e6d62b,Sat Mar 25 2017 09:05:33 GMT+0800 (Taiwan Standard Time),Sat Mar 25 2017 09:05:28 GMT+0800 (Taiwan Standard Time),,,,,0,0,0,error,"交易所_AII API 錯誤,帳號 (全部) 2017/03/25 09:05:28 連線失敗-連線失敗:api.exchange-a.internal 800 api.exchange-a.internal:8000","交易所_AII API 錯誤,帳號 (全部) 2017/03/25 09:05:28 連線失敗-連線失敗:api.exchange-a.internal 800 api.exchange-a.internal:8000"
15b02feab5f555c8,Sat Mar 25 2017 09:04:52 GMT+0800 (Taiwan Standard Time),Sat Mar 25 2017 09:04:48 GMT+0800 (Taiwan Standard Time),,,,,0,0,0,error,"交易所_AII API 錯誤,帳號 (全部) 2017/03/25 09:04:48 連線失敗-連線失敗:api.exchange-a.internal 800 api.exchange-a.internal:8000","交易所_AII API 錯誤,帳號 (全部) 2017/03/25 09:04:48 連線失敗-連線失敗:api.exchange-a.internal 800 api.exchange-a.internal:8000"
15b02fdfaa452f54,Sat Mar 25 2017 09:04:07 GMT+0800 (Taiwan Standard Time),Sat Mar 25 2017 09:04:02 GMT+0800 (Taiwan Standard Time),,,,,0,0,0,error,"交易所_AII API 錯誤,帳號 (全部) 2017/03/25 09:04:02 連線失敗-連線失敗:api.exchange-a.internal 800 api.exchange-a.internal:8000","交易所_AII API 錯誤,帳號 (全部) 2017/03/25 09:04:02 連線失敗-連線失敗:api.exchange-a.internal 800 api.exchange-a.internal:8000"
15b02fd5e2e10598,Sat Mar 25 2017 09:03:27 GMT+0800 (Taiwan Standard Time),Sat Mar 25 2017 09:03:22 GMT+0800 (Taiwan Standard Time),,,,,0,0,0,error,"交易所_AII API 錯誤,帳號 (全部) 2017/03/25 09:03:22 連線失敗-連線失敗:api.exchange-a.internal 800 api.exchange-a.internal:8000","交易所_AII API 錯誤,帳號 (全部) 2017/03/25 09:03:22 連線失敗-連線失敗:api.exchange-a.internal 800 api.exchange-a.internal:8000"
15b02fd3ba7ea6f4,Sat Mar 25 2017 09:03:17 GMT+0800 (Taiwan Standard Time),Sat Mar 25 2017 09:03:12 GMT+0800 (Taiwan Standard Time),,,,,0,0,0,error,<發生錯誤> 2017/03/25 09:03:12 交易所_AII API 斷線一分鐘以上，無法登入下單，請儘快處理。,<發生錯誤> 2017/03/25 09:03:12 交易所_AII API 斷線一分鐘以上，無法登入下單，請儘快處理。
15b02fc78ee58a96,Sat Mar 25 2017 09:02:28 GMT+0800 (Taiwan Standard Time),Sat Mar 25 2017 09:02:23 GMT+0800 (Taiwan Standard Time),,,,,0,0,0,error,"交易所_AII API 錯誤,帳號 (全部) 2017/03/25 09:02:23 連線失敗-連線失敗:api.exchange-a.internal 800 api.exchange-a.internal:8000","交易所_AII API 錯誤,帳號 (全部) 2017/03/25 09:02:23 連線失敗-連線失敗:api.exchange-a.internal 800 api.exchange-a.internal:8000"
15b02fbdd8ae2805,Sat Mar 25 2017 09:01:47 GMT+0800 (Taiwan Standard Time),Sat Mar 25 2017 09:01:43 GMT+0800 (Taiwan Standard Time),,,,,0,0,0,error,"交易所_AII API 錯誤,帳號 (全部) 2017/03/25 09:01:43 連線失敗-連線失敗:api.exchange-a.internal 800 api.exchange-a.internal:8000","交易所_AII API 錯誤,帳號 (全部) 2017/03/25 09:01:43 連線失敗-連線失敗:api.exchange-a.internal 800 api.exchange-a.internal:8000"
15b02fb3bea638d9,Sat Mar 25 2017 09:01:07 GMT+0800 (Taiwan Standard Time),Sat Mar 25 2017 09:01:03 GMT+0800 (Taiwan Standard Time),,,,,0,0,0,error,"交易所_AII API 錯誤,帳號 (全部) 2017/03/25 09:01:03 連線失敗-連線失敗:api.exchange-a.internal 800 api.exchange-a.internal:8000","交易所_AII API 錯誤,帳號 (全部) 2017/03/25 09:01:03 連線失敗-連線失敗:api.exchange-a.internal 800 api.exchange-a.internal:8000"
15b02faa3223d264,Sat Mar 25 2017 09:00:27 GMT+0800 (Taiwan Standard Time),Sat Mar 25 2017 09:00:23 GMT+0800 (Taiwan Standard Time),,,,,0,0,0,error,"交易所_AII API 錯誤,帳號 (全部) 2017/03/25 09:00:23 連線失敗-連線失敗:api.exchange-a.internal 800 api.exchange-a.internal:8000","交易所_AII API 錯誤,帳號 (全部) 2017/03/25 09:00:23 連線失敗-連線失敗:api.exchange-a.internal 800 api.exchange-a.internal:8000"
15b02fa840902378,Sat Mar 25 2017 09:00:18 GMT+0800 (Taiwan Standard Time),Sat Mar 25 2017 09:00:14 GMT+0800 (Taiwan Standard Time),,,,,0,0,0,error,<發生錯誤> 2017/03/25 09:00:14 交易所_AII API 斷線一分鐘以上，無法登入下單，請儘快處理。,<發生錯誤> 2017/03/25 09:00:14 交易所_AII API 斷線一分鐘以上，無法登入下單，請儘快處理。
15b02f9ffec37108,Sat Mar 25 2017 08:59:44 GMT+0800 (Taiwan Standard Time),Sat Mar 25 2017 08:59:40 GMT+0800 (Taiwan Standard Time),,,,,0,0,0,error,"交易所_AII API 錯誤,帳號 (全部) 2017/03/25 08:59:40 連線失敗-連線失敗:api.exchange-a.internal 800 api.exchange-a.internal:8000","交易所_AII API 錯誤,帳號 (全部) 2017/03/25 08:59:40 連線失敗-連線失敗:api.exchange-a.internal 800 api.exchange-a.internal:8000"
15b02f97349358b8,Sat Mar 25 2017 08:59:09 GMT+0800 (Taiwan Standard Time),Sat Mar 25 2017 08:59:05 GMT+0800 (Taiwan Standard Time),,,,,0,0,0,error,"交易所_AII API 錯誤,帳號 (全部) 2017/03/25 08:59:05 連線失敗-連線失敗:api.exchange-a.internal 800 api.exchange-a.internal:8000","交易所_AII API 錯誤,帳號 (全部) 2017/03/25 08:59:05 連線失敗-連線失敗:api.exchange-a.internal 800 api.exchange-a.internal:8000"
15b02f8e706a2611,Sat Mar 25 2017 08:58:34 GMT+0800 (Taiwan Standard Time),Sat Mar 25 2017 08:58:30 GMT+0800 (Taiwan Standard Time),,,,,0,0,0,error,"交易所_AII API 錯誤,帳號 (全部) 2017/03/25 08:58:30 連線失敗-連線失敗:api.exchange-a.internal 800 api.exchange-a.internal:8000","交易所_AII API 錯誤,帳號 (全部) 2017/03/25 08:58:30 連線失敗-連線失敗:api.exchange-a.internal 800 api.exchange-a.internal:8000"
15b02f861204f88e,Sat Mar 25 2017 08:57:59 GMT+0800 (Taiwan Standard Time),Sat Mar 25 2017 08:57:55 GMT+0800 (Taiwan Standard Time),,,,,0,0,0,error,"交易所_AII API 錯誤,帳號 (全部) 2017/03/25 08:57:55 連線失敗-連線失敗:api.exchange-a.internal 800 api.exchange-a.internal:8000","交易所_AII API 錯誤,帳號 (全部) 2017/03/25 08:57:55 連線失敗-連線失敗:api.exchange-a.internal 800 api.exchange-a.internal:8000"
15b02f83a4607ded,Sat Mar 25 2017 08:57:49 GMT+0800 (Taiwan Standard Time),Sat Mar 25 2017 08:57:45 GMT+0800 (Taiwan Standard Time),,,,,0,0,0,error,<發生錯誤> 2017/03/25 08:57:45 交易所_AII API 斷線一分鐘以上，無法登入下單，請儘快處理。,<發生錯誤> 2017/03/25 08:57:45 交易所_AII API 斷線一分鐘以上，無法登入下單，請儘快處理。
15b02f7ac1a30ada,Sat Mar 25 2017 08:57:14 GMT+0800 (Taiwan Standard Time),Sat Mar 25 2017 08:57:07 GMT+0800 (Taiwan Standard Time),,,,,0,0,0,error,"交易所_AII API 錯誤,帳號 (全部) 2017/03/25 08:57:07 連線失敗-連線失敗:api.exchange-a.internal 800 api.exchange-a.internal:8000","交易所_AII API 錯誤,帳號 (全部) 2017/03/25 08:57:07 連線失敗-連線失敗:api.exchange-a.internal 800 api.exchange-a.internal:8000"
15b02f70437c3971,Sat Mar 25 2017 08:56:30 GMT+0800 (Taiwan Standard Time),Sat Mar 25 2017 08:56:26 GMT+0800 (Taiwan Standard Time),,,,,0,0,0,error,"交易所_AII API 錯誤,帳號 (全部) 2017/03/25 08:56:26 連線失敗-連線失敗:api.exchange-a.internal 800 api.exchange-a.internal:8000","交易所_AII API 錯誤,帳號 (全部) 2017/03/25 08:56:26 連線失敗-連線失敗:api.exchange-a.internal 800 api.exchange-a.internal:8000"
15b02f678c8cdfad,Sat Mar 25 2017 08:55:55 GMT+0800 (Taiwan Standard Time),Sat Mar 25 2017 08:55:51 GMT+0800 (Taiwan Standard Time),,,,,0,0,0,error,"交易所_AII API 錯誤,帳號 (全部) 2017/03/25 08:55:51 連線失敗-連線失敗:api.exchange-a.internal 800 api.exchange-a.internal:8000","交易所_AII API 錯誤,帳號 (全部) 2017/03/25 08:55:51 連線失敗-連線失敗:api.exchange-a.internal 800 api.exchange-a.internal:8000"
15b02f5f809dab66,Sat Mar 25 2017 08:55:20 GMT+0800 (Taiwan Standard Time),Sat Mar 25 2017 08:55:16 GMT+0800 (Taiwan Standard Time),,,,,0,0,0,error,"交易所_AII API 錯誤,帳號 (全部) 2017/03/25 08:55:16 連線失敗-連線失敗:api.exchange-a.internal 800 api.exchange-a.internal:8000","交易所_AII API 錯誤,帳號 (全部) 2017/03/25 08:55:16 連線失敗-連線失敗:api.exchange-a.internal 800 api.exchange-a.internal:8000"
15b02f5ccdf7ba75,Sat Mar 25 2017 08:55:11 GMT+0800 (Taiwan Standard Time),Sat Mar 25 2017 08:55:07 GMT+0800 (Taiwan Standard Time),,,,,0,0,0,error,<發生錯誤> 2017/03/25 08:55:07 交易所_AII API 斷線一分鐘以上，無法登入下單，請儘快處理。,<發生錯誤> 2017/03/25 08:55:07 交易所_AII API 斷線一分鐘以上，無法登入下單，請儘快處理。
15b02f550550fff8,Sat Mar 25 2017 08:54:37 GMT+0800 (Taiwan Standard Time),Sat Mar 25 2017 08:54:33 GMT+0800 (Taiwan Standard Time),,,,,0,0,0,error,"交易所_AII API 錯誤,帳號 (全部) 2017/03/25 08:54:33 連線失敗-連線失敗:api.exchange-a.internal 800 api.exchange-a.internal:8000","交易所_AII API 錯誤,帳號 (全部) 2017/03/25 08:54:33 連線失敗-連線失敗:api.exchange-a.internal 800 api.exchange-a.internal:8000"
15b02f4c2e4b8e11,Sat Mar 25 2017 08:54:02 GMT+0800 (Taiwan Standard Time),Sat Mar 25 2017 08:53:58 GMT+0800 (Taiwan Standard Time),,,,,0,0,0,error,"交易所_AII API 錯誤,帳號 (全部) 2017/03/25 08:53:58 連線失敗-連線失敗:api.exchange-a.internal 800 api.exchange-a.internal:8000","交易所_AII API 錯誤,帳號 (全部) 2017/03/25 08:53:58 連線失敗-連線失敗:api.exchange-a.internal 800 api.exchange-a.internal:8000"
15b02f3fcd75559e,Sat Mar 25 2017 08:53:12 GMT+0800 (Taiwan Standard Time),Sat Mar 25 2017 08:53:07 GMT+0800 (Taiwan Standard Time),,,,,0,0,0,error,"交易所_AII API 錯誤,帳號 (全部) 2017/03/25 08:53:07 連線失敗-連線失敗:api.exchange-a.internal 800 api.exchange-a.internal:8000","交易所_AII API 錯誤,帳號 (全部) 2017/03/25 08:53:07 連線失敗-連線失敗:api.exchange-a.internal 800 api.exchange-a.internal:8000"
15b02f35cd6370b8,Sat Mar 25 2017 08:52:32 GMT+0800 (Taiwan Standard Time),Sat Mar 25 2017 08:52:27 GMT+0800 (Taiwan Standard Time),,,,,0,0,0,error,"交易所_AII API 錯誤,帳號 (全部) 2017/03/25 08:52:27 連線失敗-連線失敗:api.exchange-a.internal 800 api.exchange-a.internal:8000","交易所_AII API 錯誤,帳號 (全部) 2017/03/25 08:52:27 連線失敗-連線失敗:api.exchange-a.internal 800 api.exchange-a.internal:8000"
15b02f33d713829d,Sat Mar 25 2017 08:52:22 GMT+0800 (Taiwan Standard Time),Sat Mar 25 2017 08:52:18 GMT+0800 (Taiwan Standard Time),,,,,0,0,0,error,<發生錯誤> 2017/03/25 08:52:18 交易所_AII API 斷線一分鐘以上，無法登入下單，請儘快處理。,<發生錯誤> 2017/03/25 08:52:18 交易所_AII API 斷線一分鐘以上，無法登入下單，請儘快處理。
15b02f2a473e1e95,Sat Mar 25 2017 08:51:43 GMT+0800 (Taiwan Standard Time),Sat Mar 25 2017 08:51:39 GMT+0800 (Taiwan Standard Time),,,,,0,0,0,error,"交易所_AII API 錯誤,帳號 (全部) 2017/03/25 08:51:39 連線失敗-連線失敗:api.exchange-a.internal 800 api.exchange-a.internal:8000","交易所_AII API 錯誤,帳號 (全部) 2017/03/25 08:51:39 連線失敗-連線失敗:api.exchange-a.internal 800 api.exchange-a.internal:8000"
15b02f2193aa4c6e,Sat Mar 25 2017 08:51:08 GMT+0800 (Taiwan Standard Time),Sat Mar 25 2017 08:51:04 GMT+0800 (Taiwan Standard Time),,,,,0,0,0,error,"交易所_AII API 錯誤,帳號 (全部) 2017/03/25 08:51:04 連線失敗-連線失敗:api.exchange-a.internal 800 api.exchange-a.internal:8000","交易所_AII API 錯誤,帳號 (全部) 2017/03/25 08:51:04 連線失敗-連線失敗:api.exchange-a.internal 800 api.exchange-a.internal:8000"
15b02f18f52daa6a,Sat Mar 25 2017 08:50:33 GMT+0800 (Taiwan Standard Time),Sat Mar 25 2017 08:50:29 GMT+0800 (Taiwan Standard Time),,,,,0,0,0,error,"交易所_AII API 錯誤,帳號 (全部) 2017/03/25 08:50:29 連線失敗-連線失敗:api.exchange-a.internal 800 api.exchange-a.internal:8000","交易所_AII API 錯誤,帳號 (全部) 2017/03/25 08:50:29 連線失敗-連線失敗:api.exchange-a.internal 800 api.exchange-a.internal:8000"
15b02f107dee95ef,Sat Mar 25 2017 08:49:58 GMT+0800 (Taiwan Standard Time),Sat Mar 25 2017 08:49:54 GMT+0800 (Taiwan Standard Time),,,,,0,0,0,error,"交易所_AII API 錯誤,帳號 (全部) 2017/03/25 08:49:54 連線失敗-連線失敗:api.exchange-a.internal 800 api.exchange-a.internal:8000","交易所_AII API 錯誤,帳號 (全部) 2017/03/25 08:49:54 連線失敗-連線失敗:api.exchange-a.internal 800 api.exchange-a.internal:8000"
15b02f0e36c90dd5,Sat Mar 25 2017 08:49:48 GMT+0800 (Taiwan Standard Time),Sat Mar 25 2017 08:49:44 GMT+0800 (Taiwan Standard Time),,,,,0,0,0,error,<發生錯誤> 2017/03/25 08:49:44 交易所_AII API 斷線一分鐘以上，無法登入下單，請儘快處理。,<發生錯誤> 2017/03/25 08:49:44 交易所_AII API 斷線一分鐘以上，無法登入下單，請儘快處理。
15b02f04fa4e6d70,Sat Mar 25 2017 08:49:09 GMT+0800 (Taiwan Standard Time),Sat Mar 25 2017 08:49:05 GMT+0800 (Taiwan Standard Time),,,,,0,0,0,error,"交易所_AII API 錯誤,帳號 (全部) 2017/03/25 08:49:05 連線失敗-連線失敗:api.exchange-a.internal 800 api.exchange-a.internal:8000","交易所_AII API 錯誤,帳號 (全部) 2017/03/25 08:49:05 連線失敗-連線失敗:api.exchange-a.internal 800 api.exchange-a.internal:8000"
15b02efbe79c33f9,Sat Mar 25 2017 08:48:34 GMT+0800 (Taiwan Standard Time),Sat Mar 25 2017 08:48:30 GMT+0800 (Taiwan Standard Time),,,,,0,0,0,error,"交易所_AII API 錯誤,帳號 (全部) 2017/03/25 08:48:30 連線失敗-連線失敗:api.exchange-a.internal 800 api.exchange-a.internal:8000","交易所_AII API 錯誤,帳號 (全部) 2017/03/25 08:48:30 連線失敗-連線失敗:api.exchange-a.internal 800 api.exchange-a.internal:8000"
15b02ef35e88ae63,Sat Mar 25 2017 08:47:59 GMT+0800 (Taiwan Standard Time),Sat Mar 25 2017 08:47:55 GMT+0800 (Taiwan Standard Time),,,,,0,0,0,error,"交易所_AII API 錯誤,帳號 (全部) 2017/03/25 08:47:55 連線失敗-連線失敗:api.exchange-a.internal 800 api.exchange-a.internal:8000","交易所_AII API 錯誤,帳號 (全部) 2017/03/25 08:47:55 連線失敗-連線失敗:api.exchange-a.internal 800 api.exchange-a.internal:8000"
15b02eeadb187bf8,Sat Mar 25 2017 08:47:24 GMT+0800 (Taiwan Standard Time),Sat Mar 25 2017 08:47:20 GMT+0800 (Taiwan Standard Time),,,,,0,0,0,error,"交易所_AII API 錯誤,帳號 (全部) 2017/03/25 08:47:20 連線失敗-連線失敗:api.exchange-a.internal 800 api.exchange-a.internal:8000","交易所_AII API 錯誤,帳號 (全部) 2017/03/25 08:47:20 連線失敗-連線失敗:api.exchange-a.internal 800 api.exchange-a.internal:8000"
15b02ee893450cbc,Sat Mar 25 2017 08:47:15 GMT+0800 (Taiwan Standard Time),Sat Mar 25 2017 08:47:11 GMT+0800 (Taiwan Standard Time),,,,,0,0,0,error,<發生錯誤> 2017/03/25 08:47:11 交易所_AII API 斷線一分鐘以上，無法登入下單，請儘快處理。,<發生錯誤> 2017/03/25 08:47:11 交易所_AII API 斷線一分鐘以上，無法登入下單，請儘快處理。
15b02ee049aeeb33,Sat Mar 25 2017 08:46:41 GMT+0800 (Taiwan Standard Time),Sat Mar 25 2017 08:46:37 GMT+0800 (Taiwan Standard Time),,,,,0,0,0,error,"交易所_AII API 錯誤,帳號 (全部) 2017/03/25 08:46:37 連線失敗-連線失敗:api.exchange-a.internal 800 api.exchange-a.internal:8000","交易所_AII API 錯誤,帳號 (全部) 2017/03/25 08:46:37 連線失敗-連線失敗:api.exchange-a.internal 800 api.exchange-a.internal:8000"
15b02ed50b1dd254,Sat Mar 25 2017 08:45:56 GMT+0800 (Taiwan Standard Time),Sat Mar 25 2017 08:45:51 GMT+0800 (Taiwan Standard Time),,,,,0,0,0,error,"交易所_AII API 錯誤,帳號 (全部) 2017/03/25 08:45:51 連線失敗-連線失敗:api.exchange-a.internal 800 api.exchange-a.internal:8000","交易所_AII API 錯誤,帳號 (全部) 2017/03/25 08:45:51 連線失敗-連線失敗:api.exchange-a.internal 800 api.exchange-a.internal:8000"
15b02eca8107bc76,Sat Mar 25 2017 08:45:11 GMT+0800 (Taiwan Standard Time),Sat Mar 25 2017 08:45:06 GMT+0800 (Taiwan Standard Time),,,,,0,0,0,error,"交易所_AII API 錯誤,帳號 (全部) 2017/03/25 08:45:06 連線失敗-連線失敗:api.exchange-a.internal 800 api.exchange-a.internal:8000","交易所_AII API 錯誤,帳號 (全部) 2017/03/25 08:45:06 連線失敗-連線失敗:api.exchange-a.internal 800 api.exchange-a.internal:8000"
15b02ec08d2be6d0,Sat Mar 25 2017 08:44:30 GMT+0800 (Taiwan Standard Time),Sat Mar 25 2017 08:44:26 GMT+0800 (Taiwan Standard Time),,,,,0,0,0,error,"交易所_AII API 錯誤,帳號 (全部) 2017/03/25 08:44:26 連線失敗-連線失敗:api.exchange-a.internal 800 api.exchange-a.internal:8000","交易所_AII API 錯誤,帳號 (全部) 2017/03/25 08:44:26 連線失敗-連線失敗:api.exchange-a.internal 800 api.exchange-a.internal:8000"
15b02eb97a9e11ff,Sat Mar 25 2017 08:44:01 GMT+0800 (Taiwan Standard Time),Sat Mar 25 2017 08:43:56 GMT+0800 (Taiwan Standard Time),,,,,0,0,0,error,"交易所_AII API 錯誤,帳號 (全部) 2017/03/25 08:43:56 連線失敗-連線失敗:api.exchange-a.internal 800 api.exchange-a.internal:8000","交易所_AII API 錯誤,帳號 (全部) 2017/03/25 08:43:56 連線失敗-連線失敗:api.exchange-a.internal 800 api.exchange-a.internal:8000"
15afed9c560f4762,Fri Mar 24 2017 13:46:04 GMT+0800 (Taiwan Standard Time),Fri Mar 24 2017 13:46:00 GMT+0800 (Taiwan Standard Time),,,,,0,0,0,error,"交易所_AII API 錯誤,帳號 (全部) 2017/03/24 13:46:00 斷線-","交易所_AII API 錯誤,帳號 (全部) 2017/03/24 13:46:00 斷線-"
15af9b36cc190201,Thu Mar 23 2017 13:46:04 GMT+0800 (Taiwan Standard Time),Thu Mar 23 2017 13:46:00 GMT+0800 (Taiwan Standard Time),,,,,0,0,0,error,"交易所_AII API 錯誤,帳號 (全部) 2017/03/23 13:46:00 斷線-","交易所_AII API 錯誤,帳號 (全部) 2017/03/23 13:46:00 斷線-"
15af48d0c73cc40c,Wed Mar 22 2017 13:46:04 GMT+0800 (Taiwan Standard Time),Wed Mar 22 2017 13:46:00 GMT+0800 (Taiwan Standard Time),,,,,0,0,0,error,"交易所_AII API 錯誤,帳號 (全部) 2017/03/22 13:46:00 斷線-","交易所_AII API 錯誤,帳號 (全部) 2017/03/22 13:46:00 斷線-"
15aef66b0b326612,Tue Mar 21 2017 13:46:04 GMT+0800 (Taiwan Standard Time),Tue Mar 21 2017 13:46:00 GMT+0800 (Taiwan Standard Time),,,,,0,0,0,error,"交易所_AII API 錯誤,帳號 (全部) 2017/03/21 13:46:00 斷線-","交易所_AII API 錯誤,帳號 (全部) 2017/03/21 13:46:00 斷線-"
15aea405834e8e8a,Mon Mar 20 2017 13:46:04 GMT+0800 (Taiwan Standard Time),Mon Mar 20 2017 13:46:00 GMT+0800 (Taiwan Standard Time),,,,,0,0,0,error,"交易所_AII API 錯誤,帳號 (全部) 2017/03/20 13:46:00 斷線-","交易所_AII API 錯誤,帳號 (全部) 2017/03/20 13:46:00 斷線-"
15adacd3d87388cf,Fri Mar 17 2017 13:46:04 GMT+0800 (Taiwan Standard Time),Fri Mar 17 2017 13:46:00 GMT+0800 (Taiwan Standard Time),,,,,0,0,0,error,"交易所_AII API 錯誤,帳號 (全部) 2017/03/17 13:46:00 斷線-","交易所_AII API 錯誤,帳號 (全部) 2017/03/17 13:46:00 斷線-"
15ad9d38ff8cb290,Fri Mar 17 2017 09:13:19 GMT+0800 (Taiwan Standard Time),Fri Mar 17 2017 09:13:10 GMT+0800 (Taiwan Standard Time),策略_TCA,交易所_A,9861,add_long,1,3,4,normal,,"2017/03/17 09:13:10 ""9861"" 加碼多單目前倉位：+4 之前倉位：3 交易所_A(小型台指) 倍數：1, 本次下單：1 , 帳戶實際倉位：4 , 總倉位：4 策略_TCA"
15ad5a6e8675cf6e,Thu Mar 16 2017 13:46:04 GMT+0800 (Taiwan Standard Time),Thu Mar 16 2017 13:46:00 GMT+0800 (Taiwan Standard Time),,,,,0,0,0,error,"交易所_AII API 錯誤,帳號 (全部) 2017/03/16 13:46:00 斷線-","交易所_AII API 錯誤,帳號 (全部) 2017/03/16 13:46:00 斷線-"
15ad08088fc032b9,Wed Mar 15 2017 13:46:04 GMT+0800 (Taiwan Standard Time),Wed Mar 15 2017 13:46:00 GMT+0800 (Taiwan Standard Time),,,,,0,0,0,error,"交易所_AII API 錯誤,帳號 (全部) 2017/03/15 13:46:00 斷線-","交易所_AII API 錯誤,帳號 (全部) 2017/03/15 13:46:00 斷線-"
15acb5a411911533,Tue Mar 14 2017 13:46:04 GMT+0800 (Taiwan Standard Time),Tue Mar 14 2017 13:46:00 GMT+0800 (Taiwan Standard Time),,,,,0,0,0,error,"交易所_AII API 錯誤,帳號 (全部) 2017/03/14 13:46:00 斷線-","交易所_AII API 錯誤,帳號 (全部) 2017/03/14 13:46:00 斷線-"
15ac633e180bf96f,Mon Mar 13 2017 13:46:03 GMT+0800 (Taiwan Standard Time),Mon Mar 13 2017 13:46:00 GMT+0800 (Taiwan Standard Time),,,,,0,0,0,error,"交易所_AII API 錯誤,帳號 (全部) 2017/03/13 13:46:00 斷線-","交易所_AII API 錯誤,帳號 (全部) 2017/03/13 13:46:00 斷線-"
15ac523fb3369f08,Mon Mar 13 2017 08:49:09 GMT+0800 (Taiwan Standard Time),Mon Mar 13 2017 08:49:00 GMT+0800 (Taiwan Standard Time),策略_TCA,交易所_A,9653,add_long,1,2,3,normal,,"2017/03/13 08:49:00 ""9653"" 加碼多單目前倉位：+3 之前倉位：2 交易所_A(小型台指) 倍數：1, 本次下單：1 , 帳戶實際倉位：3 , 總倉位：3 策略_TCA"
15ab6c0c5df08fec,Fri Mar 10 2017 13:46:05 GMT+0800 (Taiwan Standard Time),Fri Mar 10 2017 13:46:00 GMT+0800 (Taiwan Standard Time),,,,,0,0,0,error,"交易所_AII API 錯誤,帳號 (全部) 2017/03/10 13:46:00 斷線-","交易所_AII API 錯誤,帳號 (全部) 2017/03/10 13:46:00 斷線-"
15ab5d99d406a483,Fri Mar 10 2017 09:33:36 GMT+0800 (Taiwan Standard Time),Fri Mar 10 2017 09:33:27 GMT+0800 (Taiwan Standard Time),策略_TCA,交易所_A,9580,reduce_long,-1,3,2,normal,,"2017/03/10 09:33:27 ""9580"" 減碼多單目前倉位：+2 之前倉位：3 交易所_A(小型台指) 倍數：1, 本次下單：-1 , 帳戶實際倉位：2 , 總倉位：2 策略_TCA"
15ab19a6992e2b10,Thu Mar 09 2017 13:46:04 GMT+0800 (Taiwan Standard Time),Thu Mar 09 2017 13:46:00 GMT+0800 (Taiwan Standard Time),,,,,0,0,0,error,"交易所_AII API 錯誤,帳號 (全部) 2017/03/09 13:46:00 斷線-","交易所_AII API 錯誤,帳號 (全部) 2017/03/09 13:46:00 斷線-"
15aac740cf37372c,Wed Mar 08 2017 13:46:04 GMT+0800 (Taiwan Standard Time),Wed Mar 08 2017 13:46:00 GMT+0800 (Taiwan Standard Time),,,,,0,0,0,error,"交易所_AII API 錯誤,帳號 (全部) 2017/03/08 13:46:00 斷線-","交易所_AII API 錯誤,帳號 (全部) 2017/03/08 13:46:00 斷線-"
15aa74da9eb03bd6,Tue Mar 07 2017 13:46:04 GMT+0800 (Taiwan Standard Time),Tue Mar 07 2017 13:46:00 GMT+0800 (Taiwan Standard Time),,,,,0,0,0,error,"交易所_AII API 錯誤,帳號 (全部) 2017/03/07 13:46:00 斷線-","交易所_AII API 錯誤,帳號 (全部) 2017/03/07 13:46:00 斷線-"
15aa63dde082e925,Tue Mar 07 2017 08:49:11 GMT+0800 (Taiwan Standard Time),Tue Mar 07 2017 08:49:02 GMT+0800 (Taiwan Standard Time),策略_TCA,交易所_A,9700,add_long,1,2,3,normal,,"2017/03/07 08:49:02 ""9700"" 加碼多單目前倉位：+3 之前倉位：2 交易所_A(小型台指) 倍數：1, 本次下單：1 , 帳戶實際倉位：3 , 總倉位：3 策略_TCA"
15aa22754ff0a8f7,Mon Mar 06 2017 13:46:04 GMT+0800 (Taiwan Standard Time),Mon Mar 06 2017 13:46:00 GMT+0800 (Taiwan Standard Time),,,,,0,0,0,error,"交易所_AII API 錯誤,帳號 (全部) 2017/03/06 13:46:00 斷線-","交易所_AII API 錯誤,帳號 (全部) 2017/03/06 13:46:00 斷線-"
15aa1177be4b7657,Mon Mar 06 2017 08:49:10 GMT+0800 (Taiwan Standard Time),Mon Mar 06 2017 08:49:00 GMT+0800 (Taiwan Standard Time),策略_TCA,交易所_A,9642,reduce_long,-1,3,2,normal,,"2017/03/06 08:49:00 ""9642"" 減碼多單目前倉位：+2 之前倉位：3 交易所_A(小型台指) 倍數：1, 本次下單：1 , 帳戶實際倉位：2 , 總倉位：2 策略_TCA"
15a92b4400c2bd8e,Fri Mar 03 2017 13:46:04 GMT+0800 (Taiwan Standard Time),Fri Mar 03 2017 13:46:00 GMT+0800 (Taiwan Standard Time),,,,,0,0,0,error,"交易所_AII API 錯誤,帳號 (全部) 2017/03/03 13:46:00 斷線-","交易所_AII API 錯誤,帳號 (全部) 2017/03/03 13:46:00 斷線-"
15a8d8ddc9ff8cab,Thu Mar 02 2017 13:46:04 GMT+0800 (Taiwan Standard Time),Thu Mar 02 2017 13:46:00 GMT+0800 (Taiwan Standard Time),,,,,0,0,0,error,"交易所_AII API 錯誤,帳號 (全部) 2017/03/02 13:46:00 斷線-","交易所_AII API 錯誤,帳號 (全部) 2017/03/02 13:46:00 斷線-"
15a886780c942e6a,Wed Mar 01 2017 13:46:04 GMT+0800 (Taiwan Standard Time),Wed Mar 01 2017 13:46:00 GMT+0800 (Taiwan Standard Time),,,,,0,0,0,error,"交易所_AII API 錯誤,帳號 (全部) 2017/03/01 13:46:00 斷線-","交易所_AII API 錯誤,帳號 (全部) 2017/03/01 13:46:00 斷線-"
15a83412886ba023,Tue Feb 28 2017 13:46:04 GMT+0800 (Taiwan Standard Time),Tue Feb 28 2017 13:46:00 GMT+0800 (Taiwan Standard Time),,,,,0,0,0,error,"交易所_AII API 錯誤,帳號 (全部) 2017/02/28 13:46:00 斷線-","交易所_AII API 錯誤,帳號 (全部) 2017/02/28 13:46:00 斷線-"
15a7e1ad139adc43,Mon Feb 27 2017 13:46:04 GMT+0800 (Taiwan Standard Time),Mon Feb 27 2017 13:46:00 GMT+0800 (Taiwan Standard Time),,,,,0,0,0,error,"交易所_AII API 錯誤,帳號 (全部) 2017/02/27 13:46:00 斷線-","交易所_AII API 錯誤,帳號 (全部) 2017/02/27 13:46:00 斷線-"
15a6ea7dba86c227,Fri Feb 24 2017 13:46:11 GMT+0800 (Taiwan Standard Time),Fri Feb 24 2017 13:46:00 GMT+0800 (Taiwan Standard Time),,,,,0,0,0,error,"交易所_AII API 錯誤,帳號 (全部) 2017/02/24 13:46:00 斷線-","交易所_AII API 錯誤,帳號 (全部) 2017/02/24 13:46:00 斷線-"
15a698179e943d71,Thu Feb 23 2017 13:46:11 GMT+0800 (Taiwan Standard Time),Thu Feb 23 2017 13:46:00 GMT+0800 (Taiwan Standard Time),,,,,0,0,0,error,"交易所_AII API 錯誤,帳號 (全部) 2017/02/23 13:46:00 斷線-","交易所_AII API 錯誤,帳號 (全部) 2017/02/23 13:46:00 斷線-"
15a645b0812c02df,Wed Feb 22 2017 13:46:05 GMT+0800 (Taiwan Standard Time),Wed Feb 22 2017 13:46:00 GMT+0800 (Taiwan Standard Time),,,,,0,0,0,error,"交易所_AII API 錯誤,帳號 (全部) 2017/02/22 13:46:00 斷線-","交易所_AII API 錯誤,帳號 (全部) 2017/02/22 13:46:00 斷線-"
15a5f34a859898e2,Tue Feb 21 2017 13:46:04 GMT+0800 (Taiwan Standard Time),Tue Feb 21 2017 13:46:00 GMT+0800 (Taiwan Standard Time),,,,,0,0,0,error,"交易所_AII API 錯誤,帳號 (全部) 2017/02/21 13:46:00 斷線-","交易所_AII API 錯誤,帳號 (全部) 2017/02/21 13:46:00 斷線-"
15a5a0e4963ac949,Mon Feb 20 2017 13:46:04 GMT+0800 (Taiwan Standard Time),Mon Feb 20 2017 13:46:00 GMT+0800 (Taiwan Standard Time),,,,,0,0,0,error,"交易所_AII API 錯誤,帳號 (全部) 2017/02/20 13:46:00 斷線-","交易所_AII API 錯誤,帳號 (全部) 2017/02/20 13:46:00 斷線-"
15a4a9b35ad1b8c1,Fri Feb 17 2017 13:46:04 GMT+0800 (Taiwan Standard Time),Fri Feb 17 2017 13:46:00 GMT+0800 (Taiwan Standard Time),,,,,0,0,0,error,"交易所_AII API 錯誤,帳號 (全部) 2017/02/17 13:46:00 斷線-","交易所_AII API 錯誤,帳號 (全部) 2017/02/17 13:46:00 斷線-"
15a498b7276a8241,Fri Feb 17 2017 08:49:09 GMT+0800 (Taiwan Standard Time),Fri Feb 17 2017 08:49:00 GMT+0800 (Taiwan Standard Time),策略_TCA,交易所_A,9770,reduce_long,-1,4,3,normal,,"2017/02/17 08:49:00 ""9770"" 減碼多單目前倉位：+3 之前倉位：4 交易所_A(小型台指) 倍數：1, 本次下單：-1 , 帳戶實際倉位：3 , 總倉位：3 策略_TCA"
15a4574ec411b13c,Thu Feb 16 2017 13:46:04 GMT+0800 (Taiwan Standard Time),Thu Feb 16 2017 13:46:00 GMT+0800 (Taiwan Standard Time),,,,,0,0,0,error,"交易所_AII API 錯誤,帳號 (全部) 2017/02/16 13:46:00 斷線-","交易所_AII API 錯誤,帳號 (全部) 2017/02/16 13:46:00 斷線-"
15a4464fa771986b,Thu Feb 16 2017 08:49:09 GMT+0800 (Taiwan Standard Time),Thu Feb 16 2017 08:49:00 GMT+0800 (Taiwan Standard Time),策略_TCA,交易所_A,9811,reduce_long,-3,7,4,normal,,"2017/02/16 08:49:00 ""9811"" 減碼多單目前倉位：+4 之前倉位：7 交易所_A(小型台指) 倍數：1, 本次下單：-3 , 帳戶實際倉位：4 , 總倉位：4 策略_TCA"
15a446168c1edac4,Thu Feb 16 2017 08:45:10 GMT+0800 (Taiwan Standard Time),Thu Feb 16 2017 08:45:00 GMT+0800 (Taiwan Standard Time),策略_TCA,交易所_A,9818,,7,0,7,normal,,"2017/02/16 08:45:00 ""9818"" 多單進場目前倉位：+7 之前倉位：0 交易所_A(小型台指) 倍數：1, 本次下單：0 , 帳戶實際倉位：7 , 總倉位：7 策略_TCA"
15a404e802189e34,Wed Feb 15 2017 13:46:06 GMT+0800 (Taiwan Standard Time),Wed Feb 15 2017 13:46:00 GMT+0800 (Taiwan Standard Time),,,,,0,0,0,error,"交易所_AII API 錯誤,帳號 (全部) 2017/02/15 13:46:00 斷線-","交易所_AII API 錯誤,帳號 (全部) 2017/02/15 13:46:00 斷線-"
15a3fd05b1b106af,Wed Feb 15 2017 11:28:14 GMT+0800 (Taiwan Standard Time),Wed Feb 15 2017 11:28:05 GMT+0800 (Taiwan Standard Time),策略_TCA,交易所_A,9787,add_long,1,6,7,normal,,"2017/02/15 11:28:05 ""9787"" 加碼多單目前倉位：+7 之前倉位：6 交易所_A(小型台指) 倍數：1, 本次下單：1 , 帳戶實際倉位：7 , 總倉位：7 策略_TCA"
15a3b281c6b9e552,Tue Feb 14 2017 13:46:04 GMT+0800 (Taiwan Standard Time),Tue Feb 14 2017 13:46:00 GMT+0800 (Taiwan Standard Time),,,,,0,0,0,error,"交易所_AII API 錯誤,帳號 (全部) 2017/02/14 13:46:00 斷線-","交易所_AII API 錯誤,帳號 (全部) 2017/02/14 13:46:00 斷線-"
15a3601bcf030801,Mon Feb 13 2017 13:46:04 GMT+0800 (Taiwan Standard Time),Mon Feb 13 2017 13:46:00 GMT+0800 (Taiwan Standard Time),,,,,0,0,0,error,"交易所_AII API 錯誤,帳號 (全部) 2017/02/13 13:46:00 斷線-","交易所_AII API 錯誤,帳號 (全部) 2017/02/13 13:46:00 斷線-"
15a360036d445e7f,Mon Feb 13 2017 13:44:15 GMT+0800 (Taiwan Standard Time),Mon Feb 13 2017 13:44:06 GMT+0800 (Taiwan Standard Time),策略_TCA,交易所_A,9705,add_long,1,5,6,normal,,"2017/02/13 13:44:06 ""9705"" 加碼多單目前倉位：+6 之前倉位：5 交易所_A(小型台指) 倍數：1, 本次下單：1 , 帳戶實際倉位：6 , 總倉位：6 策略_TCA"
15a268eb1aad43f3,Fri Feb 10 2017 13:46:04 GMT+0800 (Taiwan Standard Time),Fri Feb 10 2017 13:46:00 GMT+0800 (Taiwan Standard Time),,,,,0,0,0,error,"交易所_AII API 錯誤,帳號 (全部) 2017/02/10 13:46:00 斷線-","交易所_AII API 錯誤,帳號 (全部) 2017/02/10 13:46:00 斷線-"
15a216854851f083,Thu Feb 09 2017 13:46:04 GMT+0800 (Taiwan Standard Time),Thu Feb 09 2017 13:46:00 GMT+0800 (Taiwan Standard Time),,,,,0,0,0,error,"交易所_AII API 錯誤,帳號 (全部) 2017/02/09 13:46:00 斷線-","交易所_AII API 錯誤,帳號 (全部) 2017/02/09 13:46:00 斷線-"
15a1c41f5f02e86c,Wed Feb 08 2017 13:46:04 GMT+0800 (Taiwan Standard Time),Wed Feb 08 2017 13:46:00 GMT+0800 (Taiwan Standard Time),,,,,0,0,0,error,"交易所_AII API 錯誤,帳號 (全部) 2017/02/08 13:46:00 斷線-","交易所_AII API 錯誤,帳號 (全部) 2017/02/08 13:46:00 斷線-"
15a171b9d09d12cb,Tue Feb 07 2017 13:46:04 GMT+0800 (Taiwan Standard Time),Tue Feb 07 2017 13:46:00 GMT+0800 (Taiwan Standard Time),,,,,0,0,0,error,"交易所_AII API 錯誤,帳號 (全部) 2017/02/07 13:46:00 斷線-","交易所_AII API 錯誤,帳號 (全部) 2017/02/07 13:46:00 斷線-"
15a11f5418cb43d6,Mon Feb 06 2017 13:46:04 GMT+0800 (Taiwan Standard Time),Mon Feb 06 2017 13:46:00 GMT+0800 (Taiwan Standard Time),,,,,0,0,0,error,"交易所_AII API 錯誤,帳號 (全部) 2017/02/06 13:46:00 斷線-","交易所_AII API 錯誤,帳號 (全部) 2017/02/06 13:46:00 斷線-"
15a11665228389b8,Mon Feb 06 2017 11:09:55 GMT+0800 (Taiwan Standard Time),Mon Feb 06 2017 11:09:46 GMT+0800 (Taiwan Standard Time),策略_TCA,交易所_A,9522,add_long,1,4,5,normal,,"2017/02/06 11:09:46 ""9522"" 加碼多單目前倉位：+5 之前倉位：4 交易所_A(小型台指) 倍數：1, 本次下單：1 , 帳戶實際倉位：5 , 總倉位：5 策略_TCA"
15a069dd318f2e27,Sat Feb 04 2017 08:54:46 GMT+0800 (Taiwan Standard Time),Sat Feb 04 2017 08:54:39 GMT+0800 (Taiwan Standard Time),,,,,0,0,0,error,"交易所_AII API 錯誤,帳號 (全部) 2017/02/04 08:54:39 連線失敗-連線失敗:api.exchange-a.internal 800 api.exchange-a.internal:8000","交易所_AII API 錯誤,帳號 (全部) 2017/02/04 08:54:39 連線失敗-連線失敗:api.exchange-a.internal 800 api.exchange-a.internal:8000"
15a069d36572ed56,Sat Feb 04 2017 08:54:07 GMT+0800 (Taiwan Standard Time),Sat Feb 04 2017 08:54:03 GMT+0800 (Taiwan Standard Time),,,,,0,0,0,error,"交易所_AII API 錯誤,帳號 (全部) 2017/02/04 08:54:03 連線失敗-連線失敗:api.exchange-a.internal 800 api.exchange-a.internal:8000","交易所_AII API 錯誤,帳號 (全部) 2017/02/04 08:54:03 連線失敗-連線失敗:api.exchange-a.internal 800 api.exchange-a.internal:8000"
15a069cb70daa2bf,Sat Feb 04 2017 08:53:34 GMT+0800 (Taiwan Standard Time),Sat Feb 04 2017 08:53:28 GMT+0800 (Taiwan Standard Time),,,,,0,0,0,error,"交易所_AII API 錯誤,帳號 (全部) 2017/02/04 08:53:28 連線失敗-連線失敗:api.exchange-a.internal 800 api.exchange-a.internal:8000","交易所_AII API 錯誤,帳號 (全部) 2017/02/04 08:53:28 連線失敗-連線失敗:api.exchange-a.internal 800 api.exchange-a.internal:8000"
15a069c25ab4cd69,Sat Feb 04 2017 08:52:57 GMT+0800 (Taiwan Standard Time),Sat Feb 04 2017 08:52:53 GMT+0800 (Taiwan Standard Time),,,,,0,0,0,error,"交易所_AII API 錯誤,帳號 (全部) 2017/02/04 08:52:53 連線失敗-連線失敗:api.exchange-a.internal 800 api.exchange-a.internal:8000","交易所_AII API 錯誤,帳號 (全部) 2017/02/04 08:52:53 連線失敗-連線失敗:api.exchange-a.internal 800 api.exchange-a.internal:8000"
15a069c03097d1ed,Sat Feb 04 2017 08:52:47 GMT+0800 (Taiwan Standard Time),Sat Feb 04 2017 08:52:42 GMT+0800 (Taiwan Standard Time),,,,,0,0,0,error,<發生錯誤> 2017/02/04 08:52:42 交易所_AII API 斷線一分鐘以上，無法登入下單，請儘快處理。,<發生錯誤> 2017/02/04 08:52:42 交易所_AII API 斷線一分鐘以上，無法登入下單，請儘快處理。
15a069b52510ce89,Sat Feb 04 2017 08:52:03 GMT+0800 (Taiwan Standard Time),Sat Feb 04 2017 08:51:58 GMT+0800 (Taiwan Standard Time),,,,,0,0,0,error,"交易所_AII API 錯誤,帳號 (全部) 2017/02/04 08:51:58 連線失敗-連線失敗:api.exchange-a.internal 800 api.exchange-a.internal:8000","交易所_AII API 錯誤,帳號 (全部) 2017/02/04 08:51:58 連線失敗-連線失敗:api.exchange-a.internal 800 api.exchange-a.internal:8000"
15a069ab70b7b4a2,Sat Feb 04 2017 08:51:23 GMT+0800 (Taiwan Standard Time),Sat Feb 04 2017 08:51:18 GMT+0800 (Taiwan Standard Time),,,,,0,0,0,error,"交易所_AII API 錯誤,帳號 (全部) 2017/02/04 08:51:18 連線失敗-連線失敗:api.exchange-a.internal 800 api.exchange-a.internal:8000","交易所_AII API 錯誤,帳號 (全部) 2017/02/04 08:51:18 連線失敗-連線失敗:api.exchange-a.internal 800 api.exchange-a.internal:8000"
15a069a172cb12f8,Sat Feb 04 2017 08:50:42 GMT+0800 (Taiwan Standard Time),Sat Feb 04 2017 08:50:38 GMT+0800 (Taiwan Standard Time),,,,,0,0,0,error,"交易所_AII API 錯誤,帳號 (全部) 2017/02/04 08:50:38 連線失敗-連線失敗:api.exchange-a.internal 800 api.exchange-a.internal:8000","交易所_AII API 錯誤,帳號 (全部) 2017/02/04 08:50:38 連線失敗-連線失敗:api.exchange-a.internal 800 api.exchange-a.internal:8000"
15a06998c1eedbf0,Sat Feb 04 2017 08:50:08 GMT+0800 (Taiwan Standard Time),Sat Feb 04 2017 08:50:03 GMT+0800 (Taiwan Standard Time),,,,,0,0,0,error,"交易所_AII API 錯誤,帳號 (全部) 2017/02/04 08:50:03 連線失敗-連線失敗:api.exchange-a.internal 800 api.exchange-a.internal:8000","交易所_AII API 錯誤,帳號 (全部) 2017/02/04 08:50:03 連線失敗-連線失敗:api.exchange-a.internal 800 api.exchange-a.internal:8000"
15a06996a943e433,Sat Feb 04 2017 08:49:59 GMT+0800 (Taiwan Standard Time),Sat Feb 04 2017 08:49:54 GMT+0800 (Taiwan Standard Time),,,,,0,0,0,error,<發生錯誤> 2017/02/04 08:49:54 交易所_AII API 斷線一分鐘以上，無法登入下單，請儘快處理。,<發生錯誤> 2017/02/04 08:49:54 交易所_AII API 斷線一分鐘以上，無法登入下單，請儘快處理。
15a0698d676632db,Sat Feb 04 2017 08:49:20 GMT+0800 (Taiwan Standard Time),Sat Feb 04 2017 08:49:15 GMT+0800 (Taiwan Standard Time),,,,,0,0,0,error,"交易所_AII API 錯誤,帳號 (全部) 2017/02/04 08:49:15 連線失敗-連線失敗:api.exchange-a.internal 800 api.exchange-a.internal:8000","交易所_AII API 錯誤,帳號 (全部) 2017/02/04 08:49:15 連線失敗-連線失敗:api.exchange-a.internal 800 api.exchange-a.internal:8000"
15a069835e56621b,Sat Feb 04 2017 08:48:40 GMT+0800 (Taiwan Standard Time),Sat Feb 04 2017 08:48:35 GMT+0800 (Taiwan Standard Time),,,,,0,0,0,error,"交易所_AII API 錯誤,帳號 (全部) 2017/02/04 08:48:35 連線失敗-連線失敗:api.exchange-a.internal 800 api.exchange-a.internal:8000","交易所_AII API 錯誤,帳號 (全部) 2017/02/04 08:48:35 連線失敗-連線失敗:api.exchange-a.internal 800 api.exchange-a.internal:8000"
15a0697b82467e19,Sat Feb 04 2017 08:47:59 GMT+0800 (Taiwan Standard Time),Sat Feb 04 2017 08:47:55 GMT+0800 (Taiwan Standard Time),,,,,0,0,0,error,"交易所_AII API 錯誤,帳號 (全部) 2017/02/04 08:47:55 連線失敗-連線失敗:api.exchange-a.internal 800 api.exchange-a.internal:8000","交易所_AII API 錯誤,帳號 (全部) 2017/02/04 08:47:55 連線失敗-連線失敗:api.exchange-a.internal 800 api.exchange-a.internal:8000"
15a06971008237e8,Sat Feb 04 2017 08:47:24 GMT+0800 (Taiwan Standard Time),Sat Feb 04 2017 08:47:20 GMT+0800 (Taiwan Standard Time),,,,,0,0,0,error,"交易所_AII API 錯誤,帳號 (全部) 2017/02/04 08:47:20 連線失敗-連線失敗:api.exchange-a.internal 800 api.exchange-a.internal:8000","交易所_AII API 錯誤,帳號 (全部) 2017/02/04 08:47:20 連線失敗-連線失敗:api.exchange-a.internal 800 api.exchange-a.internal:8000"
15a0696ecf7138dc,Sat Feb 04 2017 08:47:15 GMT+0800 (Taiwan Standard Time),Sat Feb 04 2017 08:47:11 GMT+0800 (Taiwan Standard Time),,,,,0,0,0,error,<發生錯誤> 2017/02/04 08:47:11 交易所_AII API 斷線一分鐘以上，無法登入下單，請儘快處理。,<發生錯誤> 2017/02/04 08:47:11 交易所_AII API 斷線一分鐘以上，無法登入下單，請儘快處理。
15a06966d3091a12,Sat Feb 04 2017 08:46:41 GMT+0800 (Taiwan Standard Time),Sat Feb 04 2017 08:46:37 GMT+0800 (Taiwan Standard Time),,,,,0,0,0,error,"交易所_AII API 錯誤,帳號 (全部) 2017/02/04 08:46:37 連線失敗-連線失敗:api.exchange-a.internal 800 api.exchange-a.internal:8000","交易所_AII API 錯誤,帳號 (全部) 2017/02/04 08:46:37 連線失敗-連線失敗:api.exchange-a.internal 800 api.exchange-a.internal:8000"
15a0695b4af09a42,Sat Feb 04 2017 08:45:56 GMT+0800 (Taiwan Standard Time),Sat Feb 04 2017 08:45:51 GMT+0800 (Taiwan Standard Time),,,,,0,0,0,error,"交易所_AII API 錯誤,帳號 (全部) 2017/02/04 08:45:51 連線失敗-連線失敗:api.exchange-a.internal 800 api.exchange-a.internal:8000","交易所_AII API 錯誤,帳號 (全部) 2017/02/04 08:45:51 連線失敗-連線失敗:api.exchange-a.internal 800 api.exchange-a.internal:8000"
15a06950979e549e,Sat Feb 04 2017 08:45:11 GMT+0800 (Taiwan Standard Time),Sat Feb 04 2017 08:45:06 GMT+0800 (Taiwan Standard Time),,,,,0,0,0,error,"交易所_AII API 錯誤,帳號 (全部) 2017/02/04 08:45:06 連線失敗-連線失敗:api.exchange-a.internal 800 api.exchange-a.internal:8000","交易所_AII API 錯誤,帳號 (全部) 2017/02/04 08:45:06 連線失敗-連線失敗:api.exchange-a.internal 800 api.exchange-a.internal:8000"
15a06946d388f3a0,Sat Feb 04 2017 08:44:31 GMT+0800 (Taiwan Standard Time),Sat Feb 04 2017 08:44:26 GMT+0800 (Taiwan Standard Time),,,,,0,0,0,error,"交易所_AII API 錯誤,帳號 (全部) 2017/02/04 08:44:26 連線失敗-連線失敗:api.exchange-a.internal 800 api.exchange-a.internal:8000","交易所_AII API 錯誤,帳號 (全部) 2017/02/04 08:44:26 連線失敗-連線失敗:api.exchange-a.internal 800 api.exchange-a.internal:8000"
15a0693faa3216b6,Sat Feb 04 2017 08:44:02 GMT+0800 (Taiwan Standard Time),Sat Feb 04 2017 08:43:56 GMT+0800 (Taiwan Standard Time),,,,,0,0,0,error,"交易所_AII API 錯誤,帳號 (全部) 2017/02/04 08:43:56 連線失敗-連線失敗:api.exchange-a.internal 800 api.exchange-a.internal:8000","交易所_AII API 錯誤,帳號 (全部) 2017/02/04 08:43:56 連線失敗-連線失敗:api.exchange-a.internal 800 api.exchange-a.internal:8000"
15a028230bb18e03,Fri Feb 03 2017 13:46:04 GMT+0800 (Taiwan Standard Time),Fri Feb 03 2017 13:46:00 GMT+0800 (Taiwan Standard Time),,,,,0,0,0,error,"交易所_AII API 錯誤,帳號 (全部) 2017/02/03 13:46:00 斷線-","交易所_AII API 錯誤,帳號 (全部) 2017/02/03 13:46:00 斷線-"
15a01c973b984c9a,Fri Feb 03 2017 10:24:18 GMT+0800 (Taiwan Standard Time),Fri Feb 03 2017 10:24:05 GMT+0800 (Taiwan Standard Time),策略_TCA,交易所_A,9409,add_long,1,3,4,normal,,"2017/02/03 10:24:05 ""9409"" 加碼多單目前倉位：+4 之前倉位：3 交易所_A(小型台指) 倍數：1, 本次下單：1 , 帳戶實際倉位：4 , 總倉位：4 策略_TCA"
159fd5bcd31d5bdb,Thu Feb 02 2017 13:46:04 GMT+0800 (Taiwan Standard Time),Thu Feb 02 2017 13:46:00 GMT+0800 (Taiwan Standard Time),,,,,0,0,0,error,"交易所_AII API 錯誤,帳號 (全部) 2017/02/02 13:46:00 斷線-","交易所_AII API 錯誤,帳號 (全部) 2017/02/02 13:46:00 斷線-"
159fd535c66bb8c8,Thu Feb 02 2017 13:36:52 GMT+0800 (Taiwan Standard Time),Thu Feb 02 2017 13:36:41 GMT+0800 (Taiwan Standard Time),策略_TCA,交易所_A,9386,reduce_long,-1,4,3,normal,,"2017/02/02 13:36:41 ""9386"" 減碼多單目前倉位：+3 之前倉位：4 交易所_A(小型台指) 倍數：1, 本次下單：-1 , 帳戶實際倉位：3 , 總倉位：3 策略_TCA"
159f83570625d556,Wed Feb 01 2017 13:46:04 GMT+0800 (Taiwan Standard Time),Wed Feb 01 2017 13:46:00 GMT+0800 (Taiwan Standard Time),,,,,0,0,0,error,"交易所_AII API 錯誤,帳號 (全部) 2017/02/01 13:46:00 斷線-","交易所_AII API 錯誤,帳號 (全部) 2017/02/01 13:46:00 斷線-"
159f30f189cd6dce,Tue Jan 31 2017 13:46:05 GMT+0800 (Taiwan Standard Time),Tue Jan 31 2017 13:46:00 GMT+0800 (Taiwan Standard Time),,,,,0,0,0,error,"交易所_AII API 錯誤,帳號 (全部) 2017/01/31 13:46:00 斷線-","交易所_AII API 錯誤,帳號 (全部) 2017/01/31 13:46:00 斷線-"
159ede8bdacdccb2,Mon Jan 30 2017 13:46:04 GMT+0800 (Taiwan Standard Time),Mon Jan 30 2017 13:46:00 GMT+0800 (Taiwan Standard Time),,,,,0,0,0,error,"交易所_AII API 錯誤,帳號 (全部) 2017/01/30 13:46:00 斷線-","交易所_AII API 錯誤,帳號 (全部) 2017/01/30 13:46:00 斷線-"
159de75a5fe60cc3,Fri Jan 27 2017 13:46:04 GMT+0800 (Taiwan Standard Time),Fri Jan 27 2017 13:46:00 GMT+0800 (Taiwan Standard Time),,,,,0,0,0,error,"交易所_AII API 錯誤,帳號 (全部) 2017/01/27 13:46:00 斷線-","交易所_AII API 錯誤,帳號 (全部) 2017/01/27 13:46:00 斷線-"
159d94f4d562ae1a,Thu Jan 26 2017 13:46:04 GMT+0800 (Taiwan Standard Time),Thu Jan 26 2017 13:46:00 GMT+0800 (Taiwan Standard Time),,,,,0,0,0,error,"交易所_AII API 錯誤,帳號 (全部) 2017/01/26 13:46:00 斷線-","交易所_AII API 錯誤,帳號 (全部) 2017/01/26 13:46:00 斷線-"
159d428ed84c6be8,Wed Jan 25 2017 13:46:04 GMT+0800 (Taiwan Standard Time),Wed Jan 25 2017 13:46:00 GMT+0800 (Taiwan Standard Time),,,,,0,0,0,error,"交易所_AII API 錯誤,帳號 (全部) 2017/01/25 13:46:00 斷線-","交易所_AII API 錯誤,帳號 (全部) 2017/01/25 13:46:00 斷線-"
159cf02a4625c4cc,Tue Jan 24 2017 13:46:08 GMT+0800 (Taiwan Standard Time),Tue Jan 24 2017 13:46:00 GMT+0800 (Taiwan Standard Time),,,,,0,0,0,error,"交易所_AII API 錯誤,帳號 (全部) 2017/01/24 13:46:00 斷線-","交易所_AII API 錯誤,帳號 (全部) 2017/01/24 13:46:00 斷線-"
159cedcc18782afa,Tue Jan 24 2017 13:04:44 GMT+0800 (Taiwan Standard Time),Tue Jan 24 2017 13:04:35 GMT+0800 (Taiwan Standard Time),策略_TCA,交易所_A,9449,add_long,1,3,4,normal,,"2017/01/24 13:04:35 ""9449"" 加碼多單目前倉位：+4 之前倉位：3 交易所_A(小型台指) 倍數：1, 本次下單：1 , 帳戶實際倉位：4 , 總倉位：4 策略_TCA"
159c9dc34c8a4a33,Mon Jan 23 2017 13:46:04 GMT+0800 (Taiwan Standard Time),Mon Jan 23 2017 13:46:00 GMT+0800 (Taiwan Standard Time),,,,,0,0,0,error,"交易所_AII API 錯誤,帳號 (全部) 2017/01/23 13:46:00 斷線-","交易所_AII API 錯誤,帳號 (全部) 2017/01/23 13:46:00 斷線-"
159c8f2c3afca3f7,Mon Jan 23 2017 09:31:04 GMT+0800 (Taiwan Standard Time),Mon Jan 23 2017 09:31:00 GMT+0800 (Taiwan Standard Time),,,,,0,0,0,error,"交易所_AII API 錯誤,帳號 (全部) 2017/01/23 09:31:00 斷線-無法從傳輸連接讀取資料: 遠端主機已強制關閉一個現存的連線。?","交易所_AII API 錯誤,帳號 (全部) 2017/01/23 09:31:00 斷線-無法從傳輸連接讀取資料: 遠端主機已強制關閉一個現存的連線。?"
159c8d392927e9c7,Mon Jan 23 2017 08:57:02 GMT+0800 (Taiwan Standard Time),Mon Jan 23 2017 08:56:50 GMT+0800 (Taiwan Standard Time),,,,,0,0,0,error,"交易所_AII API 錯誤,帳號 (全部) 2017/01/23 08:56:50 斷線-HB TimeOu","交易所_AII API 錯誤,帳號 (全部) 2017/01/23 08:56:50 斷線-HB TimeOu"
159c8cfcdac503d7,Mon Jan 23 2017 08:52:55 GMT+0800 (Taiwan Standard Time),Mon Jan 23 2017 08:52:43 GMT+0800 (Taiwan Standard Time),,,,,0,0,0,error,"交易所_AII API 錯誤,帳號 (全部) 2017/01/23 08:52:43 斷線-HB TimeOu","交易所_AII API 錯誤,帳號 (全部) 2017/01/23 08:52:43 斷線-HB TimeOu"
159c8ca5703540b5,Mon Jan 23 2017 08:46:56 GMT+0800 (Taiwan Standard Time),Mon Jan 23 2017 08:46:51 GMT+0800 (Taiwan Standard Time),,,,,0,0,0,error,"交易所_AII API 錯誤,帳號 (全部) 2017/01/23 08:46:51 斷線-HB TimeOu","交易所_AII API 錯誤,帳號 (全部) 2017/01/23 08:46:51 斷線-HB TimeOu"
159ba6924022a104,Fri Jan 20 2017 13:46:04 GMT+0800 (Taiwan Standard Time),Fri Jan 20 2017 13:46:00 GMT+0800 (Taiwan Standard Time),,,,,0,0,0,error,"交易所_AII API 錯誤,帳號 (全部) 2017/01/20 13:46:00 斷線-","交易所_AII API 錯誤,帳號 (全部) 2017/01/20 13:46:00 斷線-"
159b5430e024b024,Thu Jan 19 2017 13:46:07 GMT+0800 (Taiwan Standard Time),Thu Jan 19 2017 13:46:00 GMT+0800 (Taiwan Standard Time),,,,,0,0,0,error,"交易所_AII API 錯誤,帳號 (全部) 2017/01/19 13:46:00 斷線-","交易所_AII API 錯誤,帳號 (全部) 2017/01/19 13:46:00 斷線-"
159b432eb18880a0,Thu Jan 19 2017 08:49:09 GMT+0800 (Taiwan Standard Time),Thu Jan 19 2017 08:49:00 GMT+0800 (Taiwan Standard Time),策略_TCA,交易所_A,9321,reduce_long,-1,4,3,normal,,"2017/01/19 08:49:00 ""9321"" 減碼多單目前倉位：+3 之前倉位：4 交易所_A(小型台指) 倍數：1, 本次下單：-1 , 帳戶實際倉位：3 , 總倉位：3 策略_TCA"
159b42f4d68efea9,Thu Jan 19 2017 08:45:09 GMT+0800 (Taiwan Standard Time),Thu Jan 19 2017 08:45:00 GMT+0800 (Taiwan Standard Time),策略_TCA,交易所_A,9337,,4,0,4,normal,,"2017/01/19 08:45:00 ""9337"" 多單進場目前倉位：+4 之前倉位：0 交易所_A(小型台指) 倍數：1, 本次下單：0 , 帳戶實際倉位：4 , 總倉位：4 策略_TCA"
159b01c707252edc,Wed Jan 18 2017 13:46:04 GMT+0800 (Taiwan Standard Time),Wed Jan 18 2017 13:46:00 GMT+0800 (Taiwan Standard Time),,,,,0,0,0,error,"交易所_AII API 錯誤,帳號 (全部) 2017/01/18 13:46:00 斷線-","交易所_AII API 錯誤,帳號 (全部) 2017/01/18 13:46:00 斷線-"
159aaf60d80c9aab,Tue Jan 17 2017 13:46:04 GMT+0800 (Taiwan Standard Time),Tue Jan 17 2017 13:46:00 GMT+0800 (Taiwan Standard Time),,,,,0,0,0,error,"交易所_AII API 錯誤,帳號 (全部) 2017/01/17 13:46:00 斷線-","交易所_AII API 錯誤,帳號 (全部) 2017/01/17 13:46:00 斷線-"
159a9f500f0a5177,Tue Jan 17 2017 09:05:19 GMT+0800 (Taiwan Standard Time),Tue Jan 17 2017 09:05:15 GMT+0800 (Taiwan Standard Time),,,,,0,0,0,error,<發生錯誤> 2017/01/17 09:05:15 模擬_TEST 策略價格，超過 30 分鐘未跳動，請儘快處理。,<發生錯誤> 2017/01/17 09:05:15 模擬_TEST 策略價格，超過 30 分鐘未跳動，請儘快處理。
159a9ebac055398a,Tue Jan 17 2017 08:55:08 GMT+0800 (Taiwan Standard Time),Tue Jan 17 2017 08:55:04 GMT+0800 (Taiwan Standard Time),,,,,0,0,0,error,<發生錯誤> 2017/01/17 08:55:04 模擬_TEST 策略價格，超過 20 分鐘未跳動，請儘快處理。,<發生錯誤> 2017/01/17 08:55:04 模擬_TEST 策略價格，超過 20 分鐘未跳動，請儘快處理。
159a9e25b16af74e,Tue Jan 17 2017 08:44:55 GMT+0800 (Taiwan Standard Time),Tue Jan 17 2017 08:44:50 GMT+0800 (Taiwan Standard Time),,,,,0,0,0,error,<發生錯誤> 2017/01/17 08:44:50 模擬_TEST 策略價格，超過 10 分鐘未跳動，請儘快處理。,<發生錯誤> 2017/01/17 08:44:50 模擬_TEST 策略價格，超過 10 分鐘未跳動，請儘快處理。
159a5cfb000bdb55,Mon Jan 16 2017 13:46:04 GMT+0800 (Taiwan Standard Time),Mon Jan 16 2017 13:46:00 GMT+0800 (Taiwan Standard Time),,,,,0,0,0,error,"交易所_AII API 錯誤,帳號 (全部) 2017/01/16 13:46:00 斷線-","交易所_AII API 錯誤,帳號 (全部) 2017/01/16 13:46:00 斷線-"
159a4bfdba1f430e,Mon Jan 16 2017 08:49:10 GMT+0800 (Taiwan Standard Time),Mon Jan 16 2017 08:49:00 GMT+0800 (Taiwan Standard Time),策略_TCA,交易所_A,9329,reduce_long,-1,5,4,normal,,"2017/01/16 08:49:00 ""9329"" 減碼多單目前倉位：+4 之前倉位：5 交易所_A(小型台指) 倍數：1, 本次下單：0 , 帳戶實際倉位：5 , 總倉位：5 策略_TCA"
159a4bfcaed70254,Mon Jan 16 2017 08:49:05 GMT+0800 (Taiwan Standard Time),Mon Jan 16 2017 08:49:00 GMT+0800 (Taiwan Standard Time),,,,,0,0,0,error,<下單失敗> 2017/01/16 08:49:00 交易所_AII API 下單發生錯誤，本次下單已取消，請由手動補單。,<下單失敗> 2017/01/16 08:49:00 交易所_AII API 下單發生錯誤，本次下單已取消，請由手動補單。
15996806c504db56,Fri Jan 13 2017 14:25:11 GMT+0800 (Taiwan Standard Time),Fri Jan 13 2017 14:25:07 GMT+0800 (Taiwan Standard Time),,,,,0,0,0,error,"交易所_AII API 錯誤,帳號 (全部) 2017/01/13 14:25:07 斷線-","交易所_AII API 錯誤,帳號 (全部) 2017/01/13 14:25:07 斷線-"
159967feb1d430b4,Fri Jan 13 2017 14:24:38 GMT+0800 (Taiwan Standard Time),Fri Jan 13 2017 14:24:34 GMT+0800 (Taiwan Standard Time),,,,,0,0,0,error,<下單失敗> 2017/01/13 14:24:34 交易所_AII API 下單發生錯誤，本次下單已取消，請由手動補單。,<下單失敗> 2017/01/13 14:24:34 交易所_AII API 下單發生錯誤，本次下單已取消，請由手動補單。
159965ca11f35efd,Fri Jan 13 2017 13:46:04 GMT+0800 (Taiwan Standard Time),Fri Jan 13 2017 13:46:00 GMT+0800 (Taiwan Standard Time),,,,,0,0,0,error,"交易所_AII API 錯誤,帳號 (全部) 2017/01/13 13:46:00 斷線-","交易所_AII API 錯誤,帳號 (全部) 2017/01/13 13:46:00 斷線-"
159955fae0c3a876,Fri Jan 13 2017 09:09:48 GMT+0800 (Taiwan Standard Time),Fri Jan 13 2017 09:09:44 GMT+0800 (Taiwan Standard Time),,,,,0,0,0,error,<發生錯誤> 2017/01/13 09:09:44 模擬_TEST 策略價格，超過 30 分鐘未跳動，請儘快處理。,<發生錯誤> 2017/01/13 09:09:44 模擬_TEST 策略價格，超過 30 分鐘未跳動，請儘快處理。
15995565d33479ed,Fri Jan 13 2017 08:59:37 GMT+0800 (Taiwan Standard Time),Fri Jan 13 2017 08:59:33 GMT+0800 (Taiwan Standard Time),,,,,0,0,0,error,<發生錯誤> 2017/01/13 08:59:33 模擬_TEST 策略價格，超過 20 分鐘未跳動，請儘快處理。,<發生錯誤> 2017/01/13 08:59:33 模擬_TEST 策略價格，超過 20 分鐘未跳動，請儘快處理。
159954d05aae7aed,Fri Jan 13 2017 08:49:27 GMT+0800 (Taiwan Standard Time),Fri Jan 13 2017 08:49:22 GMT+0800 (Taiwan Standard Time),,,,,0,0,0,error,<發生錯誤> 2017/01/13 08:49:22 模擬_TEST 策略價格，超過 10 分鐘未跳動，請儘快處理。,<發生錯誤> 2017/01/13 08:49:22 模擬_TEST 策略價格，超過 10 分鐘未跳動，請儘快處理。
159954cd29557022,Fri Jan 13 2017 08:49:10 GMT+0800 (Taiwan Standard Time),Fri Jan 13 2017 08:49:00 GMT+0800 (Taiwan Standard Time),策略_TCA,交易所_A,9385,add_long,1,4,5,normal,,"2017/01/13 08:49:00 ""9385"" 加碼多單目前倉位：+5 之前倉位：4 交易所_A(小型台指) 倍數：1, 本次下單：1 , 帳戶實際倉位：5 , 總倉位：5 策略_TCA"
1599136444523918,Thu Jan 12 2017 13:46:04 GMT+0800 (Taiwan Standard Time),Thu Jan 12 2017 13:46:00 GMT+0800 (Taiwan Standard Time),,,,,0,0,0,error,"交易所_AII API 錯誤,帳號 (全部) 2017/01/12 13:46:00 斷線-","交易所_AII API 錯誤,帳號 (全部) 2017/01/12 13:46:00 斷線-"
159904676d0c5dbe,Thu Jan 12 2017 09:24:10 GMT+0800 (Taiwan Standard Time),Thu Jan 12 2017 09:24:06 GMT+0800 (Taiwan Standard Time),,,,,0,0,0,error,<發生錯誤> 2017/01/12 09:24:06 模擬_TEST 策略價格，超過 30 分鐘未跳動，請儘快處理。,<發生錯誤> 2017/01/12 09:24:06 模擬_TEST 策略價格，超過 30 分鐘未跳動，請儘快處理。
159903d27fc5da73,Thu Jan 12 2017 09:13:59 GMT+0800 (Taiwan Standard Time),Thu Jan 12 2017 09:13:54 GMT+0800 (Taiwan Standard Time),,,,,0,0,0,error,<發生錯誤> 2017/01/12 09:13:54 模擬_TEST 策略價格，超過 20 分鐘未跳動，請儘快處理。,<發生錯誤> 2017/01/12 09:13:54 模擬_TEST 策略價格，超過 20 分鐘未跳動，請儘快處理。
1599033cd3257854,Thu Jan 12 2017 09:03:47 GMT+0800 (Taiwan Standard Time),Thu Jan 12 2017 09:03:43 GMT+0800 (Taiwan Standard Time),,,,,0,0,0,error,<發生錯誤> 2017/01/12 09:03:43 模擬_TEST 策略價格，超過 10 分鐘未跳動，請儘快處理。,<發生錯誤> 2017/01/12 09:03:43 模擬_TEST 策略價格，超過 10 分鐘未跳動，請儘快處理。
159902af641d8cd9,Thu Jan 12 2017 08:54:07 GMT+0800 (Taiwan Standard Time),Thu Jan 12 2017 08:54:02 GMT+0800 (Taiwan Standard Time),,,,,0,0,0,error,"交易所_AII 下單失敗,帳號 6523704 2017/01/12 08:54:02 Unknow Code:9999","交易所_AII 下單失敗,帳號 6523704 2017/01/12 08:54:02 Unknow Code:9999"
15990247bacc12fc,Thu Jan 12 2017 08:47:03 GMT+0800 (Taiwan Standard Time),Thu Jan 12 2017 08:46:58 GMT+0800 (Taiwan Standard Time),,,,,0,0,0,error,"交易所_AII API 錯誤,帳號 (全部) 2017/01/12 08:46:58 斷線-","交易所_AII API 錯誤,帳號 (全部) 2017/01/12 08:46:58 斷線-"
15990238c9888a6e,Thu Jan 12 2017 08:45:59 GMT+0800 (Taiwan Standard Time),Thu Jan 12 2017 08:45:54 GMT+0800 (Taiwan Standard Time),,,,,0,0,0,error,"交易所_AII 下單失敗,帳號 6523704 2017/01/12 08:45:54 Unknow Code:9999","交易所_AII 下單失敗,帳號 6523704 2017/01/12 08:45:54 Unknow Code:9999"
1598c0fecd779288,Wed Jan 11 2017 13:46:05 GMT+0800 (Taiwan Standard Time),Wed Jan 11 2017 13:46:00 GMT+0800 (Taiwan Standard Time),,,,,0,0,0,error,"交易所_AII API 錯誤,帳號 (全部) 2017/01/11 13:46:00 斷線-","交易所_AII API 錯誤,帳號 (全部) 2017/01/11 13:46:00 斷線-"
1598b1b34291a785,Wed Jan 11 2017 09:18:47 GMT+0800 (Taiwan Standard Time),Wed Jan 11 2017 09:18:43 GMT+0800 (Taiwan Standard Time),,,,,0,0,0,error,<發生錯誤> 2017/01/11 09:18:43 模擬_TEST 策略價格，超過 30 分鐘未跳動，請儘快處理。,<發生錯誤> 2017/01/11 09:18:43 模擬_TEST 策略價格，超過 30 分鐘未跳動，請儘快處理。
1598b11dda2074e7,Wed Jan 11 2017 09:08:37 GMT+0800 (Taiwan Standard Time),Wed Jan 11 2017 09:08:31 GMT+0800 (Taiwan Standard Time),,,,,0,0,0,error,<發生錯誤> 2017/01/11 09:08:31 模擬_TEST 策略價格，超過 20 分鐘未跳動，請儘快處理。,<發生錯誤> 2017/01/11 09:08:31 模擬_TEST 策略價格，超過 20 分鐘未跳動，請儘快處理。
1598b0bab5f75a62,Wed Jan 11 2017 09:01:51 GMT+0800 (Taiwan Standard Time),Wed Jan 11 2017 09:01:42 GMT+0800 (Taiwan Standard Time),策略_TCA,交易所_A,9377,reduce_long,-2,6,4,normal,,"2017/01/11 09:01:42 ""9377"" 減碼多單目前倉位：+4 之前倉位：6 交易所_A(小型台指) 倍數：1, 本次下單：-2 , 帳戶實際倉位：4 , 總倉位：4 策略_TCA"
1598b088722a0699,Wed Jan 11 2017 08:58:24 GMT+0800 (Taiwan Standard Time),Wed Jan 11 2017 08:58:20 GMT+0800 (Taiwan Standard Time),,,,,0,0,0,error,<發生錯誤> 2017/01/11 08:58:20 模擬_TEST 策略價格，超過 10 分鐘未跳動，請儘快處理。,<發生錯誤> 2017/01/11 08:58:20 模擬_TEST 策略價格，超過 10 分鐘未跳動，請儘快處理。
1598b006044118ba,Wed Jan 11 2017 08:49:30 GMT+0800 (Taiwan Standard Time),Wed Jan 11 2017 08:49:21 GMT+0800 (Taiwan Standard Time),策略_TCA,交易所_A,9390,add_long,2,4,6,normal,,"2017/01/11 08:49:21 ""9390"" 加碼多單目前倉位：+6 之前倉位：4 交易所_A(小型台指) 倍數：1, 本次下單：2 , 帳戶實際倉位：6 , 總倉位：6 策略_TCA"
1598afce781f3e90,Wed Jan 11 2017 08:45:43 GMT+0800 (Taiwan Standard Time),Wed Jan 11 2017 08:45:38 GMT+0800 (Taiwan Standard Time),,,,,0,0,0,error,"交易所_AII API 錯誤,帳號 (全部) 2017/01/11 08:45:38 斷線-","交易所_AII API 錯誤,帳號 (全部) 2017/01/11 08:45:38 斷線-"
15986e9884830f2e,Tue Jan 10 2017 13:46:04 GMT+0800 (Taiwan Standard Time),Tue Jan 10 2017 13:46:00 GMT+0800 (Taiwan Standard Time),,,,,0,0,0,error,"交易所_AII API 錯誤,帳號 (全部) 2017/01/10 13:46:00 斷線-","交易所_AII API 錯誤,帳號 (全部) 2017/01/10 13:46:00 斷線-"
15985d9ab66d92f1,Tue Jan 10 2017 08:49:10 GMT+0800 (Taiwan Standard Time),Tue Jan 10 2017 08:49:00 GMT+0800 (Taiwan Standard Time),策略_TCA,交易所_A,9330,reduce_long,-1,5,4,normal,,"2017/01/10 08:49:00 ""9330"" 減碼多單目前倉位：+4 之前倉位：5 交易所_A(小型台指) 倍數：1, 本次下單：-1 , 帳戶實際倉位：4 , 總倉位：4 策略_TCA"
15980db232d718cb,Mon Jan 09 2017 09:32:40 GMT+0800 (Taiwan Standard Time),Mon Jan 09 2017 09:32:30 GMT+0800 (Taiwan Standard Time),策略_TCA,交易所_A,9384,add_long,1,4,5,normal,,"2017/01/09 09:32:30 ""9384"" 加碼多單目前倉位：+5 之前倉位：4 交易所_A(小型台指) 倍數：1, 本次下單：1 , 帳戶實際倉位：5 , 總倉位：5 策略_TCA"
1596d2816d7070d0,Thu Jan 05 2017 13:44:16 GMT+0800 (Taiwan Standard Time),Thu Jan 05 2017 13:44:05 GMT+0800 (Taiwan Standard Time),策略_TCA,交易所_A,9347,short_to_long,8,-4,4,normal,,"2017/01/05 13:44:05 ""9347"" 空翻多目前倉位：+4 之前倉位：-4 交易所_A(小型台指) 倍數：1, 本次下單：-4 , 帳戶實際倉位：0 , 總倉位：0 策略_TCA"
1594e3ff2c9a7e6e,Fri Dec 30 2016 13:42:09 GMT+0800 (Taiwan Standard Time),Fri Dec 30 2016 13:41:59 GMT+0800 (Taiwan Standard Time),策略_TCA,交易所_A,9262,reduce_long,-1,5,4,normal,,"2016/12/30 13:41:59 ""9262"" 減碼多單目前倉位：+4 之前倉位：5 交易所_A(小型台指) 倍數：1, 本次下單：-1 , 帳戶實際倉位：4 , 總倉位：4 策略_TCA"
1594d617e1d3eac4,Fri Dec 30 2016 09:39:09 GMT+0800 (Taiwan Standard Time),Fri Dec 30 2016 09:39:00 GMT+0800 (Taiwan Standard Time),策略_TCA,交易所_A,9276,add_long,2,3,5,normal,,"2016/12/30 09:39:00 ""9276"" 加碼多單目前倉位：+5 之前倉位：3 交易所_A(小型台指) 倍數：1, 本次下單：2 , 帳戶實際倉位：5 , 總倉位：5 策略_TCA"
1594809b0fe99cab,Thu Dec 29 2016 08:45:10 GMT+0800 (Taiwan Standard Time),Thu Dec 29 2016 08:45:00 GMT+0800 (Taiwan Standard Time),策略_TCA,交易所_A,9189,add_long,1,2,3,normal,,"2016/12/29 08:45:00 ""9189"" 加碼多單目前倉位：+3 之前倉位：2 交易所_A(小型台指) 倍數：1, 本次下單：1 , 帳戶實際倉位：3 , 總倉位：3 策略_TCA"
15938c8110ffb85a,Mon Dec 26 2016 09:39:11 GMT+0800 (Taiwan Standard Time),Mon Dec 26 2016 09:39:01 GMT+0800 (Taiwan Standard Time),策略_TCA,交易所_A,9099,reduce_long,-1,3,2,normal,,"2016/12/26 09:39:01 ""9099"" 減碼多單目前倉位：+2 之前倉位：3 交易所_A(小型台指) 倍數：1, 本次下單：-1 , 帳戶實際倉位：2 , 總倉位：2 策略_TCA"
15938a7c5a309711,Mon Dec 26 2016 09:03:54 GMT+0800 (Taiwan Standard Time),Mon Dec 26 2016 09:03:44 GMT+0800 (Taiwan Standard Time),策略_TCA,交易所_A,9123,short_to_long,6,-3,3,normal,,"2016/12/26 09:03:44 ""9123"" 空翻多目前倉位：+3 之前倉位：-3 交易所_A(小型台指) 倍數：1, 本次下單：6 , 帳戶實際倉位：3 , 總倉位：3 策略_TCA"
15938a19e0d6fd72,Mon Dec 26 2016 08:57:10 GMT+0800 (Taiwan Standard Time),Mon Dec 26 2016 08:57:01 GMT+0800 (Taiwan Standard Time),策略_TCA,交易所_A,9113,reduce_short,1,-4,-3,normal,,"2016/12/26 08:57:01 ""9113"" 減碼空單目前倉位：-3 之前倉位：-4 交易所_A(小型台指) 倍數：1, 本次下單：1 , 帳戶實際倉位：-3 , 總倉位：-3 策略_TCA"
159389a47e1f696b,Mon Dec 26 2016 08:49:10 GMT+0800 (Taiwan Standard Time),Mon Dec 26 2016 08:49:00 GMT+0800 (Taiwan Standard Time),策略_TCA,交易所_A,9115,add_short,-1,-3,-4,normal,,"2016/12/26 08:49:00 ""9115"" 加碼空單目前倉位：-4 之前倉位：-3 交易所_A(小型台指) 倍數：1, 本次下單：-1 , 帳戶實際倉位：-4 , 總倉位：-4 策略_TCA"
159159a023f020b2,Mon Dec 19 2016 13:42:09 GMT+0800 (Taiwan Standard Time),Mon Dec 19 2016 13:41:59 GMT+0800 (Taiwan Standard Time),策略_TCA,交易所_A,9245,reduce_short,1,-4,-3,normal,,"2016/12/19 13:41:59 ""9245"" 減碼空單目前倉位：-3 之前倉位：-4 交易所_A(小型台指) 倍數：1, 本次下單：1 , 帳戶實際倉位：-3 , 總倉位：-3 策略_TCA"
159157e8fa72ad4a,Mon Dec 19 2016 13:12:09 GMT+0800 (Taiwan Standard Time),Mon Dec 19 2016 13:11:59 GMT+0800 (Taiwan Standard Time),策略_TCA,交易所_A,9254,add_short,-2,-2,-4,normal,,"2016/12/19 13:11:59 ""9254"" 加碼空單目前倉位：-4 之前倉位：-2 交易所_A(小型台指) 倍數：1, 本次下單：-2 , 帳戶實際倉位：-4 , 總倉位：-4 策略_TCA"
15905904cac9603e,Fri Dec 16 2016 10:57:37 GMT+0800 (Taiwan Standard Time),Fri Dec 16 2016 10:57:26 GMT+0800 (Taiwan Standard Time),策略_TCA,交易所_A,9352,add_short,-1,-1,-2,normal,,"2016/12/16 10:57:26 ""9352"" 加碼空單目前倉位：-2 之前倉位：-1 交易所_A(小型台指) 倍數：1, 本次下單：-1 , 帳戶實際倉位：-2 , 總倉位：-2 策略_TCA"
1590048fa0da43e7,Thu Dec 15 2016 10:21:37 GMT+0800 (Taiwan Standard Time),Thu Dec 15 2016 10:21:27 GMT+0800 (Taiwan Standard Time),策略_TCA,交易所_A,9308,add_short,-1,-1,-2,normal,,"2016/12/15 10:21:27 ""9308"" 加碼空單目前倉位：-2 之前倉位：-1 交易所_A(小型台指) 倍數：1, 本次下單：-1 , 帳戶實際倉位：-2 , 總倉位：-2 策略_TCA"
158fae4d744b4b67,Wed Dec 14 2016 09:14:07 GMT+0800 (Taiwan Standard Time),Wed Dec 14 2016 09:13:57 GMT+0800 (Taiwan Standard Time),策略_TCA,交易所_A,9383,reduce_short,2,-3,-1,normal,,"2016/12/14 09:13:57 ""9383"" 減碼空單目前倉位：-1 之前倉位：-3 交易所_A(小型台指) 倍數：1, 本次下單：2 , 帳戶實際倉位：-1 , 總倉位：-1 策略_TCA"
158f5c266645c516,Tue Dec 13 2016 09:18:25 GMT+0800 (Taiwan Standard Time),Tue Dec 13 2016 09:18:16 GMT+0800 (Taiwan Standard Time),策略_TCA,交易所_A,9364,reduce_short,1,-2,-1,normal,,"2016/12/13 09:18:16 ""9364"" 減碼空單目前倉位：-1 之前倉位：-2 交易所_A(小型台指) 倍數：1, 本次下單：1 , 帳戶實際倉位：-1 , 總倉位：-1 策略_TCA"
158f0f93e8d7f3a3,Mon Dec 12 2016 11:00:16 GMT+0800 (Taiwan Standard Time),Mon Dec 12 2016 11:00:07 GMT+0800 (Taiwan Standard Time),策略_TCA,交易所_A,9364,long_to_short,-4,2,-2,normal,,"2016/12/12 11:00:07 ""9364"" 多翻空目前倉位：-2 之前倉位：2 交易所_A(小型台指) 倍數：1, 本次下單：-4 , 帳戶實際倉位：-2 , 總倉位：-2 策略_TCA"
158f0813e2bd96a6,Mon Dec 12 2016 08:49:12 GMT+0800 (Taiwan Standard Time),Mon Dec 12 2016 08:49:02 GMT+0800 (Taiwan Standard Time),策略_TCA,交易所_A,9429,add_long,1,1,2,normal,,"2016/12/12 08:49:02 ""9429"" 加碼多單目前倉位：+2 之前倉位：1 交易所_A(小型台指) 倍數：1, 本次下單：1 , 帳戶實際倉位：2 , 總倉位：2 策略_TCA"
158d1c35f7fda1c5,Tue Dec 06 2016 09:33:11 GMT+0800 (Taiwan Standard Time),Tue Dec 06 2016 09:33:02 GMT+0800 (Taiwan Standard Time),策略_TCA,交易所_A,9279,,1,0,1,normal,,"2016/12/06 09:33:02 ""9279"" 多單進場目前倉位：+1 之前倉位：0 交易所_A(小型台指) 倍數：1, 本次下單：1 , 帳戶實際倉位：1 , 總倉位：1 策略_TCA"
158d1ab10c4540fc,Tue Dec 06 2016 09:06:38 GMT+0800 (Taiwan Standard Time),Tue Dec 06 2016 09:06:29 GMT+0800 (Taiwan Standard Time),策略_TCA,交易所_A,9260,close_short,1,-1,0,normal,,"2016/12/06 09:06:29 ""9260"" 空單平倉目前倉位：0 之前倉位：-1 交易所_A(小型台指) 倍數：1, 本次下單：1 , 帳戶實際倉位：0 , 總倉位：0 策略_TCA"
158cd80f642a4468,Mon Dec 05 2016 13:42:10 GMT+0800 (Taiwan Standard Time),Mon Dec 05 2016 13:42:01 GMT+0800 (Taiwan Standard Time),策略_TCA,交易所_A,9155,reduce_short,4,-5,-1,normal,,"2016/12/05 13:42:01 ""9155"" 減碼空單目前倉位：-1 之前倉位：-5 交易所_A(小型台指) 倍數：1, 本次下單：4 , 帳戶實際倉位：-1 , 總倉位：-1 策略_TCA"
158cc9a4428302ce,Mon Dec 05 2016 09:30:11 GMT+0800 (Taiwan Standard Time),Mon Dec 05 2016 09:30:01 GMT+0800 (Taiwan Standard Time),策略_TCA,交易所_A,9121,,-5,0,-5,normal,,"2016/12/05 09:30:01 ""9121"" 空單進場目前倉位：-5 之前倉位：0 交易所_A(小型台指) 倍數：1, 本次下單：-5 , 帳戶實際倉位：-5 , 總倉位：-5 策略_TCA"
158bd27a1093c63a,Fri Dec 02 2016 09:30:20 GMT+0800 (Taiwan Standard Time),Fri Dec 02 2016 09:29:55 GMT+0800 (Taiwan Standard Time),策略_TCA,交易所_A,9157,close_long,-1,1,0,normal,,"2016/12/02 09:29:55 ""9157"" 多單平倉目前倉位：0 之前倉位：1 交易所_A(小型台指) 倍數：1, 本次下單：-1 , 帳戶實際倉位：0 , 總倉位：0 策略_TCA"
158b7e9f0b18e763,Thu Dec 01 2016 09:05:11 GMT+0800 (Taiwan Standard Time),Thu Dec 01 2016 09:05:02 GMT+0800 (Taiwan Standard Time),策略_TCA,交易所_A,9255,,1,0,1,normal,,"2016/12/01 09:05:02 ""9255"" 多單進場目前倉位：+1 之前倉位：0 交易所_A(小型台指) 倍數：1, 本次下單：1 , 帳戶實際倉位：1 , 總倉位：1 策略_TCA"
158b36f803c673e2,Wed Nov 30 2016 12:12:58 GMT+0800 (Taiwan Standard Time),Wed Nov 30 2016 12:12:49 GMT+0800 (Taiwan Standard Time),策略_TCA,交易所_A,9181,close_long,-1,1,0,normal,,"2016/11/30 12:12:49 ""9181"" 多單平倉目前倉位：0 之前倉位：1 交易所_A(小型台指) 倍數：1, 本次下單：-1 , 帳戶實際倉位：0 , 總倉位：0 策略_TCA"
1589936bc3c8b446,Fri Nov 25 2016 10:00:51 GMT+0800 (Taiwan Standard Time),Fri Nov 25 2016 10:00:41 GMT+0800 (Taiwan Standard Time),策略_TCA,交易所_A,9188,,1,0,1,normal,,"2016/11/25 10:00:41 ""9188"" 多單進場目前倉位：+1 之前倉位：0 交易所_A(小型台指) 倍數：1, 本次下單：1 , 帳戶實際倉位：1 , 總倉位：1 策略_TCA"
158992ae8cb69c33,Fri Nov 25 2016 09:47:55 GMT+0800 (Taiwan Standard Time),Fri Nov 25 2016 09:47:46 GMT+0800 (Taiwan Standard Time),策略_TCA,交易所_A,9186,close_short,1,-1,0,normal,,"2016/11/25 09:47:46 ""9186"" 空單平倉目前倉位：0 之前倉位：-1 交易所_A(小型台指) 倍數：1, 本次下單：1 , 帳戶實際倉位：0 , 總倉位：0 策略_TCA"
1588ea86a272e0c4,Wed Nov 23 2016 08:49:11 GMT+0800 (Taiwan Standard Time),Wed Nov 23 2016 08:49:00 GMT+0800 (Taiwan Standard Time),策略_TCA,交易所_A,9157,reduce_short,1,-2,-1,normal,,"2016/11/23 08:49:00 ""9157"" 減碼空單目前倉位：-1 之前倉位：-2 交易所_A(小型台指) 倍數：1, 本次下單：1 , 帳戶實際倉位：-1 , 總倉位：-1 策略_TCA"
1588a8e4fdde0c72,Tue Nov 22 2016 13:42:11 GMT+0800 (Taiwan Standard Time),Tue Nov 22 2016 13:42:01 GMT+0800 (Taiwan Standard Time),策略_TCA,交易所_A,9139,long_to_short,-3,1,-2,normal,,"2016/11/22 13:42:01 ""9139"" 多翻空目前倉位：-2 之前倉位：1 交易所_A(小型台指) 倍數：1, 本次下單：-3 , 帳戶實際倉位：-2 , 總倉位：-2 策略_TCA"
15889bd908140b17,Tue Nov 22 2016 09:54:11 GMT+0800 (Taiwan Standard Time),Tue Nov 22 2016 09:54:01 GMT+0800 (Taiwan Standard Time),策略_TCA,交易所_A,9109,short_to_long,3,-2,1,normal,,"2016/11/22 09:54:01 ""9109"" 空翻多目前倉位：+1 之前倉位：-2 交易所_A(小型台指) 倍數：1, 本次下單：3 , 帳戶實際倉位：1 , 總倉位：1 策略_TCA"
15875f4de58283a6,Fri Nov 18 2016 13:42:10 GMT+0800 (Taiwan Standard Time),Fri Nov 18 2016 13:42:00 GMT+0800 (Taiwan Standard Time),策略_TCA,交易所_A,8989,,-2,0,-2,normal,,"2016/11/18 13:42:00 ""8989"" 空單進場目前倉位：-2 之前倉位：0 交易所_A(小型台指) 倍數：1, 本次下單：-2 , 帳戶實際倉位：-2 , 總倉位：-2 策略_TCA"
158757ec5a8f0a3a,Fri Nov 18 2016 11:33:10 GMT+0800 (Taiwan Standard Time),Fri Nov 18 2016 11:33:00 GMT+0800 (Taiwan Standard Time),策略_TCA,交易所_A,8988,close_short,2,-2,0,normal,,"2016/11/18 11:33:00 ""8988"" 空單平倉目前倉位：0 之前倉位：-2 交易所_A(小型台指) 倍數：1, 本次下單：2 , 帳戶實際倉位：0 , 總倉位：0 策略_TCA"
1586fc554fa56f8b,Thu Nov 17 2016 08:52:29 GMT+0800 (Taiwan Standard Time),Thu Nov 17 2016 08:52:19 GMT+0800 (Taiwan Standard Time),策略_TCA,交易所_A,8955,,-2,0,-2,normal,,"2016/11/17 08:52:19 ""8955"" 空單進場目前倉位：-2 之前倉位：0 交易所_A(小型台指) 倍數：1, 本次下單：0 , 帳戶實際倉位：-2 , 總倉位：-2 策略_TCA"
1586b20506240c9f,Wed Nov 16 2016 11:13:47 GMT+0800 (Taiwan Standard Time),Wed Nov 16 2016 11:13:38 GMT+0800 (Taiwan Standard Time),策略_TCA,交易所_A,9008,reduce_short,1,-3,-2,normal,,"2016/11/16 11:13:38 ""9008"" 減碼空單目前倉位：-2 之前倉位：-3 交易所_A(小型台指) 倍數：1, 本次下單：1 , 帳戶實際倉位：-2 , 總倉位：-2 策略_TCA"
15865758fce8e40f,Tue Nov 15 2016 08:49:10 GMT+0800 (Taiwan Standard Time),Tue Nov 15 2016 08:48:59 GMT+0800 (Taiwan Standard Time),策略_TCA,交易所_A,8912,reduce_short,1,-4,-3,normal,,"2016/11/15 08:48:59 ""8912"" 減碼空單目前倉位：-3 之前倉位：-4 交易所_A(小型台指) 倍數：1, 本次下單：1 , 帳戶實際倉位：-3 , 總倉位：-3 策略_TCA"
15860e6098701a86,Mon Nov 14 2016 11:33:56 GMT+0800 (Taiwan Standard Time),Mon Nov 14 2016 11:33:46 GMT+0800 (Taiwan Standard Time),策略_TCA,交易所_A,8966,add_short,-1,-3,-4,normal,,"2016/11/14 11:33:46 ""8966"" 加碼空單目前倉位：-4 之前倉位：-3 交易所_A(小型台指) 倍數：1, 本次下單：-1 , 帳戶實際倉位：-4 , 總倉位：-4 策略_TCA"
15860d4db70bf1ce,Mon Nov 14 2016 11:15:10 GMT+0800 (Taiwan Standard Time),Mon Nov 14 2016 11:15:01 GMT+0800 (Taiwan Standard Time),策略_TCA,交易所_A,8978,reduce_short,1,-4,-3,normal,,"2016/11/14 11:15:01 ""8978"" 減碼空單目前倉位：-3 之前倉位：-4 交易所_A(小型台指) 倍數：1, 本次下單：1 , 帳戶實際倉位：-3 , 總倉位：-3 策略_TCA"
15860aedf3d2bbe9,Mon Nov 14 2016 10:33:41 GMT+0800 (Taiwan Standard Time),Mon Nov 14 2016 10:33:31 GMT+0800 (Taiwan Standard Time),策略_TCA,交易所_A,8945,add_short,-1,-3,-4,normal,,"2016/11/14 10:33:31 ""8945"" 加碼空單目前倉位：-4 之前倉位：-3 交易所_A(小型台指) 倍數：1, 本次下單：-1 , 帳戶實際倉位：-4 , 總倉位：-4 策略_TCA"
158605913c717edb,Mon Nov 14 2016 08:59:57 GMT+0800 (Taiwan Standard Time),Mon Nov 14 2016 08:59:45 GMT+0800 (Taiwan Standard Time),策略_TCA,交易所_A,8955,reduce_short,1,-4,-3,normal,,"2016/11/14 08:59:45 ""8955"" 減碼空單目前倉位：-3 之前倉位：-4 交易所_A(小型台指) 倍數：1, 本次下單：1 , 帳戶實際倉位：-3 , 總倉位：-3 策略_TCA"
158604f43ff91a1d,Mon Nov 14 2016 08:49:15 GMT+0800 (Taiwan Standard Time),Mon Nov 14 2016 08:49:01 GMT+0800 (Taiwan Standard Time),策略_TCA,交易所_A,8939,add_short,-2,-2,-4,normal,,"2016/11/14 08:49:01 ""8939"" 加碼空單目前倉位：-4 之前倉位：-2 交易所_A(小型台指) 倍數：1, 本次下單：-2 , 帳戶實際倉位：-4 , 總倉位：-4 策略_TCA"
15851e85e4967c52,Fri Nov 11 2016 13:42:12 GMT+0800 (Taiwan Standard Time),Fri Nov 11 2016 13:42:02 GMT+0800 (Taiwan Standard Time),策略_TCA,交易所_A,8969,reduce_short,4,-6,-2,normal,,"2016/11/11 13:42:02 ""8969"" 減碼空單目前倉位：-2 之前倉位：-6 交易所_A(小型台指) 倍數：1, 本次下單：4 , 帳戶實際倉位：-2 , 總倉位：-2 策略_TCA"
15851b79f2fedc9a,Fri Nov 11 2016 12:48:57 GMT+0800 (Taiwan Standard Time),Fri Nov 11 2016 12:48:47 GMT+0800 (Taiwan Standard Time),策略_TCA,交易所_A,8962,add_short,-1,-5,-6,normal,,"2016/11/11 12:48:47 ""8962"" 加碼空單目前倉位：-6 之前倉位：-5 交易所_A(小型台指) 倍數：1, 本次下單：-1 , 帳戶實際倉位：-6 , 總倉位：-6 策略_TCA"
1585161d556e049b,Fri Nov 11 2016 11:15:15 GMT+0800 (Taiwan Standard Time),Fri Nov 11 2016 11:15:01 GMT+0800 (Taiwan Standard Time),策略_TCA,交易所_A,8982,reduce_short,1,-6,-5,normal,,"2016/11/11 11:15:01 ""8982"" 減碼空單目前倉位：-5 之前倉位：-6 交易所_A(小型台指) 倍數：1, 本次下單：1 , 帳戶實際倉位：-5 , 總倉位：-5 策略_TCA"
158511d1b3ab2c44,Fri Nov 11 2016 10:00:11 GMT+0800 (Taiwan Standard Time),Fri Nov 11 2016 10:00:02 GMT+0800 (Taiwan Standard Time),策略_TCA,交易所_A,8966,add_short,-1,-5,-6,normal,,"2016/11/11 10:00:02 ""8966"" 加碼空單目前倉位：-6 之前倉位：-5 交易所_A(小型台指) 倍數：1, 本次下單：-1 , 帳戶實際倉位：-6 , 總倉位：-6 策略_TCA"
15850ddf00959ad8,Fri Nov 11 2016 08:51:11 GMT+0800 (Taiwan Standard Time),Fri Nov 11 2016 08:51:01 GMT+0800 (Taiwan Standard Time),策略_TCA,交易所_A,9013,add_short,-3,-2,-5,normal,,"2016/11/11 08:51:01 ""9013"" 加碼空單目前倉位：-5 之前倉位：-2 交易所_A(小型台指) 倍數：1, 本次下單：-3 , 帳戶實際倉位：-5 , 總倉位：-5 策略_TCA"
15850dc1f5e39f17,Fri Nov 11 2016 08:49:11 GMT+0800 (Taiwan Standard Time),Fri Nov 11 2016 08:49:01 GMT+0800 (Taiwan Standard Time),策略_TCA,交易所_A,9016,reduce_short,1,-3,-2,normal,,"2016/11/11 08:49:01 ""9016"" 減碼空單目前倉位：-2 之前倉位：-3 交易所_A(小型台指) 倍數：1, 本次下單：1 , 帳戶實際倉位：-2 , 總倉位：-2 策略_TCA"
1584bc344dfef540,Thu Nov 10 2016 09:03:57 GMT+0800 (Taiwan Standard Time),Thu Nov 10 2016 09:03:46 GMT+0800 (Taiwan Standard Time),策略_TCA,交易所_A,9152,reduce_short,1,-4,-3,normal,,"2016/11/10 09:03:46 ""9152"" 減碼空單目前倉位：-3 之前倉位：-4 交易所_A(小型台指) 倍數：1, 本次下單：1 , 帳戶實際倉位：-3 , 總倉位：-3 策略_TCA"
158479ba25bbb3b3,Wed Nov 09 2016 13:42:11 GMT+0800 (Taiwan Standard Time),Wed Nov 09 2016 13:42:02 GMT+0800 (Taiwan Standard Time),策略_TCA,交易所_A,8928,reduce_short,2,-6,-4,normal,,"2016/11/09 13:42:02 ""8928"" 減碼空單目前倉位：-4 之前倉位：-6 交易所_A(小型台指) 倍數：1, 本次下單：2 , 帳戶實際倉位：-4 , 總倉位：-4 策略_TCA"
15846e9b44109d59,Wed Nov 09 2016 10:27:51 GMT+0800 (Taiwan Standard Time),Wed Nov 09 2016 10:27:41 GMT+0800 (Taiwan Standard Time),策略_TCA,交易所_A,9011,add_short,-1,-5,-6,normal,,"2016/11/09 10:27:41 ""9011"" 加碼空單目前倉位：-6 之前倉位：-5 交易所_A(小型台指) 倍數：1, 本次下單：-1 , 帳戶實際倉位：-6 , 總倉位：-6 策略_TCA"
15846e89ffdd9846,Wed Nov 09 2016 10:26:39 GMT+0800 (Taiwan Standard Time),Wed Nov 09 2016 10:26:30 GMT+0800 (Taiwan Standard Time),策略_TCA,交易所_A,9013,reduce_short,1,-6,-5,normal,,"2016/11/09 10:26:30 ""9013"" 減碼空單目前倉位：-5 之前倉位：-6 交易所_A(小型台指) 倍數：1, 本次下單：1 , 帳戶實際倉位：-5 , 總倉位：-5 策略_TCA"
15846d4d5c56b2ef,Wed Nov 09 2016 10:05:02 GMT+0800 (Taiwan Standard Time),Wed Nov 09 2016 10:04:52 GMT+0800 (Taiwan Standard Time),策略_TCA,交易所_A,9073,add_short,-1,-5,-6,normal,,"2016/11/09 10:04:52 ""9073"" 加碼空單目前倉位：-6 之前倉位：-5 交易所_A(小型台指) 倍數：1, 本次下單：-1 , 帳戶實際倉位：-6 , 總倉位：-6 策略_TCA"
15846d0637a9f6d4,Wed Nov 09 2016 10:00:11 GMT+0800 (Taiwan Standard Time),Wed Nov 09 2016 10:00:01 GMT+0800 (Taiwan Standard Time),策略_TCA,交易所_A,9143,add_short,-1,-4,-5,normal,,"2016/11/09 10:00:01 ""9143"" 加碼空單目前倉位：-5 之前倉位：-4 交易所_A(小型台指) 倍數：1, 本次下單：-1 , 帳戶實際倉位：-5 , 總倉位：-5 策略_TCA"
158468f620b13385,Wed Nov 09 2016 08:49:11 GMT+0800 (Taiwan Standard Time),Wed Nov 09 2016 08:49:01 GMT+0800 (Taiwan Standard Time),策略_TCA,交易所_A,9222,reduce_short,1,-5,-4,normal,,"2016/11/09 08:49:01 ""9222"" 減碼空單目前倉位：-4 之前倉位：-5 交易所_A(小型台指) 倍數：1, 本次下單：1 , 帳戶實際倉位：-4 , 總倉位：-4 策略_TCA"
15841fd38f12f3da,Tue Nov 08 2016 11:30:59 GMT+0800 (Taiwan Standard Time),Tue Nov 08 2016 11:30:49 GMT+0800 (Taiwan Standard Time),策略_TCA,交易所_A,9204,add_short,-1,-4,-5,normal,,"2016/11/08 11:30:49 ""9204"" 加碼空單目前倉位：-5 之前倉位：-4 交易所_A(小型台指) 倍數：1, 本次下單：-1 , 帳戶實際倉位：-5 , 總倉位：-5 策略_TCA"
158416907860b3ab,Tue Nov 08 2016 08:49:08 GMT+0800 (Taiwan Standard Time),Tue Nov 08 2016 08:48:58 GMT+0800 (Taiwan Standard Time),策略_TCA,交易所_A,9224,reduce_short,1,-5,-4,normal,,"2016/11/08 08:48:58 ""9224"" 減碼空單目前倉位：-4 之前倉位：-5 交易所_A(小型台指) 倍數：1, 本次下單：1 , 帳戶實際倉位：-4 , 總倉位：-4 策略_TCA"
1583c61562ce04f2,Mon Nov 07 2016 09:22:40 GMT+0800 (Taiwan Standard Time),Mon Nov 07 2016 09:22:30 GMT+0800 (Taiwan Standard Time),策略_TCA,交易所_A,9155,reduce_short,1,-6,-5,normal,,"2016/11/07 09:22:30 ""9155"" 減碼空單目前倉位：-5 之前倉位：-6 交易所_A(小型台指) 倍數：1, 本次下單：1 , 帳戶實際倉位：-5 , 總倉位：-5 策略_TCA"
15827c7e6deecef0,Thu Nov 03 2016 09:22:40 GMT+0800 (Taiwan Standard Time),Thu Nov 03 2016 09:22:30 GMT+0800 (Taiwan Standard Time),策略_TCA,交易所_A,9130,add_short,-1,-5,-6,normal,,"2016/11/03 09:22:30 ""9130"" 加碼空單目前倉位：-6 之前倉位：-5 交易所_A(小型台指) 倍數：1, 本次下單：-1 , 帳戶實際倉位：-6 , 總倉位：-6 策略_TCA"
1582282df68a2467,Wed Nov 02 2016 08:49:07 GMT+0800 (Taiwan Standard Time),Wed Nov 02 2016 08:48:57 GMT+0800 (Taiwan Standard Time),策略_TCA,交易所_A,9208,add_short,-1,-4,-5,normal,,"2016/11/02 08:48:57 ""9208"" 加碼空單目前倉位：-5 之前倉位：-4 交易所_A(小型台指) 倍數：1, 本次下單：-1 , 帳戶實際倉位：-5 , 總倉位：-5 策略_TCA"
1581de48f0f4907b,Tue Nov 01 2016 11:17:45 GMT+0800 (Taiwan Standard Time),Tue Nov 01 2016 11:17:30 GMT+0800 (Taiwan Standard Time),策略_TCA,交易所_A,9291,reduce_short,1,-5,-4,normal,,"2016/11/01 11:17:30 ""9291"" 減碼空單目前倉位：-4 之前倉位：-5 交易所_A(小型台指) 倍數：1, 本次下單：1 , 帳戶實際倉位：-4 , 總倉位：-4 策略_TCA"
1581d6e1f16fa7e3,Tue Nov 01 2016 09:08:23 GMT+0800 (Taiwan Standard Time),Tue Nov 01 2016 09:08:14 GMT+0800 (Taiwan Standard Time),策略_TCA,交易所_A,9236,add_short,-1,-4,-5,normal,,"2016/11/01 09:08:14 ""9236"" 加碼空單目前倉位：-5 之前倉位：-4 交易所_A(小型台指) 倍數：1, 本次下單：-1 , 帳戶實際倉位：-5 , 總倉位：-5 策略_TCA"
15818bc04bebacaf,Mon Oct 31 2016 11:15:22 GMT+0800 (Taiwan Standard Time),Mon Oct 31 2016 11:15:13 GMT+0800 (Taiwan Standard Time),策略_TCA,交易所_A,9277,reduce_short,1,-5,-4,normal,,"2016/10/31 11:15:13 ""9277"" 減碼空單目前倉位：-4 之前倉位：-5 交易所_A(小型台指) 倍數：1, 本次下單：1 , 帳戶實際倉位：-4 , 總倉位：-4 策略_TCA"
15803e3656d895ac,Thu Oct 27 2016 10:06:22 GMT+0800 (Taiwan Standard Time),Thu Oct 27 2016 10:06:13 GMT+0800 (Taiwan Standard Time),策略_TCA,交易所_A,9276,add_short,-1,-4,-5,normal,,"2016/10/27 10:06:13 ""9276"" 加碼空單目前倉位：-5 之前倉位：-4 交易所_A(小型台指) 倍數：1, 本次下單：-1 , 帳戶實際倉位：-5 , 總倉位：-5 策略_TCA"
15803bd9501161a3,Thu Oct 27 2016 09:25:04 GMT+0800 (Taiwan Standard Time),Thu Oct 27 2016 09:24:54 GMT+0800 (Taiwan Standard Time),策略_TCA,交易所_A,9319,add_short,-1,-3,-4,normal,,"2016/10/27 09:24:54 ""9319"" 加碼空單目前倉位：-4 之前倉位：-3 交易所_A(小型台指) 倍數：1, 本次下單：-1 , 帳戶實際倉位：-4 , 總倉位：-4 策略_TCA"
157ff555484b445d,Wed Oct 26 2016 12:52:42 GMT+0800 (Taiwan Standard Time),Wed Oct 26 2016 12:52:33 GMT+0800 (Taiwan Standard Time),策略_TCA,交易所_A,9332,add_short,-1,-2,-3,normal,,"2016/10/26 12:52:33 ""9332"" 加碼空單目前倉位：-3 之前倉位：-2 交易所_A(小型台指) 倍數：1, 本次下單：-1 , 帳戶實際倉位：-3 , 總倉位：-3 策略_TCA"
157fe9bec8056653,Wed Oct 26 2016 09:30:11 GMT+0800 (Taiwan Standard Time),Wed Oct 26 2016 09:30:02 GMT+0800 (Taiwan Standard Time),策略_TCA,交易所_A,9326,add_short,-1,-1,-2,normal,,"2016/10/26 09:30:02 ""9326"" 加碼空單目前倉位：-2 之前倉位：-1 交易所_A(小型台指) 倍數：1, 本次下單：-1 , 帳戶實際倉位：-2 , 總倉位：-2 策略_TCA"
157fe765fd0a7965,Wed Oct 26 2016 08:49:10 GMT+0800 (Taiwan Standard Time),Wed Oct 26 2016 08:49:00 GMT+0800 (Taiwan Standard Time),策略_TCA,交易所_A,9345,reduce_short,1,-2,-1,normal,,"2016/10/26 08:49:00 ""9345"" 減碼空單目前倉位：-1 之前倉位：-2 交易所_A(小型台指) 倍數：1, 本次下單：1 , 帳戶實際倉位：-1 , 總倉位：-1 策略_TCA"
157fa5c3e3880a63,Tue Oct 25 2016 13:42:07 GMT+0800 (Taiwan Standard Time),Tue Oct 25 2016 13:41:58 GMT+0800 (Taiwan Standard Time),策略_TCA,交易所_A,9376,add_short,-1,-1,-2,normal,,"2016/10/25 13:41:58 ""9376"" 加碼空單目前倉位：-2 之前倉位：-1 交易所_A(小型台指) 倍數：1, 本次下單：-1 , 帳戶實際倉位：-2 , 總倉位：-2 策略_TCA"
157f9e2ab99743a2,Tue Oct 25 2016 11:29:19 GMT+0800 (Taiwan Standard Time),Tue Oct 25 2016 11:29:10 GMT+0800 (Taiwan Standard Time),策略_TCA,交易所_A,9376,reduce_short,1,-2,-1,normal,,"2016/10/25 11:29:10 ""9376"" 減碼空單目前倉位：-1 之前倉位：-2 交易所_A(小型台指) 倍數：1, 本次下單：1 , 帳戶實際倉位：-1 , 總倉位：-1 策略_TCA"
157f96e87109cc55,Tue Oct 25 2016 09:22:28 GMT+0800 (Taiwan Standard Time),Tue Oct 25 2016 09:22:18 GMT+0800 (Taiwan Standard Time),策略_TCA,交易所_A,9311,reduce_short,1,-3,-2,normal,,"2016/10/25 09:22:18 ""9311"" 減碼空單目前倉位：-2 之前倉位：-3 交易所_A(小型台指) 倍數：1, 本次下單：1 , 帳戶實際倉位：-2 , 總倉位：-2 策略_TCA"
157e4edd752a5927,Fri Oct 21 2016 09:49:28 GMT+0800 (Taiwan Standard Time),Fri Oct 21 2016 09:49:19 GMT+0800 (Taiwan Standard Time),策略_TCA,交易所_A,9271,add_short,-1,-2,-3,normal,,"2016/10/21 09:49:19 ""9271"" 加碼空單目前倉位：-3 之前倉位：-2 交易所_A(小型台指) 倍數：1, 本次下單：-1 , 帳戶實際倉位：-3 , 總倉位：-3 策略_TCA"
157e4cf0d9a36ab7,Fri Oct 21 2016 09:15:50 GMT+0800 (Taiwan Standard Time),Fri Oct 21 2016 09:15:38 GMT+0800 (Taiwan Standard Time),策略_TCA,交易所_A,9307,reduce_short,1,-3,-2,normal,,"2016/10/21 09:15:38 ""9307"" 減碼空單目前倉位：-2 之前倉位：-3 交易所_A(小型台指) 倍數：1, 本次下單：1 , 帳戶實際倉位：-2 , 總倉位：-2 策略_TCA"
157df8c8913df9f7,Thu Oct 20 2016 08:45:08 GMT+0800 (Taiwan Standard Time),Thu Oct 20 2016 08:44:58 GMT+0800 (Taiwan Standard Time),策略_TCA,交易所_A,9269,,-3,0,-3,normal,,"2016/10/20 08:44:58 ""9269"" 空單進場目前倉位：-3 之前倉位：0 交易所_A(小型台指) 倍數：1, 本次下單：-1 , 帳戶實際倉位：-3 , 總倉位：-3 策略_TCA"
157db501cfa70ef1,Wed Oct 19 2016 13:00:40 GMT+0800 (Taiwan Standard Time),Wed Oct 19 2016 13:00:31 GMT+0800 (Taiwan Standard Time),策略_TCA,交易所_A,9281,reduce_short,1,-3,-2,normal,,"2016/10/19 13:00:31 ""9281"" 減碼空單目前倉位：-2 之前倉位：-3 交易所_A(小型台指) 倍數：1, 本次下單：1 , 帳戶實際倉位：-2 , 總倉位：-2 策略_TCA"
157dae7443ba5ba5,Wed Oct 19 2016 11:06:10 GMT+0800 (Taiwan Standard Time),Wed Oct 19 2016 11:06:00 GMT+0800 (Taiwan Standard Time),策略_TCA,交易所_A,9295,reduce_short,1,-4,-3,normal,,"2016/10/19 11:06:00 ""9295"" 減碼空單目前倉位：-3 之前倉位：-4 交易所_A(小型台指) 倍數：1, 本次下單：1 , 帳戶實際倉位：-3 , 總倉位：-3 策略_TCA"
157d572addad032e,Tue Oct 18 2016 09:40:32 GMT+0800 (Taiwan Standard Time),Tue Oct 18 2016 09:40:22 GMT+0800 (Taiwan Standard Time),策略_TCA,交易所_A,9209,reduce_short,1,-5,-4,normal,,"2016/10/18 09:40:22 ""9209"" 減碼空單目前倉位：-4 之前倉位：-5 交易所_A(小型台指) 倍數：1, 本次下單：1 , 帳戶實際倉位：-4 , 總倉位：-4 策略_TCA"
157c115a6be51192,Fri Oct 14 2016 10:46:39 GMT+0800 (Taiwan Standard Time),Fri Oct 14 2016 10:46:30 GMT+0800 (Taiwan Standard Time),策略_TCA,交易所_A,9163,long_to_short,-6,5,-1,normal,,"2016/10/14 10:46:30 ""9163"" 多翻空目前倉位：-1 之前倉位：5 交易所_A(小型台指) 倍數：1, 本次下單：-1 , 帳戶實際倉位：-2 , 總倉位：-2 策略_TCA"
157b6d53623391bb,Wed Oct 12 2016 11:00:03 GMT+0800 (Taiwan Standard Time),Wed Oct 12 2016 10:59:54 GMT+0800 (Taiwan Standard Time),策略_TCA,交易所_A,9243,reduce_short,1,-5,-4,normal,,"2016/10/12 10:59:54 ""9243"" 減碼空單目前倉位：-4 之前倉位：-5 交易所_A(小型台指) 倍數：1, 本次下單：1 , 帳戶實際倉位：-4 , 總倉位：-4 策略_TCA"
157b65d53d7b9b2c,Wed Oct 12 2016 08:49:07 GMT+0800 (Taiwan Standard Time),Wed Oct 12 2016 08:48:57 GMT+0800 (Taiwan Standard Time),策略_TCA,交易所_A,9174,add_short,-1,-4,-5,normal,,"2016/10/12 08:48:57 ""9174"" 加碼空單目前倉位：-5 之前倉位：-4 交易所_A(小型台指) 倍數：1, 本次下單：-1 , 帳戶實際倉位：-5 , 總倉位：-5 策略_TCA"
157b6592105ef0ae,Wed Oct 12 2016 08:44:31 GMT+0800 (Taiwan Standard Time),Wed Oct 12 2016 08:44:15 GMT+0800 (Taiwan Standard Time),策略_TCA,交易所_A,9191,long_to_short,-6,2,-4,normal,,"2016/10/12 08:44:15 ""9191"" 多翻空目前倉位：-4 之前倉位：2 交易所_A(小型台指) 倍數：1, 本次下單：0 , 帳戶實際倉位：2 , 總倉位：2 策略_TCA"
157b1ac4b8e588c6,Tue Oct 11 2016 10:57:16 GMT+0800 (Taiwan Standard Time),Tue Oct 11 2016 10:57:07 GMT+0800 (Taiwan Standard Time),策略_TCA,交易所_A,9206,long_to_short,-9,5,-4,normal,,"2016/10/11 10:57:07 ""9206"" 多翻空目前倉位：-4 之前倉位：5 交易所_A(小型台指) 倍數：1, 本次下單：-9 , 帳戶實際倉位：-4 , 總倉位：-4 策略_TCA"
157b13e4b9604ca4,Tue Oct 11 2016 08:57:08 GMT+0800 (Taiwan Standard Time),Tue Oct 11 2016 08:56:58 GMT+0800 (Taiwan Standard Time),策略_TCA,交易所_A,9320,add_long,3,2,5,normal,,"2016/10/11 08:56:58 ""9320"" 加碼多單目前倉位：+5 之前倉位：2 交易所_A(小型台指) 倍數：1, 本次下單：3 , 帳戶實際倉位：5 , 總倉位：5 策略_TCA"
1578df4e2fb978ae,Tue Oct 04 2016 12:30:16 GMT+0800 (Taiwan Standard Time),Tue Oct 04 2016 12:30:07 GMT+0800 (Taiwan Standard Time),策略_TCA,交易所_A,9231,reduce_long,-1,3,2,normal,,"2016/10/04 12:30:07 ""9231"" 減碼多單目前倉位：+2 之前倉位：3 交易所_A(小型台指) 倍數：1, 本次下單：-1 , 帳戶實際倉位：2 , 總倉位：2 策略_TCA"
1578d94c87f3fefb,Tue Oct 04 2016 10:45:19 GMT+0800 (Taiwan Standard Time),Tue Oct 04 2016 10:45:09 GMT+0800 (Taiwan Standard Time),策略_TCA,交易所_A,9243,add_long,1,2,3,normal,,"2016/10/04 10:45:09 ""9243"" 加碼多單目前倉位：+3 之前倉位：2 交易所_A(小型台指) 倍數：1, 本次下單：1 , 帳戶實際倉位：3 , 總倉位：3 策略_TCA"
1578d94b6531ca81,Tue Oct 04 2016 10:45:13 GMT+0800 (Taiwan Standard Time),Tue Oct 04 2016 10:45:03 GMT+0800 (Taiwan Standard Time),策略_TCA,交易所_A,9243,short_to_long,4,-2,2,normal,,"2016/10/04 10:45:03 ""9243"" 空翻多目前倉位：+2 之前倉位：-2 交易所_A(小型台指) 倍數：1, 本次下單：4 , 帳戶實際倉位：2 , 總倉位：2 策略_TCA"
15788204bccd73c6,Mon Oct 03 2016 09:20:00 GMT+0800 (Taiwan Standard Time),Mon Oct 03 2016 09:19:50 GMT+0800 (Taiwan Standard Time),策略_TCA,交易所_A,9218,reduce_short,1,-3,-2,normal,,"2016/10/03 09:19:50 ""9218"" 減碼空單目前倉位：-2 之前倉位：-3 交易所_A(小型台指) 倍數：1, 本次下單：1 , 帳戶實際倉位：-2 , 總倉位：-2 策略_TCA"
15779930d9439b85,Fri Sep 30 2016 13:30:59 GMT+0800 (Taiwan Standard Time),Fri Sep 30 2016 13:30:50 GMT+0800 (Taiwan Standard Time),策略_TCA,交易所_A,9139,add_short,-1,-2,-3,normal,,"2016/09/30 13:30:50 ""9139"" 加碼空單目前倉位：-3 之前倉位：-2 交易所_A(小型台指) 倍數：1, 本次下單：-1 , 帳戶實際倉位：-3 , 總倉位：-3 策略_TCA"
15778b8c37faa37c,Fri Sep 30 2016 09:32:33 GMT+0800 (Taiwan Standard Time),Fri Sep 30 2016 09:32:24 GMT+0800 (Taiwan Standard Time),策略_TCA,交易所_A,9170,add_short,-1,-1,-2,normal,,"2016/09/30 09:32:24 ""9170"" 加碼空單目前倉位：-2 之前倉位：-1 交易所_A(小型台指) 倍數：1, 本次下單：-1 , 帳戶實際倉位：-2 , 總倉位：-2 策略_TCA"
1577476e7f1f75f7,Thu Sep 29 2016 13:42:07 GMT+0800 (Taiwan Standard Time),Thu Sep 29 2016 13:41:58 GMT+0800 (Taiwan Standard Time),策略_TCA,交易所_A,9256,long_to_short,-2,1,-1,normal,,"2016/09/29 13:41:58 ""9256"" 多翻空目前倉位：-1 之前倉位：1 交易所_A(小型台指) 倍數：1, 本次下單：-2 , 帳戶實際倉位：-1 , 總倉位：-1 策略_TCA"
15773c467bea0c89,Thu Sep 29 2016 10:27:07 GMT+0800 (Taiwan Standard Time),Thu Sep 29 2016 10:26:58 GMT+0800 (Taiwan Standard Time),策略_TCA,交易所_A,9295,short_to_long,2,-1,1,normal,,"2016/09/29 10:26:58 ""9295"" 空翻多目前倉位：+1 之前倉位：-1 交易所_A(小型台指) 倍數：1, 本次下單：2 , 帳戶實際倉位：1 , 總倉位：1 策略_TCA"
15773ae4766fe5be,Thu Sep 29 2016 10:02:59 GMT+0800 (Taiwan Standard Time),Thu Sep 29 2016 10:02:49 GMT+0800 (Taiwan Standard Time),策略_TCA,交易所_A,9263,reduce_short,2,-3,-1,normal,,"2016/09/29 10:02:49 ""9263"" 減碼空單目前倉位：-1 之前倉位：-3 交易所_A(小型台指) 倍數：1, 本次下單：2 , 帳戶實際倉位：-1 , 總倉位：-1 策略_TCA"
157643037c959bc0,Mon Sep 26 2016 09:51:00 GMT+0800 (Taiwan Standard Time),Mon Sep 26 2016 09:50:50 GMT+0800 (Taiwan Standard Time),策略_TCA,交易所_A,9159,add_short,-1,-2,-3,normal,,"2016/09/26 09:50:50 ""9159"" 加碼空單目前倉位：-3 之前倉位：-2 交易所_A(小型台指) 倍數：1, 本次下單：-1 , 帳戶實際倉位：-3 , 總倉位：-3 策略_TCA"
157640536053540d,Mon Sep 26 2016 09:04:01 GMT+0800 (Taiwan Standard Time),Mon Sep 26 2016 09:03:52 GMT+0800 (Taiwan Standard Time),策略_TCA,交易所_A,9175,long_to_short,-5,3,-2,normal,,"2016/09/26 09:03:52 ""9175"" 多翻空目前倉位：-2 之前倉位：3 交易所_A(小型台指) 倍數：1, 本次下單：-5 , 帳戶實際倉位：-2 , 總倉位：-2 策略_TCA"
15754c0ecd338c0a,Fri Sep 23 2016 09:55:10 GMT+0800 (Taiwan Standard Time),Fri Sep 23 2016 09:55:01 GMT+0800 (Taiwan Standard Time),策略_TCA,交易所_A,9233,add_long,1,2,3,normal,,"2016/09/23 09:55:01 ""9233"" 加碼多單目前倉位：+3 之前倉位：2 交易所_A(小型台指) 倍數：1, 本次下單：1 , 帳戶實際倉位：3 , 總倉位：3 策略_TCA"
157549d8d1c4c9c5,Fri Sep 23 2016 09:16:32 GMT+0800 (Taiwan Standard Time),Fri Sep 23 2016 09:16:22 GMT+0800 (Taiwan Standard Time),策略_TCA,交易所_A,9194,reduce_long,-1,3,2,normal,,"2016/09/23 09:16:22 ""9194"" 減碼多單目前倉位：+2 之前倉位：3 交易所_A(小型台指) 倍數：1, 本次下單：-1 , 帳戶實際倉位：2 , 總倉位：2 策略_TCA"
1574f854ff3f1cfb,Thu Sep 22 2016 09:31:57 GMT+0800 (Taiwan Standard Time),Thu Sep 22 2016 09:31:47 GMT+0800 (Taiwan Standard Time),策略_TCA,交易所_A,9177,reduce_long,-1,4,3,normal,,"2016/09/22 09:31:47 ""9177"" 減碼多單目前倉位：+3 之前倉位：4 交易所_A(小型台指) 倍數：1, 本次下單：-1 , 帳戶實際倉位：3 , 總倉位：3 策略_TCA"
1574f72538b58727,Thu Sep 22 2016 09:11:14 GMT+0800 (Taiwan Standard Time),Thu Sep 22 2016 09:11:05 GMT+0800 (Taiwan Standard Time),策略_TCA,交易所_A,9189,add_long,1,3,4,normal,,"2016/09/22 09:11:05 ""9189"" 加碼多單目前倉位：+4 之前倉位：3 交易所_A(小型台指) 倍數：1, 本次下單：1 , 帳戶實際倉位：4 , 總倉位：4 策略_TCA"
1574f69fbac97028,Thu Sep 22 2016 09:02:06 GMT+0800 (Taiwan Standard Time),Thu Sep 22 2016 09:01:57 GMT+0800 (Taiwan Standard Time),策略_TCA,交易所_A,9243,reduce_long,-3,6,3,normal,,"2016/09/22 09:01:57 ""9243"" 減碼多單目前倉位：+3 之前倉位：6 交易所_A(小型台指) 倍數：1, 本次下單：-3 , 帳戶實際倉位：3 , 總倉位：3 策略_TCA"
1574f5e23ad11336,Thu Sep 22 2016 08:49:11 GMT+0800 (Taiwan Standard Time),Thu Sep 22 2016 08:49:01 GMT+0800 (Taiwan Standard Time),策略_TCA,交易所_A,9239,add_long,3,3,6,normal,,"2016/09/22 08:49:01 ""9239"" 加碼多單目前倉位：+6 之前倉位：3 交易所_A(小型台指) 倍數：1, 本次下單：2 , 帳戶實際倉位：6 , 總倉位：6 策略_TCA"
1574af11d219f8e2,Wed Sep 21 2016 12:11:36 GMT+0800 (Taiwan Standard Time),Wed Sep 21 2016 12:11:26 GMT+0800 (Taiwan Standard Time),策略_TCA,交易所_A,9174,add_long,1,3,4,normal,,"2016/09/21 12:11:26 ""9174"" 加碼多單目前倉位：+4 之前倉位：3 交易所_A(小型台指) 倍數：1, 本次下單：1 , 帳戶實際倉位：4 , 總倉位：4 策略_TCA"
1574a37caa94677f,Wed Sep 21 2016 08:49:10 GMT+0800 (Taiwan Standard Time),Wed Sep 21 2016 08:49:00 GMT+0800 (Taiwan Standard Time),策略_TCA,交易所_A,9126,reduce_long,-1,4,3,normal,,"2016/09/21 08:49:00 ""9126"" 減碼多單目前倉位：+3 之前倉位：4 交易所_A(小型台指) 倍數：1, 本次下單：-1 , 帳戶實際倉位：3 , 總倉位：3 策略_TCA"
15745118662cd909,Tue Sep 20 2016 08:49:15 GMT+0800 (Taiwan Standard Time),Tue Sep 20 2016 08:49:00 GMT+0800 (Taiwan Standard Time),策略_TCA,交易所_A,9133,add_long,1,3,4,normal,,"2016/09/20 08:49:00 ""9133"" 加碼多單目前倉位：+4 之前倉位：3 交易所_A(小型台指) 倍數：1, 本次下單：1 , 帳戶實際倉位：4 , 總倉位：4 策略_TCA"
15740f74e2f43cb0,Mon Sep 19 2016 13:42:09 GMT+0800 (Taiwan Standard Time),Mon Sep 19 2016 13:41:59 GMT+0800 (Taiwan Standard Time),策略_TCA,交易所_A,9150,reduce_long,-1,4,3,normal,,"2016/09/19 13:41:59 ""9150"" 減碼多單目前倉位：+3 之前倉位：4 交易所_A(小型台指) 倍數：1, 本次下單：-1 , 帳戶實際倉位：3 , 總倉位：3 策略_TCA"
157407fa3bea2df4,Mon Sep 19 2016 11:31:26 GMT+0800 (Taiwan Standard Time),Mon Sep 19 2016 11:31:16 GMT+0800 (Taiwan Standard Time),策略_TCA,交易所_A,9139,reduce_long,-1,5,4,normal,,"2016/09/19 11:31:16 ""9139"" 減碼多單目前倉位：+4 之前倉位：5 交易所_A(小型台指) 倍數：1, 本次下單：-1 , 帳戶實際倉位：4 , 總倉位：4 策略_TCA"
1573ffebeb29ece0,Mon Sep 19 2016 09:10:39 GMT+0800 (Taiwan Standard Time),Mon Sep 19 2016 09:10:30 GMT+0800 (Taiwan Standard Time),策略_TCA,交易所_A,9032,add_long,1,4,5,normal,,"2016/09/19 09:10:30 ""9032"" 加碼多單目前倉位：+5 之前倉位：4 交易所_A(小型台指) 倍數：1, 本次下單：1 , 帳戶實際倉位：5 , 總倉位：5 策略_TCA"
1573ff98a73909a5,Mon Sep 19 2016 09:04:58 GMT+0800 (Taiwan Standard Time),Mon Sep 19 2016 09:04:49 GMT+0800 (Taiwan Standard Time),策略_TCA,交易所_A,9020,add_long,2,2,4,normal,,"2016/09/19 09:04:49 ""9020"" 加碼多單目前倉位：+4 之前倉位：2 交易所_A(小型台指) 倍數：1, 本次下單：2 , 帳戶實際倉位：4 , 總倉位：4 策略_TCA"
1573ff8918dcdd08,Mon Sep 19 2016 09:03:54 GMT+0800 (Taiwan Standard Time),Mon Sep 19 2016 09:03:45 GMT+0800 (Taiwan Standard Time),策略_TCA,交易所_A,9009,short_to_long,3,-1,2,normal,,"2016/09/19 09:03:45 ""9009"" 空翻多目前倉位：+2 之前倉位：-1 交易所_A(小型台指) 倍數：1, 本次下單：3 , 帳戶實際倉位：2 , 總倉位：2 策略_TCA"
157272887c50fa85,Wed Sep 14 2016 13:25:46 GMT+0800 (Taiwan Standard Time),Wed Sep 14 2016 13:25:33 GMT+0800 (Taiwan Standard Time),策略_TCA,交易所_A,8897,,-1,0,-1,normal,,"2016/09/14 13:25:33 ""8897"" 空單進場目前倉位：-1 之前倉位：0 交易所_A(小型台指) 倍數：1, 本次下單：-1 , 帳戶實際倉位：-1 , 總倉位：-1 策略_TCA"
1572685a36f7b892,Wed Sep 14 2016 10:27:52 GMT+0800 (Taiwan Standard Time),Wed Sep 14 2016 10:27:43 GMT+0800 (Taiwan Standard Time),策略_TCA,交易所_A,8880,close_short,1,-1,0,normal,,"2016/09/14 10:27:43 ""8880"" 空單平倉目前倉位：0 之前倉位：-1 交易所_A(小型台指) 倍數：1, 本次下單：1 , 帳戶實際倉位：0 , 總倉位：0 策略_TCA"
157264660a92c35c,Wed Sep 14 2016 09:18:47 GMT+0800 (Taiwan Standard Time),Wed Sep 14 2016 09:18:38 GMT+0800 (Taiwan Standard Time),策略_TCA,交易所_A,8940,,-1,0,-1,normal,,"2016/09/14 09:18:38 ""8940"" 空單進場目前倉位：-1 之前倉位：0 交易所_A(小型台指) 倍數：1, 本次下單：-1 , 帳戶實際倉位：-1 , 總倉位：-1 策略_TCA"
157262b4397bb836,Wed Sep 14 2016 08:49:09 GMT+0800 (Taiwan Standard Time),Wed Sep 14 2016 08:49:00 GMT+0800 (Taiwan Standard Time),策略_TCA,交易所_A,8856,close_short,3,-3,0,normal,,"2016/09/14 08:49:00 ""8856"" 空單平倉目前倉位：0 之前倉位：-3 交易所_A(小型台指) 倍數：1, 本次下單：3 , 帳戶實際倉位：0 , 總倉位：0 策略_TCA"
15721606d65b8921,Tue Sep 13 2016 10:29:03 GMT+0800 (Taiwan Standard Time),Tue Sep 13 2016 10:28:54 GMT+0800 (Taiwan Standard Time),策略_TCA,交易所_A,8890,,-3,0,-3,normal,,"2016/09/13 10:28:54 ""8890"" 空單進場目前倉位：-3 之前倉位：0 交易所_A(小型台指) 倍數：1, 本次下單：-2 , 帳戶實際倉位：-3 , 總倉位：-3 策略_TCA"
1571ce37f30a9f70,Mon Sep 12 2016 13:34:03 GMT+0800 (Taiwan Standard Time),Mon Sep 12 2016 13:33:54 GMT+0800 (Taiwan Standard Time),策略_TCA,交易所_A,8904,reduce_long,-1,2,1,normal,,"2016/09/12 13:33:54 ""8904"" 減碼多單目前倉位：+1 之前倉位：2 交易所_A(小型台指) 倍數：1, 本次下單：-1 , 帳戶實際倉位：1 , 總倉位：1 策略_TCA"
1571bde8b799965a,Mon Sep 12 2016 08:49:02 GMT+0800 (Taiwan Standard Time),Mon Sep 12 2016 08:48:52 GMT+0800 (Taiwan Standard Time),策略_TCA,交易所_A,8988,reduce_long,-3,5,2,normal,,"2016/09/12 08:48:52 ""8988"" 減碼多單目前倉位：+2 之前倉位：5 交易所_A(小型台指) 倍數：1, 本次下單：-3 , 帳戶實際倉位：2 , 總倉位：2 策略_TCA"
156f7d95b7af691a,Mon Sep 05 2016 08:57:09 GMT+0800 (Taiwan Standard Time),Mon Sep 05 2016 08:56:59 GMT+0800 (Taiwan Standard Time),策略_TCA,交易所_A,9019,add_long,1,4,5,normal,,"2016/09/05 08:56:59 ""9019"" 加碼多單目前倉位：+5 之前倉位：4 交易所_A(小型台指) 倍數：1, 本次下單：1 , 帳戶實際倉位：5 , 總倉位：5 策略_TCA"
156e34bccfbe1ccc,Thu Sep 01 2016 09:10:09 GMT+0800 (Taiwan Standard Time),Thu Sep 01 2016 09:10:00 GMT+0800 (Taiwan Standard Time),策略_TCA,交易所_A,8957,reduce_long,-1,5,4,normal,,"2016/09/01 09:10:00 ""8957"" 減碼多單目前倉位：+4 之前倉位：5 交易所_A(小型台指) 倍數：1, 本次下單：-1 , 帳戶實際倉位：4 , 總倉位：4 策略_TCA"
156d4624157ec1de,Mon Aug 29 2016 11:40:18 GMT+0800 (Taiwan Standard Time),Mon Aug 29 2016 11:40:09 GMT+0800 (Taiwan Standard Time),策略_TCA,交易所_A,9027,add_long,1,4,5,normal,,"2016/08/29 11:40:09 ""9027"" 加碼多單目前倉位：+5 之前倉位：4 交易所_A(小型台指) 倍數：1, 本次下單：1 , 帳戶實際倉位：5 , 總倉位：5 策略_TCA"
156d460dce69a85b,Mon Aug 29 2016 11:38:47 GMT+0800 (Taiwan Standard Time),Mon Aug 29 2016 11:38:38 GMT+0800 (Taiwan Standard Time),策略_TCA,交易所_A,9025,add_long,2,2,4,normal,,"2016/08/29 11:38:38 ""9025"" 加碼多單目前倉位：+4 之前倉位：2 交易所_A(小型台指) 倍數：1, 本次下單：2 , 帳戶實際倉位：4 , 總倉位：4 策略_TCA"
156d3f3469bc4f5b,Mon Aug 29 2016 09:39:06 GMT+0800 (Taiwan Standard Time),Mon Aug 29 2016 09:38:56 GMT+0800 (Taiwan Standard Time),策略_TCA,交易所_A,8993,reduce_long,-1,3,2,normal,,"2016/08/29 09:38:56 ""8993"" 減碼多單目前倉位：+2 之前倉位：3 交易所_A(小型台指) 倍數：1, 本次下單：-1 , 帳戶實際倉位：2 , 總倉位：2 策略_TCA"
156c03394f3a800c,Thu Aug 25 2016 13:36:57 GMT+0800 (Taiwan Standard Time),Thu Aug 25 2016 13:36:48 GMT+0800 (Taiwan Standard Time),策略_TCA,交易所_A,9070,add_long,1,2,3,normal,,"2016/08/25 13:36:48 ""9070"" 加碼多單目前倉位：+3 之前倉位：2 交易所_A(小型台指) 倍數：1, 本次下單：1 , 帳戶實際倉位：3 , 總倉位：3 策略_TCA"
156b50ff175d1d72,Tue Aug 23 2016 09:42:13 GMT+0800 (Taiwan Standard Time),Tue Aug 23 2016 09:42:03 GMT+0800 (Taiwan Standard Time),策略_TCA,交易所_A,8946,short_to_long,5,-3,2,normal,,"2016/08/23 09:42:03 ""8946"" 空翻多目前倉位：+2 之前倉位：-3 交易所_A(小型台指) 倍數：1, 本次下單：5 , 帳戶實際倉位：2 , 總倉位：2 策略_TCA"
156afb8ff7b64ad8,Mon Aug 22 2016 08:49:09 GMT+0800 (Taiwan Standard Time),Mon Aug 22 2016 08:49:00 GMT+0800 (Taiwan Standard Time),策略_TCA,交易所_A,8933,add_short,-1,-2,-3,normal,,"2016/08/22 08:49:00 ""8933"" 加碼空單目前倉位：-3 之前倉位：-2 交易所_A(小型台指) 倍數：1, 本次下單：-1 , 帳戶實際倉位：-3 , 總倉位：-3 策略_TCA"
1568bc39d8b4ac7c,Mon Aug 15 2016 09:14:26 GMT+0800 (Taiwan Standard Time),Mon Aug 15 2016 09:14:16 GMT+0800 (Taiwan Standard Time),策略_TCA,交易所_A,9122,add_short,-1,-1,-2,normal,,"2016/08/15 09:14:16 ""9122"" 加碼空單目前倉位：-2 之前倉位：-1 交易所_A(小型台指) 倍數：1, 本次下單：-1 , 帳戶實際倉位：-2 , 總倉位：-2 策略_TCA"
1568bac7ec9cc91b,Mon Aug 15 2016 08:49:10 GMT+0800 (Taiwan Standard Time),Mon Aug 15 2016 08:49:01 GMT+0800 (Taiwan Standard Time),策略_TCA,交易所_A,9137,reduce_short,1,-2,-1,normal,,"2016/08/15 08:49:01 ""9137"" 減碼空單目前倉位：-1 之前倉位：-2 交易所_A(小型台指) 倍數：1, 本次下單：1 , 帳戶實際倉位：-1 , 總倉位：-1 策略_TCA"
156781f47332a2ec,Thu Aug 11 2016 13:42:06 GMT+0800 (Taiwan Standard Time),Thu Aug 11 2016 13:41:57 GMT+0800 (Taiwan Standard Time),策略_TCA,交易所_A,9084,reduce_short,2,-4,-2,normal,,"2016/08/11 13:41:57 ""9084"" 減碼空單目前倉位：-2 之前倉位：-4 交易所_A(小型台指) 倍數：1, 本次下單：2 , 帳戶實際倉位：-2 , 總倉位：-2 策略_TCA"
15677e033cc2e4b7,Thu Aug 11 2016 12:33:13 GMT+0800 (Taiwan Standard Time),Thu Aug 11 2016 12:32:57 GMT+0800 (Taiwan Standard Time),策略_TCA,交易所_A,9064,long_to_short,-5,1,-4,normal,,"2016/08/11 12:32:57 ""9064"" 多翻空目前倉位：-4 之前倉位：1 交易所_A(小型台指) 倍數：1, 本次下單：-5 , 帳戶實際倉位：-4 , 總倉位：-4 策略_TCA"
156777d3b843058a,Thu Aug 11 2016 10:45:07 GMT+0800 (Taiwan Standard Time),Thu Aug 11 2016 10:44:57 GMT+0800 (Taiwan Standard Time),策略_TCA,交易所_A,9053,reduce_long,-2,3,1,normal,,"2016/08/11 10:44:57 ""9053"" 減碼多單目前倉位：+1 之前倉位：3 交易所_A(小型台指) 倍數：1, 本次下單：-2 , 帳戶實際倉位：1 , 總倉位：1 策略_TCA"
15672f8eb1e8e68b,Wed Aug 10 2016 13:42:07 GMT+0800 (Taiwan Standard Time),Wed Aug 10 2016 13:41:58 GMT+0800 (Taiwan Standard Time),策略_TCA,交易所_A,9154,reduce_long,-1,4,3,normal,,"2016/08/10 13:41:58 ""9154"" 減碼多單目前倉位：+3 之前倉位：4 交易所_A(小型台指) 倍數：1, 本次下單：-1 , 帳戶實際倉位：3 , 總倉位：3 策略_TCA"
156729e48966083f,Wed Aug 10 2016 12:03:07 GMT+0800 (Taiwan Standard Time),Wed Aug 10 2016 12:02:58 GMT+0800 (Taiwan Standard Time),策略_TCA,交易所_A,9155,add_long,1,3,4,normal,,"2016/08/10 12:02:58 ""9155"" 加碼多單目前倉位：+4 之前倉位：3 交易所_A(小型台指) 倍數：1, 本次下單：1 , 帳戶實際倉位：4 , 總倉位：4 策略_TCA"
156679ff64495029,Mon Aug 08 2016 08:49:01 GMT+0800 (Taiwan Standard Time),Mon Aug 08 2016 08:48:51 GMT+0800 (Taiwan Standard Time),策略_TCA,交易所_A,9118,add_long,1,2,3,normal,,"2016/08/08 08:48:51 ""9118"" 加碼多單目前倉位：+3 之前倉位：2 交易所_A(小型台指) 倍數：1, 本次下單：1 , 帳戶實際倉位：3 , 總倉位：3 策略_TCA"
15658449d23e2c59,Fri Aug 05 2016 09:14:58 GMT+0800 (Taiwan Standard Time),Fri Aug 05 2016 09:14:49 GMT+0800 (Taiwan Standard Time),策略_TCA,交易所_A,8994,reduce_long,-1,3,2,normal,,"2016/08/05 09:14:49 ""8994"" 減碼多單目前倉位：+2 之前倉位：3 交易所_A(小型台指) 倍數：1, 本次下單：0 , 帳戶實際倉位：2 , 總倉位：2 策略_TCA"
1564eec6aae54fc6,Wed Aug 03 2016 13:42:07 GMT+0800 (Taiwan Standard Time),Wed Aug 03 2016 13:41:58 GMT+0800 (Taiwan Standard Time),策略_TCA,交易所_A,8935,,2,0,2,normal,,"2016/08/03 13:41:58 ""8935"" 多單進場目前倉位：+2 之前倉位：0 交易所_A(小型台指) 倍數：1, 本次下單：2 , 帳戶實際倉位：2 , 總倉位：2 策略_TCA"
1564eccfd9da4ee9,Wed Aug 03 2016 13:07:47 GMT+0800 (Taiwan Standard Time),Wed Aug 03 2016 13:07:38 GMT+0800 (Taiwan Standard Time),策略_TCA,交易所_A,8935,close_long,-1,1,0,normal,,"2016/08/03 13:07:38 ""8935"" 多單平倉目前倉位：0 之前倉位：1 交易所_A(小型台指) 倍數：1, 本次下單：-1 , 帳戶實際倉位：0 , 總倉位：0 策略_TCA"
1564e2e2e1d7a031,Wed Aug 03 2016 10:14:20 GMT+0800 (Taiwan Standard Time),Wed Aug 03 2016 10:14:11 GMT+0800 (Taiwan Standard Time),策略_TCA,交易所_A,8954,,1,0,1,normal,,"2016/08/03 10:14:11 ""8954"" 多單進場目前倉位：+1 之前倉位：0 交易所_A(小型台指) 倍數：1, 本次下單：1 , 帳戶實際倉位：1 , 總倉位：1 策略_TCA"
1564de795e38cd60,Wed Aug 03 2016 08:57:13 GMT+0800 (Taiwan Standard Time),Wed Aug 03 2016 08:56:58 GMT+0800 (Taiwan Standard Time),策略_TCA,交易所_A,8880,close_long,-2,2,0,normal,,"2016/08/03 08:56:58 ""8880"" 多單平倉目前倉位：0 之前倉位：2 交易所_A(小型台指) 倍數：1, 本次下單：-2 , 帳戶實際倉位：0 , 總倉位：0 策略_TCA"
15643b8c56deaaba,Mon Aug 01 2016 09:29:52 GMT+0800 (Taiwan Standard Time),Mon Aug 01 2016 09:29:42 GMT+0800 (Taiwan Standard Time),策略_TCA,交易所_A,8997,add_long,1,1,2,normal,,"2016/08/01 09:29:42 ""8997"" 加碼多單目前倉位：+2 之前倉位：1 交易所_A(小型台指) 倍數：1, 本次下單：1 , 帳戶實際倉位：2 , 總倉位：2 策略_TCA"
15643a2a983ed884,Mon Aug 01 2016 09:05:42 GMT+0800 (Taiwan Standard Time),Mon Aug 01 2016 09:05:32 GMT+0800 (Taiwan Standard Time),策略_TCA,交易所_A,8963,short_to_long,3,-2,1,normal,,"2016/08/01 09:05:32 ""8963"" 空翻多目前倉位：+1 之前倉位：-2 交易所_A(小型台指) 倍數：1, 本次下單：3 , 帳戶實際倉位：1 , 總倉位：1 策略_TCA"
15634c4b7f0f497d,Fri Jul 29 2016 11:48:36 GMT+0800 (Taiwan Standard Time),Fri Jul 29 2016 11:48:27 GMT+0800 (Taiwan Standard Time),策略_TCA,交易所_A,8935,add_short,-1,-1,-2,normal,,"2016/07/29 11:48:27 ""8935"" 加碼空單目前倉位：-2 之前倉位：-1 交易所_A(小型台指) 倍數：1, 本次下單：-1 , 帳戶實際倉位：-2 , 總倉位：-2 策略_TCA"
156342063be00b58,Fri Jul 29 2016 08:49:09 GMT+0800 (Taiwan Standard Time),Fri Jul 29 2016 08:49:00 GMT+0800 (Taiwan Standard Time),策略_TCA,交易所_A,9008,,-1,0,-1,normal,,"2016/07/29 08:49:00 ""9008"" 空單進場目前倉位：-1 之前倉位：0 交易所_A(小型台指) 倍數：1, 本次下單：-1 , 帳戶實際倉位：-1 , 總倉位：-1 策略_TCA"
1562f5bfa1afa0c9,Thu Jul 28 2016 10:36:08 GMT+0800 (Taiwan Standard Time),Thu Jul 28 2016 10:35:56 GMT+0800 (Taiwan Standard Time),策略_TCA,交易所_A,9016,close_short,1,-1,0,normal,,"2016/07/28 10:35:56 ""9016"" 空單平倉目前倉位：0 之前倉位：-1 交易所_A(小型台指) 倍數：1, 本次下單：1 , 帳戶實際倉位：0 , 總倉位：0 策略_TCA"
15625bb399c1f707,Tue Jul 26 2016 13:43:49 GMT+0800 (Taiwan Standard Time),Tue Jul 26 2016 13:43:40 GMT+0800 (Taiwan Standard Time),策略_TCA,交易所_A,8964,reduce_short,1,-2,-1,normal,,"2016/07/26 13:43:40 ""8964"" 減碼空單目前倉位：-1 之前倉位：-2 交易所_A(小型台指) 倍數：1, 本次下單：1 , 帳戶實際倉位：-1 , 總倉位：-1 策略_TCA"
1562088235b34df1,Mon Jul 25 2016 13:29:58 GMT+0800 (Taiwan Standard Time),Mon Jul 25 2016 13:29:47 GMT+0800 (Taiwan Standard Time),策略_TCA,交易所_A,8891,reduce_short,1,-3,-2,normal,,"2016/07/25 13:29:47 ""8891"" 減碼空單目前倉位：-2 之前倉位：-3 交易所_A(小型台指) 倍數：1, 本次下單：1 , 帳戶實際倉位：-2 , 總倉位：-2 策略_TCA"
1561fc7f71e12178,Mon Jul 25 2016 10:00:03 GMT+0800 (Taiwan Standard Time),Mon Jul 25 2016 09:59:53 GMT+0800 (Taiwan Standard Time),策略_TCA,交易所_A,8853,add_short,-1,-2,-3,normal,,"2016/07/25 09:59:53 ""8853"" 加碼空單目前倉位：-3 之前倉位：-2 交易所_A(小型台指) 倍數：1, 本次下單：-1 , 帳戶實際倉位：-3 , 總倉位：-3 策略_TCA"
1561fb7ce25d8a93,Mon Jul 25 2016 09:42:25 GMT+0800 (Taiwan Standard Time),Mon Jul 25 2016 09:42:15 GMT+0800 (Taiwan Standard Time),策略_TCA,交易所_A,8891,add_short,-1,-1,-2,normal,,"2016/07/25 09:42:15 ""8891"" 加碼空單目前倉位：-2 之前倉位：-1 交易所_A(小型台指) 倍數：1, 本次下單：-1 , 帳戶實際倉位：-2 , 總倉位：-2 策略_TCA"
1561fa5d69ec74c6,Mon Jul 25 2016 09:22:47 GMT+0800 (Taiwan Standard Time),Mon Jul 25 2016 09:22:38 GMT+0800 (Taiwan Standard Time),策略_TCA,交易所_A,8968,,-1,0,-1,normal,,"2016/07/25 09:22:38 ""8968"" 空單進場目前倉位：-1 之前倉位：0 交易所_A(小型台指) 倍數：1, 本次下單：-1 , 帳戶實際倉位：-1 , 總倉位：-1 策略_TCA"
1561f948982620f6,Mon Jul 25 2016 09:03:53 GMT+0800 (Taiwan Standard Time),Mon Jul 25 2016 09:03:44 GMT+0800 (Taiwan Standard Time),策略_TCA,交易所_A,9007,close_short,3,-3,0,normal,,"2016/07/25 09:03:44 ""9007"" 空單平倉目前倉位：0 之前倉位：-3 交易所_A(小型台指) 倍數：1, 本次下單：3 , 帳戶實際倉位：0 , 總倉位：0 策略_TCA"
15610aa5cf1dfc79,Fri Jul 22 2016 11:33:28 GMT+0800 (Taiwan Standard Time),Fri Jul 22 2016 11:33:18 GMT+0800 (Taiwan Standard Time),策略_TCA,交易所_A,8947,add_short,-1,-2,-3,normal,,"2016/07/22 11:33:18 ""8947"" 加碼空單目前倉位：-3 之前倉位：-2 交易所_A(小型台指) 倍數：1, 本次下單：-1 , 帳戶實際倉位：-3 , 總倉位：-3 策略_TCA"
15610328d100d169,Fri Jul 22 2016 09:22:37 GMT+0800 (Taiwan Standard Time),Fri Jul 22 2016 09:22:28 GMT+0800 (Taiwan Standard Time),策略_TCA,交易所_A,8974,reduce_short,1,-3,-2,normal,,"2016/07/22 09:22:28 ""8974"" 減碼空單目前倉位：-2 之前倉位：-3 交易所_A(小型台指) 倍數：1, 本次下單：1 , 帳戶實際倉位：-2 , 總倉位：-2 策略_TCA"
15610228d98e8f41,Fri Jul 22 2016 09:05:08 GMT+0800 (Taiwan Standard Time),Fri Jul 22 2016 09:04:58 GMT+0800 (Taiwan Standard Time),策略_TCA,交易所_A,8952,long_to_short,-4,1,-3,normal,,"2016/07/22 09:04:58 ""8952"" 多翻空目前倉位：-3 之前倉位：1 交易所_A(小型台指) 倍數：1, 本次下單：-4 , 帳戶實際倉位：-3 , 總倉位：-3 策略_TCA"
1561013dc0747102,Fri Jul 22 2016 08:49:06 GMT+0800 (Taiwan Standard Time),Fri Jul 22 2016 08:48:57 GMT+0800 (Taiwan Standard Time),策略_TCA,交易所_A,8966,,1,0,1,normal,,"2016/07/22 08:48:57 ""8966"" 多單進場目前倉位：+1 之前倉位：0 交易所_A(小型台指) 倍數：1, 本次下單：1 , 帳戶實際倉位：1 , 總倉位：1 策略_TCA"
1560615750d3a799,Wed Jul 20 2016 10:14:38 GMT+0800 (Taiwan Standard Time),Wed Jul 20 2016 10:14:29 GMT+0800 (Taiwan Standard Time),策略_TCA,交易所_A,9005,short_to_long,4,-3,1,normal,,"2016/07/20 10:14:29 ""9005"" 空翻多目前倉位：+1 之前倉位：-3 交易所_A(小型台指) 倍數：1, 本次下單：4 , 帳戶實際倉位：1 , 總倉位：1 策略_TCA"
15605d558e2ab025,Wed Jul 20 2016 09:04:37 GMT+0800 (Taiwan Standard Time),Wed Jul 20 2016 09:04:27 GMT+0800 (Taiwan Standard Time),策略_TCA,交易所_A,8990,long_to_short,-8,5,-3,normal,,"2016/07/20 09:04:27 ""8990"" 多翻空目前倉位：-3 之前倉位：5 交易所_A(小型台指) 倍數：1, 本次下單：-8 , 帳戶實際倉位：-3 , 總倉位：-3 策略_TCA"
155fba4880bc2e89,Mon Jul 18 2016 09:35:07 GMT+0800 (Taiwan Standard Time),Mon Jul 18 2016 09:34:57 GMT+0800 (Taiwan Standard Time),策略_TCA,交易所_A,8977,add_long,1,4,5,normal,,"2016/07/18 09:34:57 ""8977"" 加碼多單目前倉位：+5 之前倉位：4 交易所_A(小型台指) 倍數：1, 本次下單：1 , 帳戶實際倉位：5 , 總倉位：5 策略_TCA"
155dc944274f1063,Tue Jul 12 2016 08:49:08 GMT+0800 (Taiwan Standard Time),Tue Jul 12 2016 08:48:59 GMT+0800 (Taiwan Standard Time),策略_TCA,交易所_A,8754,add_long,1,3,4,normal,,"2016/07/12 08:48:59 ""8754"" 加碼多單目前倉位：+4 之前倉位：3 交易所_A(小型台指) 倍數：1, 本次下單：1 , 帳戶實際倉位：4 , 總倉位：4 策略_TCA"
155d87a2a47744d9,Mon Jul 11 2016 13:42:09 GMT+0800 (Taiwan Standard Time),Mon Jul 11 2016 13:42:00 GMT+0800 (Taiwan Standard Time),策略_TCA,交易所_A,8732,reduce_long,-1,4,3,normal,,"2016/07/11 13:42:00 ""8732"" 減碼多單目前倉位：+3 之前倉位：4 交易所_A(小型台指) 倍數：1, 本次下單：-1 , 帳戶實際倉位：3 , 總倉位：3 策略_TCA"
155d78f7435e6df7,Mon Jul 11 2016 09:25:47 GMT+0800 (Taiwan Standard Time),Mon Jul 11 2016 09:25:38 GMT+0800 (Taiwan Standard Time),策略_TCA,交易所_A,8724,add_long,1,3,4,normal,,"2016/07/11 09:25:38 ""8724"" 加碼多單目前倉位：+4 之前倉位：3 交易所_A(小型台指) 倍數：1, 本次下單：1 , 帳戶實際倉位：4 , 總倉位：4 策略_TCA"
155d7753a3c0e3b3,Mon Jul 11 2016 08:57:09 GMT+0800 (Taiwan Standard Time),Mon Jul 11 2016 08:57:00 GMT+0800 (Taiwan Standard Time),策略_TCA,交易所_A,8714,add_long,1,2,3,normal,,"2016/07/11 08:57:00 ""8714"" 加碼多單目前倉位：+3 之前倉位：2 交易所_A(小型台指) 倍數：1, 本次下單：1 , 帳戶實際倉位：3 , 總倉位：3 策略_TCA"
155d76dea7c26602,Mon Jul 11 2016 08:49:10 GMT+0800 (Taiwan Standard Time),Mon Jul 11 2016 08:49:00 GMT+0800 (Taiwan Standard Time),策略_TCA,交易所_A,8695,add_long,1,1,2,normal,,"2016/07/11 08:49:00 ""8695"" 加碼多單目前倉位：+2 之前倉位：1 交易所_A(小型台指) 倍數：1, 本次下單：1 , 帳戶實際倉位：2 , 總倉位：2 策略_TCA"
155c2e1fc9fc6ec0,Thu Jul 07 2016 09:03:53 GMT+0800 (Taiwan Standard Time),Thu Jul 07 2016 09:03:44 GMT+0800 (Taiwan Standard Time),策略_TCA,交易所_A,8541,,1,0,1,normal,,"2016/07/07 09:03:44 ""8541"" 多單進場目前倉位：+1 之前倉位：0 交易所_A(小型台指) 倍數：1, 本次下單：1 , 帳戶實際倉位：1 , 總倉位：1 策略_TCA"
155c2d49f2cf3b35,Thu Jul 07 2016 08:49:09 GMT+0800 (Taiwan Standard Time),Thu Jul 07 2016 08:49:00 GMT+0800 (Taiwan Standard Time),策略_TCA,交易所_A,8519,close_long,-1,1,0,normal,,"2016/07/07 08:49:00 ""8519"" 多單平倉目前倉位：0 之前倉位：1 交易所_A(小型台指) 倍數：1, 本次下單：-1 , 帳戶實際倉位：0 , 總倉位：0 策略_TCA"
155bdc8a9eeaebcd,Wed Jul 06 2016 09:18:09 GMT+0800 (Taiwan Standard Time),Wed Jul 06 2016 09:18:00 GMT+0800 (Taiwan Standard Time),策略_TCA,交易所_A,8468,reduce_long,-1,2,1,normal,,"2016/07/06 09:18:00 ""8468"" 減碼多單目前倉位：+1 之前倉位：2 交易所_A(小型台指) 倍數：1, 本次下單：-1 , 帳戶實際倉位：1 , 總倉位：1"
155bdbbacae7a2d2,Wed Jul 06 2016 09:03:58 GMT+0800 (Taiwan Standard Time),Wed Jul 06 2016 09:03:49 GMT+0800 (Taiwan Standard Time),策略_TCA,交易所_A,8521,reduce_long,-1,3,2,normal,,"2016/07/06 09:03:49 ""8521"" 減碼多單目前倉位：+2 之前倉位：3 交易所_A(小型台指) 倍數：1, 本次下單：-1 , 帳戶實際倉位：2 , 總倉位：2"
155b8a66797fb201,Tue Jul 05 2016 09:22:27 GMT+0800 (Taiwan Standard Time),Tue Jul 05 2016 09:22:18 GMT+0800 (Taiwan Standard Time),策略_TCA,交易所_A,8585,reduce_long,-1,4,3,normal,,"2016/07/05 09:22:18 ""8585"" 減碼多單目前倉位：+3 之前倉位：4 交易所_A(小型台指) 倍數：1, 本次下單：-1 , 帳戶實際倉位：3 , 總倉位：3 策略_TCA"
155b361731535f28,Mon Jul 04 2016 08:49:02 GMT+0800 (Taiwan Standard Time),Mon Jul 04 2016 08:48:49 GMT+0800 (Taiwan Standard Time),策略_TCA,交易所_A,8615,add_long,1,3,4,normal,,"2016/07/04 08:48:49 ""8615"" 加碼多單目前倉位：+4 之前倉位：3 交易所_A(小型台指) 倍數：1, 本次下單：1 , 帳戶實際倉位：4 , 總倉位：4 策略_TCA"
155a3ee4e60249f4,Fri Jul 01 2016 08:49:01 GMT+0800 (Taiwan Standard Time),Fri Jul 01 2016 08:48:52 GMT+0800 (Taiwan Standard Time),策略_TCA,交易所_A,8578,add_long,1,2,3,normal,,"2016/07/01 08:48:52 ""8578"" 加碼多單目前倉位：+3 之前倉位：2 交易所_A(小型台指) 倍數：1, 本次下單：1 , 帳戶實際倉位：3 , 總倉位：3 策略_TCA"
1559f16ab682598d,Thu Jun 30 2016 10:15:02 GMT+0800 (Taiwan Standard Time),Thu Jun 30 2016 10:14:53 GMT+0800 (Taiwan Standard Time),策略_TCA,交易所_A,8524,add_long,1,1,2,normal,,"2016/06/30 10:14:53 ""8524"" 加碼多單目前倉位：+2 之前倉位：1 交易所_A(小型台指) 倍數：1, 本次下單：1 , 帳戶實際倉位：2 , 總倉位：2 策略_TCA"
15599f07b26d0e8f,Wed Jun 29 2016 10:15:19 GMT+0800 (Taiwan Standard Time),Wed Jun 29 2016 10:15:10 GMT+0800 (Taiwan Standard Time),策略_TCA,交易所_A,8419,reduce_long,-1,2,1,normal,,"2016/06/29 10:15:10 ""8419"" 減碼多單目前倉位：+1 之前倉位：2 交易所_A(小型台指) 倍數：1, 本次下單：-1 , 帳戶實際倉位：1 , 總倉位：1 策略_TCA"
15599af27f75a220,Wed Jun 29 2016 09:03:59 GMT+0800 (Taiwan Standard Time),Wed Jun 29 2016 09:03:50 GMT+0800 (Taiwan Standard Time),策略_TCA,交易所_A,8419,add_long,1,1,2,normal,,"2016/06/29 09:03:50 ""8419"" 加碼多單目前倉位：+2 之前倉位：1 交易所_A(小型台指) 倍數：1, 本次下單：1 , 帳戶實際倉位：2 , 總倉位：2 策略_TCA"
155947b3bf43422a,Tue Jun 28 2016 08:49:04 GMT+0800 (Taiwan Standard Time),Tue Jun 28 2016 08:48:55 GMT+0800 (Taiwan Standard Time),策略_TCA,交易所_A,8286,,1,0,1,normal,,"2016/06/28 08:48:55 ""8286"" 多單進場目前倉位：+1 之前倉位：0 交易所_A(小型台指) 倍數：1, 本次下單：2 , 帳戶實際倉位：1 , 總倉位：1 策略_TCA"
15580ee062263c26,Fri Jun 24 2016 13:42:06 GMT+0800 (Taiwan Standard Time),Fri Jun 24 2016 13:41:57 GMT+0800 (Taiwan Standard Time),策略_TCA,交易所_A,8235,reduce_short,3,-4,-1,normal,,"2016/06/24 13:41:57 ""8235"" 減碼空單目前倉位：-1 之前倉位：-4 交易所_A(小型台指) 倍數：1, 本次下單：3 , 帳戶實際倉位：-1 , 總倉位：-1 策略_TCA"
1558084c88c9ca87,Fri Jun 24 2016 11:47:09 GMT+0800 (Taiwan Standard Time),Fri Jun 24 2016 11:46:57 GMT+0800 (Taiwan Standard Time),策略_TCA,交易所_A,8196,add_short,-2,-2,-4,normal,,"2016/06/24 11:46:57 ""8196"" 加碼空單目前倉位：-4 之前倉位：-2 交易所_A(小型台指) 倍數：1, 本次下單：-2 , 帳戶實際倉位：-4 , 總倉位：-4 策略_TCA"
15580825de6caf00,Fri Jun 24 2016 11:44:30 GMT+0800 (Taiwan Standard Time),Fri Jun 24 2016 11:44:18 GMT+0800 (Taiwan Standard Time),策略_TCA,交易所_A,8239,add_short,-1,-1,-2,normal,,"2016/06/24 11:44:18 ""8239"" 加碼空單目前倉位：-2 之前倉位：-1 交易所_A(小型台指) 倍數：1, 本次下單：-1 , 帳戶實際倉位：-2 , 總倉位：-2 策略_TCA"
1557ff1c0d4bb550,Fri Jun 24 2016 09:06:33 GMT+0800 (Taiwan Standard Time),Fri Jun 24 2016 09:06:24 GMT+0800 (Taiwan Standard Time),策略_TCA,交易所_A,8344,reduce_long,-1,3,2,normal,,"2016/06/24 09:06:24 ""8344"" 減碼多單目前倉位：+2 之前倉位：3 交易所_A(小型台指) 倍數：1, 本次下單：-1 , 帳戶實際倉位：2 , 總倉位：2 策略_TCA"
1557fef862c90b2e,Fri Jun 24 2016 09:04:07 GMT+0800 (Taiwan Standard Time),Fri Jun 24 2016 09:03:58 GMT+0800 (Taiwan Standard Time),策略_TCA,交易所_A,8445,reduce_long,-1,4,3,normal,,"2016/06/24 09:03:58 ""8445"" 減碼多單目前倉位：+3 之前倉位：4 交易所_A(小型台指) 倍數：1, 本次下單：-1 , 帳戶實際倉位：3 , 總倉位：3 策略_TCA"
1557b2cdeddbd054,Thu Jun 23 2016 10:53:02 GMT+0800 (Taiwan Standard Time),Thu Jun 23 2016 10:52:53 GMT+0800 (Taiwan Standard Time),策略_TCA,交易所_A,8508,add_long,2,2,4,normal,,"2016/06/23 10:52:53 ""8508"" 加碼多單目前倉位：+4 之前倉位：2 交易所_A(小型台指) 倍數：1, 本次下單：2 , 帳戶實際倉位：4 , 總倉位：4 策略_TCA"
1557b2c60b16c160,Thu Jun 23 2016 10:52:30 GMT+0800 (Taiwan Standard Time),Thu Jun 23 2016 10:52:22 GMT+0800 (Taiwan Standard Time),策略_TCA,交易所_A,8505,reduce_long,-1,3,2,normal,,"2016/06/23 10:52:22 ""8505"" 減碼多單目前倉位：+2 之前倉位：3 交易所_A(小型台指) 倍數：1, 本次下單：-1 , 帳戶實際倉位：2 , 總倉位：2 策略_TCA"
1557ae5dad7f64d8,Thu Jun 23 2016 09:35:29 GMT+0800 (Taiwan Standard Time),Thu Jun 23 2016 09:35:19 GMT+0800 (Taiwan Standard Time),策略_TCA,交易所_A,8488,reduce_long,-1,4,3,normal,,"2016/06/23 09:35:19 ""8488"" 減碼多單目前倉位：+3 之前倉位：4 交易所_A(小型台指) 倍數：1, 本次下單：-1 , 帳戶實際倉位：3 , 總倉位：3 策略_TCA"
1557600511e7bcef,Wed Jun 22 2016 10:46:18 GMT+0800 (Taiwan Standard Time),Wed Jun 22 2016 10:46:09 GMT+0800 (Taiwan Standard Time),策略_TCA,交易所_A,8500,add_long,1,3,4,normal,,"2016/06/22 10:46:09 ""8500"" 加碼多單目前倉位：+4 之前倉位：3 交易所_A(小型台指) 倍數：1, 本次下單：1 , 帳戶實際倉位：4 , 總倉位：4 策略_TCA"
15575d224200101d,Wed Jun 22 2016 09:55:52 GMT+0800 (Taiwan Standard Time),Wed Jun 22 2016 09:55:42 GMT+0800 (Taiwan Standard Time),策略_TCA,交易所_A,8466,reduce_long,-1,4,3,normal,,"2016/06/22 09:55:42 ""8466"" 減碼多單目前倉位：+3 之前倉位：4 交易所_A(小型台指) 倍數：1, 本次下單：-1 , 帳戶實際倉位：3 , 總倉位：3 策略_TCA"
15570908bbcce20b,Tue Jun 21 2016 09:26:00 GMT+0800 (Taiwan Standard Time),Tue Jun 21 2016 09:25:51 GMT+0800 (Taiwan Standard Time),策略_TCA,交易所_A,8468,add_long,2,2,4,normal,,"2016/06/21 09:25:51 ""8468"" 加碼多單目前倉位：+4 之前倉位：2 交易所_A(小型台指) 倍數：1, 本次下單：2 , 帳戶實際倉位：4 , 總倉位：4 策略_TCA"
1556b485784c1cdc,Mon Jun 20 2016 08:49:03 GMT+0800 (Taiwan Standard Time),Mon Jun 20 2016 08:48:54 GMT+0800 (Taiwan Standard Time),策略_TCA,交易所_A,8498,add_long,1,1,2,normal,,"2016/06/20 08:48:54 ""8498"" 加碼多單目前倉位：+2 之前倉位：1 交易所_A(小型台指) 倍數：1, 本次下單：1 , 帳戶實際倉位：2 , 總倉位：2 策略_TCA"
1555c053896f8825,Fri Jun 17 2016 09:41:29 GMT+0800 (Taiwan Standard Time),Fri Jun 17 2016 09:41:20 GMT+0800 (Taiwan Standard Time),策略_TCA,交易所_A,8425,reduce_long,-1,2,1,normal,,"2016/06/17 09:41:20 ""8425"" 減碼多單目前倉位：+1 之前倉位：2 交易所_A(小型台指) 倍數：1, 本次下單：-1 , 帳戶實際倉位：1 , 總倉位：1 策略_TCA"
1555be2d1099031e,Fri Jun 17 2016 09:03:53 GMT+0800 (Taiwan Standard Time),Fri Jun 17 2016 09:03:45 GMT+0800 (Taiwan Standard Time),策略_TCA,交易所_A,8381,short_to_long,6,-4,2,normal,,"2016/06/17 09:03:45 ""8381"" 空翻多目前倉位：+2 之前倉位：-4 交易所_A(小型台指) 倍數：1, 本次下單：6 , 帳戶實際倉位：2 , 總倉位：2 策略_TCA"
15556be77bfbddec,Thu Jun 16 2016 09:06:07 GMT+0800 (Taiwan Standard Time),Thu Jun 16 2016 09:05:58 GMT+0800 (Taiwan Standard Time),策略_TCA,交易所_A,8366,add_short,-3,-1,-4,normal,,"2016/06/16 09:05:58 ""8366"" 加碼空單目前倉位：-4 之前倉位：-1 交易所_A(小型台指) 倍數：1, 本次下單：-3 , 帳戶實際倉位：-4 , 總倉位：-4 策略_TCA"
15556aeefa77cf0e,Thu Jun 16 2016 08:49:08 GMT+0800 (Taiwan Standard Time),Thu Jun 16 2016 08:48:59 GMT+0800 (Taiwan Standard Time),策略_TCA,交易所_A,8389,reduce_short,1,-2,-1,normal,,"2016/06/16 08:48:59 ""8389"" 減碼空單目前倉位：-1 之前倉位：-2 交易所_A(小型台指) 倍數：1, 本次下單：1 , 帳戶實際倉位：-1 , 總倉位：-1 策略_TCA"
1555197dc3a6503c,Wed Jun 15 2016 09:05:53 GMT+0800 (Taiwan Standard Time),Wed Jun 15 2016 09:05:43 GMT+0800 (Taiwan Standard Time),策略_TCA,交易所_A,8590,reduce_short,2,-4,-2,normal,,"2016/06/15 09:05:43 ""8590"" 減碼空單目前倉位：-2 之前倉位：-4 交易所_A(小型台指) 倍數：1, 本次下單：2 , 帳戶實際倉位：-2 , 總倉位：-2 策略_TCA"
15548481684c78ea,Mon Jun 13 2016 13:42:03 GMT+0800 (Taiwan Standard Time),Mon Jun 13 2016 13:41:54 GMT+0800 (Taiwan Standard Time),策略_TCA,交易所_A,8526,reduce_short,1,-5,-4,normal,,"2016/06/13 13:41:54 ""8526"" 減碼空單目前倉位：-4 之前倉位：-5 交易所_A(小型台指) 倍數：1, 本次下單：1 , 帳戶實際倉位：-4 , 總倉位：-4 策略_TCA"
1554753a94fa7447,Mon Jun 13 2016 09:15:04 GMT+0800 (Taiwan Standard Time),Mon Jun 13 2016 09:14:54 GMT+0800 (Taiwan Standard Time),策略_TCA,交易所_A,8571,add_short,-1,-4,-5,normal,,"2016/06/13 09:14:54 ""8571"" 加碼空單目前倉位：-5 之前倉位：-4 交易所_A(小型台指) 倍數：1, 本次下單：-1 , 帳戶實際倉位：-5 , 總倉位：-5 策略_TCA"
155474eec7f04978,Mon Jun 13 2016 09:09:54 GMT+0800 (Taiwan Standard Time),Mon Jun 13 2016 09:09:45 GMT+0800 (Taiwan Standard Time),策略_TCA,交易所_A,8590,,-4,0,-4,normal,,"2016/06/13 09:09:45 ""8590"" 空單進場目前倉位：-4 之前倉位：0 交易所_A(小型台指) 倍數：1, 本次下單：-4 , 帳戶實際倉位：-4 , 總倉位：-4 策略_TCA"
1554749593df5d10,Mon Jun 13 2016 09:03:49 GMT+0800 (Taiwan Standard Time),Mon Jun 13 2016 09:03:40 GMT+0800 (Taiwan Standard Time),策略_TCA,交易所_A,8607,close_long,-3,3,0,normal,,"2016/06/13 09:03:40 ""8607"" 多單平倉目前倉位：0 之前倉位：3 交易所_A(小型台指) 倍數：1, 本次下單：-3 , 帳戶實際倉位：0 , 總倉位：0 策略_TCA"
1552d9c492582938,Wed Jun 08 2016 09:24:22 GMT+0800 (Taiwan Standard Time),Wed Jun 08 2016 09:24:13 GMT+0800 (Taiwan Standard Time),策略_TCA,交易所_A,8717,add_long,1,2,3,normal,,"2016/06/08 09:24:13 ""8717"" 加碼多單目前倉位：+3 之前倉位：2 交易所_A(小型台指) 倍數：1, 本次下單：1 , 帳戶實際倉位：3 , 總倉位：3 策略_TCA"
1552d7c0b1fafd76,Wed Jun 08 2016 08:49:09 GMT+0800 (Taiwan Standard Time),Wed Jun 08 2016 08:49:00 GMT+0800 (Taiwan Standard Time),策略_TCA,交易所_A,8680,add_long,1,1,2,normal,,"2016/06/08 08:49:00 ""8680"" 加碼多單目前倉位：+2 之前倉位：1 交易所_A(小型台指) 倍數：1, 本次下單：1 , 帳戶實際倉位：2 , 總倉位：2 策略_TCA"
155289945c9a1390,Tue Jun 07 2016 10:02:53 GMT+0800 (Taiwan Standard Time),Tue Jun 07 2016 10:02:44 GMT+0800 (Taiwan Standard Time),策略_TCA,交易所_A,8668,,1,0,1,normal,,"2016/06/07 10:02:44 ""8668"" 多單進場目前倉位：+1 之前倉位：0 交易所_A(小型台指) 倍數：1, 本次下單：1 , 帳戶實際倉位：1 , 總倉位：1 策略_TCA"
15528657e2ce8fad,Tue Jun 07 2016 09:06:19 GMT+0800 (Taiwan Standard Time),Tue Jun 07 2016 09:06:10 GMT+0800 (Taiwan Standard Time),策略_TCA,交易所_A,8624,close_short,4,-4,0,normal,,"2016/06/07 09:06:10 ""8624"" 空單平倉目前倉位：0 之前倉位：-4 交易所_A(小型台指) 倍數：1, 本次下單：4 , 帳戶實際倉位：0 , 總倉位：0 策略_TCA"
1552855afb05229a,Tue Jun 07 2016 08:49:03 GMT+0800 (Taiwan Standard Time),Tue Jun 07 2016 08:48:54 GMT+0800 (Taiwan Standard Time),策略_TCA,交易所_A,8610,reduce_short,1,-5,-4,normal,,"2016/06/07 08:48:54 ""8610"" 減碼空單目前倉位：-4 之前倉位：-5 交易所_A(小型台指) 倍數：1, 本次下單：1 , 帳戶實際倉位：-4 , 總倉位：-4 策略_TCA"
1552383670b7ac16,Mon Jun 06 2016 10:20:55 GMT+0800 (Taiwan Standard Time),Mon Jun 06 2016 10:20:46 GMT+0800 (Taiwan Standard Time),策略_TCA,交易所_A,8525,long_to_short,-9,4,-5,normal,,"2016/06/06 10:20:46 ""8525"" 多翻空目前倉位：-5 之前倉位：4 交易所_A(小型台指) 倍數：1, 本次下單：-9 , 帳戶實際倉位：-5 , 總倉位：-5 策略_TCA"
15523817e4b4084e,Mon Jun 06 2016 10:18:50 GMT+0800 (Taiwan Standard Time),Mon Jun 06 2016 10:18:41 GMT+0800 (Taiwan Standard Time),策略_TCA,交易所_A,8531,reduce_long,-1,5,4,normal,,"2016/06/06 10:18:41 ""8531"" 減碼多單目前倉位：+4 之前倉位：5 交易所_A(小型台指) 倍數：1, 本次下單：-1 , 帳戶實際倉位：4 , 總倉位：4 策略_TCA"
155237895db5c22d,Mon Jun 06 2016 10:09:05 GMT+0800 (Taiwan Standard Time),Mon Jun 06 2016 10:08:56 GMT+0800 (Taiwan Standard Time),策略_TCA,交易所_A,8582,add_long,1,4,5,normal,,"2016/06/06 10:08:56 ""8582"" 加碼多單目前倉位：+5 之前倉位：4 交易所_A(小型台指) 倍數：1, 本次下單：1 , 帳戶實際倉位：5 , 總倉位：5 策略_TCA"
155235f31edd1edf,Mon Jun 06 2016 09:41:22 GMT+0800 (Taiwan Standard Time),Mon Jun 06 2016 09:41:11 GMT+0800 (Taiwan Standard Time),策略_TCA,交易所_A,8577,reduce_long,-1,5,4,normal,,"2016/06/06 09:41:11 ""8577"" 減碼多單目前倉位：+4 之前倉位：5 交易所_A(小型台指) 倍數：1, 本次下單：-1 , 帳戶實際倉位：4 , 總倉位：4 策略_TCA"
155098e33285c657,Wed Jun 01 2016 09:22:38 GMT+0800 (Taiwan Standard Time),Wed Jun 01 2016 09:22:29 GMT+0800 (Taiwan Standard Time),策略_TCA,交易所_A,8526,add_long,1,4,5,normal,,"2016/06/01 09:22:29 ""8526"" 加碼多單目前倉位：+5 之前倉位：4 交易所_A(小型台指) 倍數：1, 本次下單：1 , 帳戶實際倉位：5 , 總倉位：5 策略_TCA"
1550982bcd4a6375,Wed Jun 01 2016 09:10:08 GMT+0800 (Taiwan Standard Time),Wed Jun 01 2016 09:09:59 GMT+0800 (Taiwan Standard Time),策略_TCA,交易所_A,8511,reduce_long,-1,5,4,normal,,"2016/06/01 09:09:59 ""8511"" 減碼多單目前倉位：+4 之前倉位：5 交易所_A(小型台指) 倍數：1, 本次下單：-1 , 帳戶實際倉位：4 , 總倉位：4 策略_TCA"
155052a5fc927b48,Tue May 31 2016 12:55:09 GMT+0800 (Taiwan Standard Time),Tue May 31 2016 12:55:00 GMT+0800 (Taiwan Standard Time),策略_TCA,交易所_A,8500,add_long,1,4,5,normal,,"2016/05/31 12:55:00 ""8500"" 加碼多單目前倉位：+5 之前倉位：4 交易所_A(小型台指) 倍數：1, 本次下單：1 , 帳戶實際倉位：5 , 總倉位：5 策略_TCA"
155051380e8a6f8d,Tue May 31 2016 12:30:09 GMT+0800 (Taiwan Standard Time),Tue May 31 2016 12:30:00 GMT+0800 (Taiwan Standard Time),策略_TCA,交易所_A,8486,reduce_long,-1,5,4,normal,,"2016/05/31 12:30:00 ""8486"" 減碼多單目前倉位：+4 之前倉位：5 交易所_A(小型台指) 倍數：1, 本次下單：1 , 帳戶實際倉位：5 , 總倉位：5 策略_TCA"
15504e5c46c699db,Tue May 31 2016 11:40:12 GMT+0800 (Taiwan Standard Time),Tue May 31 2016 11:40:04 GMT+0800 (Taiwan Standard Time),策略_TCA,交易所_A,8499,add_long,1,4,5,normal,,"2016/05/31 11:40:04 ""8499"" 加碼多單目前倉位：+5 之前倉位：4 交易所_A(小型台指) 倍數：1, 本次下單：1 , 帳戶實際倉位：5 , 總倉位：5 策略_TCA"
15504d455b4e5a4f,Tue May 31 2016 11:21:09 GMT+0800 (Taiwan Standard Time),Tue May 31 2016 11:21:01 GMT+0800 (Taiwan Standard Time),策略_TCA,交易所_A,8487,reduce_long,-1,5,4,normal,,"2016/05/31 11:21:01 ""8487"" 減碼多單目前倉位：+4 之前倉位：5 交易所_A(小型台指) 倍數：1, 本次下單：-1 , 帳戶實際倉位：4 , 總倉位：4 策略_TCA"
15504ced77b50b27,Tue May 31 2016 11:15:09 GMT+0800 (Taiwan Standard Time),Tue May 31 2016 11:15:01 GMT+0800 (Taiwan Standard Time),策略_TCA,交易所_A,8488,add_long,1,4,5,normal,,"2016/05/31 11:15:01 ""8488"" 加碼多單目前倉位：+5 之前倉位：4 交易所_A(小型台指) 倍數：1, 本次下單：1 , 帳戶實際倉位：5 , 總倉位：5 策略_TCA"
15504b7eeaf94fc4,Tue May 31 2016 10:50:09 GMT+0800 (Taiwan Standard Time),Tue May 31 2016 10:50:00 GMT+0800 (Taiwan Standard Time),策略_TCA,交易所_A,8463,reduce_long,-1,5,4,normal,,"2016/05/31 10:50:00 ""8463"" 減碼多單目前倉位：+4 之前倉位：5 交易所_A(小型台指) 倍數：1, 本次下單：-1 , 帳戶實際倉位：4 , 總倉位：4 策略_TCA"
15504b35ee73c93f,Tue May 31 2016 10:45:09 GMT+0800 (Taiwan Standard Time),Tue May 31 2016 10:45:00 GMT+0800 (Taiwan Standard Time),策略_TCA,交易所_A,8464,add_long,1,4,5,normal,,"2016/05/31 10:45:00 ""8464"" 加碼多單目前倉位：+5 之前倉位：4 交易所_A(小型台指) 倍數：1, 本次下單：1 , 帳戶實際倉位：5 , 總倉位：5 策略_TCA"
155049d69e9ce66c,Tue May 31 2016 10:21:11 GMT+0800 (Taiwan Standard Time),Tue May 31 2016 10:21:02 GMT+0800 (Taiwan Standard Time),策略_TCA,交易所_A,8491,reduce_long,-1,5,4,normal,,"2016/05/31 10:21:02 ""8491"" 減碼多單目前倉位：+4 之前倉位：5 交易所_A(小型台指) 倍數：1, 本次下單：-1 , 帳戶實際倉位：4 , 總倉位：4 策略_TCA"
1550492652d4543c,Tue May 31 2016 10:09:09 GMT+0800 (Taiwan Standard Time),Tue May 31 2016 10:09:00 GMT+0800 (Taiwan Standard Time),策略_TCA,交易所_A,8487,add_long,1,4,5,normal,,"2016/05/31 10:09:00 ""8487"" 加碼多單目前倉位：+5 之前倉位：4 交易所_A(小型台指) 倍數：1, 本次下單：1 , 帳戶實際倉位：5 , 總倉位：5 策略_TCA"
1.55E+52,Tue May 31 2016 10:06:31 GMT+0800 (Taiwan Standard Time),Tue May 31 2016 10:06:22 GMT+0800 (Taiwan Standard Time),策略_TCA,交易所_A,8491,reduce_long,-1,5,4,normal,,"2016/05/31 10:06:22 ""8491"" 減碼多單目前倉位：+4 之前倉位：5 交易所_A(小型台指) 倍數：1, 本次下單：-1 , 帳戶實際倉位：4 , 總倉位：4 策略_TCA"
1550473480da9d7f,Tue May 31 2016 09:35:09 GMT+0800 (Taiwan Standard Time),Tue May 31 2016 09:35:00 GMT+0800 (Taiwan Standard Time),策略_TCA,交易所_A,8517,add_long,1,4,5,normal,,"2016/05/31 09:35:00 ""8517"" 加碼多單目前倉位：+5 之前倉位：4 交易所_A(小型台指) 倍數：1, 本次下單：1 , 帳戶實際倉位：5 , 總倉位：5 策略_TCA"
15504716f2824274,Tue May 31 2016 09:33:09 GMT+0800 (Taiwan Standard Time),Tue May 31 2016 09:33:00 GMT+0800 (Taiwan Standard Time),策略_TCA,交易所_A,8517,reduce_long,-1,5,4,normal,,"2016/05/31 09:33:00 ""8517"" 減碼多單目前倉位：+4 之前倉位：5 交易所_A(小型台指) 倍數：1, 本次下單：-1 , 帳戶實際倉位：4 , 總倉位：4 策略_TCA"
154fffe52aa696f6,Mon May 30 2016 12:48:49 GMT+0800 (Taiwan Standard Time),Mon May 30 2016 12:48:40 GMT+0800 (Taiwan Standard Time),策略_TCA,交易所_A,8493,add_long,1,4,5,normal,,"2016/05/30 12:48:40 ""8493"" 加碼多單目前倉位：+5 之前倉位：4 交易所_A(小型台指) 倍數：1, 本次下單：1 , 帳戶實際倉位：5 , 總倉位：5 策略_TCA"
154fffae33d3dfdf,Mon May 30 2016 12:45:04 GMT+0800 (Taiwan Standard Time),Mon May 30 2016 12:44:55 GMT+0800 (Taiwan Standard Time),策略_TCA,交易所_A,8492,reduce_long,-1,5,4,normal,,"2016/05/30 12:44:55 ""8492"" 減碼多單目前倉位：+4 之前倉位：5 交易所_A(小型台指) 倍數：1, 本次下單：-1 , 帳戶實際倉位：4 , 總倉位：4 策略_TCA"
154ffefe281d9b24,Mon May 30 2016 12:33:03 GMT+0800 (Taiwan Standard Time),Mon May 30 2016 12:32:54 GMT+0800 (Taiwan Standard Time),策略_TCA,交易所_A,8481,add_long,1,4,5,normal,,"2016/05/30 12:32:54 ""8481"" 加碼多單目前倉位：+5 之前倉位：4 交易所_A(小型台指) 倍數：1, 本次下單：1 , 帳戶實際倉位：5 , 總倉位：5 策略_TCA"
154ffed29d941be2,Mon May 30 2016 12:30:04 GMT+0800 (Taiwan Standard Time),Mon May 30 2016 12:29:55 GMT+0800 (Taiwan Standard Time),策略_TCA,交易所_A,8486,reduce_long,-1,5,4,normal,,"2016/05/30 12:29:55 ""8486"" 減碼多單目前倉位：+4 之前倉位：5 交易所_A(小型台指) 倍數：1, 本次下單：-1 , 帳戶實際倉位：4 , 總倉位：4 策略_TCA"
154ffdc009a2d372,Mon May 30 2016 12:11:20 GMT+0800 (Taiwan Standard Time),Mon May 30 2016 12:11:12 GMT+0800 (Taiwan Standard Time),策略_TCA,交易所_A,8489,add_long,1,4,5,normal,,"2016/05/30 12:11:12 ""8489"" 加碼多單目前倉位：+5 之前倉位：4 交易所_A(小型台指) 倍數：1, 本次下單：1 , 帳戶實際倉位：5 , 總倉位：5 策略_TCA"
154ffd6551d1ac65,Mon May 30 2016 12:05:09 GMT+0800 (Taiwan Standard Time),Mon May 30 2016 12:05:00 GMT+0800 (Taiwan Standard Time),策略_TCA,交易所_A,8488,reduce_long,-1,5,4,normal,,"2016/05/30 12:05:00 ""8488"" 減碼多單目前倉位：+4 之前倉位：5 交易所_A(小型台指) 倍數：1, 本次下單：-1 , 帳戶實際倉位：4 , 總倉位：4 策略_TCA"
154ffb9a123612a6,Mon May 30 2016 11:33:48 GMT+0800 (Taiwan Standard Time),Mon May 30 2016 11:33:39 GMT+0800 (Taiwan Standard Time),策略_TCA,交易所_A,8496,add_long,1,4,5,normal,,"2016/05/30 11:33:39 ""8496"" 加碼多單目前倉位：+5 之前倉位：4 交易所_A(小型台指) 倍數：1, 本次下單：1 , 帳戶實際倉位：5 , 總倉位：5 策略_TCA"
154ff821c58a2efa,Mon May 30 2016 10:33:09 GMT+0800 (Taiwan Standard Time),Mon May 30 2016 10:33:00 GMT+0800 (Taiwan Standard Time),策略_TCA,交易所_A,8475,reduce_long,-1,5,4,normal,,"2016/05/30 10:33:00 ""8475"" 減碼多單目前倉位：+4 之前倉位：5 交易所_A(小型台指) 倍數：1, 本次下單：-1 , 帳戶實際倉位：4 , 總倉位：4 策略_TCA"
154ff7ab7462fd74,Mon May 30 2016 10:25:04 GMT+0800 (Taiwan Standard Time),Mon May 30 2016 10:24:54 GMT+0800 (Taiwan Standard Time),策略_TCA,交易所_A,8471,add_long,1,4,5,normal,,"2016/05/30 10:24:54 ""8471"" 加碼多單目前倉位：+5 之前倉位：4 交易所_A(小型台指) 倍數：1, 本次下單：1 , 帳戶實際倉位：5 , 總倉位：5 策略_TCA"
154db46352a89131,Mon May 23 2016 09:41:24 GMT+0800 (Taiwan Standard Time),Mon May 23 2016 09:41:15 GMT+0800 (Taiwan Standard Time),策略_TCA,交易所_A,8181,add_long,3,1,4,normal,,"2016/05/23 09:41:15 ""8181"" 加碼多單目前倉位：+4 之前倉位：1 交易所_A(小型台指) 倍數：1, 本次下單：3 , 帳戶實際倉位：4 , 總倉位：4 策略_TCA"
154db441852e122e,Mon May 23 2016 09:39:05 GMT+0800 (Taiwan Standard Time),Mon May 23 2016 09:38:57 GMT+0800 (Taiwan Standard Time),策略_TCA,交易所_A,8169,short_to_long,4,-3,1,normal,,"2016/05/23 09:38:57 ""8169"" 空翻多目前倉位：+1 之前倉位：-3 交易所_A(小型台指) 倍數：1, 本次下單：4 , 帳戶實際倉位：1 , 總倉位：1 策略_TCA"
154db407829b3839,Mon May 23 2016 09:35:07 GMT+0800 (Taiwan Standard Time),Mon May 23 2016 09:34:58 GMT+0800 (Taiwan Standard Time),策略_TCA,交易所_A,8141,reduce_short,1,-4,-3,normal,,"2016/05/23 09:34:58 ""8141"" 減碼空單目前倉位：-3 之前倉位：-4 交易所_A(小型台指) 倍數：1, 本次下單：1 , 帳戶實際倉位：-3 , 總倉位：-3 策略_TCA"
154db3db5008a7b6,Mon May 23 2016 09:32:07 GMT+0800 (Taiwan Standard Time),Mon May 23 2016 09:31:58 GMT+0800 (Taiwan Standard Time),策略_TCA,交易所_A,8117,add_short,-1,-3,-4,normal,,"2016/05/23 09:31:58 ""8117"" 加碼空單目前倉位：-4 之前倉位：-3 交易所_A(小型台指) 倍數：1, 本次下單：-1 , 帳戶實際倉位：-4 , 總倉位：-4 策略_TCA"
154db33978deaf6e,Mon May 23 2016 09:21:04 GMT+0800 (Taiwan Standard Time),Mon May 23 2016 09:20:55 GMT+0800 (Taiwan Standard Time),策略_TCA,交易所_A,8055,add_short,-1,-2,-3,normal,,"2016/05/23 09:20:55 ""8055"" 加碼空單目前倉位：-3 之前倉位：-2 交易所_A(小型台指) 倍數：1, 本次下單：-1 , 帳戶實際倉位：-3 , 總倉位：-3 策略_TCA"
154db16464ca0bf9,Mon May 23 2016 08:49:03 GMT+0800 (Taiwan Standard Time),Mon May 23 2016 08:48:54 GMT+0800 (Taiwan Standard Time),策略_TCA,交易所_A,8100,add_short,-1,-1,-2,normal,,"2016/05/23 08:48:54 ""8100"" 加碼空單目前倉位：-2 之前倉位：-1 交易所_A(小型台指) 倍數：1, 本次下單：-1 , 帳戶實際倉位：-2 , 總倉位：-2 策略_TCA"
154cc08d7ec1d670,Fri May 20 2016 10:40:07 GMT+0800 (Taiwan Standard Time),Fri May 20 2016 10:39:58 GMT+0800 (Taiwan Standard Time),策略_TCA,交易所_A,8104,reduce_short,3,-4,-1,normal,,"2016/05/20 10:39:58 ""8104"" 減碼空單目前倉位：-1 之前倉位：-4 交易所_A(小型台指) 倍數：1, 本次下單：3 , 帳戶實際倉位：-1 , 總倉位：-1 策略_TCA"
154c6b00083baebd,Thu May 19 2016 09:45:01 GMT+0800 (Taiwan Standard Time),Thu May 19 2016 09:44:52 GMT+0800 (Taiwan Standard Time),策略_TCA,交易所_A,8040,long_to_short,-6,2,-4,normal,,"2016/05/19 09:44:52 ""8040"" 多翻空目前倉位：-4 之前倉位：2 交易所_A(小型台指) 倍數：1, 本次下單：-6 , 帳戶實際倉位：-4 , 總倉位：-4 策略_TCA"
154c6a6495c1b63d,Thu May 19 2016 09:34:23 GMT+0800 (Taiwan Standard Time),Thu May 19 2016 09:34:14 GMT+0800 (Taiwan Standard Time),策略_TCA,交易所_A,8043,reduce_long,-1,3,2,normal,,"2016/05/19 09:34:14 ""8043"" 減碼多單目前倉位：+2 之前倉位：3 交易所_A(小型台指) 倍數：1, 本次下單：-1 , 帳戶實際倉位：2 , 總倉位：2 策略_TCA"
154c67cd6dbc628d,Thu May 19 2016 08:49:07 GMT+0800 (Taiwan Standard Time),Thu May 19 2016 08:48:58 GMT+0800 (Taiwan Standard Time),策略_TCA,交易所_A,8126,add_long,2,1,3,normal,,"2016/05/19 08:48:58 ""8126"" 加碼多單目前倉位：+3 之前倉位：1 交易所_A(小型台指) 倍數：1, 本次下單：2 , 帳戶實際倉位：3 , 總倉位：3 策略_TCA"
154c22d420f07c70,Wed May 18 2016 12:43:44 GMT+0800 (Taiwan Standard Time),Wed May 18 2016 12:43:35 GMT+0800 (Taiwan Standard Time),策略_TCA,交易所_A,8138,short_to_long,2,-1,1,normal,,"2016/05/18 12:43:35 ""8138"" 空翻多目前倉位：+1 之前倉位：-1 交易所_A(小型台指) 倍數：1, 本次下單：2 , 帳戶實際倉位：1 , 總倉位：1 策略_TCA"
154c16452bcbc6ef,Wed May 18 2016 09:04:15 GMT+0800 (Taiwan Standard Time),Wed May 18 2016 09:04:06 GMT+0800 (Taiwan Standard Time),策略_TCA,交易所_A,8077,long_to_short,-3,2,-1,normal,,"2016/05/18 09:04:06 ""8077"" 多翻空目前倉位：-1 之前倉位：2 交易所_A(小型台指) 倍數：1, 本次下單：-3 , 帳戶實際倉位：-1 , 總倉位：-1 策略_TCA"
154c163fcb3a5eb0,Wed May 18 2016 09:03:53 GMT+0800 (Taiwan Standard Time),Wed May 18 2016 09:03:45 GMT+0800 (Taiwan Standard Time),策略_TCA,交易所_A,8082,reduce_long,-2,4,2,normal,,"2016/05/18 09:03:45 ""8082"" 減碼多單目前倉位：+2 之前倉位：4 交易所_A(小型台指) 倍數：1, 本次下單：-2 , 帳戶實際倉位：2 , 總倉位：2 策略_TCA"
154c15dd74de057e,Wed May 18 2016 08:57:10 GMT+0800 (Taiwan Standard Time),Wed May 18 2016 08:57:00 GMT+0800 (Taiwan Standard Time),策略_TCA,交易所_A,8086,reduce_long,-1,5,4,normal,,"2016/05/18 08:57:00 ""8086"" 減碼多單目前倉位：+4 之前倉位：5 交易所_A(小型台指) 倍數：1, 本次下單：-1 , 帳戶實際倉位：4 , 總倉位：4 策略_TCA"
154bd2df3320fdcf,Tue May 17 2016 13:26:10 GMT+0800 (Taiwan Standard Time),Tue May 17 2016 13:26:01 GMT+0800 (Taiwan Standard Time),策略_TCA,交易所_A,8140,add_long,1,4,5,normal,,"2016/05/17 13:26:01 ""8140"" 加碼多單目前倉位：+5 之前倉位：4 交易所_A(小型台指) 倍數：1, 本次下單：1 , 帳戶實際倉位：5 , 總倉位：5 策略_TCA"
154bc49bc5a49e8f,Tue May 17 2016 09:16:53 GMT+0800 (Taiwan Standard Time),Tue May 17 2016 09:16:44 GMT+0800 (Taiwan Standard Time),策略_TCA,交易所_A,8084,short_to_long,6,-2,4,normal,,"2016/05/17 09:16:44 ""8084"" 空翻多目前倉位：+4 之前倉位：-2 交易所_A(小型台指) 倍數：1, 本次下單：6 , 帳戶實際倉位：4 , 總倉位：4 策略_TCA"
154b7d89136c75f3,Mon May 16 2016 12:34:48 GMT+0800 (Taiwan Standard Time),Mon May 16 2016 12:34:37 GMT+0800 (Taiwan Standard Time),策略_TCA,交易所_A,8081,reduce_short,1,-3,-2,normal,,"2016/05/16 12:34:37 ""8081"" 減碼空單目前倉位：-2 之前倉位：-3 交易所_A(小型台指) 倍數：1, 本次下單：1 , 帳戶實際倉位：-2 , 總倉位：-2 策略_TCA"
154a7b3f56b3c6f6,Fri May 13 2016 09:20:57 GMT+0800 (Taiwan Standard Time),Fri May 13 2016 09:20:47 GMT+0800 (Taiwan Standard Time),策略_TCA,交易所_A,8068,add_short,-1,-2,-3,normal,,"2016/05/13 09:20:47 ""8068"" 加碼空單目前倉位：-3 之前倉位：-2 交易所_A(小型台指) 倍數：1, 本次下單：-1 , 帳戶實際倉位：-3 , 總倉位：-3"
154a796ca2e7e165,Fri May 13 2016 08:49:04 GMT+0800 (Taiwan Standard Time),Fri May 13 2016 08:48:55 GMT+0800 (Taiwan Standard Time),策略_TCA,交易所_A,8064,add_short,-1,-1,-2,normal,,"2016/05/13 08:48:55 ""8064"" 加碼空單目前倉位：-2 之前倉位：-1 交易所_A(小型台指) 倍數：1, 本次下單：-1 , 帳戶實際倉位：-2 , 總倉位：-2"
154a37ee9d837602,Thu May 12 2016 13:44:31 GMT+0800 (Taiwan Standard Time),Thu May 12 2016 13:44:22 GMT+0800 (Taiwan Standard Time),策略_TCA,交易所_A,8081,,-1,0,-1,normal,,"2016/05/12 13:44:22 ""8081"" 空單進場目前倉位：-1 之前倉位：0 交易所_A(小型台指) 倍數：1, 本次下單：-1 , 帳戶實際倉位：-1 , 總倉位：-1"
154a270580b47832,Thu May 12 2016 08:49:00 GMT+0800 (Taiwan Standard Time),Thu May 12 2016 08:48:51 GMT+0800 (Taiwan Standard Time),策略_TCA,交易所_A,8085,close_short,1,-1,0,normal,,"2016/05/12 08:48:51 ""8085"" 空單平倉目前倉位：0 之前倉位：-1 交易所_A(小型台指) 倍數：1, 本次下單：1 , 帳戶實際倉位：0 , 總倉位：0 策略_TCA"
1549d95303479b39,Wed May 11 2016 10:11:12 GMT+0800 (Taiwan Standard Time),Wed May 11 2016 10:11:03 GMT+0800 (Taiwan Standard Time),策略_TCA,交易所_A,8094,,-1,0,-1,normal,,"2016/05/11 10:11:03 ""8094"" 空單進場目前倉位：-1 之前倉位：0 交易所_A(小型台指) 倍數：1, 本次下單：-1 , 帳戶實際倉位：-1 , 總倉位：-1 策略_TCA"
1549d951e1081278,Wed May 11 2016 10:11:06 GMT+0800 (Taiwan Standard Time),Wed May 11 2016 10:10:56 GMT+0800 (Taiwan Standard Time),策略_TCA,交易所_A,8097,close_long,-2,2,0,normal,,"2016/05/11 10:10:56 ""8097"" 多單平倉目前倉位：0 之前倉位：2 交易所_A(小型台指) 倍數：1, 本次下單：-2 , 帳戶實際倉位：0 , 總倉位：0 策略_TCA"
1549d7d4395b2c7b,Wed May 11 2016 09:45:02 GMT+0800 (Taiwan Standard Time),Wed May 11 2016 09:44:53 GMT+0800 (Taiwan Standard Time),策略_TCA,交易所_A,8107,reduce_long,-1,3,2,normal,,"2016/05/11 09:44:53 ""8107"" 減碼多單目前倉位：+2 之前倉位：3 交易所_A(小型台指) 倍數：1, 本次下單：-1 , 帳戶實際倉位：2 , 總倉位：2"
1549d7a096608b01,Wed May 11 2016 09:41:31 GMT+0800 (Taiwan Standard Time),Wed May 11 2016 09:41:22 GMT+0800 (Taiwan Standard Time),策略_TCA,交易所_A,8121,reduce_long,-2,5,3,normal,,"2016/05/11 09:41:22 ""8121"" 減碼多單目前倉位：+3 之前倉位：5 交易所_A(小型台指) 倍數：1, 本次下單：-2 , 帳戶實際倉位：3 , 總倉位：3 策略_TCA"
154988748b5c6413,Tue May 10 2016 10:37:54 GMT+0800 (Taiwan Standard Time),Tue May 10 2016 10:37:46 GMT+0800 (Taiwan Standard Time),策略_TCA,交易所_A,8167,short_to_long,6,-1,5,normal,,"2016/05/10 10:37:46 ""8167"" 空翻多目前倉位：+5 之前倉位：-1 交易所_A(小型台指) 倍數：1, 本次下單：6 , 帳戶實際倉位：5 , 總倉位：5 策略_TCA"
154986779e239567,Tue May 10 2016 10:03:09 GMT+0800 (Taiwan Standard Time),Tue May 10 2016 10:02:59 GMT+0800 (Taiwan Standard Time),策略_TCA,交易所_A,8154,reduce_short,4,-5,-1,normal,,"2016/05/10 10:02:59 ""8154"" 減碼空單目前倉位：-1 之前倉位：-5 交易所_A(小型台指) 倍數：1, 本次下單：4 , 帳戶實際倉位：-1 , 總倉位：-1"
1548a1ea3b866482,Sat May 07 2016 15:28:58 GMT+0800 (Taiwan Standard Time),Sat May 07 2016 15:28:48 GMT+0800 (Taiwan Standard Time),策略_TCA,交易所_A,0,add_short,-4,-1,-5,normal,,"2016/05/07 15:28:48 ""0"" 加碼空單目前倉位：-5 之前倉位：-1 交易所_A(小型台指) 倍數：1, 本次下單：-4 , 帳戶實際倉位：-5 , 總倉位：-5"
15489b5edf3034a1,Sat May 07 2016 13:34:36 GMT+0800 (Taiwan Standard Time),Sat May 07 2016 13:34:23 GMT+0800 (Taiwan Standard Time),策略_TCA,交易所_A,0,long_to_short,-8,3,-5,normal,,"2016/05/07 13:34:23 ""0"" 多翻空目前倉位：-5 之前倉位：3 交易所_A(小型台指) 倍數：1, 本次下單：-8 , 帳戶實際倉位：-13 , 總倉位：-13"
1545f7dae80fcefc,Fri Apr 29 2016 08:49:07 GMT+0800 (Taiwan Standard Time),Fri Apr 29 2016 08:48:57 GMT+0800 (Taiwan Standard Time),策略_TCA,交易所_A,8382,long_to_short,-6,1,-5,normal,,"2016/04/29 08:48:57 ""8382"" 多翻空目前倉位：-5 之前倉位：1 交易所_A(小型台指) 倍數：1, 本次下單：-6 , 帳戶實際倉位：-5 , 總倉位：-5"
1545ad0f0c14c79c,Thu Apr 28 2016 11:01:58 GMT+0800 (Taiwan Standard Time),Thu Apr 28 2016 11:01:49 GMT+0800 (Taiwan Standard Time),策略_TCA,交易所_A,8451,,1,0,1,normal,,"2016/04/28 11:01:49 ""8451"" 多單進場目前倉位：+1 之前倉位：0 交易所_A(小型台指) 倍數：1, 本次下單：1 , 帳戶實際倉位：1 , 總倉位：1 策略_TCA"
1545a9cf2f3d9e0b,Thu Apr 28 2016 10:05:11 GMT+0800 (Taiwan Standard Time),Thu Apr 28 2016 10:05:02 GMT+0800 (Taiwan Standard Time),策略_TCA,交易所_A,8520,close_long,-2,2,0,normal,,"2016/04/28 10:05:02 ""8520"" 多單平倉目前倉位：0 之前倉位：2 交易所_A(小型台指) 倍數：1, 本次下單：-2 , 帳戶實際倉位：0 , 總倉位：0 策略_TCA"
1545a6615e97252d,Thu Apr 28 2016 09:05:16 GMT+0800 (Taiwan Standard Time),Thu Apr 28 2016 09:05:05 GMT+0800 (Taiwan Standard Time),策略_TCA,交易所_A,8570,reduce_long,-3,5,2,normal,,"2016/04/28 09:05:05 ""8570"" 減碼多單目前倉位：+2 之前倉位：5 交易所_A(小型台指) 倍數：1, 本次下單：-3 , 帳戶實際倉位：2 , 總倉位：2 策略_TCA"
15455986e2bc3175,Wed Apr 27 2016 10:42:10 GMT+0800 (Taiwan Standard Time),Wed Apr 27 2016 10:42:01 GMT+0800 (Taiwan Standard Time),策略_TCA,交易所_A,8580,add_long,3,2,5,normal,,"2016/04/27 10:42:01 ""8580"" 加碼多單目前倉位：+5 之前倉位：2 交易所_A(小型台指) 倍數：1, 本次下單：3 , 帳戶實際倉位：5 , 總倉位：5 策略_TCA"
154557996c78cb4d,Wed Apr 27 2016 10:08:29 GMT+0800 (Taiwan Standard Time),Wed Apr 27 2016 10:08:10 GMT+0800 (Taiwan Standard Time),策略_TCA,交易所_A,8584,reduce_long,-1,3,2,normal,,"2016/04/27 10:08:10 ""8584"" 減碼多單目前倉位：+2 之前倉位：3 交易所_A(小型台指) 倍數：1, 本次下單：-1 , 帳戶實際倉位：2 , 總倉位：2"
154554a4cc89f9f4,Wed Apr 27 2016 09:16:50 GMT+0800 (Taiwan Standard Time),Wed Apr 27 2016 09:16:41 GMT+0800 (Taiwan Standard Time),策略_TCA,交易所_A,8544,add_long,1,2,3,normal,,"2016/04/27 09:16:41 ""8544"" 加碼多單目前倉位：+3 之前倉位：2 交易所_A(小型台指) 倍數：1, 本次下單：1 , 帳戶實際倉位：3 , 總倉位：3 策略_TCA"
1545530f387b7ce2,Wed Apr 27 2016 08:49:09 GMT+0800 (Taiwan Standard Time),Wed Apr 27 2016 08:49:00 GMT+0800 (Taiwan Standard Time),策略_TCA,交易所_A,8552,add_long,1,1,2,normal,,"2016/04/27 08:49:00 ""8552"" 加碼多單目前倉位：+2 之前倉位：1 交易所_A(小型台指) 倍數：1, 本次下單：1 , 帳戶實際倉位：2 , 總倉位：2 策略_TCA"
154505aa98ddf7a6,Tue Apr 26 2016 10:16:29 GMT+0800 (Taiwan Standard Time),Tue Apr 26 2016 10:16:20 GMT+0800 (Taiwan Standard Time),策略_TCA,交易所_A,8550,reduce_long,-4,5,1,normal,,"2016/04/26 10:16:20 ""8550"" 減碼多單目前倉位：+1 之前倉位：5 交易所_A(小型台指) 倍數：1, 本次下單：-4 , 帳戶實際倉位：1 , 總倉位：1"
1545034b676072b7,Tue Apr 26 2016 09:35:02 GMT+0800 (Taiwan Standard Time),Tue Apr 26 2016 09:34:53 GMT+0800 (Taiwan Standard Time),策略_TCA,交易所_A,8612,,5,0,5,normal,,"2016/04/26 09:34:53 ""8612"" 多單進場目前倉位：+5 之前倉位：0 交易所_A(小型台指) 倍數：1, 本次下單：5 , 帳戶實際倉位：5 , 總倉位：5 策略_TCA"
1545018f091b979a,Tue Apr 26 2016 09:03:53 GMT+0800 (Taiwan Standard Time),Tue Apr 26 2016 09:03:44 GMT+0800 (Taiwan Standard Time),策略_TCA,交易所_A,8548,close_short,2,-2,0,normal,,"2016/04/26 09:03:44 ""8548"" 空單平倉目前倉位：0 之前倉位：-2 交易所_A(小型台指) 倍數：1, 本次下單：2 , 帳戶實際倉位：0 , 總倉位：0 策略_TCA"
1543c7d69a920c55,Fri Apr 22 2016 13:42:06 GMT+0800 (Taiwan Standard Time),Fri Apr 22 2016 13:41:57 GMT+0800 (Taiwan Standard Time),策略_TCA,交易所_A,8501,reduce_short,2,-4,-2,normal,,"2016/04/22 13:41:57 ""8501"" 減碼空單目前倉位：-2 之前倉位：-4 交易所_A(小型台指) 倍數：1, 本次下單：2 , 帳戶實際倉位：-2 , 總倉位：-2"
1543c4bc8191bac4,Fri Apr 22 2016 12:47:54 GMT+0800 (Taiwan Standard Time),Fri Apr 22 2016 12:47:45 GMT+0800 (Taiwan Standard Time),策略_TCA,交易所_A,8496,reduce_short,2,-6,-4,normal,,"2016/04/22 12:47:45 ""8496"" 減碼空單目前倉位：-4 之前倉位：-6 交易所_A(小型台指) 倍數：1, 本次下單：2 , 帳戶實際倉位：-4 , 總倉位：-4"
15431aa964f6fbe4,Wed Apr 20 2016 11:15:08 GMT+0800 (Taiwan Standard Time),Wed Apr 20 2016 11:14:59 GMT+0800 (Taiwan Standard Time),策略_TCA,交易所_A,8524,reduce_long,-1,3,2,normal,,"2016/04/20 11:14:59 ""8524"" 減碼多單目前倉位：+2 之前倉位：3 交易所_A(小型台指) 倍數：1, 本次下單：-1 , 帳戶實際倉位：2 , 總倉位：2"
15431247ee990c28,Wed Apr 20 2016 08:49:09 GMT+0800 (Taiwan Standard Time),Wed Apr 20 2016 08:49:00 GMT+0800 (Taiwan Standard Time),策略_TCA,交易所_A,8657,add_long,1,2,3,normal,,"2016/04/20 08:49:00 ""8657"" 加碼多單目前倉位：+3 之前倉位：2 交易所_A(小型台指) 倍數：1, 本次下單：1 , 帳戶實際倉位：3 , 總倉位：3 策略_TCA"
1542c9aa3d0d6899,Tue Apr 19 2016 11:40:05 GMT+0800 (Taiwan Standard Time),Tue Apr 19 2016 11:39:57 GMT+0800 (Taiwan Standard Time),策略_TCA,交易所_A,8613,reduce_long,-1,3,2,normal,,"2016/04/19 11:39:57 ""8613"" 減碼多單目前倉位：+2 之前倉位：3 交易所_A(小型台指) 倍數：1, 本次下單：-1 , 帳戶實際倉位：2 , 總倉位：2"
1542c613fa6cb8d1,Tue Apr 19 2016 10:37:24 GMT+0800 (Taiwan Standard Time),Tue Apr 19 2016 10:37:15 GMT+0800 (Taiwan Standard Time),策略_TCA,交易所_A,8634,reduce_long,-1,4,3,normal,,"2016/04/19 10:37:15 ""8634"" 減碼多單目前倉位：+3 之前倉位：4 交易所_A(小型台指) 倍數：1, 本次下單：-1 , 帳戶實際倉位：3 , 總倉位：3"
1542c0e3159f8a22,Tue Apr 19 2016 09:06:10 GMT+0800 (Taiwan Standard Time),Tue Apr 19 2016 09:06:01 GMT+0800 (Taiwan Standard Time),策略_TCA,交易所_A,8730,add_long,1,3,4,normal,,"2016/04/19 09:06:01 ""8730"" 加碼多單目前倉位：+4 之前倉位：3 交易所_A(小型台指) 倍數：1, 本次下單：1 , 帳戶實際倉位：4 , 總倉位：4 策略_TCA"
1542701eaee1d19f,Mon Apr 18 2016 09:35:13 GMT+0800 (Taiwan Standard Time),Mon Apr 18 2016 09:35:04 GMT+0800 (Taiwan Standard Time),策略_TCA,交易所_A,8636,reduce_long,-1,4,3,normal,,"2016/04/18 09:35:04 ""8636"" 減碼多單目前倉位：+3 之前倉位：4 交易所_A(小型台指) 倍數：1, 本次下單：-1 , 帳戶實際倉位：3 , 總倉位：3"
15426d7b834bba37,Mon Apr 18 2016 08:49:08 GMT+0800 (Taiwan Standard Time),Mon Apr 18 2016 08:48:59 GMT+0800 (Taiwan Standard Time),策略_TCA,交易所_A,8666,add_long,1,3,4,normal,,"2016/04/18 08:48:59 ""8666"" 加碼多單目前倉位：+4 之前倉位：3 交易所_A(小型台指) 倍數：1, 本次下單：1 , 帳戶實際倉位：4 , 總倉位：4 策略_TCA"
15417936739c407c,Fri Apr 15 2016 09:40:12 GMT+0800 (Taiwan Standard Time),Fri Apr 15 2016 09:40:04 GMT+0800 (Taiwan Standard Time),策略_TCA,交易所_A,8657,short_to_long,4,-1,3,normal,,"2016/04/15 09:40:04 ""8657"" 空翻多目前倉位：+3 之前倉位：-1 交易所_A(小型台指) 倍數：1, 本次下單：4 , 帳戶實際倉位：3 , 總倉位：3 策略_TCA"
154177fa426e46ad,Fri Apr 15 2016 09:18:37 GMT+0800 (Taiwan Standard Time),Fri Apr 15 2016 09:18:29 GMT+0800 (Taiwan Standard Time),策略_TCA,交易所_A,8627,,-1,0,-1,normal,,"2016/04/15 09:18:29 ""8627"" 空單進場目前倉位：-1 之前倉位：0 交易所_A(小型台指) 倍數：1, 本次下單：-1 , 帳戶實際倉位：-1 , 總倉位：-1"
1541764a3cb2cba3,Fri Apr 15 2016 08:49:07 GMT+0800 (Taiwan Standard Time),Fri Apr 15 2016 08:48:59 GMT+0800 (Taiwan Standard Time),策略_TCA,交易所_A,8619,close_short,1,-1,0,normal,,"2016/04/15 08:48:59 ""8619"" 空單平倉目前倉位：0 之前倉位：-1 交易所_A(小型台指) 倍數：1, 本次下單：1 , 帳戶實際倉位：0 , 總倉位：0 策略_TCA"
154126ec67d7f1cf,Thu Apr 14 2016 09:42:07 GMT+0800 (Taiwan Standard Time),Thu Apr 14 2016 09:41:59 GMT+0800 (Taiwan Standard Time),策略_TCA,交易所_A,8662,long_to_short,-5,4,-1,normal,,"2016/04/14 09:41:59 ""8662"" 多翻空目前倉位：-1 之前倉位：4 交易所_A(小型台指) 倍數：1, 本次下單：-4 , 帳戶實際倉位：-1 , 總倉位：-1"
15407f1af79e2618,Tue Apr 12 2016 08:49:09 GMT+0800 (Taiwan Standard Time),Tue Apr 12 2016 08:49:00 GMT+0800 (Taiwan Standard Time),策略_TCA,交易所_A,8545,add_long,1,2,3,normal,,"2016/04/12 08:49:00 ""8545"" 加碼多單目前倉位：+3 之前倉位：2 交易所_A(小型台指) 倍數：1, 本次下單：1 , 帳戶實際倉位：3 , 總倉位：3 策略_TCA"
15403397d086bb6b,Mon Apr 11 2016 10:49:36 GMT+0800 (Taiwan Standard Time),Mon Apr 11 2016 10:49:27 GMT+0800 (Taiwan Standard Time),策略_TCA,交易所_A,8504,add_long,1,1,2,normal,,"2016/04/11 10:49:27 ""8504"" 加碼多單目前倉位：+2 之前倉位：1 交易所_A(小型台指) 倍數：1, 本次下單：1 , 帳戶實際倉位：2 , 總倉位：2 策略_TCA"
15402f572147c131,Mon Apr 11 2016 09:35:17 GMT+0800 (Taiwan Standard Time),Mon Apr 11 2016 09:35:08 GMT+0800 (Taiwan Standard Time),策略_TCA,交易所_A,8472,reduce_long,-1,2,1,normal,,"2016/04/11 09:35:08 ""8472"" 減碼多單目前倉位：+1 之前倉位：2 交易所_A(小型台指) 倍數：1, 本次下單：-1 , 帳戶實際倉位：1 , 總倉位：1"
153f3cb8795c62ad,Fri Apr 08 2016 10:55:09 GMT+0800 (Taiwan Standard Time),Fri Apr 08 2016 10:55:00 GMT+0800 (Taiwan Standard Time),策略_TCA,交易所_A,8439,add_long,1,1,2,normal,,"2016/04/08 10:55:00 ""8439"" 加碼多單目前倉位：+2 之前倉位：1 交易所_A(小型台指) 倍數：1, 本次下單：1 , 帳戶實際倉位：2 , 總倉位：2 策略_TCA"
153ee69c1bee6ea0,Thu Apr 07 2016 09:50:17 GMT+0800 (Taiwan Standard Time),Thu Apr 07 2016 09:50:08 GMT+0800 (Taiwan Standard Time),策略_TCA,交易所_A,8425,reduce_long,-1,2,1,normal,,"2016/04/07 09:50:08 ""8425"" 減碼多單目前倉位：+1 之前倉位：2 交易所_A(小型台指) 倍數：1, 本次下單：-1 , 帳戶實際倉位：1 , 總倉位：1"
153ee3fd47f8924b,Thu Apr 07 2016 09:04:30 GMT+0800 (Taiwan Standard Time),Thu Apr 07 2016 09:04:19 GMT+0800 (Taiwan Standard Time),策略_TCA,交易所_A,8452,add_long,1,1,2,normal,,"2016/04/07 09:04:19 ""8452"" 加碼多單目前倉位：+2 之前倉位：1 交易所_A(小型台指) 倍數：1, 本次下單：-1 , 帳戶實際倉位：2 , 總倉位：2"
153cf84f7a4c6c4d,Fri Apr 01 2016 09:51:40 GMT+0800 (Taiwan Standard Time),Fri Apr 01 2016 09:51:31 GMT+0800 (Taiwan Standard Time),策略_TCA,交易所_A,8655,reduce_long,-1,4,3,normal,,"2016/04/01 09:51:31 ""8655"" 減碼多單目前倉位：+3 之前倉位：4 交易所_A(小型台指) 倍數：1, 本次下單：-1 , 帳戶實際倉位：3 , 總倉位：3"
153c5323026da48f,Wed Mar 30 2016 09:45:01 GMT+0800 (Taiwan Standard Time),Wed Mar 30 2016 09:44:51 GMT+0800 (Taiwan Standard Time),策略_TCA,交易所_A,8704,short_to_long,6,-2,4,normal,,"2016/03/30 09:44:51 ""8704"" 空翻多目前倉位：+4 之前倉位：-2 交易所_A(小型台指) 倍數：1, 本次下單：6 , 帳戶實際倉位：4 , 總倉位：4 策略_TCA"
153c0e4c60b8e8ec,Tue Mar 29 2016 13:42:00 GMT+0800 (Taiwan Standard Time),Tue Mar 29 2016 13:41:51 GMT+0800 (Taiwan Standard Time),策略_TCA,交易所_A,8603,reduce_short,3,-5,-2,normal,,"2016/03/29 13:41:51 ""8603"" 減碼空單目前倉位：-2 之前倉位：-5 交易所_A(小型台指) 倍數：1, 本次下單：3 , 帳戶實際倉位：-2 , 總倉位：-2"
153c0350103b0755,Tue Mar 29 2016 10:29:59 GMT+0800 (Taiwan Standard Time),Tue Mar 29 2016 10:29:51 GMT+0800 (Taiwan Standard Time),策略_TCA,交易所_A,8613,add_short,-3,-2,-5,normal,,"2016/03/29 10:29:51 ""8613"" 加碼空單目前倉位：-5 之前倉位：-2 交易所_A(小型台指) 倍數：1, 本次下單：-3 , 帳戶實際倉位：-5 , 總倉位：-5"
153c02bab0a4e832,Tue Mar 29 2016 10:19:49 GMT+0800 (Taiwan Standard Time),Tue Mar 29 2016 10:19:40 GMT+0800 (Taiwan Standard Time),策略_TCA,交易所_A,8640,add_short,-1,-1,-2,normal,,"2016/03/29 10:19:40 ""8640"" 加碼空單目前倉位：-2 之前倉位：-1 交易所_A(小型台指) 倍數：1, 本次下單：-1 , 帳戶實際倉位：-2 , 總倉位：-2"
153abb109f1bb4ec,Fri Mar 25 2016 10:53:37 GMT+0800 (Taiwan Standard Time),Fri Mar 25 2016 10:53:28 GMT+0800 (Taiwan Standard Time),策略_TCA,交易所_A,8686,long_to_short,-5,4,-1,normal,,"2016/03/25 10:53:28 ""8686"" 多翻空目前倉位：-1 之前倉位：4 交易所_A(小型台指) 倍數：1, 本次下單：-5 , 帳戶實際倉位：-1 , 總倉位：-1"
153a6d5fa1644d6f,Thu Mar 24 2016 12:15:52 GMT+0800 (Taiwan Standard Time),Thu Mar 24 2016 12:15:43 GMT+0800 (Taiwan Standard Time),策略_TCA,交易所_A,8716,short_to_long,6,-2,4,normal,,"2016/03/24 12:15:43 ""8716"" 空翻多目前倉位：+4 之前倉位：-2 交易所_A(小型台指) 倍數：1, 本次下單：6 , 帳戶實際倉位：4 , 總倉位：4 策略_TCA"
153a66fbe8beb52a,Thu Mar 24 2016 10:24:11 GMT+0800 (Taiwan Standard Time),Thu Mar 24 2016 10:24:03 GMT+0800 (Taiwan Standard Time),策略_TCA,交易所_A,8732,add_short,-1,-1,-2,normal,,"2016/03/24 10:24:03 ""8732"" 加碼空單目前倉位：-2 之前倉位：-1 交易所_A(小型台指) 倍數：1, 本次下單：-1 , 帳戶實際倉位：-2 , 總倉位：-2"
153a666a1d9aa37a,Thu Mar 24 2016 10:14:14 GMT+0800 (Taiwan Standard Time),Thu Mar 24 2016 10:14:05 GMT+0800 (Taiwan Standard Time),策略_TCA,交易所_A,8710,reduce_short,1,-2,-1,normal,,"2016/03/24 10:14:05 ""8710"" 減碼空單目前倉位：-1 之前倉位：-2 交易所_A(小型台指) 倍數：1, 本次下單：1 , 帳戶實際倉位：-1 , 總倉位：-1"
153a64b0625538e7,Thu Mar 24 2016 09:43:23 GMT+0800 (Taiwan Standard Time),Thu Mar 24 2016 09:43:14 GMT+0800 (Taiwan Standard Time),策略_TCA,交易所_A,8669,add_short,-1,-1,-2,normal,,"2016/03/24 09:43:14 ""8669"" 加碼空單目前倉位：-2 之前倉位：-1 交易所_A(小型台指) 倍數：1, 本次下單：-1 , 帳戶實際倉位：-2 , 總倉位：-2"
153a142f4e74a049,Wed Mar 23 2016 10:17:10 GMT+0800 (Taiwan Standard Time),Wed Mar 23 2016 10:17:01 GMT+0800 (Taiwan Standard Time),策略_TCA,交易所_A,8714,,-1,0,-1,normal,,"2016/03/23 10:17:01 ""8714"" 空單進場目前倉位：-1 之前倉位：0 交易所_A(小型台指) 倍數：1, 本次下單：-1 , 帳戶實際倉位：-1 , 總倉位：-1"
153a105a317722c3,Wed Mar 23 2016 09:10:10 GMT+0800 (Taiwan Standard Time),Wed Mar 23 2016 09:10:01 GMT+0800 (Taiwan Standard Time),策略_TCA,交易所_A,8778,close_short,1,-1,0,normal,,"2016/03/23 09:10:01 ""8778"" 空單平倉目前倉位：0 之前倉位：-1 交易所_A(小型台指) 倍數：1, 本次下單：1 , 帳戶實際倉位：0 , 總倉位：0 策略_TCA"
1539cb5d8406e6e2,Tue Mar 22 2016 13:03:50 GMT+0800 (Taiwan Standard Time),Tue Mar 22 2016 13:03:42 GMT+0800 (Taiwan Standard Time),策略_TCA,交易所_A,8708,reduce_short,1,-2,-1,normal,,"2016/03/22 13:03:42 ""8708"" 減碼空單目前倉位：-1 之前倉位：-2 交易所_A(小型台指) 倍數：1, 本次下單：1 , 帳戶實際倉位：-1 , 總倉位：-1"
1539c7dcbb15906a,Tue Mar 22 2016 12:02:35 GMT+0800 (Taiwan Standard Time),Tue Mar 22 2016 12:02:26 GMT+0800 (Taiwan Standard Time),策略_TCA,交易所_A,8666,add_short,-1,-1,-2,normal,,"2016/03/22 12:02:26 ""8666"" 加碼空單目前倉位：-2 之前倉位：-1 交易所_A(小型台指) 倍數：1, 本次下單：-1 , 帳戶實際倉位：-2 , 總倉位：-2"
15397b483e2609e1,Mon Mar 21 2016 13:44:17 GMT+0800 (Taiwan Standard Time),Mon Mar 21 2016 13:44:09 GMT+0800 (Taiwan Standard Time),策略_TCA,交易所_A,8743,,-1,0,-1,normal,,"2016/03/21 13:44:09 ""8743"" 空單進場目前倉位：-1 之前倉位：0 交易所_A(小型台指) 倍數：1, 本次下單：-1 , 帳戶實際倉位：-1 , 總倉位：-1"
15396be0f1bd6748,Mon Mar 21 2016 09:15:01 GMT+0800 (Taiwan Standard Time),Mon Mar 21 2016 09:14:52 GMT+0800 (Taiwan Standard Time),策略_TCA,交易所_A,8743,close_short,1,-1,0,normal,,"2016/03/21 09:14:52 ""8743"" 空單平倉目前倉位：0 之前倉位：-1 交易所_A(小型台指) 倍數：1, 本次下單：1 , 帳戶實際倉位：0 , 總倉位：0 策略_TCA"
15396a5b056b37e8,Mon Mar 21 2016 08:48:29 GMT+0800 (Taiwan Standard Time),Mon Mar 21 2016 08:48:19 GMT+0800 (Taiwan Standard Time),策略_TCA,交易所_A,8800,,-1,0,-1,normal,,"2016/03/21 08:48:19 ""8800"" 空單進場目前倉位：-1 之前倉位：0 交易所_A(小型台指) 倍數：1, 本次下單：-1 , 帳戶實際倉位：-1 , 總倉位：-1"
153877384bb65f8d,Fri Mar 18 2016 09:59:26 GMT+0800 (Taiwan Standard Time),Fri Mar 18 2016 09:59:17 GMT+0800 (Taiwan Standard Time),策略_TCA,交易所_A,8739,close_short,1,-1,0,normal,,"2016/03/18 09:59:17 ""8739"" 空單平倉目前倉位：0 之前倉位：-1 交易所_A(小型台指) 倍數：1, 本次下單：1 , 帳戶實際倉位：0 , 總倉位：0 策略_TCA"
15378cc578651644,Tue Mar 15 2016 13:41:34 GMT+0800 (Taiwan Standard Time),Tue Mar 15 2016 13:41:25 GMT+0800 (Taiwan Standard Time),策略_TCA,交易所_A,8603,reduce_short,2,-6,-4,normal,,"2016/03/15 13:41:25 ""8603"" 減碼空單目前倉位：-4 之前倉位：-6 交易所_A(小型台指) 倍數：1, 本次下單：1 , 帳戶實際倉位：-6 , 總倉位：-6"
153787dc63befb83,Tue Mar 15 2016 12:15:42 GMT+0800 (Taiwan Standard Time),Tue Mar 15 2016 12:15:33 GMT+0800 (Taiwan Standard Time),策略_TCA,交易所_A,8608,add_short,-1,-6,-7,normal,,"2016/03/15 12:15:33 ""8608"" 加碼空單目前倉位：-7 之前倉位：-6 交易所_A(小型台指) 倍數：1, 本次下單：-1 , 帳戶實際倉位：-7 , 總倉位：-7"
1537844e2b413204,Tue Mar 15 2016 11:12:19 GMT+0800 (Taiwan Standard Time),Tue Mar 15 2016 11:12:10 GMT+0800 (Taiwan Standard Time),策略_TCA,交易所_A,8638,reduce_short,1,-7,-6,normal,,"2016/03/15 11:12:10 ""8638"" 減碼空單目前倉位：-6 之前倉位：-7 交易所_A(小型台指) 倍數：1, 本次下單：1 , 帳戶實際倉位：-6 , 總倉位：-6"
1537843b8ece75b2,Tue Mar 15 2016 11:12:13 GMT+0800 (Taiwan Standard Time),Tue Mar 15 2016 11:12:04 GMT+0800 (Taiwan Standard Time),策略_TCA,交易所_A,8643,add_short,-1,-6,-7,normal,,"2016/03/15 11:12:04 ""8643"" 加碼空單目前倉位：-7 之前倉位：-6 交易所_A(小型台指) 倍數：1, 本次下單：-1 , 帳戶實際倉位：-7 , 總倉位：-7"
1537842ef4a0d3a4,Tue Mar 15 2016 11:12:07 GMT+0800 (Taiwan Standard Time),Tue Mar 15 2016 11:11:58 GMT+0800 (Taiwan Standard Time),策略_TCA,交易所_A,8646,reduce_short,1,-7,-6,normal,,"2016/03/15 11:11:58 ""8646"" 減碼空單目前倉位：-6 之前倉位：-7 交易所_A(小型台指) 倍數：1, 本次下單：1 , 帳戶實際倉位：-6 , 總倉位：-6"
1537835ee0714b94,Tue Mar 15 2016 10:57:03 GMT+0800 (Taiwan Standard Time),Tue Mar 15 2016 10:56:55 GMT+0800 (Taiwan Standard Time),策略_TCA,交易所_A,8655,,-7,0,-7,normal,,"2016/03/15 10:56:55 ""8655"" 空單進場目前倉位：-7 之前倉位：0 交易所_A(小型台指) 倍數：1, 本次下單：-7 , 帳戶實際倉位：-7 , 總倉位：-7"
153782ea7afdb0c5,Tue Mar 15 2016 10:49:17 GMT+0800 (Taiwan Standard Time),Tue Mar 15 2016 10:49:08 GMT+0800 (Taiwan Standard Time),策略_TCA,交易所_A,8663,close_long,-1,1,0,normal,,"2016/03/15 10:49:08 ""8663"" 多單平倉目前倉位：0 之前倉位：1 交易所_A(小型台指) 倍數：1, 本次下單：-1 , 帳戶實際倉位：0 , 總倉位：0 策略_TCA"
1537827ed76c4b97,Tue Mar 15 2016 10:41:34 GMT+0800 (Taiwan Standard Time),Tue Mar 15 2016 10:41:25 GMT+0800 (Taiwan Standard Time),策略_TCA,交易所_A,8697,reduce_long,-1,2,1,normal,,"2016/03/15 10:41:25 ""8697"" 減碼多單目前倉位：+1 之前倉位：2 交易所_A(小型台指) 倍數：1, 本次下單：-1 , 帳戶實際倉位：1 , 總倉位：1"
153782612a6a2edf,Tue Mar 15 2016 10:40:17 GMT+0800 (Taiwan Standard Time),Tue Mar 15 2016 10:40:09 GMT+0800 (Taiwan Standard Time),策略_TCA,交易所_A,8704,reduce_long,-3,5,2,normal,,"2016/03/15 10:40:09 ""8704"" 減碼多單目前倉位：+2 之前倉位：5 交易所_A(小型台指) 倍數：1, 本次下單：-3 , 帳戶實際倉位：2 , 總倉位：2"
15377e1338cf86b9,Tue Mar 15 2016 09:24:40 GMT+0800 (Taiwan Standard Time),Tue Mar 15 2016 09:24:31 GMT+0800 (Taiwan Standard Time),策略_TCA,交易所_A,8717,reduce_long,-1,6,5,normal,,"2016/03/15 09:24:31 ""8717"" 減碼多單目前倉位：+5 之前倉位：6 交易所_A(小型台指) 倍數：1, 本次下單：-1 , 帳戶實際倉位：5 , 總倉位：5"
1537299bc52f70ae,Mon Mar 14 2016 08:48:39 GMT+0800 (Taiwan Standard Time),Mon Mar 14 2016 08:48:29 GMT+0800 (Taiwan Standard Time),策略_TCA,交易所_A,8735,add_long,1,5,6,normal,,"2016/03/14 08:48:29 ""8735"" 加碼多單目前倉位：+6 之前倉位：5 交易所_A(小型台指) 倍數：1, 本次下單：1 , 帳戶實際倉位：6 , 總倉位：6 策略_TCA"
15363f0bf293df27,Fri Mar 11 2016 12:29:39 GMT+0800 (Taiwan Standard Time),Fri Mar 11 2016 12:29:30 GMT+0800 (Taiwan Standard Time),策略_TCA,交易所_A,8692,add_long,1,4,5,normal,,"2016/03/11 12:29:30 ""8692"" 加碼多單目前倉位：+5 之前倉位：4 交易所_A(小型台指) 倍數：1, 本次下單：1 , 帳戶實際倉位：5 , 總倉位：5 策略_TCA"
1535e334eccbd6ab,Thu Mar 10 2016 09:45:03 GMT+0800 (Taiwan Standard Time),Thu Mar 10 2016 09:44:53 GMT+0800 (Taiwan Standard Time),策略_TCA,交易所_A,8667,add_long,1,3,4,normal,,"2016/03/10 09:44:53 ""8667"" 加碼多單目前倉位：+4 之前倉位：3 交易所_A(小型台指) 倍數：1, 本次下單：1 , 帳戶實際倉位：4 , 總倉位：4 策略_TCA"
15358ee4e9cbec08,Wed Mar 09 2016 09:11:12 GMT+0800 (Taiwan Standard Time),Wed Mar 09 2016 09:11:04 GMT+0800 (Taiwan Standard Time),策略_TCA,交易所_A,8620,reduce_long,-1,3,2,normal,,"2016/03/09 09:11:04 ""8620"" 減碼多單目前倉位：+2 之前倉位：3 交易所_A(小型台指) 倍數：1, 本次下單：-1 , 帳戶實際倉位：2 , 總倉位：2"
15358ee11fa99208,Wed Mar 09 2016 09:11:18 GMT+0800 (Taiwan Standard Time),Wed Mar 09 2016 09:11:10 GMT+0800 (Taiwan Standard Time),策略_TCA,交易所_A,8622,add_long,1,2,3,normal,,"2016/03/09 09:11:10 ""8622"" 加碼多單目前倉位：+3 之前倉位：2 交易所_A(小型台指) 倍數：1, 本次下單：1 , 帳戶實際倉位：3 , 總倉位：3 策略_TCA"
15358da3bf31393c,Wed Mar 09 2016 08:48:43 GMT+0800 (Taiwan Standard Time),Wed Mar 09 2016 08:48:34 GMT+0800 (Taiwan Standard Time),策略_TCA,交易所_A,8602,,2,0,2,normal,,"2016/03/09 08:48:34 ""8602"" 多單進場目前倉位：+2 之前倉位：0 交易所_A(小型台指) 倍數：1, 本次下單：2 , 帳戶實際倉位：2 , 總倉位：2 策略_TCA"
15358d9765e63f85,Wed Mar 09 2016 08:48:49 GMT+0800 (Taiwan Standard Time),Wed Mar 09 2016 08:48:40 GMT+0800 (Taiwan Standard Time),策略_TCA,交易所_A,8603,add_long,1,2,3,normal,,"2016/03/09 08:48:40 ""8603"" 加碼多單目前倉位：+3 之前倉位：2 交易所_A(小型台指) 倍數：1, 本次下單：1 , 帳戶實際倉位：3 , 總倉位：3 策略_TCA"
15353f9a12314eb2,Tue Mar 08 2016 10:05:52 GMT+0800 (Taiwan Standard Time),Tue Mar 08 2016 10:05:43 GMT+0800 (Taiwan Standard Time),策略_TCA,交易所_A,8526,close_long,-1,1,0,normal,,"2016/03/08 10:05:43 ""8526"" 多單平倉目前倉位：0 之前倉位：1 交易所_A(小型台指) 倍數：1, 本次下單：-1 , 帳戶實際倉位：0 , 總倉位：0 策略_TCA"
15353e5412ee935f,Tue Mar 08 2016 09:42:56 GMT+0800 (Taiwan Standard Time),Tue Mar 08 2016 09:42:48 GMT+0800 (Taiwan Standard Time),策略_TCA,交易所_A,8556,reduce_long,-3,4,1,normal,,"2016/03/08 09:42:48 ""8556"" 減碼多單目前倉位：+1 之前倉位：4 交易所_A(小型台指) 倍數：1, 本次下單：-3 , 帳戶實際倉位：1 , 總倉位：1"
15353ddbc3f8098b,Tue Mar 08 2016 09:34:44 GMT+0800 (Taiwan Standard Time),Tue Mar 08 2016 09:34:36 GMT+0800 (Taiwan Standard Time),策略_TCA,交易所_A,8580,reduce_long,-1,5,4,normal,,"2016/03/08 09:34:36 ""8580"" 減碼多單目前倉位：+4 之前倉位：5 交易所_A(小型台指) 倍數：1, 本次下單：-1 , 帳戶實際倉位：4 , 總倉位：4"
1534f98e01053111,Mon Mar 07 2016 13:41:43 GMT+0800 (Taiwan Standard Time),Mon Mar 07 2016 13:41:34 GMT+0800 (Taiwan Standard Time),策略_TCA,交易所_A,8607,reduce_long,-1,6,5,normal,,"2016/03/07 13:41:34 ""8607"" 減碼多單目前倉位：+5 之前倉位：6 交易所_A(小型台指) 倍數：1, 本次下單：-1 , 帳戶實際倉位：5 , 總倉位：5"
1534eba7f89df3a3,Mon Mar 07 2016 09:38:43 GMT+0800 (Taiwan Standard Time),Mon Mar 07 2016 09:38:35 GMT+0800 (Taiwan Standard Time),策略_TCA,交易所_A,8669,add_long,1,5,6,normal,,"2016/03/07 09:38:35 ""8669"" 加碼多單目前倉位：+6 之前倉位：5 交易所_A(小型台指) 倍數：1, 本次下單：1 , 帳戶實際倉位：6 , 總倉位：6 策略_TCA"
1534e8cad5c06a81,Mon Mar 07 2016 08:48:43 GMT+0800 (Taiwan Standard Time),Mon Mar 07 2016 08:48:35 GMT+0800 (Taiwan Standard Time),策略_TCA,交易所_A,8610,add_long,1,4,5,normal,,"2016/03/07 08:48:35 ""8610"" 加碼多單目前倉位：+5 之前倉位：4 交易所_A(小型台指) 倍數：1, 本次下單：1 , 帳戶實際倉位：5 , 總倉位：5 策略_TCA"
1533f35dc735e457,Fri Mar 04 2016 09:19:13 GMT+0800 (Taiwan Standard Time),Fri Mar 04 2016 09:19:04 GMT+0800 (Taiwan Standard Time),策略_TCA,交易所_A,8583,add_long,1,3,4,normal,,"2016/03/04 09:19:04 ""8583"" 加碼多單目前倉位：+4 之前倉位：3 交易所_A(小型台指) 倍數：1, 本次下單：1 , 帳戶實際倉位：4 , 總倉位：4 策略_TCA"
1533f2df72d52de6,Fri Mar 04 2016 09:11:05 GMT+0800 (Taiwan Standard Time),Fri Mar 04 2016 09:10:56 GMT+0800 (Taiwan Standard Time),策略_TCA,交易所_A,8552,reduce_long,-1,4,3,normal,,"2016/03/04 09:10:56 ""8552"" 減碼多單目前倉位：+3 之前倉位：4 交易所_A(小型台指) 倍數：1, 本次下單：-1 , 帳戶實際倉位：3 , 總倉位：3"
1533aff9707a7c6a,Thu Mar 03 2016 13:41:49 GMT+0800 (Taiwan Standard Time),Thu Mar 03 2016 13:41:40 GMT+0800 (Taiwan Standard Time),策略_TCA,交易所_A,8561,reduce_long,-2,6,4,normal,,"2016/03/03 13:41:40 ""8561"" 減碼多單目前倉位：+4 之前倉位：6 交易所_A(小型台指) 倍數：1, 本次下單：-2 , 帳戶實際倉位：4 , 總倉位：4"
1533a23b4a60fe38,Thu Mar 03 2016 09:41:48 GMT+0800 (Taiwan Standard Time),Thu Mar 03 2016 09:41:40 GMT+0800 (Taiwan Standard Time),策略_TCA,交易所_A,8597,add_long,2,4,6,normal,,"2016/03/03 09:41:40 ""8597"" 加碼多單目前倉位：+6 之前倉位：4 交易所_A(小型台指) 倍數：1, 本次下單：2 , 帳戶實際倉位：6 , 總倉位：6 策略_TCA"
1533a1d283443fd7,Thu Mar 03 2016 09:34:03 GMT+0800 (Taiwan Standard Time),Thu Mar 03 2016 09:33:54 GMT+0800 (Taiwan Standard Time),策略_TCA,交易所_A,8579,add_long,3,1,4,normal,,"2016/03/03 09:33:54 ""8579"" 加碼多單目前倉位：+4 之前倉位：1 交易所_A(小型台指) 倍數：1, 本次下單：3 , 帳戶實際倉位：4 , 總倉位：4 策略_TCA"
1533a08a447df6fe,Thu Mar 03 2016 09:12:15 GMT+0800 (Taiwan Standard Time),Thu Mar 03 2016 09:12:06 GMT+0800 (Taiwan Standard Time),策略_TCA,交易所_A,8532,,1,0,1,normal,,"2016/03/03 09:12:06 ""8532"" 多單進場目前倉位：+1 之前倉位：0 交易所_A(小型台指) 倍數：1, 本次下單：1 , 帳戶實際倉位：1 , 總倉位：1 策略_TCA"
15339f346e455337,Thu Mar 03 2016 08:48:49 GMT+0800 (Taiwan Standard Time),Thu Mar 03 2016 08:48:40 GMT+0800 (Taiwan Standard Time),策略_TCA,交易所_A,8518,close_short,1,-1,0,normal,,"2016/03/03 08:48:40 ""8518"" 空單平倉目前倉位：0 之前倉位：-1 交易所_A(小型台指) 倍數：1, 本次下單：1 , 帳戶實際倉位：0 , 總倉位：0 策略_TCA"
1533510be68f8295,Wed Mar 02 2016 10:02:51 GMT+0800 (Taiwan Standard Time),Wed Mar 02 2016 10:02:41 GMT+0800 (Taiwan Standard Time),策略_TCA,交易所_A,8501,long_to_short,-6,5,-1,normal,,"2016/03/02 10:02:41 ""8501"" 多翻空目前倉位：-1 之前倉位：5 交易所_A(小型台指) 倍數：1, 本次下單：-6 , 帳戶實際倉位：-1 , 總倉位：-1"
1532ff8a805c6e75,Tue Mar 01 2016 10:18:37 GMT+0800 (Taiwan Standard Time),Tue Mar 01 2016 10:18:28 GMT+0800 (Taiwan Standard Time),策略_TCA,交易所_A,8448,add_long,1,4,5,normal,,"2016/03/01 10:18:28 ""8448"" 加碼多單目前倉位：+5 之前倉位：4 交易所_A(小型台指) 倍數：1, 本次下單：1 , 帳戶實際倉位：5 , 總倉位：5 策略_TCA"
153164d715969ab4,Thu Feb 25 2016 10:41:12 GMT+0800 (Taiwan Standard Time),Thu Feb 25 2016 10:41:03 GMT+0800 (Taiwan Standard Time),策略_TCA,交易所_A,8339,add_long,2,2,4,normal,,"2016/02/25 10:41:03 ""8339"" 加碼多單目前倉位：+4 之前倉位：2 交易所_A(小型台指) 倍數：1, 本次下單：2 , 帳戶實際倉位：4 , 總倉位：4 策略_TCA"
15316291ca8567f5,Thu Feb 25 2016 10:01:31 GMT+0800 (Taiwan Standard Time),Thu Feb 25 2016 10:01:22 GMT+0800 (Taiwan Standard Time),策略_TCA,交易所_A,8332,add_long,1,1,2,normal,,"2016/02/25 10:01:22 ""8332"" 加碼多單目前倉位：+2 之前倉位：1 交易所_A(小型台指) 倍數：1, 本次下單：1 , 帳戶實際倉位：2 , 總倉位：2 策略_TCA"
15315f28fe3ab783,Thu Feb 25 2016 09:01:25 GMT+0800 (Taiwan Standard Time),Thu Feb 25 2016 09:01:16 GMT+0800 (Taiwan Standard Time),策略_TCA,交易所_A,8276,,1,0,1,normal,,"2016/02/25 09:01:16 ""8276"" 多單進場目前倉位：+1 之前倉位：0 交易所_A(小型台指) 倍數：1, 本次下單：1 , 帳戶實際倉位：1 , 總倉位：1 策略_TCA"
15311cd7ebb02169,Wed Feb 24 2016 13:41:58 GMT+0800 (Taiwan Standard Time),Wed Feb 24 2016 13:41:49 GMT+0800 (Taiwan Standard Time),策略_TCA,交易所_A,8248,close_short,2,-2,0,normal,,"2016/02/24 13:41:49 ""8248"" 空單平倉目前倉位：0 之前倉位：-2 交易所_A(小型台指) 倍數：1, 本次下單：2 , 帳戶實際倉位：0 , 總倉位：0 策略_TCA"
153111536716d5c0,Wed Feb 24 2016 10:21:41 GMT+0800 (Taiwan Standard Time),Wed Feb 24 2016 10:21:33 GMT+0800 (Taiwan Standard Time),策略_TCA,交易所_A,8234,add_short,-1,-1,-2,normal,,"2016/02/24 10:21:33 ""8234"" 加碼空單目前倉位：-2 之前倉位：-1 交易所_A(小型台指) 倍數：1, 本次下單：-1 , 帳戶實際倉位：-2 , 總倉位：-2"
1531112da3a874c4,Wed Feb 24 2016 10:19:01 GMT+0800 (Taiwan Standard Time),Wed Feb 24 2016 10:18:53 GMT+0800 (Taiwan Standard Time),策略_TCA,交易所_A,8251,long_to_short,-2,1,-1,normal,,"2016/02/24 10:18:53 ""8251"" 多翻空目前倉位：-1 之前倉位：1 交易所_A(小型台指) 倍數：1, 本次下單：-2 , 帳戶實際倉位：-1 , 總倉位：-1"
153110fb07ea9ff2,Wed Feb 24 2016 10:15:04 GMT+0800 (Taiwan Standard Time),Wed Feb 24 2016 10:14:55 GMT+0800 (Taiwan Standard Time),策略_TCA,交易所_A,8284,reduce_long,-1,2,1,normal,,"2016/02/24 10:14:55 ""8284"" 減碼多單目前倉位：+1 之前倉位：2 交易所_A(小型台指) 倍數：1, 本次下單：-1 , 帳戶實際倉位：1 , 總倉位：1"
153110f0f4f802b7,Wed Feb 24 2016 10:14:58 GMT+0800 (Taiwan Standard Time),Wed Feb 24 2016 10:14:49 GMT+0800 (Taiwan Standard Time),策略_TCA,交易所_A,8285,reduce_long,-1,3,2,normal,,"2016/02/24 10:14:49 ""8285"" 減碼多單目前倉位：+2 之前倉位：3 交易所_A(小型台指) 倍數：1, 本次下單：-1 , 帳戶實際倉位：2 , 總倉位：2"
15310d896b696323,Wed Feb 24 2016 09:15:09 GMT+0800 (Taiwan Standard Time),Wed Feb 24 2016 09:15:00 GMT+0800 (Taiwan Standard Time),策略_TCA,交易所_A,8374,add_long,1,2,3,normal,,"2016/02/24 09:15:00 ""8374"" 加碼多單目前倉位：+3 之前倉位：2 交易所_A(小型台指) 倍數：1, 本次下單：1 , 帳戶實際倉位：3 , 總倉位：3 策略_TCA"
15310ce373d9523a,Wed Feb 24 2016 09:03:43 GMT+0800 (Taiwan Standard Time),Wed Feb 24 2016 09:03:34 GMT+0800 (Taiwan Standard Time),策略_TCA,交易所_A,8349,add_long,1,1,2,normal,,"2016/02/24 09:03:34 ""8349"" 加碼多單目前倉位：+2 之前倉位：1 交易所_A(小型台指) 倍數：1, 本次下單：1 , 帳戶實際倉位：2 , 總倉位：2 策略_TCA"
1530bd0ef1a7585b,Tue Feb 23 2016 09:49:02 GMT+0800 (Taiwan Standard Time),Tue Feb 23 2016 09:48:53 GMT+0800 (Taiwan Standard Time),策略_TCA,交易所_A,8284,reduce_long,-1,2,1,normal,,"2016/02/23 09:48:53 ""8284"" 減碼多單目前倉位：+1 之前倉位：2 交易所_A(小型台指) 倍數：1, 本次下單：-1 , 帳戶實際倉位：1 , 總倉位：1"
153077fd8a1cfda1,Mon Feb 22 2016 13:42:00 GMT+0800 (Taiwan Standard Time),Mon Feb 22 2016 13:41:51 GMT+0800 (Taiwan Standard Time),策略_TCA,交易所_A,8300,add_long,1,1,2,normal,,"2016/02/22 13:41:51 ""8300"" 加碼多單目前倉位：+2 之前倉位：1 交易所_A(小型台指) 倍數：1, 本次下單：1 , 帳戶實際倉位：2 , 總倉位：2 策略_TCA"
153075a947cfd533,Mon Feb 22 2016 13:01:17 GMT+0800 (Taiwan Standard Time),Mon Feb 22 2016 13:01:08 GMT+0800 (Taiwan Standard Time),策略_TCA,交易所_A,8290,,1,0,1,normal,,"2016/02/22 13:01:08 ""8290"" 多單進場目前倉位：+1 之前倉位：0 交易所_A(小型台指) 倍數：1, 本次下單：1 , 帳戶實際倉位：1 , 總倉位：1 策略_TCA"
15306c9971573a1c,Mon Feb 22 2016 10:22:56 GMT+0800 (Taiwan Standard Time),Mon Feb 22 2016 10:22:47 GMT+0800 (Taiwan Standard Time),策略_TCA,交易所_A,8277,close_long,-1,1,0,normal,,"2016/02/22 10:22:47 ""8277"" 多單平倉目前倉位：0 之前倉位：1 交易所_A(小型台指) 倍數：1, 本次下單：-1 , 帳戶實際倉位：0 , 總倉位：0 策略_TCA"
15306c252c714b62,Mon Feb 22 2016 10:15:00 GMT+0800 (Taiwan Standard Time),Mon Feb 22 2016 10:14:51 GMT+0800 (Taiwan Standard Time),策略_TCA,交易所_A,8314,reduce_long,-1,2,1,normal,,"2016/02/22 10:14:51 ""8314"" 減碼多單目前倉位：+1 之前倉位：2 交易所_A(小型台指) 倍數：1, 本次下單：-1 , 帳戶實際倉位：1 , 總倉位：1"
15306bfc60b642fd,Mon Feb 22 2016 10:12:13 GMT+0800 (Taiwan Standard Time),Mon Feb 22 2016 10:12:04 GMT+0800 (Taiwan Standard Time),策略_TCA,交易所_A,8311,reduce_long,-2,4,2,normal,,"2016/02/22 10:12:04 ""8311"" 減碼多單目前倉位：+2 之前倉位：4 交易所_A(小型台指) 倍數：1, 本次下單：-2 , 帳戶實際倉位：2 , 總倉位：2"
15306b916ae046ca,Mon Feb 22 2016 10:04:55 GMT+0800 (Taiwan Standard Time),Mon Feb 22 2016 10:04:46 GMT+0800 (Taiwan Standard Time),策略_TCA,交易所_A,8329,add_long,1,3,4,normal,,"2016/02/22 10:04:46 ""8329"" 加碼多單目前倉位：+4 之前倉位：3 交易所_A(小型台指) 倍數：1, 本次下單：1 , 帳戶實際倉位：4 , 總倉位：4 策略_TCA"
1530687ef10234ae,Mon Feb 22 2016 09:11:13 GMT+0800 (Taiwan Standard Time),Mon Feb 22 2016 09:11:04 GMT+0800 (Taiwan Standard Time),策略_TCA,交易所_A,8347,add_long,2,1,3,normal,,"2016/02/22 09:11:04 ""8347"" 加碼多單目前倉位：+3 之前倉位：1 交易所_A(小型台指) 倍數：1, 本次下單：2 , 帳戶實際倉位：3 , 總倉位：3 策略_TCA"
152f731e663ff368,Fri Feb 19 2016 09:42:05 GMT+0800 (Taiwan Standard Time),Fri Feb 19 2016 09:41:56 GMT+0800 (Taiwan Standard Time),策略_TCA,交易所_A,8312,,1,0,1,normal,,"2016/02/19 09:41:56 ""8312"" 多單進場目前倉位：+1 之前倉位：0 交易所_A(小型台指) 倍數：1, 本次下單：3 , 帳戶實際倉位：1 , 總倉位：1 策略_TCA"
152f70e84963a898,Fri Feb 19 2016 09:03:48 GMT+0800 (Taiwan Standard Time),Fri Feb 19 2016 09:03:40 GMT+0800 (Taiwan Standard Time),策略_TCA,交易所_A,8255,close_long,-1,1,0,normal,,"2016/02/19 09:03:40 ""8255"" 多單平倉目前倉位：0 之前倉位：1 交易所_A(小型台指) 倍數：1, 本次下單：-3 , 帳戶實際倉位：0 , 總倉位：0 策略_TCA"
152f6ed59f93d4af,Fri Feb 19 2016 08:27:21 GMT+0800 (Taiwan Standard Time),Fri Feb 19 2016 08:27:11 GMT+0800 (Taiwan Standard Time),策略_TCA,交易所_A,0,add_long,1,1,2,normal,,"2016/02/19 08:27:11 ""0"" 加碼多單目前倉位：+2 之前倉位：1 交易所_A(小型台指) 倍數：1, 本次下單：1 , 帳戶實際倉位：3 , 總倉位：3 策略_TCA"
152ecb4943919f2a,Wed Feb 17 2016 08:49:06 GMT+0800 (Taiwan Standard Time),Wed Feb 17 2016 08:48:57 GMT+0800 (Taiwan Standard Time),策略_TCA,交易所_A,8231,short_to_long,3,-1,2,normal,,"2016/02/17 08:48:57 ""8231"" 空翻多目前倉位：+2 之前倉位：-1 交易所_A(小型台指) 倍數：1, 本次下單：3 , 帳戶實際倉位：2 , 總倉位：2 策略_TCA"
152e79bfde1b15c0,Tue Feb 16 2016 09:03:59 GMT+0800 (Taiwan Standard Time),Tue Feb 16 2016 09:03:50 GMT+0800 (Taiwan Standard Time),策略_TCA,交易所_A,8097,reduce_short,1,-2,-1,normal,,"2016/02/16 09:03:50 ""8097"" 減碼空單目前倉位：-1 之前倉位：-2 交易所_A(小型台指) 倍數：1, 本次下單：1 , 帳戶實際倉位：-1 , 總倉位：-1"
152e29384fc2fcea,Mon Feb 15 2016 09:37:41 GMT+0800 (Taiwan Standard Time),Mon Feb 15 2016 09:37:33 GMT+0800 (Taiwan Standard Time),策略_TCA,交易所_A,8030,reduce_short,1,-3,-2,normal,,"2016/02/15 09:37:33 ""8030"" 減碼空單目前倉位：-2 之前倉位：-3 交易所_A(小型台指) 倍數：1, 本次下單：1 , 帳戶實際倉位：-2 , 總倉位：-2"
152e27af10aca54b,Mon Feb 15 2016 09:10:50 GMT+0800 (Taiwan Standard Time),Mon Feb 15 2016 09:10:40 GMT+0800 (Taiwan Standard Time),策略_TCA,交易所_A,7969,add_short,-1,-2,-3,normal,,"2016/02/15 09:10:40 ""7969"" 加碼空單目前倉位：-3 之前倉位：-2 交易所_A(小型台指) 倍數：1, 本次下單：-1 , 帳戶實際倉位：-3 , 總倉位：-3"
152a4bb828b3e2fe,Wed Feb 03 2016 09:24:53 GMT+0800 (Taiwan Standard Time),Wed Feb 03 2016 09:24:44 GMT+0800 (Taiwan Standard Time),策略_TCA,交易所_A,8031,,-2,0,-2,normal,,"2016/02/03 09:24:44 ""8031"" 空單進場目前倉位：-2 之前倉位：0 交易所_A(小型台指) 倍數：1, 本次下單：-2 , 帳戶實際倉位：-2 , 總倉位：-2"
152a49ac6a12c805,Wed Feb 03 2016 08:49:08 GMT+0800 (Taiwan Standard Time),Wed Feb 03 2016 08:48:59 GMT+0800 (Taiwan Standard Time),策略_TCA,交易所_A,8045,close_long,-1,1,0,normal,,"2016/02/03 08:48:59 ""8045"" 多單平倉目前倉位：0 之前倉位：1 交易所_A(小型台指) 倍數：1, 本次下單：-1 , 帳戶實際倉位：0 , 總倉位：0 策略_TCA"
1529fc2d8e622686,Tue Feb 02 2016 10:14:49 GMT+0800 (Taiwan Standard Time),Tue Feb 02 2016 10:14:41 GMT+0800 (Taiwan Standard Time),策略_TCA,交易所_A,8120,short_to_long,2,-1,1,normal,,"2016/02/02 10:14:41 ""8120"" 空翻多目前倉位：+1 之前倉位：-1 交易所_A(小型台指) 倍數：1, 本次下單：2 , 帳戶實際倉位：1 , 總倉位：1 策略_TCA"
1529f74d28d85a89,Tue Feb 02 2016 08:49:09 GMT+0800 (Taiwan Standard Time),Tue Feb 02 2016 08:49:00 GMT+0800 (Taiwan Standard Time),策略_TCA,交易所_A,8090,reduce_short,1,-2,-1,normal,,"2016/02/02 08:49:00 ""8090"" 減碼空單目前倉位：-1 之前倉位：-2 交易所_A(小型台指) 倍數：1, 本次下單：1 , 帳戶實際倉位：-1 , 總倉位：-1"
1529b387b902d80e,Mon Feb 01 2016 13:05:14 GMT+0800 (Taiwan Standard Time),Mon Feb 01 2016 13:05:06 GMT+0800 (Taiwan Standard Time),策略_TCA,交易所_A,8117,reduce_short,2,-4,-2,normal,,"2016/02/01 13:05:06 ""8117"" 減碼空單目前倉位：-2 之前倉位：-4 交易所_A(小型台指) 倍數：1, 本次下單：2 , 帳戶實際倉位：-2 , 總倉位：-2"
1529ae0cb8f48b67,Mon Feb 01 2016 11:29:26 GMT+0800 (Taiwan Standard Time),Mon Feb 01 2016 11:29:18 GMT+0800 (Taiwan Standard Time),策略_TCA,交易所_A,8086,long_to_short,-7,3,-4,normal,,"2016/02/01 11:29:18 ""8086"" 多翻空目前倉位：-4 之前倉位：3 交易所_A(小型台指) 倍數：1, 本次下單：-7 , 帳戶實際倉位：-4 , 總倉位：-4"
1529ad213f0d4c08,Mon Feb 01 2016 11:13:23 GMT+0800 (Taiwan Standard Time),Mon Feb 01 2016 11:13:14 GMT+0800 (Taiwan Standard Time),策略_TCA,交易所_A,8087,add_long,1,2,3,normal,,"2016/02/01 11:13:14 ""8087"" 加碼多單目前倉位：+3 之前倉位：2 交易所_A(小型台指) 倍數：1, 本次下單：1 , 帳戶實際倉位：3 , 總倉位：3 策略_TCA"
1529a64ff273021b,Mon Feb 01 2016 09:14:14 GMT+0800 (Taiwan Standard Time),Mon Feb 01 2016 09:14:05 GMT+0800 (Taiwan Standard Time),策略_TCA,交易所_A,8104,reduce_long,-3,5,2,normal,,"2016/02/01 09:14:05 ""8104"" 減碼多單目前倉位：+2 之前倉位：5 交易所_A(小型台指) 倍數：1, 本次下單：-3 , 帳戶實際倉位：2 , 總倉位：2"
1529a5b8d36e3f41,Mon Feb 01 2016 09:03:55 GMT+0800 (Taiwan Standard Time),Mon Feb 01 2016 09:03:46 GMT+0800 (Taiwan Standard Time),策略_TCA,交易所_A,8120,reduce_long,-1,6,5,normal,,"2016/02/01 09:03:46 ""8120"" 減碼多單目前倉位：+5 之前倉位：6 交易所_A(小型台指) 倍數：1, 本次下單：-1 , 帳戶實際倉位：5 , 總倉位：5"
1528b71d220f15da,Fri Jan 29 2016 11:33:46 GMT+0800 (Taiwan Standard Time),Fri Jan 29 2016 11:33:37 GMT+0800 (Taiwan Standard Time),策略_TCA,交易所_A,8040,add_long,1,5,6,normal,,"2016/01/29 11:33:37 ""8040"" 加碼多單目前倉位：+6 之前倉位：5 交易所_A(小型台指) 倍數：1, 本次下單：1 , 帳戶實際倉位：6 , 總倉位：6 策略_TCA"
15285f5edeced565,Thu Jan 28 2016 10:00:01 GMT+0800 (Taiwan Standard Time),Thu Jan 28 2016 09:59:52 GMT+0800 (Taiwan Standard Time),策略_TCA,交易所_A,7897,add_long,1,4,5,normal,,"2016/01/28 09:59:52 ""7897"" 加碼多單目前倉位：+5 之前倉位：4 交易所_A(小型台指) 倍數：1, 本次下單：1 , 帳戶實際倉位：5 , 總倉位：5 策略_TCA"
15285b49ad243d5d,Thu Jan 28 2016 08:49:01 GMT+0800 (Taiwan Standard Time),Thu Jan 28 2016 08:48:52 GMT+0800 (Taiwan Standard Time),策略_TCA,交易所_A,7799,add_long,1,3,4,normal,,"2016/01/28 08:48:52 ""7799"" 加碼多單目前倉位：+4 之前倉位：3 交易所_A(小型台指) 倍數：1, 本次下單：1 , 帳戶實際倉位：4 , 總倉位：4 策略_TCA"
152819c586f24b94,Wed Jan 27 2016 13:44:04 GMT+0800 (Taiwan Standard Time),Wed Jan 27 2016 13:43:55 GMT+0800 (Taiwan Standard Time),策略_TCA,交易所_A,7841,reduce_long,-1,4,3,normal,,"2016/01/27 13:43:55 ""7841"" 減碼多單目前倉位：+3 之前倉位：4 交易所_A(小型台指) 倍數：1, 本次下單：-1 , 帳戶實際倉位：3 , 總倉位：3"
152818aab78a4ec1,Wed Jan 27 2016 13:24:43 GMT+0800 (Taiwan Standard Time),Wed Jan 27 2016 13:24:35 GMT+0800 (Taiwan Standard Time),策略_TCA,交易所_A,7819,add_long,3,1,4,normal,,"2016/01/27 13:24:35 ""7819"" 加碼多單目前倉位：+4 之前倉位：1 交易所_A(小型台指) 倍數：1, 本次下單：3 , 帳戶實際倉位：4 , 總倉位：4 策略_TCA"
1528181eb5c7eaba,Wed Jan 27 2016 13:15:11 GMT+0800 (Taiwan Standard Time),Wed Jan 27 2016 13:15:03 GMT+0800 (Taiwan Standard Time),策略_TCA,交易所_A,7811,reduce_long,-1,2,1,normal,,"2016/01/27 13:15:03 ""7811"" 減碼多單目前倉位：+1 之前倉位：2 交易所_A(小型台指) 倍數：1, 本次下單：-1 , 帳戶實際倉位：1 , 總倉位：1"
152812f484d310e8,Wed Jan 27 2016 11:44:56 GMT+0800 (Taiwan Standard Time),Wed Jan 27 2016 11:44:47 GMT+0800 (Taiwan Standard Time),策略_TCA,交易所_A,7788,add_long,1,1,2,normal,,"2016/01/27 11:44:47 ""7788"" 加碼多單目前倉位：+2 之前倉位：1 交易所_A(小型台指) 倍數：1, 本次下單：1 , 帳戶實際倉位：2 , 總倉位：2 策略_TCA"
15280d4e81d516e6,Wed Jan 27 2016 10:06:13 GMT+0800 (Taiwan Standard Time),Wed Jan 27 2016 10:06:05 GMT+0800 (Taiwan Standard Time),策略_TCA,交易所_A,7795,reduce_long,-2,3,1,normal,,"2016/01/27 10:06:05 ""7795"" 減碼多單目前倉位：+1 之前倉位：3 交易所_A(小型台指) 倍數：1, 本次下單：-2 , 帳戶實際倉位：1 , 總倉位：1"
1527bd76d4737e9f,Tue Jan 26 2016 10:50:53 GMT+0800 (Taiwan Standard Time),Tue Jan 26 2016 10:50:44 GMT+0800 (Taiwan Standard Time),策略_TCA,交易所_A,7787,reduce_long,-1,4,3,normal,,"2016/01/26 10:50:44 ""7787"" 減碼多單目前倉位：+3 之前倉位：4 交易所_A(小型台指) 倍數：1, 本次下單：-1 , 帳戶實際倉位：3 , 總倉位：3"
1527bb001ddb0d1e,Tue Jan 26 2016 10:07:49 GMT+0800 (Taiwan Standard Time),Tue Jan 26 2016 10:07:41 GMT+0800 (Taiwan Standard Time),策略_TCA,交易所_A,7750,reduce_long,-1,5,4,normal,,"2016/01/26 10:07:41 ""7750"" 減碼多單目前倉位：+4 之前倉位：5 交易所_A(小型台指) 倍數：1, 本次下單：-1 , 帳戶實際倉位：4 , 總倉位：4"
15276418ff844f2a,Mon Jan 25 2016 08:49:06 GMT+0800 (Taiwan Standard Time),Mon Jan 25 2016 08:48:57 GMT+0800 (Taiwan Standard Time),策略_TCA,交易所_A,7780,add_long,1,4,5,normal,,"2016/01/25 08:48:57 ""7780"" 加碼多單目前倉位：+5 之前倉位：4 交易所_A(小型台指) 倍數：1, 本次下單：1 , 帳戶實際倉位：5 , 總倉位：5 策略_TCA"
15267dab76b966be,Fri Jan 22 2016 13:42:08 GMT+0800 (Taiwan Standard Time),Fri Jan 22 2016 13:41:59 GMT+0800 (Taiwan Standard Time),策略_TCA,交易所_A,7749,reduce_long,-2,6,4,normal,,"2016/01/22 13:41:59 ""7749"" 減碼多單目前倉位：+4 之前倉位：6 交易所_A(小型台指) 倍數：1, 本次下單：-2 , 帳戶實際倉位：4 , 總倉位：4"
15267d536e929a30,Fri Jan 22 2016 13:36:07 GMT+0800 (Taiwan Standard Time),Fri Jan 22 2016 13:35:58 GMT+0800 (Taiwan Standard Time),策略_TCA,交易所_A,7749,add_long,2,4,6,normal,,"2016/01/22 13:35:58 ""7749"" 加碼多單目前倉位：+6 之前倉位：4 交易所_A(小型台指) 倍數：1, 本次下單：2 , 帳戶實際倉位：6 , 總倉位：6 策略_TCA"
15267cd12fb83ea4,Fri Jan 22 2016 13:27:10 GMT+0800 (Taiwan Standard Time),Fri Jan 22 2016 13:27:01 GMT+0800 (Taiwan Standard Time),策略_TCA,交易所_A,7739,add_long,3,1,4,normal,,"2016/01/22 13:27:01 ""7739"" 加碼多單目前倉位：+4 之前倉位：1 交易所_A(小型台指) 倍數：1, 本次下單：3 , 帳戶實際倉位：4 , 總倉位：4 策略_TCA"
15267b5d618ea4d1,Fri Jan 22 2016 13:01:51 GMT+0800 (Taiwan Standard Time),Fri Jan 22 2016 13:01:42 GMT+0800 (Taiwan Standard Time),策略_TCA,交易所_A,7718,,1,0,1,normal,,"2016/01/22 13:01:42 ""7718"" 多單進場目前倉位：+1 之前倉位：0 交易所_A(小型台指) 倍數：1, 本次下單：1 , 帳戶實際倉位：1 , 總倉位：1 策略_TCA"
15261e0fdf06c135,Thu Jan 21 2016 09:51:17 GMT+0800 (Taiwan Standard Time),Thu Jan 21 2016 09:51:08 GMT+0800 (Taiwan Standard Time),策略_TCA,交易所_A,7674,close_long,-1,1,0,normal,,"2016/01/21 09:51:08 ""7674"" 多單平倉目前倉位：0 之前倉位：1 交易所_A(小型台指) 倍數：1, 本次下單：-1 , 帳戶實際倉位：0 , 總倉位：0 策略_TCA"
15261a473ae19116,Thu Jan 21 2016 08:45:09 GMT+0800 (Taiwan Standard Time),Thu Jan 21 2016 08:45:01 GMT+0800 (Taiwan Standard Time),策略_TCA,交易所_A,7658,short_to_long,2,-1,1,normal,,"2016/01/21 08:45:01 ""7658"" 空翻多目前倉位：+1 之前倉位：-1 交易所_A(小型台指) 倍數：1, 本次下單：1 , 帳戶實際倉位：1 , 總倉位：1 策略_TCA"
1525d665e2a33ebc,Wed Jan 20 2016 12:58:44 GMT+0800 (Taiwan Standard Time),Wed Jan 20 2016 12:58:36 GMT+0800 (Taiwan Standard Time),策略_TCA,交易所_A,7699,close_short,1,-1,0,normal,,"2016/01/20 12:58:36 ""7699"" 空單平倉目前倉位：0 之前倉位：-1 交易所_A(小型台指) 倍數：1, 本次下單：1 , 帳戶實際倉位：0 , 總倉位：0 策略_TCA"
1525d2b3397e4461,Wed Jan 20 2016 11:54:00 GMT+0800 (Taiwan Standard Time),Wed Jan 20 2016 11:53:52 GMT+0800 (Taiwan Standard Time),策略_TCA,交易所_A,7692,long_to_short,-2,1,-1,normal,,"2016/01/20 11:53:52 ""7692"" 多翻空目前倉位：-1 之前倉位：1 交易所_A(小型台指) 倍數：1, 本次下單：-2 , 帳戶實際倉位：-1 , 總倉位：-1"
1525cb102f9dd212,Wed Jan 20 2016 09:40:39 GMT+0800 (Taiwan Standard Time),Wed Jan 20 2016 09:40:31 GMT+0800 (Taiwan Standard Time),策略_TCA,交易所_A,7722,reduce_long,-1,2,1,normal,,"2016/01/20 09:40:31 ""7722"" 減碼多單目前倉位：+1 之前倉位：2 交易所_A(小型台指) 倍數：1, 本次下單：-1 , 帳戶實際倉位：1 , 總倉位：1"
1525ca05bb936d0c,Wed Jan 20 2016 09:22:28 GMT+0800 (Taiwan Standard Time),Wed Jan 20 2016 09:22:20 GMT+0800 (Taiwan Standard Time),策略_TCA,交易所_A,7773,reduce_long,-2,4,2,normal,,"2016/01/20 09:22:20 ""7773"" 減碼多單目前倉位：+2 之前倉位：4 交易所_A(小型台指) 倍數：1, 本次下單：-2 , 帳戶實際倉位：2 , 總倉位：2"
1525c8f3c9211c73,Wed Jan 20 2016 09:03:46 GMT+0800 (Taiwan Standard Time),Wed Jan 20 2016 09:03:37 GMT+0800 (Taiwan Standard Time),策略_TCA,交易所_A,7784,reduce_long,-1,5,4,normal,,"2016/01/20 09:03:37 ""7784"" 減碼多單目前倉位：+4 之前倉位：5 交易所_A(小型台指) 倍數：1, 本次下單：-1 , 帳戶實際倉位：4 , 總倉位：4"
15257fd656b6119f,Tue Jan 19 2016 11:46:00 GMT+0800 (Taiwan Standard Time),Tue Jan 19 2016 11:45:51 GMT+0800 (Taiwan Standard Time),策略_TCA,交易所_A,7813,short_to_long,6,-1,5,normal,,"2016/01/19 11:45:51 ""7813"" 空翻多目前倉位：+5 之前倉位：-1 交易所_A(小型台指) 倍數：1, 本次下單：6 , 帳戶實際倉位：5 , 總倉位：5 策略_TCA"
1525797d9ad9efe9,Tue Jan 19 2016 09:55:05 GMT+0800 (Taiwan Standard Time),Tue Jan 19 2016 09:54:56 GMT+0800 (Taiwan Standard Time),策略_TCA,交易所_A,7817,,-1,0,-1,normal,,"2016/01/19 09:54:56 ""7817"" 空單進場目前倉位：-1 之前倉位：0 交易所_A(小型台指) 倍數：1, 本次下單：-1 , 帳戶實際倉位：-1 , 總倉位：-1"
152577c97b2017aa,Tue Jan 19 2016 09:25:19 GMT+0800 (Taiwan Standard Time),Tue Jan 19 2016 09:25:11 GMT+0800 (Taiwan Standard Time),策略_TCA,交易所_A,7813,close_short,1,-1,0,normal,,"2016/01/19 09:25:11 ""7813"" 空單平倉目前倉位：0 之前倉位：-1 交易所_A(小型台指) 倍數：1, 本次下單：1 , 帳戶實際倉位：0 , 總倉位：0 策略_TCA"
15257798d8ce029c,Tue Jan 19 2016 09:21:59 GMT+0800 (Taiwan Standard Time),Tue Jan 19 2016 09:21:50 GMT+0800 (Taiwan Standard Time),策略_TCA,交易所_A,7806,,-1,0,-1,normal,,"2016/01/19 09:21:50 ""7806"" 空單進場目前倉位：-1 之前倉位：0 交易所_A(小型台指) 倍數：1, 本次下單：-1 , 帳戶實際倉位：-1 , 總倉位：-1"
152575b6395936e7,Tue Jan 19 2016 08:49:03 GMT+0800 (Taiwan Standard Time),Tue Jan 19 2016 08:48:54 GMT+0800 (Taiwan Standard Time),策略_TCA,交易所_A,7804,close_short,2,-2,0,normal,,"2016/01/19 08:48:54 ""7804"" 空單平倉目前倉位：0 之前倉位：-2 交易所_A(小型台指) 倍數：1, 本次下單：2 , 帳戶實際倉位：0 , 總倉位：0 策略_TCA"
15253040fb48c91e,Mon Jan 18 2016 12:35:11 GMT+0800 (Taiwan Standard Time),Mon Jan 18 2016 12:35:03 GMT+0800 (Taiwan Standard Time),策略_TCA,交易所_A,7784,reduce_short,1,-3,-2,normal,,"2016/01/18 12:35:03 ""7784"" 減碼空單目前倉位：-2 之前倉位：-3 交易所_A(小型台指) 倍數：1, 本次下單：1 , 帳戶實際倉位：-2 , 總倉位：-2"
152526cc652efef1,Mon Jan 18 2016 09:49:58 GMT+0800 (Taiwan Standard Time),Mon Jan 18 2016 09:49:49 GMT+0800 (Taiwan Standard Time),策略_TCA,交易所_A,7780,add_short,-1,-2,-3,normal,,"2016/01/18 09:49:49 ""7780"" 加碼空單目前倉位：-3 之前倉位：-2 交易所_A(小型台指) 倍數：1, 本次下單：-1 , 帳戶實際倉位：-3 , 總倉位：-3"
15252552d0028c32,Mon Jan 18 2016 09:24:11 GMT+0800 (Taiwan Standard Time),Mon Jan 18 2016 09:24:02 GMT+0800 (Taiwan Standard Time),策略_TCA,交易所_A,7669,reduce_short,3,-5,-2,normal,,"2016/01/18 09:24:02 ""7669"" 減碼空單目前倉位：-2 之前倉位：-5 交易所_A(小型台指) 倍數：1, 本次下單：3 , 帳戶實際倉位：-2 , 總倉位：-2"
1523da987352604c,Thu Jan 14 2016 09:04:22 GMT+0800 (Taiwan Standard Time),Thu Jan 14 2016 09:04:13 GMT+0800 (Taiwan Standard Time),策略_TCA,交易所_A,7630,add_short,-1,-4,-5,normal,,"2016/01/14 09:04:13 ""7630"" 加碼空單目前倉位：-5 之前倉位：-4 交易所_A(小型台指) 倍數：1, 本次下單：-1 , 帳戶實際倉位：-5 , 總倉位：-5"
1523d9b94c836240,Thu Jan 14 2016 08:49:08 GMT+0800 (Taiwan Standard Time),Thu Jan 14 2016 08:48:59 GMT+0800 (Taiwan Standard Time),策略_TCA,交易所_A,7658,add_short,-2,-2,-4,normal,,"2016/01/14 08:48:59 ""7658"" 加碼空單目前倉位：-4 之前倉位：-2 交易所_A(小型台指) 倍數：1, 本次下單：-2 , 帳戶實際倉位：-4 , 總倉位：-4"
15238cceed8af5d6,Wed Jan 13 2016 10:24:57 GMT+0800 (Taiwan Standard Time),Wed Jan 13 2016 10:24:48 GMT+0800 (Taiwan Standard Time),策略_TCA,交易所_A,7789,long_to_short,-4,2,-2,normal,,"2016/01/13 10:24:48 ""7789"" 多翻空目前倉位：-2 之前倉位：2 交易所_A(小型台指) 倍數：1, 本次下單：-4 , 帳戶實際倉位：-2 , 總倉位：-2"
152388d6a2dbbf96,Wed Jan 13 2016 09:15:10 GMT+0800 (Taiwan Standard Time),Wed Jan 13 2016 09:15:01 GMT+0800 (Taiwan Standard Time),策略_TCA,交易所_A,7825,add_long,1,1,2,normal,,"2016/01/13 09:15:01 ""7825"" 加碼多單目前倉位：+2 之前倉位：1 交易所_A(小型台指) 倍數：1, 本次下單：1 , 帳戶實際倉位：2 , 總倉位：2 策略_TCA"
1523882e37bfe54e,Wed Jan 13 2016 09:04:04 GMT+0800 (Taiwan Standard Time),Wed Jan 13 2016 09:03:56 GMT+0800 (Taiwan Standard Time),策略_TCA,交易所_A,7790,short_to_long,7,-6,1,normal,,"2016/01/13 09:03:56 ""7790"" 空翻多目前倉位：+1 之前倉位：-6 交易所_A(小型台指) 倍數：1, 本次下單：7 , 帳戶實際倉位：1 , 總倉位：1 策略_TCA"
1522e3c025e1036f,Mon Jan 11 2016 09:10:15 GMT+0800 (Taiwan Standard Time),Mon Jan 11 2016 09:10:06 GMT+0800 (Taiwan Standard Time),策略_TCA,交易所_A,7720,add_short,-1,-5,-6,normal,,"2016/01/11 09:10:06 ""7720"" 加碼空單目前倉位：-6 之前倉位：-5 交易所_A(小型台指) 倍數：1, 本次下單：-1 , 帳戶實際倉位：-6 , 總倉位：-6"
1522e28d3db54ae0,Mon Jan 11 2016 08:48:56 GMT+0800 (Taiwan Standard Time),Mon Jan 11 2016 08:48:47 GMT+0800 (Taiwan Standard Time),策略_TCA,交易所_A,7730,reduce_short,1,-6,-5,normal,,"2016/01/11 08:48:47 ""7730"" 減碼空單目前倉位：-5 之前倉位：-6 交易所_A(小型台指) 倍數：1, 本次下單：1 , 帳戶實際倉位：-5 , 總倉位：-5"
15219d6447d0acf4,Thu Jan 07 2016 10:06:00 GMT+0800 (Taiwan Standard Time),Thu Jan 07 2016 10:05:52 GMT+0800 (Taiwan Standard Time),策略_TCA,交易所_A,7802,add_short,-1,-5,-6,normal,,"2016/01/07 10:05:52 ""7802"" 加碼空單目前倉位：-6 之前倉位：-5 交易所_A(小型台指) 倍數：1, 本次下單：-1 , 帳戶實際倉位：-6 , 總倉位：-6"
152149519027a73f,Wed Jan 06 2016 09:37:31 GMT+0800 (Taiwan Standard Time),Wed Jan 06 2016 09:37:22 GMT+0800 (Taiwan Standard Time),策略_TCA,交易所_A,8014,add_short,-1,-4,-5,normal,,"2016/01/06 09:37:22 ""8014"" 加碼空單目前倉位：-5 之前倉位：-4 交易所_A(小型台指) 倍數：1, 本次下單：-1 , 帳戶實際倉位：-5 , 總倉位：-5"
1520f7900887be0b,Tue Jan 05 2016 09:48:46 GMT+0800 (Taiwan Standard Time),Tue Jan 05 2016 09:48:31 GMT+0800 (Taiwan Standard Time),策略_TCA,交易所_A,8098,add_short,-1,-3,-4,normal,,"2016/01/05 09:48:31 ""8098"" 加碼空單目前倉位：-4 之前倉位：-3 交易所_A(小型台指) 倍數：1, 本次下單：-1 , 帳戶實際倉位：-4 , 總倉位：-4"
1520b283a7e5bf60,Mon Jan 04 2016 13:42:04 GMT+0800 (Taiwan Standard Time),Mon Jan 04 2016 13:41:55 GMT+0800 (Taiwan Standard Time),策略_TCA,交易所_A,8069,reduce_short,2,-5,-3,normal,,"2016/01/04 13:41:55 ""8069"" 減碼空單目前倉位：-3 之前倉位：-5 交易所_A(小型台指) 倍數：1, 本次下單：2 , 帳戶實際倉位：-3 , 總倉位：-3"
1520a47aef1b4a99,Mon Jan 04 2016 09:36:48 GMT+0800 (Taiwan Standard Time),Mon Jan 04 2016 09:36:39 GMT+0800 (Taiwan Standard Time),策略_TCA,交易所_A,8148,add_short,-3,-2,-5,normal,,"2016/01/04 09:36:39 ""8148"" 加碼空單目前倉位：-5 之前倉位：-2 交易所_A(小型台指) 倍數：1, 本次下單：-3 , 帳戶實際倉位：-5 , 總倉位：-5"
1520a3ca0324379c,Mon Jan 04 2016 09:24:43 GMT+0800 (Taiwan Standard Time),Mon Jan 04 2016 09:24:34 GMT+0800 (Taiwan Standard Time),策略_TCA,交易所_A,8191,,-2,0,-2,normal,,"2016/01/04 09:24:34 ""8191"" 空單進場目前倉位：-2 之前倉位：0 交易所_A(小型台指) 倍數：1, 本次下單：-2 , 帳戶實際倉位：-2 , 總倉位：-2"
1520a3949c3e97c3,Mon Jan 04 2016 09:21:04 GMT+0800 (Taiwan Standard Time),Mon Jan 04 2016 09:20:55 GMT+0800 (Taiwan Standard Time),策略_TCA,交易所_A,8202,close_long,-1,1,0,normal,,"2016/01/04 09:20:55 ""8202"" 多單平倉目前倉位：0 之前倉位：1 交易所_A(小型台指) 倍數：1, 本次下單：-1 , 帳戶實際倉位：0 , 總倉位：0 策略_TCA"
151f62f085dc269c,Thu Dec 31 2015 11:57:33 GMT+0800 (Taiwan Standard Time),Thu Dec 31 2015 11:57:24 GMT+0800 (Taiwan Standard Time),策略_TCA,交易所_A,8269,short_to_long,3,-2,1,normal,,"2015/12/31 11:57:24 ""8269"" 空翻多目前倉位：+1 之前倉位：-2 交易所_A(小型台指) 倍數：1, 本次下單：3 , 帳戶實際倉位：1 , 總倉位：1 策略_TCA"
151f09fa092a2148,Wed Dec 30 2015 10:02:47 GMT+0800 (Taiwan Standard Time),Wed Dec 30 2015 10:02:38 GMT+0800 (Taiwan Standard Time),策略_TCA,交易所_A,8266,add_short,-1,-1,-2,normal,,"2015/12/30 10:02:38 ""8266"" 加碼空單目前倉位：-2 之前倉位：-1 交易所_A(小型台指) 倍數：1, 本次下單：-1 , 帳戶實際倉位：-2 , 總倉位：-2"
151f06b81befdd6c,Wed Dec 30 2015 09:05:51 GMT+0800 (Taiwan Standard Time),Wed Dec 30 2015 09:05:42 GMT+0800 (Taiwan Standard Time),策略_TCA,交易所_A,8318,reduce_short,1,-2,-1,normal,,"2015/12/30 09:05:42 ""8318"" 減碼空單目前倉位：-1 之前倉位：-2 交易所_A(小型台指) 倍數：1, 本次下單：1 , 帳戶實際倉位：-1 , 總倉位：-1"
151ec4212f1aeeff,Tue Dec 29 2015 13:42:08 GMT+0800 (Taiwan Standard Time),Tue Dec 29 2015 13:41:59 GMT+0800 (Taiwan Standard Time),策略_TCA,交易所_A,8288,reduce_short,1,-3,-2,normal,,"2015/12/29 13:41:59 ""8288"" 減碼空單目前倉位：-2 之前倉位：-3 交易所_A(小型台指) 倍數：1, 本次下單：1 , 帳戶實際倉位：-2 , 總倉位：-2"
151eb5b5e2ba6835,Tue Dec 29 2015 09:30:08 GMT+0800 (Taiwan Standard Time),Tue Dec 29 2015 09:29:59 GMT+0800 (Taiwan Standard Time),策略_TCA,交易所_A,8294,add_short,-1,-2,-3,normal,,"2015/12/29 09:29:59 ""8294"" 加碼空單目前倉位：-3 之前倉位：-2 交易所_A(小型台指) 倍數：1, 本次下單：-1 , 帳戶實際倉位：-3 , 總倉位：-3"
151eb4ecd7453e30,Tue Dec 29 2015 09:16:25 GMT+0800 (Taiwan Standard Time),Tue Dec 29 2015 09:16:16 GMT+0800 (Taiwan Standard Time),策略_TCA,交易所_A,8311,add_short,-1,-1,-2,normal,,"2015/12/29 09:16:16 ""8311"" 加碼空單目前倉位：-2 之前倉位：-1 交易所_A(小型台指) 倍數：1, 本次下單：-1 , 帳戶實際倉位：-2 , 總倉位：-2"
151eb322823d939a,Tue Dec 29 2015 08:45:08 GMT+0800 (Taiwan Standard Time),Tue Dec 29 2015 08:44:59 GMT+0800 (Taiwan Standard Time),策略_TCA,交易所_A,8319,long_to_short,-3,2,-1,normal,,"2015/12/29 08:44:59 ""8319"" 多翻空目前倉位：-1 之前倉位：2 交易所_A(小型台指) 倍數：1, 本次下單：-3 , 帳戶實際倉位：-1 , 總倉位：-1"
151e61e2de9a2da4,Mon Dec 28 2015 09:05:04 GMT+0800 (Taiwan Standard Time),Mon Dec 28 2015 09:04:55 GMT+0800 (Taiwan Standard Time),策略_TCA,交易所_A,8358,reduce_long,-1,3,2,normal,,"2015/12/28 09:04:55 ""8358"" 減碼多單目前倉位：+2 之前倉位：3 交易所_A(小型台指) 倍數：1, 本次下單：-1 , 帳戶實際倉位：2 , 總倉位：2"
151e61414c851f73,Mon Dec 28 2015 08:54:03 GMT+0800 (Taiwan Standard Time),Mon Dec 28 2015 08:53:54 GMT+0800 (Taiwan Standard Time),策略_TCA,交易所_A,8378,add_long,1,2,3,normal,,"2015/12/28 08:53:54 ""8378"" 加碼多單目前倉位：+3 之前倉位：2 交易所_A(小型台指) 倍數：1, 本次下單：1 , 帳戶實際倉位：3 , 總倉位：3 策略_TCA"
151d79336b4fad6b,Fri Dec 25 2015 13:18:40 GMT+0800 (Taiwan Standard Time),Fri Dec 25 2015 13:18:31 GMT+0800 (Taiwan Standard Time),策略_TCA,交易所_A,8361,short_to_long,3,-1,2,normal,,"2015/12/25 13:18:31 ""8361"" 空翻多目前倉位：+2 之前倉位：-1 交易所_A(小型台指) 倍數：1, 本次下單：3 , 帳戶實際倉位：2 , 總倉位：2 策略_TCA"
151d77dca1fc869d,Fri Dec 25 2015 12:55:16 GMT+0800 (Taiwan Standard Time),Fri Dec 25 2015 12:55:07 GMT+0800 (Taiwan Standard Time),策略_TCA,交易所_A,8361,reduce_short,1,-2,-1,normal,,"2015/12/25 12:55:07 ""8361"" 減碼空單目前倉位：-1 之前倉位：-2 交易所_A(小型台指) 倍數：1, 本次下單：1 , 帳戶實際倉位：-1 , 總倉位：-1"
151d69c64d4ee297,Fri Dec 25 2015 08:49:04 GMT+0800 (Taiwan Standard Time),Fri Dec 25 2015 08:48:55 GMT+0800 (Taiwan Standard Time),策略_TCA,交易所_A,8322,add_short,-1,-1,-2,normal,,"2015/12/25 08:48:55 ""8322"" 加碼空單目前倉位：-2 之前倉位：-1 交易所_A(小型台指) 倍數：1, 本次下單：-1 , 帳戶實際倉位：-2 , 總倉位：-2"
151d20d0ce4d853d,Thu Dec 24 2015 11:34:02 GMT+0800 (Taiwan Standard Time),Thu Dec 24 2015 11:33:54 GMT+0800 (Taiwan Standard Time),策略_TCA,交易所_A,8314,,-1,0,-1,normal,,"2015/12/24 11:33:54 ""8314"" 空單進場目前倉位：-1 之前倉位：0 交易所_A(小型台指) 倍數：1, 本次下單：-1 , 帳戶實際倉位：-1 , 總倉位：-1"
151d18b1ac643088,Thu Dec 24 2015 09:12:06 GMT+0800 (Taiwan Standard Time),Thu Dec 24 2015 09:11:57 GMT+0800 (Taiwan Standard Time),策略_TCA,交易所_A,8379,close_short,2,-2,0,normal,,"2015/12/24 09:11:57 ""8379"" 空單平倉目前倉位：0 之前倉位：-2 交易所_A(小型台指) 倍數：1, 本次下單：2 , 帳戶實際倉位：0 , 總倉位：0 策略_TCA"
151cd490c08e0ca0,Wed Dec 23 2015 13:21:29 GMT+0800 (Taiwan Standard Time),Wed Dec 23 2015 13:21:21 GMT+0800 (Taiwan Standard Time),策略_TCA,交易所_A,8284,long_to_short,-3,1,-2,normal,,"2015/12/23 13:21:21 ""8284"" 多翻空目前倉位：-2 之前倉位：1 交易所_A(小型台指) 倍數：1, 本次下單：-3 , 帳戶實際倉位：-2 , 總倉位：-2"
151cc60c4e993c42,Wed Dec 23 2015 09:07:47 GMT+0800 (Taiwan Standard Time),Wed Dec 23 2015 09:07:38 GMT+0800 (Taiwan Standard Time),策略_TCA,交易所_A,8313,,1,0,1,normal,,"2015/12/23 09:07:38 ""8313"" 多單進場目前倉位：+1 之前倉位：0 交易所_A(小型台指) 倍數：1, 本次下單：1 , 帳戶實際倉位：1 , 總倉位：1 策略_TCA"
151c241ddaf3ab74,Mon Dec 21 2015 09:57:51 GMT+0800 (Taiwan Standard Time),Mon Dec 21 2015 09:57:42 GMT+0800 (Taiwan Standard Time),策略_TCA,交易所_A,8220,close_short,3,-3,0,normal,,"2015/12/21 09:57:42 ""8220"" 空單平倉目前倉位：0 之前倉位：-3 交易所_A(小型台指) 倍數：1, 本次下單：3 , 帳戶實際倉位：0 , 總倉位：0 策略_TCA"
151c210769e5a23e,Mon Dec 21 2015 09:03:54 GMT+0800 (Taiwan Standard Time),Mon Dec 21 2015 09:03:45 GMT+0800 (Taiwan Standard Time),策略_TCA,交易所_A,8165,add_short,-2,-1,-3,normal,,"2015/12/21 09:03:45 ""8165"" 加碼空單目前倉位：-3 之前倉位：-1 交易所_A(小型台指) 倍數：1, 本次下單：-2 , 帳戶實際倉位：-3 , 總倉位：-3"
151c202f2bf24a47,Mon Dec 21 2015 08:49:08 GMT+0800 (Taiwan Standard Time),Mon Dec 21 2015 08:49:00 GMT+0800 (Taiwan Standard Time),策略_TCA,交易所_A,8168,,-1,0,-1,normal,,"2015/12/21 08:49:00 ""8168"" 空單進場目前倉位：-1 之前倉位：0 交易所_A(小型台指) 倍數：1, 本次下單：-1 , 帳戶實際倉位：-1 , 總倉位：-1"
151c1ff4c4796590,Mon Dec 21 2015 08:45:09 GMT+0800 (Taiwan Standard Time),Mon Dec 21 2015 08:45:00 GMT+0800 (Taiwan Standard Time),策略_TCA,交易所_A,8162,close_long,-1,1,0,normal,,"2015/12/21 08:45:00 ""8162"" 多單平倉目前倉位：0 之前倉位：1 交易所_A(小型台指) 倍數：1, 本次下單：-1 , 帳戶實際倉位：0 , 總倉位：0 策略_TCA"
151b393a2e8c5aac,Fri Dec 18 2015 13:32:51 GMT+0800 (Taiwan Standard Time),Fri Dec 18 2015 13:32:42 GMT+0800 (Taiwan Standard Time),策略_TCA,交易所_A,8236,reduce_long,-1,2,1,normal,,"2015/12/18 13:32:42 ""8236"" 減碼多單目前倉位：+1 之前倉位：2 交易所_A(小型台指) 倍數：1, 本次下單：-1 , 帳戶實際倉位：1 , 總倉位：1"
151b342c0317cd15,Fri Dec 18 2015 12:04:31 GMT+0800 (Taiwan Standard Time),Fri Dec 18 2015 12:04:22 GMT+0800 (Taiwan Standard Time),策略_TCA,交易所_A,8290,add_long,1,1,2,normal,,"2015/12/18 12:04:22 ""8290"" 加碼多單目前倉位：+2 之前倉位：1 交易所_A(小型台指) 倍數：1, 本次下單：1 , 帳戶實際倉位：2 , 總倉位：2 策略_TCA"
151ae75c1684444b,Thu Dec 17 2015 13:42:07 GMT+0800 (Taiwan Standard Time),Thu Dec 17 2015 13:41:59 GMT+0800 (Taiwan Standard Time),策略_TCA,交易所_A,8287,reduce_long,-1,2,1,normal,,"2015/12/17 13:41:59 ""8287"" 減碼多單目前倉位：+1 之前倉位：2 交易所_A(小型台指) 倍數：1, 本次下單：-1 , 帳戶實際倉位：1 , 總倉位：1"
151ae6ac7af5a03d,Thu Dec 17 2015 13:30:07 GMT+0800 (Taiwan Standard Time),Thu Dec 17 2015 13:29:59 GMT+0800 (Taiwan Standard Time),策略_TCA,交易所_A,8289,add_long,1,1,2,normal,,"2015/12/17 13:29:59 ""8289"" 加碼多單目前倉位：+2 之前倉位：1 交易所_A(小型台指) 倍數：1, 本次下單：1 , 帳戶實際倉位：2 , 總倉位：2 策略_TCA"
151ada628fd7fbcc,Thu Dec 17 2015 09:55:22 GMT+0800 (Taiwan Standard Time),Thu Dec 17 2015 09:55:13 GMT+0800 (Taiwan Standard Time),策略_TCA,交易所_A,8256,,1,0,1,normal,,"2015/12/17 09:55:13 ""8256"" 多單進場目前倉位：+1 之前倉位：0 交易所_A(小型台指) 倍數：1, 本次下單：1 , 帳戶實際倉位：1 , 總倉位：1 策略_TCA"
151ad65dc08e2e63,Thu Dec 17 2015 08:45:08 GMT+0800 (Taiwan Standard Time),Thu Dec 17 2015 08:44:59 GMT+0800 (Taiwan Standard Time),策略_TCA,交易所_A,8200,close_long,-1,1,0,normal,,"2015/12/17 08:44:59 ""8200"" 多單平倉目前倉位：0 之前倉位：1 交易所_A(小型台指) 倍數：1, 本次下單：-1 , 帳戶實際倉位：0 , 總倉位：0 策略_TCA"
151a920c068b091c,Wed Dec 16 2015 12:51:10 GMT+0800 (Taiwan Standard Time),Wed Dec 16 2015 12:51:01 GMT+0800 (Taiwan Standard Time),策略_TCA,交易所_A,8206,,1,0,1,normal,,"2015/12/16 12:51:01 ""8206"" 多單進場目前倉位：+1 之前倉位：0 交易所_A(小型台指) 倍數：1, 本次下單：1 , 帳戶實際倉位：1 , 總倉位：1 策略_TCA"
151a89f2b10a7435,Wed Dec 16 2015 10:29:39 GMT+0800 (Taiwan Standard Time),Wed Dec 16 2015 10:29:30 GMT+0800 (Taiwan Standard Time),策略_TCA,交易所_A,8167,close_short,1,-1,0,normal,,"2015/12/16 10:29:30 ""8167"" 空單平倉目前倉位：0 之前倉位：-1 交易所_A(小型台指) 倍數：1, 本次下單：1 , 帳戶實際倉位：0 , 總倉位：0 策略_TCA"
151a32b33a1274a3,Tue Dec 15 2015 09:03:49 GMT+0800 (Taiwan Standard Time),Tue Dec 15 2015 09:03:40 GMT+0800 (Taiwan Standard Time),策略_TCA,交易所_A,8115,reduce_short,2,-3,-1,normal,,"2015/12/15 09:03:40 ""8115"" 減碼空單目前倉位：-1 之前倉位：-3 交易所_A(小型台指) 倍數：1, 本次下單：2 , 帳戶實際倉位：-1 , 總倉位：-1"
1519e35b95d83ea3,Mon Dec 14 2015 09:58:07 GMT+0800 (Taiwan Standard Time),Mon Dec 14 2015 09:57:59 GMT+0800 (Taiwan Standard Time),策略_TCA,交易所_A,8055,reduce_short,1,-4,-3,normal,,"2015/12/14 09:57:59 ""8055"" 減碼空單目前倉位：-3 之前倉位：-4 交易所_A(小型台指) 倍數：1, 本次下單：1 , 帳戶實際倉位：-3 , 總倉位：-3"
1518ef91cb8864c3,Fri Dec 11 2015 10:57:44 GMT+0800 (Taiwan Standard Time),Fri Dec 11 2015 10:57:36 GMT+0800 (Taiwan Standard Time),策略_TCA,交易所_A,8125,add_short,-2,-2,-4,normal,,"2015/12/11 10:57:36 ""8125"" 加碼空單目前倉位：-4 之前倉位：-2 交易所_A(小型台指) 倍數：1, 本次下單：-2 , 帳戶實際倉位：-4 , 總倉位：-4"
1518e835c9b28f67,Fri Dec 11 2015 08:49:07 GMT+0800 (Taiwan Standard Time),Fri Dec 11 2015 08:48:58 GMT+0800 (Taiwan Standard Time),策略_TCA,交易所_A,8192,reduce_short,1,-3,-2,normal,,"2015/12/11 08:48:58 ""8192"" 減碼空單目前倉位：-2 之前倉位：-3 交易所_A(小型台指) 倍數：1, 本次下單：1 , 帳戶實際倉位：-2 , 總倉位：-2"
1518a3f735c470d6,Thu Dec 10 2015 12:56:11 GMT+0800 (Taiwan Standard Time),Thu Dec 10 2015 12:56:02 GMT+0800 (Taiwan Standard Time),策略_TCA,交易所_A,8197,add_short,-1,-2,-3,normal,,"2015/12/10 12:56:02 ""8197"" 加碼空單目前倉位：-3 之前倉位：-2 交易所_A(小型台指) 倍數：1, 本次下單：-1 , 帳戶實際倉位：-3 , 總倉位：-3"
1518436a52d2aed0,Wed Dec 09 2015 08:49:09 GMT+0800 (Taiwan Standard Time),Wed Dec 09 2015 08:49:00 GMT+0800 (Taiwan Standard Time),策略_TCA,交易所_A,8293,add_short,-1,-1,-2,normal,,"2015/12/09 08:49:00 ""8293"" 加碼空單目前倉位：-2 之前倉位：-1 交易所_A(小型台指) 倍數：1, 本次下單：-1 , 帳戶實際倉位：-2 , 總倉位：-2"
151801c884902589,Tue Dec 08 2015 13:42:03 GMT+0800 (Taiwan Standard Time),Tue Dec 08 2015 13:41:54 GMT+0800 (Taiwan Standard Time),策略_TCA,交易所_A,8332,reduce_short,1,-2,-1,normal,,"2015/12/08 13:41:54 ""8332"" 減碼空單目前倉位：-1 之前倉位：-2 交易所_A(小型台指) 倍數：1, 本次下單：1 , 帳戶實際倉位：-1 , 總倉位：-1"
1517f6cbf63c4cd1,Tue Dec 08 2015 10:30:03 GMT+0800 (Taiwan Standard Time),Tue Dec 08 2015 10:29:54 GMT+0800 (Taiwan Standard Time),策略_TCA,交易所_A,8352,add_short,-1,-1,-2,normal,,"2015/12/08 10:29:54 ""8352"" 加碼空單目前倉位：-2 之前倉位：-1 交易所_A(小型台指) 倍數：1, 本次下單：-1 , 帳戶實際倉位：-2 , 總倉位：-2"
1517f10f2301f69d,Tue Dec 08 2015 08:49:04 GMT+0800 (Taiwan Standard Time),Tue Dec 08 2015 08:48:55 GMT+0800 (Taiwan Standard Time),策略_TCA,交易所_A,8443,,-1,0,-1,normal,,"2015/12/08 08:48:55 ""8443"" 空單進場目前倉位：-1 之前倉位：0 交易所_A(小型台指) 倍數：1, 本次下單：-1 , 帳戶實際倉位：-1 , 總倉位：-1"
1517ac5dc8f7d078,Mon Dec 07 2015 12:49:18 GMT+0800 (Taiwan Standard Time),Mon Dec 07 2015 12:49:09 GMT+0800 (Taiwan Standard Time),策略_TCA,交易所_A,8471,close_long,-1,1,0,normal,,"2015/12/07 12:49:09 ""8471"" 多單平倉目前倉位：0 之前倉位：1 交易所_A(小型台指) 倍數：1, 本次下單：-1 , 帳戶實際倉位：0 , 總倉位：0 策略_TCA"
1516aad8f991c1e0,Fri Dec 04 2015 09:48:05 GMT+0800 (Taiwan Standard Time),Fri Dec 04 2015 09:47:55 GMT+0800 (Taiwan Standard Time),策略_TCA,交易所_A,8356,reduce_long,-1,2,1,normal,,"2015/12/04 09:47:55 ""8356"" 減碼多單目前倉位：+1 之前倉位：2 交易所_A(小型台指) 倍數：1, 本次下單：-1 , 帳戶實際倉位：1 , 總倉位：1"
1516601dba6ead9d,Thu Dec 03 2015 12:02:52 GMT+0800 (Taiwan Standard Time),Thu Dec 03 2015 12:02:43 GMT+0800 (Taiwan Standard Time),策略_TCA,交易所_A,8466,add_long,1,1,2,normal,,"2015/12/03 12:02:43 ""8466"" 加碼多單目前倉位：+2 之前倉位：1 交易所_A(小型台指) 倍數：1, 本次下單：1 , 帳戶實際倉位：2 , 總倉位：2 策略_TCA"
15165dc7c623abeb,Thu Dec 03 2015 11:22:02 GMT+0800 (Taiwan Standard Time),Thu Dec 03 2015 11:21:54 GMT+0800 (Taiwan Standard Time),策略_TCA,交易所_A,8424,reduce_long,-1,2,1,normal,,"2015/12/03 11:21:54 ""8424"" 減碼多單目前倉位：+1 之前倉位：2 交易所_A(小型台指) 倍數：1, 本次下單：-1 , 帳戶實際倉位：1 , 總倉位：1"
15165d4f5822e1fc,Thu Dec 03 2015 11:13:38 GMT+0800 (Taiwan Standard Time),Thu Dec 03 2015 11:13:29 GMT+0800 (Taiwan Standard Time),策略_TCA,交易所_A,8430,reduce_long,-1,3,2,normal,,"2015/12/03 11:13:29 ""8430"" 減碼多單目前倉位：+2 之前倉位：3 交易所_A(小型台指) 倍數：1, 本次下單：-1 , 帳戶實際倉位：2 , 總倉位：2"
1516575af39c0432,Thu Dec 03 2015 09:29:45 GMT+0800 (Taiwan Standard Time),Thu Dec 03 2015 09:29:37 GMT+0800 (Taiwan Standard Time),策略_TCA,交易所_A,8435,add_long,1,2,3,normal,,"2015/12/03 09:29:37 ""8435"" 加碼多單目前倉位：+3 之前倉位：2 交易所_A(小型台指) 倍數：1, 本次下單：1 , 帳戶實際倉位：3 , 總倉位：3 策略_TCA"
15160a9f26b88070,Wed Dec 02 2015 11:08:45 GMT+0800 (Taiwan Standard Time),Wed Dec 02 2015 11:08:36 GMT+0800 (Taiwan Standard Time),策略_TCA,交易所_A,8425,reduce_long,-1,3,2,normal,,"2015/12/02 11:08:36 ""8425"" 減碼多單目前倉位：+2 之前倉位：3 交易所_A(小型台指) 倍數：1, 本次下單：-1 , 帳戶實際倉位：2 , 總倉位：2"
15160990a94f2545,Wed Dec 02 2015 10:50:08 GMT+0800 (Taiwan Standard Time),Wed Dec 02 2015 10:49:59 GMT+0800 (Taiwan Standard Time),策略_TCA,交易所_A,8454,reduce_long,-1,4,3,normal,,"2015/12/02 10:49:59 ""8454"" 減碼多單目前倉位：+3 之前倉位：4 交易所_A(小型台指) 倍數：1, 本次下單：-1 , 帳戶實際倉位：3 , 總倉位：3"
151605d65cb10c20,Wed Dec 02 2015 09:45:08 GMT+0800 (Taiwan Standard Time),Wed Dec 02 2015 09:44:59 GMT+0800 (Taiwan Standard Time),策略_TCA,交易所_A,8489,add_long,1,3,4,normal,,"2015/12/02 09:44:59 ""8489"" 加碼多單目前倉位：+4 之前倉位：3 交易所_A(小型台指) 倍數：1, 本次下單：1 , 帳戶實際倉位：4 , 總倉位：4 策略_TCA"
1515b6b798a9aa1c,Tue Dec 01 2015 10:42:17 GMT+0800 (Taiwan Standard Time),Tue Dec 01 2015 10:42:08 GMT+0800 (Taiwan Standard Time),策略_TCA,交易所_A,8428,add_long,1,1,2,normal,,"2015/12/01 10:42:08 ""8428"" 加碼多單目前倉位：+2 之前倉位：1 交易所_A(小型台指) 倍數：1, 本次下單：1 , 帳戶實際倉位：2 , 總倉位：2 策略_TCA"
1515b6b6ecd6ac0e,Tue Dec 01 2015 10:42:23 GMT+0800 (Taiwan Standard Time),Tue Dec 01 2015 10:42:14 GMT+0800 (Taiwan Standard Time),策略_TCA,交易所_A,8425,add_long,1,2,3,normal,,"2015/12/01 10:42:14 ""8425"" 加碼多單目前倉位：+3 之前倉位：2 交易所_A(小型台指) 倍數：1, 本次下單：1 , 帳戶實際倉位：3 , 總倉位：3 策略_TCA"
1515b576a47dab49,Tue Dec 01 2015 10:20:31 GMT+0800 (Taiwan Standard Time),Tue Dec 01 2015 10:20:23 GMT+0800 (Taiwan Standard Time),策略_TCA,交易所_A,8394,short_to_long,2,-1,1,normal,,"2015/12/01 10:20:23 ""8394"" 空翻多目前倉位：+1 之前倉位：-1 交易所_A(小型台指) 倍數：1, 本次下單：2 , 帳戶實際倉位：1 , 總倉位：1 策略_TCA"
1515b540a19487e8,Tue Dec 01 2015 10:16:45 GMT+0800 (Taiwan Standard Time),Tue Dec 01 2015 10:16:36 GMT+0800 (Taiwan Standard Time),策略_TCA,交易所_A,8363,reduce_short,1,-2,-1,normal,,"2015/12/01 10:16:36 ""8363"" 減碼空單目前倉位：-1 之前倉位：-2 交易所_A(小型台指) 倍數：1, 本次下單：1 , 帳戶實際倉位：-1 , 總倉位：-1"
15156dbb788c7102,Mon Nov 30 2015 13:26:44 GMT+0800 (Taiwan Standard Time),Mon Nov 30 2015 13:26:36 GMT+0800 (Taiwan Standard Time),策略_TCA,交易所_A,8308,reduce_short,2,-4,-2,normal,,"2015/11/30 13:26:36 ""8308"" 減碼空單目前倉位：-2 之前倉位：-4 交易所_A(小型台指) 倍數：1, 本次下單：2 , 帳戶實際倉位：-2 , 總倉位：-2"
15155eae91726c4d,Mon Nov 30 2015 09:03:43 GMT+0800 (Taiwan Standard Time),Mon Nov 30 2015 09:03:34 GMT+0800 (Taiwan Standard Time),策略_TCA,交易所_A,8263,add_short,-1,-3,-4,normal,,"2015/11/30 09:03:34 ""8263"" 加碼空單目前倉位：-4 之前倉位：-3 交易所_A(小型台指) 倍數：1, 本次下單：-3 , 帳戶實際倉位：-4 , 總倉位：-4"
15147055d2a072a6,Fri Nov 27 2015 11:38:21 GMT+0800 (Taiwan Standard Time),Fri Nov 27 2015 11:38:13 GMT+0800 (Taiwan Standard Time),策略_TCA,交易所_A,8416,add_short,-1,-2,-3,normal,,"2015/11/27 11:38:13 ""8416"" 加碼空單目前倉位：-3 之前倉位：-2 交易所_A(小型台指) 倍數：1, 本次下單：-1 , 帳戶實際倉位：-3 , 總倉位：-3"
15146f001195c632,Fri Nov 27 2015 11:15:01 GMT+0800 (Taiwan Standard Time),Fri Nov 27 2015 11:14:53 GMT+0800 (Taiwan Standard Time),策略_TCA,交易所_A,8427,add_short,-1,-1,-2,normal,,"2015/11/27 11:14:53 ""8427"" 加碼空單目前倉位：-2 之前倉位：-1 交易所_A(小型台指) 倍數：1, 本次下單：-1 , 帳戶實際倉位：-2 , 總倉位：-2"
15146b75ba1c6350,Fri Nov 27 2015 10:13:09 GMT+0800 (Taiwan Standard Time),Fri Nov 27 2015 10:13:00 GMT+0800 (Taiwan Standard Time),策略_TCA,交易所_A,8444,long_to_short,-2,1,-1,normal,,"2015/11/27 10:13:00 ""8444"" 多翻空目前倉位：-1 之前倉位：1 交易所_A(小型台指) 倍數：1, 本次下單：-2 , 帳戶實際倉位：-1 , 總倉位：-1"
151416a98684f268,Thu Nov 26 2015 09:31:14 GMT+0800 (Taiwan Standard Time),Thu Nov 26 2015 09:31:05 GMT+0800 (Taiwan Standard Time),策略_TCA,交易所_A,8465,reduce_long,-1,2,1,normal,,"2015/11/26 09:31:05 ""8465"" 減碼多單目前倉位：+1 之前倉位：2 交易所_A(小型台指) 倍數：1, 本次下單：-1 , 帳戶實際倉位：1 , 總倉位：1"
1514151cbd2da35e,Thu Nov 26 2015 09:04:07 GMT+0800 (Taiwan Standard Time),Thu Nov 26 2015 09:03:59 GMT+0800 (Taiwan Standard Time),策略_TCA,交易所_A,8471,add_long,1,1,2,normal,,"2015/11/26 09:03:59 ""8471"" 加碼多單目前倉位：+2 之前倉位：1 交易所_A(小型台指) 倍數：1, 本次下單：1 , 帳戶實際倉位：2 , 總倉位：2 策略_TCA"
1513c5825f2dc109,Wed Nov 25 2015 09:52:59 GMT+0800 (Taiwan Standard Time),Wed Nov 25 2015 09:52:50 GMT+0800 (Taiwan Standard Time),策略_TCA,交易所_A,8377,,1,0,1,normal,,"2015/11/25 09:52:50 ""8377"" 多單進場目前倉位：+1 之前倉位：0 交易所_A(小型台指) 倍數：1, 本次下單：1 , 帳戶實際倉位：1 , 總倉位：1 策略_TCA"
15138037c899be16,Tue Nov 24 2015 13:42:03 GMT+0800 (Taiwan Standard Time),Tue Nov 24 2015 13:41:54 GMT+0800 (Taiwan Standard Time),策略_TCA,交易所_A,8395,close_short,1,-1,0,normal,,"2015/11/24 13:41:54 ""8395"" 空單平倉目前倉位：0 之前倉位：-1 交易所_A(小型台指) 倍數：1, 本次下單：1 , 帳戶實際倉位：0 , 總倉位：0 策略_TCA"
15137bb4781f1134,Tue Nov 24 2015 12:23:10 GMT+0800 (Taiwan Standard Time),Tue Nov 24 2015 12:23:01 GMT+0800 (Taiwan Standard Time),策略_TCA,交易所_A,8377,,-1,0,-1,normal,,"2015/11/24 12:23:01 ""8377"" 空單進場目前倉位：-1 之前倉位：0 交易所_A(小型台指) 倍數：1, 本次下單：-1 , 帳戶實際倉位：-1 , 總倉位：-1"
15137abf9cb0a519,Tue Nov 24 2015 12:06:03 GMT+0800 (Taiwan Standard Time),Tue Nov 24 2015 12:05:54 GMT+0800 (Taiwan Standard Time),策略_TCA,交易所_A,8380,close_long,-1,1,0,normal,,"2015/11/24 12:05:54 ""8380"" 多單平倉目前倉位：0 之前倉位：1 交易所_A(小型台指) 倍數：1, 本次下單：-1 , 帳戶實際倉位：0 , 總倉位：0 策略_TCA"
151325c10a4812ab,Mon Nov 23 2015 11:21:06 GMT+0800 (Taiwan Standard Time),Mon Nov 23 2015 11:20:57 GMT+0800 (Taiwan Standard Time),策略_TCA,交易所_A,8453,short_to_long,2,-1,1,normal,,"2015/11/23 11:20:57 ""8453"" 空翻多目前倉位：+1 之前倉位：-1 交易所_A(小型台指) 倍數：1, 本次下單：2 , 帳戶實際倉位：1 , 總倉位：1 策略_TCA"
15131fd94d50f340,Mon Nov 23 2015 09:37:18 GMT+0800 (Taiwan Standard Time),Mon Nov 23 2015 09:37:09 GMT+0800 (Taiwan Standard Time),策略_TCA,交易所_A,8432,long_to_short,-2,1,-1,normal,,"2015/11/23 09:37:09 ""8432"" 多翻空目前倉位：-1 之前倉位：1 交易所_A(小型台指) 倍數：1, 本次下單：-2 , 帳戶實際倉位：-1 , 總倉位：-1"
1511e43b18b6598b,Thu Nov 19 2015 13:42:07 GMT+0800 (Taiwan Standard Time),Thu Nov 19 2015 13:41:59 GMT+0800 (Taiwan Standard Time),策略_TCA,交易所_A,8456,reduce_long,-1,2,1,normal,,"2015/11/19 13:41:59 ""8456"" 減碼多單目前倉位：+1 之前倉位：2 交易所_A(小型台指) 倍數：1, 本次下單：-1 , 帳戶實際倉位：1 , 總倉位：1"
1511e39ccbe09803,Thu Nov 19 2015 13:30:08 GMT+0800 (Taiwan Standard Time),Thu Nov 19 2015 13:29:59 GMT+0800 (Taiwan Standard Time),策略_TCA,交易所_A,8448,add_long,1,1,2,normal,,"2015/11/19 13:29:59 ""8448"" 加碼多單目前倉位：+2 之前倉位：1 交易所_A(小型台指) 倍數：1, 本次下單：1 , 帳戶實際倉位：2 , 總倉位：2 策略_TCA"
1511df82d4d1ed6e,Thu Nov 19 2015 12:19:38 GMT+0800 (Taiwan Standard Time),Thu Nov 19 2015 12:19:29 GMT+0800 (Taiwan Standard Time),策略_TCA,交易所_A,8420,short_to_long,2,-1,1,normal,,"2015/11/19 12:19:29 ""8420"" 空翻多目前倉位：+1 之前倉位：-1 交易所_A(小型台指) 倍數：1, 本次下單：2 , 帳戶實際倉位：1 , 總倉位：1 策略_TCA"
1511dd898053abd1,Thu Nov 19 2015 11:45:09 GMT+0800 (Taiwan Standard Time),Thu Nov 19 2015 11:45:00 GMT+0800 (Taiwan Standard Time),策略_TCA,交易所_A,8396,reduce_short,1,-2,-1,normal,,"2015/11/19 11:45:00 ""8396"" 減碼空單目前倉位：-1 之前倉位：-2 交易所_A(小型台指) 倍數：1, 本次下單：1 , 帳戶實際倉位：-1 , 總倉位：-1"
1511d7126ac65dac,Thu Nov 19 2015 09:52:09 GMT+0800 (Taiwan Standard Time),Thu Nov 19 2015 09:52:00 GMT+0800 (Taiwan Standard Time),策略_TCA,交易所_A,8374,reduce_short,1,-3,-2,normal,,"2015/11/19 09:52:00 ""8374"" 減碼空單目前倉位：-2 之前倉位：-3 交易所_A(小型台指) 倍數：1, 本次下單：1 , 帳戶實際倉位：-2 , 總倉位：-2"
15118ec50a8e0a06,Wed Nov 18 2015 12:48:36 GMT+0800 (Taiwan Standard Time),Wed Nov 18 2015 12:48:27 GMT+0800 (Taiwan Standard Time),策略_TCA,交易所_A,8363,add_short,-1,-2,-3,normal,,"2015/11/18 12:48:27 ""8363"" 加碼空單目前倉位：-3 之前倉位：-2 交易所_A(小型台指) 倍數：1, 本次下單：-1 , 帳戶實際倉位：-3 , 總倉位：-3"
15113ec4b16cc267,Tue Nov 17 2015 13:30:10 GMT+0800 (Taiwan Standard Time),Tue Nov 17 2015 13:30:01 GMT+0800 (Taiwan Standard Time),策略_TCA,交易所_A,8429,add_short,-1,-1,-2,normal,,"2015/11/17 13:30:01 ""8429"" 加碼空單目前倉位：-2 之前倉位：-1 交易所_A(小型台指) 倍數：1, 本次下單：-1 , 帳戶實際倉位：-2 , 總倉位：-2"
1511389b04eed9df,Tue Nov 17 2015 11:42:41 GMT+0800 (Taiwan Standard Time),Tue Nov 17 2015 11:42:33 GMT+0800 (Taiwan Standard Time),策略_TCA,交易所_A,8445,long_to_short,-3,2,-1,normal,,"2015/11/17 11:42:33 ""8445"" 多翻空目前倉位：-1 之前倉位：2 交易所_A(小型台指) 倍數：1, 本次下單：-3 , 帳戶實際倉位：-1 , 總倉位：-1"
15113899bb381164,Tue Nov 17 2015 11:42:35 GMT+0800 (Taiwan Standard Time),Tue Nov 17 2015 11:42:26 GMT+0800 (Taiwan Standard Time),策略_TCA,交易所_A,8455,add_long,1,1,2,normal,,"2015/11/17 11:42:26 ""8455"" 加碼多單目前倉位：+2 之前倉位：1 交易所_A(小型台指) 倍數：1, 本次下單：1 , 帳戶實際倉位：2 , 總倉位：2 策略_TCA"
15112f878bc477bb,Tue Nov 17 2015 09:04:04 GMT+0800 (Taiwan Standard Time),Tue Nov 17 2015 09:03:55 GMT+0800 (Taiwan Standard Time),策略_TCA,交易所_A,8429,short_to_long,3,-2,1,normal,,"2015/11/17 09:03:55 ""8429"" 空翻多目前倉位：+1 之前倉位：-2 交易所_A(小型台指) 倍數：1, 本次下單：3 , 帳戶實際倉位：1 , 總倉位：1 策略_TCA"
15112f83cd9c8587,Tue Nov 17 2015 09:03:49 GMT+0800 (Taiwan Standard Time),Tue Nov 17 2015 09:03:39 GMT+0800 (Taiwan Standard Time),策略_TCA,交易所_A,8425,reduce_short,2,-4,-2,normal,,"2015/11/17 09:03:39 ""8425"" 減碼空單目前倉位：-2 之前倉位：-4 交易所_A(小型台指) 倍數：1, 本次下單：2 , 帳戶實際倉位：-2 , 總倉位：-2"
1510e6d4133f3969,Mon Nov 16 2015 11:52:34 GMT+0800 (Taiwan Standard Time),Mon Nov 16 2015 11:52:25 GMT+0800 (Taiwan Standard Time),策略_TCA,交易所_A,8285,reduce_short,1,-5,-4,normal,,"2015/11/16 11:52:25 ""8285"" 減碼空單目前倉位：-4 之前倉位：-5 交易所_A(小型台指) 倍數：1, 本次下單：1 , 帳戶實際倉位：-4 , 總倉位：-4"
1510e4f88e22ebf2,Mon Nov 16 2015 11:21:04 GMT+0800 (Taiwan Standard Time),Mon Nov 16 2015 11:20:55 GMT+0800 (Taiwan Standard Time),策略_TCA,交易所_A,8277,add_short,-1,-4,-5,normal,,"2015/11/16 11:20:55 ""8277"" 加碼空單目前倉位：-5 之前倉位：-4 交易所_A(小型台指) 倍數：1, 本次下單：-1 , 帳戶實際倉位：-5 , 總倉位：-5"
1510e4a0a7a5c23f,Mon Nov 16 2015 11:15:04 GMT+0800 (Taiwan Standard Time),Mon Nov 16 2015 11:14:55 GMT+0800 (Taiwan Standard Time),策略_TCA,交易所_A,8278,reduce_short,1,-5,-4,normal,,"2015/11/16 11:14:55 ""8278"" 減碼空單目前倉位：-4 之前倉位：-5 交易所_A(小型台指) 倍數：1, 本次下單：1 , 帳戶實際倉位：-4 , 總倉位：-4"
1510dd799df50d57,Mon Nov 16 2015 09:10:05 GMT+0800 (Taiwan Standard Time),Mon Nov 16 2015 09:09:56 GMT+0800 (Taiwan Standard Time),策略_TCA,交易所_A,8292,add_short,-1,-4,-5,normal,,"2015/11/16 09:09:56 ""8292"" 加碼空單目前倉位：-5 之前倉位：-4 交易所_A(小型台指) 倍數：1, 本次下單：-1 , 帳戶實際倉位：-5 , 總倉位：-5"
150ff5d8bac0fda6,Fri Nov 13 2015 13:42:07 GMT+0800 (Taiwan Standard Time),Fri Nov 13 2015 13:41:58 GMT+0800 (Taiwan Standard Time),策略_TCA,交易所_A,8346,reduce_short,1,-5,-4,normal,,"2015/11/13 13:41:58 ""8346"" 減碼空單目前倉位：-4 之前倉位：-5 交易所_A(小型台指) 倍數：1, 本次下單：1 , 帳戶實際倉位：-4 , 總倉位：-4"
150ff2d619edb4c0,Fri Nov 13 2015 12:49:31 GMT+0800 (Taiwan Standard Time),Fri Nov 13 2015 12:49:22 GMT+0800 (Taiwan Standard Time),策略_TCA,交易所_A,8339,add_short,-2,-3,-5,normal,,"2015/11/13 12:49:22 ""8339"" 加碼空單目前倉位：-5 之前倉位：-3 交易所_A(小型台指) 倍數：1, 本次下單：-2 , 帳戶實際倉位：-5 , 總倉位：-5"
150f433444dd121f,Wed Nov 11 2015 09:39:09 GMT+0800 (Taiwan Standard Time),Wed Nov 11 2015 09:39:00 GMT+0800 (Taiwan Standard Time),策略_TCA,交易所_A,8454,add_short,-1,-2,-3,normal,,"2015/11/11 09:39:00 ""8454"" 加碼空單目前倉位：-3 之前倉位：-2 交易所_A(小型台指) 倍數：1, 本次下單：-1 , 帳戶實際倉位：-3 , 總倉位：-3"
150f40492d783bab,Wed Nov 11 2015 08:49:09 GMT+0800 (Taiwan Standard Time),Wed Nov 11 2015 08:49:00 GMT+0800 (Taiwan Standard Time),策略_TCA,交易所_A,8520,add_short,-1,-1,-2,normal,,"2015/11/11 08:49:00 ""8520"" 加碼空單目前倉位：-2 之前倉位：-1 交易所_A(小型台指) 倍數：1, 本次下單：1 , 帳戶實際倉位：-2 , 總倉位：-2"
150db510656a73e2,Fri Nov 06 2015 13:42:04 GMT+0800 (Taiwan Standard Time),Fri Nov 06 2015 13:41:54 GMT+0800 (Taiwan Standard Time),策略_TCA,交易所_A,8680,reduce_short,1,-4,-3,normal,,"2015/11/06 13:41:54 ""8680"" 減碼空單目前倉位：-3 之前倉位：-4 交易所_A(小型台指) 倍數：1, 本次下單：1 , 帳戶實際倉位：-3 , 總倉位：-3"
150da75673429236,Fri Nov 06 2015 09:41:39 GMT+0800 (Taiwan Standard Time),Fri Nov 06 2015 09:41:29 GMT+0800 (Taiwan Standard Time),策略_TCA,交易所_A,8759,add_short,-1,-3,-4,normal,,"2015/11/06 09:41:29 ""8759"" 加碼空單目前倉位：-4 之前倉位：-3 交易所_A(小型台指) 倍數：1, 本次下單：-1 , 帳戶實際倉位：-4 , 總倉位：-4"
150da705a0641884,Fri Nov 06 2015 09:36:04 GMT+0800 (Taiwan Standard Time),Fri Nov 06 2015 09:35:55 GMT+0800 (Taiwan Standard Time),策略_TCA,交易所_A,8780,add_short,-1,-2,-3,normal,,"2015/11/06 09:35:55 ""8780"" 加碼空單目前倉位：-3 之前倉位：-2 交易所_A(小型台指) 倍數：1, 本次下單：-1 , 帳戶實際倉位：-3 , 總倉位：-3"
150da6c2959099cd,Fri Nov 06 2015 09:32:05 GMT+0800 (Taiwan Standard Time),Fri Nov 06 2015 09:31:56 GMT+0800 (Taiwan Standard Time),策略_TCA,交易所_A,8786,add_short,-1,-1,-2,normal,,"2015/11/06 09:31:56 ""8786"" 加碼空單目前倉位：-2 之前倉位：-1 交易所_A(小型台指) 倍數：1, 本次下單：-1 , 帳戶實際倉位：-2 , 總倉位：-2"
150d542b09b47fab,Thu Nov 05 2015 09:28:41 GMT+0800 (Taiwan Standard Time),Thu Nov 05 2015 09:28:32 GMT+0800 (Taiwan Standard Time),策略_TCA,交易所_A,8838,long_to_short,-2,1,-1,normal,,"2015/11/05 09:28:32 ""8838"" 多翻空目前倉位：-1 之前倉位：1 交易所_A(小型台指) 倍數：1, 本次下單：-2 , 帳戶實際倉位：-1 , 總倉位：-1"
150d025d71dd4528,Wed Nov 04 2015 09:39:05 GMT+0800 (Taiwan Standard Time),Wed Nov 04 2015 09:38:56 GMT+0800 (Taiwan Standard Time),策略_TCA,交易所_A,8847,,1,0,1,normal,,"2015/11/04 09:38:56 ""8847"" 多單進場目前倉位：+1 之前倉位：0 交易所_A(小型台指) 倍數：1, 本次下單：1 , 帳戶實際倉位：1 , 總倉位：1 策略_TCA"
150cadf77d8cb6da,Tue Nov 03 2015 09:04:08 GMT+0800 (Taiwan Standard Time),Tue Nov 03 2015 09:03:59 GMT+0800 (Taiwan Standard Time),策略_TCA,交易所_A,8675,close_short,1,-1,0,normal,,"2015/11/03 09:03:59 ""8675"" 空單平倉目前倉位：0 之前倉位：-1 交易所_A(小型台指) 倍數：1, 本次下單：1 , 帳戶實際倉位：0 , 總倉位：0 策略_TCA"
150b17e504f30e74,Thu Oct 29 2015 10:47:32 GMT+0800 (Taiwan Standard Time),Thu Oct 29 2015 10:47:23 GMT+0800 (Taiwan Standard Time),策略_TCA,交易所_A,8566,,-1,0,-1,normal,,"2015/10/29 10:47:23 ""8566"" 空單進場目前倉位：-1 之前倉位：0 交易所_A(小型台指) 倍數：1, 本次下單：-1 , 帳戶實際倉位：-1 , 總倉位：-1"
150acf7cc8f67b8e,Wed Oct 28 2015 13:42:09 GMT+0800 (Taiwan Standard Time),Wed Oct 28 2015 13:42:00 GMT+0800 (Taiwan Standard Time),策略_TCA,交易所_A,8647,close_short,1,-1,0,normal,,"2015/10/28 13:42:00 ""8647"" 空單平倉目前倉位：0 之前倉位：-1 交易所_A(小型台指) 倍數：1, 本次下單：1 , 帳戶實際倉位：0 , 總倉位：0 策略_TCA"
150ac76b7eefeeb0,Wed Oct 28 2015 11:21:09 GMT+0800 (Taiwan Standard Time),Wed Oct 28 2015 11:21:00 GMT+0800 (Taiwan Standard Time),策略_TCA,交易所_A,8634,,-1,0,-1,normal,,"2015/10/28 11:21:00 ""8634"" 空單進場目前倉位：-1 之前倉位：0 交易所_A(小型台指) 倍數：1, 本次下單：-1 , 帳戶實際倉位：-1 , 總倉位：-1"
150ac2caefe420bf,Wed Oct 28 2015 10:00:18 GMT+0800 (Taiwan Standard Time),Wed Oct 28 2015 10:00:09 GMT+0800 (Taiwan Standard Time),策略_TCA,交易所_A,8697,close_short,3,-3,0,normal,,"2015/10/28 10:00:09 ""8697"" 空單平倉目前倉位：0 之前倉位：-3 交易所_A(小型台指) 倍數：1, 本次下單：3 , 帳戶實際倉位：0 , 總倉位：0 策略_TCA"
150a7d24559c6cbc,Tue Oct 27 2015 13:42:03 GMT+0800 (Taiwan Standard Time),Tue Oct 27 2015 13:41:54 GMT+0800 (Taiwan Standard Time),策略_TCA,交易所_A,8696,reduce_short,1,-4,-3,normal,,"2015/10/27 13:41:54 ""8696"" 減碼空單目前倉位：-3 之前倉位：-4 交易所_A(小型台指) 倍數：1, 本次下單：1 , 帳戶實際倉位：-3 , 總倉位：-3"
150a71a2b855e65b,Tue Oct 27 2015 10:21:02 GMT+0800 (Taiwan Standard Time),Tue Oct 27 2015 10:20:54 GMT+0800 (Taiwan Standard Time),策略_TCA,交易所_A,8677,add_short,-1,-3,-4,normal,,"2015/10/27 10:20:54 ""8677"" 加碼空單目前倉位：-4 之前倉位：-3 交易所_A(小型台指) 倍數：1, 本次下單：-1 , 帳戶實際倉位：-4 , 總倉位：-4"
150a6f7b7ba44d5f,Tue Oct 27 2015 09:44:14 GMT+0800 (Taiwan Standard Time),Tue Oct 27 2015 09:44:05 GMT+0800 (Taiwan Standard Time),策略_TCA,交易所_A,8701,add_short,-2,-1,-3,normal,,"2015/10/27 09:44:05 ""8701"" 加碼空單目前倉位：-3 之前倉位：-1 交易所_A(小型台指) 倍數：1, 本次下單：-2 , 帳戶實際倉位：-3 , 總倉位：-3"
150a6d86a22bec86,Tue Oct 27 2015 09:10:03 GMT+0800 (Taiwan Standard Time),Tue Oct 27 2015 09:09:55 GMT+0800 (Taiwan Standard Time),策略_TCA,交易所_A,8713,,-1,0,-1,normal,,"2015/10/27 09:09:55 ""8713"" 空單進場目前倉位：-1 之前倉位：0 交易所_A(小型台指) 倍數：1, 本次下單：-1 , 帳戶實際倉位：-1 , 總倉位：-1"
150a6c535c6057c1,Tue Oct 27 2015 08:49:03 GMT+0800 (Taiwan Standard Time),Tue Oct 27 2015 08:48:54 GMT+0800 (Taiwan Standard Time),策略_TCA,交易所_A,8717,close_long,-1,1,0,normal,,"2015/10/27 08:48:54 ""8717"" 多單平倉目前倉位：0 之前倉位：1 交易所_A(小型台指) 倍數：1, 本次下單：-1 , 帳戶實際倉位：0 , 總倉位：0 策略_TCA"
150a29ca7b2cb41f,Mon Oct 26 2015 13:26:19 GMT+0800 (Taiwan Standard Time),Mon Oct 26 2015 13:26:10 GMT+0800 (Taiwan Standard Time),策略_TCA,交易所_A,8738,short_to_long,2,-1,1,normal,,"2015/10/26 13:26:10 ""8738"" 空翻多目前倉位：+1 之前倉位：-1 交易所_A(小型台指) 倍數：1, 本次下單：2 , 帳戶實際倉位：1 , 總倉位：1 策略_TCA"
150a1b20d8057469,Mon Oct 26 2015 09:10:04 GMT+0800 (Taiwan Standard Time),Mon Oct 26 2015 09:09:55 GMT+0800 (Taiwan Standard Time),策略_TCA,交易所_A,8763,reduce_short,2,-3,-1,normal,,"2015/10/26 09:09:55 ""8763"" 減碼空單目前倉位：-1 之前倉位：-3 交易所_A(小型台指) 倍數：1, 本次下單：2 , 帳戶實際倉位：-1 , 總倉位：-1"
1508844aede28883,Wed Oct 21 2015 10:39:52 GMT+0800 (Taiwan Standard Time),Wed Oct 21 2015 10:39:44 GMT+0800 (Taiwan Standard Time),策略_TCA,交易所_A,8611,,-3,0,-3,normal,,"2015/10/21 10:39:44 ""8611"" 空單進場目前倉位：-3 之前倉位：0 交易所_A(小型台指) 倍數：1, 本次下單：-3 , 帳戶實際倉位：-3 , 總倉位：-3"
15088046af76a881,Wed Oct 21 2015 09:29:43 GMT+0800 (Taiwan Standard Time),Wed Oct 21 2015 09:29:34 GMT+0800 (Taiwan Standard Time),策略_TCA,交易所_A,8664,close_long,-2,2,0,normal,,"2015/10/21 09:29:34 ""8664"" 多單平倉目前倉位：0 之前倉位：2 交易所_A(小型台指) 倍數：1, 本次下單：-2 , 帳戶實際倉位：0 , 總倉位：0 策略_TCA"
1506ed66157fee02,Fri Oct 16 2015 12:09:01 GMT+0800 (Taiwan Standard Time),Fri Oct 16 2015 12:08:52 GMT+0800 (Taiwan Standard Time),策略_TCA,交易所_A,8591,add_long,1,1,2,normal,,"2015/10/16 12:08:52 ""8591"" 加碼多單目前倉位：+2 之前倉位：1 交易所_A(小型台指) 倍數：1, 本次下單：1 , 帳戶實際倉位：2 , 總倉位：2 策略_TCA"
1506ed2ac11fe544,Fri Oct 16 2015 12:04:58 GMT+0800 (Taiwan Standard Time),Fri Oct 16 2015 12:04:49 GMT+0800 (Taiwan Standard Time),策略_TCA,交易所_A,8593,reduce_long,-1,2,1,normal,,"2015/10/16 12:04:49 ""8593"" 減碼多單目前倉位：+1 之前倉位：2 交易所_A(小型台指) 倍數：1, 本次下單：-1 , 帳戶實際倉位：1 , 總倉位：1"
1506ec7470ab662d,Fri Oct 16 2015 11:52:31 GMT+0800 (Taiwan Standard Time),Fri Oct 16 2015 11:52:23 GMT+0800 (Taiwan Standard Time),策略_TCA,交易所_A,8588,add_long,1,1,2,normal,,"2015/10/16 11:52:23 ""8588"" 加碼多單目前倉位：+2 之前倉位：1 交易所_A(小型台指) 倍數：1, 本次下單：1 , 帳戶實際倉位：2 , 總倉位：2 策略_TCA"
1506eb617b23e865,Fri Oct 16 2015 11:33:44 GMT+0800 (Taiwan Standard Time),Fri Oct 16 2015 11:33:35 GMT+0800 (Taiwan Standard Time),策略_TCA,交易所_A,8583,reduce_long,-1,2,1,normal,,"2015/10/16 11:33:35 ""8583"" 減碼多單目前倉位：+1 之前倉位：2 交易所_A(小型台指) 倍數：1, 本次下單：-1 , 帳戶實際倉位：1 , 總倉位：1"
1506e32a24f0415e,Fri Oct 16 2015 09:10:10 GMT+0800 (Taiwan Standard Time),Fri Oct 16 2015 09:10:01 GMT+0800 (Taiwan Standard Time),策略_TCA,交易所_A,8586,reduce_long,-1,3,2,normal,,"2015/10/16 09:10:01 ""8586"" 減碼多單目前倉位：+2 之前倉位：3 交易所_A(小型台指) 倍數：1, 本次下單：-1 , 帳戶實際倉位：2 , 總倉位：2"
1506a051e713e6d1,Thu Oct 15 2015 13:41:59 GMT+0800 (Taiwan Standard Time),Thu Oct 15 2015 13:41:50 GMT+0800 (Taiwan Standard Time),策略_TCA,交易所_A,8614,reduce_long,-1,4,3,normal,,"2015/10/15 13:41:50 ""8614"" 減碼多單目前倉位：+3 之前倉位：4 交易所_A(小型台指) 倍數：1, 本次下單：-1 , 帳戶實際倉位：3 , 總倉位：3"
1506926aae6cbd35,Thu Oct 15 2015 09:38:59 GMT+0800 (Taiwan Standard Time),Thu Oct 15 2015 09:38:50 GMT+0800 (Taiwan Standard Time),策略_TCA,交易所_A,8651,add_long,1,3,4,normal,,"2015/10/15 09:38:50 ""8651"" 加碼多單目前倉位：+4 之前倉位：3 交易所_A(小型台指) 倍數：1, 本次下單：1 , 帳戶實際倉位：4 , 總倉位：4 策略_TCA"
15069103b8f4b5bf,Thu Oct 15 2015 09:14:30 GMT+0800 (Taiwan Standard Time),Thu Oct 15 2015 09:14:21 GMT+0800 (Taiwan Standard Time),策略_TCA,交易所_A,8620,add_long,2,1,3,normal,,"2015/10/15 09:14:21 ""8620"" 加碼多單目前倉位：+3 之前倉位：1 交易所_A(小型台指) 倍數：1, 本次下單：2 , 帳戶實際倉位：3 , 總倉位：3 策略_TCA"
1505f22602e20d3c,Tue Oct 13 2015 10:58:09 GMT+0800 (Taiwan Standard Time),Tue Oct 13 2015 10:58:00 GMT+0800 (Taiwan Standard Time),策略_TCA,交易所_A,8512,reduce_long,-2,3,1,normal,,"2015/10/13 10:58:00 ""8512"" 減碼多單目前倉位：+1 之前倉位：3 交易所_A(小型台指) 倍數：1, 本次下單：-2 , 帳戶實際倉位：1 , 總倉位：1"
15059b5a61b0dece,Mon Oct 12 2015 09:41:15 GMT+0800 (Taiwan Standard Time),Mon Oct 12 2015 09:41:06 GMT+0800 (Taiwan Standard Time),策略_TCA,交易所_A,8539,,3,0,3,normal,,"2015/10/12 09:41:06 ""8539"" 多單進場目前倉位：+3 之前倉位：0 交易所_A(小型台指) 倍數：1, 本次下單：3 , 帳戶實際倉位：3 , 總倉位：3 策略_TCA"
1504520fa872c8d6,Thu Oct 08 2015 09:46:36 GMT+0800 (Taiwan Standard Time),Thu Oct 08 2015 09:46:27 GMT+0800 (Taiwan Standard Time),策略_TCA,交易所_A,8460,close_long,-3,3,0,normal,,"2015/10/08 09:46:27 ""8460"" 多單平倉目前倉位：0 之前倉位：3 交易所_A(小型台指) 倍數：1, 本次下單：-3 , 帳戶實際倉位：0 , 總倉位：0 策略_TCA"
15040d23df95a7b2,Wed Oct 07 2015 13:42:08 GMT+0800 (Taiwan Standard Time),Wed Oct 07 2015 13:42:00 GMT+0800 (Taiwan Standard Time),策略_TCA,交易所_A,8487,reduce_long,-1,4,3,normal,,"2015/10/07 13:42:00 ""8487"" 減碼多單目前倉位：+3 之前倉位：4 交易所_A(小型台指) 倍數：1, 本次下單：-1 , 帳戶實際倉位：3 , 總倉位：3"
150409892b72c3c2,Wed Oct 07 2015 12:39:09 GMT+0800 (Taiwan Standard Time),Wed Oct 07 2015 12:39:00 GMT+0800 (Taiwan Standard Time),策略_TCA,交易所_A,8480,add_long,1,3,4,normal,,"2015/10/07 12:39:00 ""8480"" 加碼多單目前倉位：+4 之前倉位：3 交易所_A(小型台指) 倍數：1, 本次下單：1 , 帳戶實際倉位：4 , 總倉位：4 策略_TCA"
15021ec179b915ab,Thu Oct 01 2015 13:42:08 GMT+0800 (Taiwan Standard Time),Thu Oct 01 2015 13:41:59 GMT+0800 (Taiwan Standard Time),策略_TCA,交易所_A,8299,reduce_long,-1,4,3,normal,,"2015/10/01 13:41:59 ""8299"" 減碼多單目前倉位：+3 之前倉位：4 交易所_A(小型台指) 倍數：1, 本次下單：-1 , 帳戶實際倉位：3 , 總倉位：3"
1502157c6c581d51,Thu Oct 01 2015 11:00:08 GMT+0800 (Taiwan Standard Time),Thu Oct 01 2015 10:59:59 GMT+0800 (Taiwan Standard Time),策略_TCA,交易所_A,8299,add_long,1,3,4,normal,,"2015/10/01 10:59:59 ""8299"" 加碼多單目前倉位：+4 之前倉位：3 交易所_A(小型台指) 倍數：1, 本次下單：1 , 帳戶實際倉位：4 , 總倉位：4 策略_TCA"
1.50213E+15,Thu Oct 01 2015 10:18:53 GMT+0800 (Taiwan Standard Time),Thu Oct 01 2015 10:18:44 GMT+0800 (Taiwan Standard Time),策略_TCA,交易所_A,8219,add_long,1,2,3,normal,,"2015/10/01 10:18:44 ""8219"" 加碼多單目前倉位：+3 之前倉位：2 交易所_A(小型台指) 倍數：1, 本次下單：1 , 帳戶實際倉位：3 , 總倉位：3 策略_TCA"
1501c5cac7210d28,Wed Sep 30 2015 11:47:24 GMT+0800 (Taiwan Standard Time),Wed Sep 30 2015 11:47:15 GMT+0800 (Taiwan Standard Time),策略_TCA,交易所_A,8164,add_long,1,1,2,normal,,"2015/09/30 11:47:15 ""8164"" 加碼多單目前倉位：+2 之前倉位：1 交易所_A(小型台指) 倍數：1, 本次下單：1 , 帳戶實際倉位：2 , 總倉位：2 策略_TCA"
1501be1cd10bdd33,Wed Sep 30 2015 09:33:10 GMT+0800 (Taiwan Standard Time),Wed Sep 30 2015 09:33:01 GMT+0800 (Taiwan Standard Time),策略_TCA,交易所_A,8094,short_to_long,2,-1,1,normal,,"2015/09/30 09:33:01 ""8094"" 空翻多目前倉位：+1 之前倉位：-1 交易所_A(小型台指) 倍數：1, 本次下單：2 , 帳戶實際倉位：1 , 總倉位：1 策略_TCA"
14ff8b9398929b59,Wed Sep 23 2015 13:42:09 GMT+0800 (Taiwan Standard Time),Wed Sep 23 2015 13:42:00 GMT+0800 (Taiwan Standard Time),策略_TCA,交易所_A,8145,reduce_short,1,-2,-1,normal,,"2015/09/23 13:42:00 ""8145"" 減碼空單目前倉位：-1 之前倉位：-2 交易所_A(小型台指) 倍數：1, 本次下單：1 , 帳戶實際倉位：-1 , 總倉位：-1"
14ff7e5bb5857ced,Wed Sep 23 2015 09:51:08 GMT+0800 (Taiwan Standard Time),Wed Sep 23 2015 09:51:00 GMT+0800 (Taiwan Standard Time),策略_TCA,交易所_A,8180,add_short,-1,-1,-2,normal,,"2015/09/23 09:51:00 ""8180"" 加碼空單目前倉位：-2 之前倉位：-1 交易所_A(小型台指) 倍數：1, 本次下單：-1 , 帳戶實際倉位：-2 , 總倉位：-2"
14ff2ee497993249,Tue Sep 22 2015 10:42:17 GMT+0800 (Taiwan Standard Time),Tue Sep 22 2015 10:42:08 GMT+0800 (Taiwan Standard Time),策略_TCA,交易所_A,8333,reduce_short,1,-2,-1,normal,,"2015/09/22 10:42:08 ""8333"" 減碼空單目前倉位：-1 之前倉位：-2 交易所_A(小型台指) 倍數：1, 本次下單：1 , 帳戶實際倉位：-1 , 總倉位：-1"
14fee6c81eaecbd2,Mon Sep 21 2015 13:42:04 GMT+0800 (Taiwan Standard Time),Mon Sep 21 2015 13:41:55 GMT+0800 (Taiwan Standard Time),策略_TCA,交易所_A,8272,reduce_short,1,-3,-2,normal,,"2015/09/21 13:41:55 ""8272"" 減碼空單目前倉位：-2 之前倉位：-3 交易所_A(小型台指) 倍數：1, 本次下單：1 , 帳戶實際倉位：-2 , 總倉位：-2"
14fed8cd8367cf65,Mon Sep 21 2015 09:37:47 GMT+0800 (Taiwan Standard Time),Mon Sep 21 2015 09:37:38 GMT+0800 (Taiwan Standard Time),策略_TCA,交易所_A,8253,add_short,-2,-1,-3,normal,,"2015/09/21 09:37:38 ""8253"" 加碼空單目前倉位：-3 之前倉位：-1 交易所_A(小型台指) 倍數：1, 本次下單：-2 , 帳戶實際倉位：-3 , 總倉位：-3"
14fed7ad6faa5535,Mon Sep 21 2015 09:18:04 GMT+0800 (Taiwan Standard Time),Mon Sep 21 2015 09:17:55 GMT+0800 (Taiwan Standard Time),策略_TCA,交易所_A,8273,,-1,0,-1,normal,,"2015/09/21 09:17:55 ""8273"" 空單進場目前倉位：-1 之前倉位：0 交易所_A(小型台指) 倍數：1, 本次下單：-1 , 帳戶實際倉位：-1 , 總倉位：-1"
14fed737e9efd0f2,Mon Sep 21 2015 09:10:05 GMT+0800 (Taiwan Standard Time),Mon Sep 21 2015 09:09:56 GMT+0800 (Taiwan Standard Time),策略_TCA,交易所_A,8290,close_long,-1,1,0,normal,,"2015/09/21 09:09:56 ""8290"" 多單平倉目前倉位：0 之前倉位：1 交易所_A(小型台指) 倍數：1, 本次下單：-3 , 帳戶實際倉位：0 , 總倉位：0 策略_TCA"
14fd8e480f74de39,Thu Sep 17 2015 09:21:30 GMT+0800 (Taiwan Standard Time),Thu Sep 17 2015 09:21:21 GMT+0800 (Taiwan Standard Time),策略_TCA,交易所_A,8451,,1,0,1,normal,,"2015/09/17 09:21:21 ""8451"" 多單進場目前倉位：+1 之前倉位：0 交易所_A(小型台指) 倍數：1, 本次下單：1 , 帳戶實際倉位：1 , 總倉位：1 策略_TCA"
14fd3b7dee9a3d86,Wed Sep 16 2015 09:14:42 GMT+0800 (Taiwan Standard Time),Wed Sep 16 2015 09:14:34 GMT+0800 (Taiwan Standard Time),策略_TCA,交易所_A,8330,close_short,1,-1,0,normal,,"2015/09/16 09:14:34 ""8330"" 空單平倉目前倉位：0 之前倉位：-1 交易所_A(小型台指) 倍數：1, 本次下單：1 , 帳戶實際倉位：0 , 總倉位：0 策略_TCA"
14fd3a07619611ed,Wed Sep 16 2015 08:49:09 GMT+0800 (Taiwan Standard Time),Wed Sep 16 2015 08:49:00 GMT+0800 (Taiwan Standard Time),策略_TCA,交易所_A,8307,,-1,0,-1,normal,,"2015/09/16 08:49:00 ""8307"" 空單進場目前倉位：-1 之前倉位：0 交易所_A(小型台指) 倍數：1, 本次下單：-1 , 帳戶實際倉位：-1 , 總倉位：-1"
14fcf85dbc165e52,Tue Sep 15 2015 13:41:30 GMT+0800 (Taiwan Standard Time),Tue Sep 15 2015 13:41:21 GMT+0800 (Taiwan Standard Time),策略_TCA,交易所_A,8238,close_short,1,-1,0,normal,,"2015/09/15 13:41:21 ""8238"" 空單平倉目前倉位：0 之前倉位：-1 交易所_A(小型台指) 倍數：1, 本次下單：1 , 帳戶實際倉位：0 , 總倉位：0 策略_TCA"
14fcf3ea499a4134,Tue Sep 15 2015 12:23:44 GMT+0800 (Taiwan Standard Time),Tue Sep 15 2015 12:23:34 GMT+0800 (Taiwan Standard Time),策略_TCA,交易所_A,8246,,-1,0,-1,normal,,"2015/09/15 12:23:34 ""8246"" 空單進場目前倉位：-1 之前倉位：0 交易所_A(小型台指) 倍數：1, 本次下單：-1 , 帳戶實際倉位：-1 , 總倉位：-1"
14fc9ff8f7aa37a0,Mon Sep 14 2015 11:56:12 GMT+0800 (Taiwan Standard Time),Mon Sep 14 2015 11:56:04 GMT+0800 (Taiwan Standard Time),策略_TCA,交易所_A,8235,close_long,-1,1,0,normal,,"2015/09/14 11:56:04 ""8235"" 多單平倉目前倉位：0 之前倉位：1 交易所_A(小型台指) 倍數：1, 本次下單：-1 , 帳戶實際倉位：0 , 總倉位：0 策略_TCA"
14fc9864fbc09588,Mon Sep 14 2015 09:44:18 GMT+0800 (Taiwan Standard Time),Mon Sep 14 2015 09:44:09 GMT+0800 (Taiwan Standard Time),策略_TCA,交易所_A,8268,reduce_long,-1,2,1,normal,,"2015/09/14 09:44:09 ""8268"" 減碼多單目前倉位：+1 之前倉位：2 交易所_A(小型台指) 倍數：1, 本次下單：-1 , 帳戶實際倉位：1 , 總倉位：1"
14fb50d4b3a96113,Thu Sep 10 2015 10:19:47 GMT+0800 (Taiwan Standard Time),Thu Sep 10 2015 10:19:38 GMT+0800 (Taiwan Standard Time),策略_TCA,交易所_A,8269,add_long,1,1,2,normal,,"2015/09/10 10:19:38 ""8269"" 加碼多單目前倉位：+2 之前倉位：1 交易所_A(小型台指) 倍數：1, 本次下單：1 , 帳戶實際倉位：2 , 總倉位：2 策略_TCA"
14fb4c7d31b3b991,Thu Sep 10 2015 09:03:54 GMT+0800 (Taiwan Standard Time),Thu Sep 10 2015 09:03:45 GMT+0800 (Taiwan Standard Time),策略_TCA,交易所_A,8245,reduce_long,-1,2,1,normal,,"2015/09/10 09:03:45 ""8245"" 減碼多單目前倉位：+1 之前倉位：2 交易所_A(小型台指) 倍數：1, 本次下單：0 , 帳戶實際倉位：1 , 總倉位：1 策略_TCA"
14fb4b63ab9c512e,Thu Sep 10 2015 08:44:17 GMT+0800 (Taiwan Standard Time),Thu Sep 10 2015 08:44:06 GMT+0800 (Taiwan Standard Time),策略_TCA,交易所_A,8332,short_to_long,5,-2,3,normal,,"2015/09/10 08:44:06 ""8332"" 空翻多目前倉位：+3 之前倉位：-2 交易所_A(小型台指) 倍數：1, 本次下單：0 , 帳戶實際倉位：-2 , 總倉位：-2"
14fb4b5dc85015a2,Thu Sep 10 2015 08:44:16 GMT+0800 (Taiwan Standard Time),Thu Sep 10 2015 08:44:06 GMT+0800 (Taiwan Standard Time),策略_TCA,交易所_A,8332,short_to_long,5,-2,3,normal,,"2015/09/10 08:44:06 ""8332"" 空翻多目前倉位：+3 之前倉位：-2 交易所_A(小型台指) 倍數：1, 本次下單：0 , 帳戶實際倉位：-2 , 總倉位：-2"
14fb0a0313cf6a16,Wed Sep 09 2015 13:42:09 GMT+0800 (Taiwan Standard Time),Wed Sep 09 2015 13:42:00 GMT+0800 (Taiwan Standard Time),策略_TCA,交易所_A,8332,reduce_long,-2,3,1,normal,,"2015/09/09 13:42:00 ""8332"" 減碼多單目前倉位：+1 之前倉位：3 交易所_A(小型台指) 倍數：1, 本次下單：-2 , 帳戶實際倉位：1 , 總倉位：1"
14fb03d4fcb9b7fd,Wed Sep 09 2015 11:54:08 GMT+0800 (Taiwan Standard Time),Wed Sep 09 2015 11:53:58 GMT+0800 (Taiwan Standard Time),策略_TCA,交易所_A,8293,add_long,1,2,3,normal,,"2015/09/09 11:53:58 ""8293"" 加碼多單目前倉位：+3 之前倉位：2 交易所_A(小型台指) 倍數：1, 本次下單：1 , 帳戶實際倉位：3 , 總倉位：3 策略_TCA"
14fafc9f7333d510,Wed Sep 09 2015 09:48:10 GMT+0800 (Taiwan Standard Time),Wed Sep 09 2015 09:48:00 GMT+0800 (Taiwan Standard Time),策略_TCA,交易所_A,8200,add_long,1,1,2,normal,,"2015/09/09 09:48:00 ""8200"" 加碼多單目前倉位：+2 之前倉位：1 交易所_A(小型台指) 倍數：1, 本次下單：1 , 帳戶實際倉位：2 , 總倉位：2 策略_TCA"
14fafa9646722e77,Wed Sep 09 2015 09:12:34 GMT+0800 (Taiwan Standard Time),Wed Sep 09 2015 09:12:25 GMT+0800 (Taiwan Standard Time),策略_TCA,交易所_A,8175,,1,0,1,normal,,"2015/09/09 09:12:25 ""8175"" 多單進場目前倉位：+1 之前倉位：0 交易所_A(小型台指) 倍數：1, 本次下單：1 , 帳戶實際倉位：1 , 總倉位：1 策略_TCA"
14fab7a08cc4d038,Tue Sep 08 2015 13:42:16 GMT+0800 (Taiwan Standard Time),Tue Sep 08 2015 13:42:07 GMT+0800 (Taiwan Standard Time),策略_TCA,交易所_A,7966,close_short,1,-1,0,normal,,"2015/09/08 13:42:07 ""7966"" 空單平倉目前倉位：0 之前倉位：-1 交易所_A(小型台指) 倍數：1, 本次下單：1 , 帳戶實際倉位：0 , 總倉位：0 策略_TCA"
14faa8bf78353f59,Tue Sep 08 2015 09:22:15 GMT+0800 (Taiwan Standard Time),Tue Sep 08 2015 09:22:07 GMT+0800 (Taiwan Standard Time),策略_TCA,交易所_A,7934,,-1,0,-1,normal,,"2015/09/08 09:22:07 ""7934"" 空單進場目前倉位：-1 之前倉位：0 交易所_A(小型台指) 倍數：1, 本次下單：-1 , 帳戶實際倉位：-1 , 總倉位：-1"
14faa6d922d0f891,Tue Sep 08 2015 08:49:04 GMT+0800 (Taiwan Standard Time),Tue Sep 08 2015 08:48:55 GMT+0800 (Taiwan Standard Time),策略_TCA,交易所_A,7910,close_short,1,-1,0,normal,,"2015/09/08 08:48:55 ""7910"" 空單平倉目前倉位：0 之前倉位：-1 交易所_A(小型台指) 倍數：1, 本次下單：1 , 帳戶實際倉位：0 , 總倉位：0 策略_TCA"
14fa59f1a1b5416c,Mon Sep 07 2015 10:25:05 GMT+0800 (Taiwan Standard Time),Mon Sep 07 2015 10:24:56 GMT+0800 (Taiwan Standard Time),策略_TCA,交易所_A,7906,long_to_short,-2,1,-1,normal,,"2015/09/07 10:24:56 ""7906"" 多翻空目前倉位：-1 之前倉位：1 交易所_A(小型台指) 倍數：1, 本次下單：-2 , 帳戶實際倉位：-1 , 總倉位：-1"
14fa55f8e2e40916,Mon Sep 07 2015 09:14:49 GMT+0800 (Taiwan Standard Time),Mon Sep 07 2015 09:14:40 GMT+0800 (Taiwan Standard Time),策略_TCA,交易所_A,7912,short_to_long,2,-1,1,normal,,"2015/09/07 09:14:40 ""7912"" 空翻多目前倉位：+1 之前倉位：-1 交易所_A(小型台指) 倍數：1, 本次下單：2 , 帳戶實際倉位：1 , 總倉位：1 策略_TCA"
14f96e062d71ee75,Fri Sep 04 2015 13:42:07 GMT+0800 (Taiwan Standard Time),Fri Sep 04 2015 13:41:59 GMT+0800 (Taiwan Standard Time),策略_TCA,交易所_A,7898,reduce_short,1,-2,-1,normal,,"2015/09/04 13:41:59 ""7898"" 減碼空單目前倉位：-1 之前倉位：-2 交易所_A(小型台指) 倍數：1, 本次下單：1 , 帳戶實際倉位：-1 , 總倉位：-1"
14f96856a2b2fc3d,Fri Sep 04 2015 11:57:09 GMT+0800 (Taiwan Standard Time),Fri Sep 04 2015 11:57:00 GMT+0800 (Taiwan Standard Time),策略_TCA,交易所_A,7876,add_short,-1,-1,-2,normal,,"2015/09/04 11:57:00 ""7876"" 加碼空單目前倉位：-2 之前倉位：-1 交易所_A(小型台指) 倍數：1, 本次下單：-1 , 帳戶實際倉位：-2 , 總倉位：-2"
14f967a6a9795fe5,Fri Sep 04 2015 11:50:45 GMT+0800 (Taiwan Standard Time),Fri Sep 04 2015 11:50:36 GMT+0800 (Taiwan Standard Time),策略_TCA,交易所_A,7886,,-1,0,-1,normal,,"2015/09/04 11:50:36 ""7886"" 空單進場目前倉位：-1 之前倉位：0 交易所_A(小型台指) 倍數：1, 本次下單：-1 , 帳戶實際倉位：-1 , 總倉位：-1"
14f965452215f872,Fri Sep 04 2015 11:09:08 GMT+0800 (Taiwan Standard Time),Fri Sep 04 2015 11:08:59 GMT+0800 (Taiwan Standard Time),策略_TCA,交易所_A,7901,close_long,-1,1,0,normal,,"2015/09/04 11:08:59 ""7901"" 多單平倉目前倉位：0 之前倉位：1 交易所_A(小型台指) 倍數：1, 本次下單：-1 , 帳戶實際倉位：0 , 總倉位：0 策略_TCA"
14f823c45be43013,Mon Aug 31 2015 13:29:38 GMT+0800 (Taiwan Standard Time),Mon Aug 31 2015 13:29:28 GMT+0800 (Taiwan Standard Time),策略_TCA,交易所_A,7949,add_long,1,1,2,normal,,"2015/08/31 13:29:28 ""7949"" 加碼多單目前倉位：+2 之前倉位：1 交易所_A(小型台指) 倍數：1, 本次下單：0 , 帳戶實際倉位：2 , 總倉位：2 策略_TCA"
14f72d3e5d5e8255,Fri Aug 28 2015 13:42:07 GMT+0800 (Taiwan Standard Time),Fri Aug 28 2015 13:41:58 GMT+0800 (Taiwan Standard Time),策略_TCA,交易所_A,7858,reduce_long,-1,3,2,normal,,"2015/08/28 13:41:58 ""7858"" 減碼多單目前倉位：+2 之前倉位：3 交易所_A(小型台指) 倍數：1, 本次下單：-1 , 帳戶實際倉位：2 , 總倉位：2"
14f726b0c8697941,Fri Aug 28 2015 11:47:36 GMT+0800 (Taiwan Standard Time),Fri Aug 28 2015 11:47:27 GMT+0800 (Taiwan Standard Time),策略_TCA,交易所_A,7819,add_long,1,2,3,normal,,"2015/08/28 11:47:27 ""7819"" 加碼多單目前倉位：+3 之前倉位：2 交易所_A(小型台指) 倍數：1, 本次下單：1 , 帳戶實際倉位：3 , 總倉位：3 策略_TCA"
14f71d9fc4fc7cc9,Fri Aug 28 2015 09:09:10 GMT+0800 (Taiwan Standard Time),Fri Aug 28 2015 09:09:01 GMT+0800 (Taiwan Standard Time),策略_TCA,交易所_A,7843,add_long,1,1,2,normal,,"2015/08/28 09:09:01 ""7843"" 加碼多單目前倉位：+2 之前倉位：1 交易所_A(小型台指) 倍數：1, 本次下單：1 , 帳戶實際倉位：2 , 總倉位：2 策略_TCA"
14f68567762c666f,Wed Aug 26 2015 12:48:58 GMT+0800 (Taiwan Standard Time),Wed Aug 26 2015 12:48:49 GMT+0800 (Taiwan Standard Time),策略_TCA,交易所_A,7662,close_short,1,-1,0,normal,,"2015/08/26 12:48:49 ""7662"" 空單平倉目前倉位：0 之前倉位：-1 交易所_A(小型台指) 倍數：1, 本次下單：1 , 帳戶實際倉位：0 , 總倉位：0 策略_TCA"
14f629ebe57fe8da,Tue Aug 25 2015 10:10:05 GMT+0800 (Taiwan Standard Time),Tue Aug 25 2015 10:09:56 GMT+0800 (Taiwan Standard Time),策略_TCA,交易所_A,7495,reduce_short,2,-3,-1,normal,,"2015/08/25 10:09:56 ""7495"" 減碼空單目前倉位：-1 之前倉位：-3 交易所_A(小型台指) 倍數：1, 本次下單：2 , 帳戶實際倉位：-1 , 總倉位：-1"
14f5e3a71ab2681a,Mon Aug 24 2015 13:42:03 GMT+0800 (Taiwan Standard Time),Mon Aug 24 2015 13:41:54 GMT+0800 (Taiwan Standard Time),策略_TCA,交易所_A,7345,reduce_short,1,-4,-3,normal,,"2015/08/24 13:41:54 ""7345"" 減碼空單目前倉位：-3 之前倉位：-4 交易所_A(小型台指) 倍數：1, 本次下單：1 , 帳戶實際倉位：-3 , 總倉位：-3"
14f5e2c07dee7630,Mon Aug 24 2015 13:26:19 GMT+0800 (Taiwan Standard Time),Mon Aug 24 2015 13:26:10 GMT+0800 (Taiwan Standard Time),策略_TCA,交易所_A,7308,add_short,-1,-3,-4,normal,,"2015/08/24 13:26:10 ""7308"" 加碼空單目前倉位：-4 之前倉位：-3 交易所_A(小型台指) 倍數：1, 本次下單：-1 , 帳戶實際倉位：-4 , 總倉位：-4"
14f5e22ca80f47e5,Mon Aug 24 2015 13:16:14 GMT+0800 (Taiwan Standard Time),Mon Aug 24 2015 13:16:05 GMT+0800 (Taiwan Standard Time),策略_TCA,交易所_A,7315,reduce_short,1,-4,-3,normal,,"2015/08/24 13:16:05 ""7315"" 減碼空單目前倉位：-3 之前倉位：-4 交易所_A(小型台指) 倍數：1, 本次下單：1 , 帳戶實際倉位：-3 , 總倉位：-3"
14f5d8e15edce109,Mon Aug 24 2015 10:33:04 GMT+0800 (Taiwan Standard Time),Mon Aug 24 2015 10:32:54 GMT+0800 (Taiwan Standard Time),策略_TCA,交易所_A,7188,reduce_short,1,-5,-4,normal,,"2015/08/24 10:32:54 ""7188"" 減碼空單目前倉位：-4 之前倉位：-5 交易所_A(小型台指) 倍數：1, 本次下單：1 , 帳戶實際倉位：-4 , 總倉位：-4"
14f5d899d0f2b1f2,Mon Aug 24 2015 10:28:22 GMT+0800 (Taiwan Standard Time),Mon Aug 24 2015 10:28:13 GMT+0800 (Taiwan Standard Time),策略_TCA,交易所_A,7174,add_short,-1,-4,-5,normal,,"2015/08/24 10:28:13 ""7174"" 加碼空單目前倉位：-5 之前倉位：-4 交易所_A(小型台指) 倍數：1, 本次下單：-1 , 帳戶實際倉位：-5 , 總倉位：-5"
14f5d88932961c69,Mon Aug 24 2015 10:27:46 GMT+0800 (Taiwan Standard Time),Mon Aug 24 2015 10:27:37 GMT+0800 (Taiwan Standard Time),策略_TCA,交易所_A,7089,reduce_short,2,-6,-4,normal,,"2015/08/24 10:27:37 ""7089"" 減碼空單目前倉位：-4 之前倉位：-6 交易所_A(小型台指) 倍數：1, 本次下單：2 , 帳戶實際倉位：-4 , 總倉位：-4"
14f5d8613ab5f491,Mon Aug 24 2015 10:25:03 GMT+0800 (Taiwan Standard Time),Mon Aug 24 2015 10:24:54 GMT+0800 (Taiwan Standard Time),策略_TCA,交易所_A,7046,add_short,-1,-5,-6,normal,,"2015/08/24 10:24:54 ""7046"" 加碼空單目前倉位：-6 之前倉位：-5 交易所_A(小型台指) 倍數：1, 本次下單：-1 , 帳戶實際倉位：-6 , 總倉位：-6"
14f5d80e6ca9f197,Mon Aug 24 2015 10:19:18 GMT+0800 (Taiwan Standard Time),Mon Aug 24 2015 10:19:09 GMT+0800 (Taiwan Standard Time),策略_TCA,交易所_A,7089,add_short,-2,-3,-5,normal,,"2015/08/24 10:19:09 ""7089"" 加碼空單目前倉位：-5 之前倉位：-3 交易所_A(小型台指) 倍數：1, 本次下單：-2 , 帳戶實際倉位：-5 , 總倉位：-5"
14f5d7087f821fb0,Mon Aug 24 2015 10:01:31 GMT+0800 (Taiwan Standard Time),Mon Aug 24 2015 10:01:22 GMT+0800 (Taiwan Standard Time),策略_TCA,交易所_A,7244,reduce_short,2,-5,-3,normal,,"2015/08/24 10:01:22 ""7244"" 減碼空單目前倉位：-3 之前倉位：-5 交易所_A(小型台指) 倍數：1, 本次下單：2 , 帳戶實際倉位：-3 , 總倉位：-3"
14f5d6f3303384ac,Mon Aug 24 2015 10:00:04 GMT+0800 (Taiwan Standard Time),Mon Aug 24 2015 09:59:55 GMT+0800 (Taiwan Standard Time),策略_TCA,交易所_A,7275,add_short,-1,-4,-5,normal,,"2015/08/24 09:59:55 ""7275"" 加碼空單目前倉位：-5 之前倉位：-4 交易所_A(小型台指) 倍數：1, 本次下單：-1 , 帳戶實際倉位：-5 , 總倉位：-5"
14f5d5eb714514f6,Mon Aug 24 2015 09:42:04 GMT+0800 (Taiwan Standard Time),Mon Aug 24 2015 09:41:55 GMT+0800 (Taiwan Standard Time),策略_TCA,交易所_A,7503,add_short,-1,-3,-4,normal,,"2015/08/24 09:41:55 ""7503"" 加碼空單目前倉位：-4 之前倉位：-3 交易所_A(小型台指) 倍數：1, 本次下單：-1 , 帳戶實際倉位：-4 , 總倉位：-4"
14f4e255190bb6bf,Fri Aug 21 2015 10:45:07 GMT+0800 (Taiwan Standard Time),Fri Aug 21 2015 10:44:58 GMT+0800 (Taiwan Standard Time),策略_TCA,交易所_A,7790,add_short,-2,-1,-3,normal,,"2015/08/21 10:44:58 ""7790"" 加碼空單目前倉位：-3 之前倉位：-1 交易所_A(小型台指) 倍數：1, 本次下單：-2 , 帳戶實際倉位：-3 , 總倉位：-3"
14f48c24dfc77f6c,Thu Aug 20 2015 09:38:53 GMT+0800 (Taiwan Standard Time),Thu Aug 20 2015 09:38:44 GMT+0800 (Taiwan Standard Time),策略_TCA,交易所_A,7967,reduce_short,1,-2,-1,normal,,"2015/08/20 09:38:44 ""7967"" 減碼空單目前倉位：-1 之前倉位：-2 交易所_A(小型台指) 倍數：1, 本次下單：1 , 帳戶實際倉位：-1 , 總倉位：-1"
14f3f0112ea46f62,Tue Aug 18 2015 12:11:10 GMT+0800 (Taiwan Standard Time),Tue Aug 18 2015 12:11:00 GMT+0800 (Taiwan Standard Time),策略_TCA,交易所_A,8168,add_short,-1,-1,-2,normal,,"2015/08/18 12:11:00 ""8168"" 加碼空單目前倉位：-2 之前倉位：-1 交易所_A(小型台指) 倍數：1, 本次下單：-1 , 帳戶實際倉位：-2 , 總倉位：-2"
14f29ccbd4ead053,Fri Aug 14 2015 09:22:02 GMT+0800 (Taiwan Standard Time),Fri Aug 14 2015 09:21:53 GMT+0800 (Taiwan Standard Time),策略_TCA,交易所_A,8333,reduce_short,1,-2,-1,normal,,"2015/08/14 09:21:53 ""8333"" 減碼空單目前倉位：-1 之前倉位：-2 交易所_A(小型台指) 倍數：1, 本次下單：1 , 帳戶實際倉位：-1 , 總倉位：-1"
14f205fb8efa0fc1,Wed Aug 12 2015 13:26:25 GMT+0800 (Taiwan Standard Time),Wed Aug 12 2015 13:26:15 GMT+0800 (Taiwan Standard Time),策略_TCA,交易所_A,8295,reduce_short,1,-3,-2,normal,,"2015/08/12 13:26:15 ""8295"" 減碼空單目前倉位：-2 之前倉位：-3 交易所_A(小型台指) 倍數：1, 本次下單：1 , 帳戶實際倉位：-2 , 總倉位：-2"
14f20030c7f0ab83,Wed Aug 12 2015 11:45:11 GMT+0800 (Taiwan Standard Time),Wed Aug 12 2015 11:45:02 GMT+0800 (Taiwan Standard Time),策略_TCA,交易所_A,8277,add_short,-1,-2,-3,normal,,"2015/08/12 11:45:02 ""8277"" 加碼空單目前倉位：-3 之前倉位：-2 交易所_A(小型台指) 倍數：1, 本次下單：-1 , 帳戶實際倉位：-3 , 總倉位：-3"
14f1a9dec4ff03ea,Tue Aug 11 2015 10:36:30 GMT+0800 (Taiwan Standard Time),Tue Aug 11 2015 10:36:21 GMT+0800 (Taiwan Standard Time),策略_TCA,交易所_A,8452,,-2,0,-2,normal,,"2015/08/11 10:36:21 ""8452"" 空單進場目前倉位：-2 之前倉位：0 交易所_A(小型台指) 倍數：1, 本次下單：-2 , 帳戶實際倉位：-2 , 總倉位：-2"
14f162169138854a,Mon Aug 10 2015 13:42:03 GMT+0800 (Taiwan Standard Time),Mon Aug 10 2015 13:41:54 GMT+0800 (Taiwan Standard Time),策略_TCA,交易所_A,8441,close_long,-1,1,0,normal,,"2015/08/10 13:41:54 ""8441"" 多單平倉目前倉位：0 之前倉位：1 交易所_A(小型台指) 倍數：1, 本次下單：-1 , 帳戶實際倉位：0 , 總倉位：0 策略_TCA"
14f15faf47ce13fe,Mon Aug 10 2015 13:00:02 GMT+0800 (Taiwan Standard Time),Mon Aug 10 2015 12:59:53 GMT+0800 (Taiwan Standard Time),策略_TCA,交易所_A,8456,,1,0,1,normal,,"2015/08/10 12:59:53 ""8456"" 多單進場目前倉位：+1 之前倉位：0 交易所_A(小型台指) 倍數：1, 本次下單：1 , 帳戶實際倉位：1 , 總倉位：1 策略_TCA"
14f05fe9c4859294,Fri Aug 07 2015 10:30:10 GMT+0800 (Taiwan Standard Time),Fri Aug 07 2015 10:30:01 GMT+0800 (Taiwan Standard Time),策略_TCA,交易所_A,8405,close_short,2,-2,0,normal,,"2015/08/07 10:30:01 ""8405"" 空單平倉目前倉位：0 之前倉位：-2 交易所_A(小型台指) 倍數：1, 本次下單：2 , 帳戶實際倉位：0 , 總倉位：0 策略_TCA"
14f00b73ec9f4b37,Thu Aug 06 2015 09:54:09 GMT+0800 (Taiwan Standard Time),Thu Aug 06 2015 09:54:00 GMT+0800 (Taiwan Standard Time),策略_TCA,交易所_A,8457,add_short,-1,-1,-2,normal,,"2015/08/06 09:54:00 ""8457"" 加碼空單目前倉位：-2 之前倉位：-1 交易所_A(小型台指) 倍數：1, 本次下單：-1 , 帳戶實際倉位：-2 , 總倉位：-2"
14f00aba259a4406,Thu Aug 06 2015 09:41:28 GMT+0800 (Taiwan Standard Time),Thu Aug 06 2015 09:41:19 GMT+0800 (Taiwan Standard Time),策略_TCA,交易所_A,8466,,-1,0,-1,normal,,"2015/08/06 09:41:19 ""8466"" 空單進場目前倉位：-1 之前倉位：0 交易所_A(小型台指) 倍數：1, 本次下單：-1 , 帳戶實際倉位：-1 , 總倉位：-1"
14f00a9c238f9106,Thu Aug 06 2015 09:39:25 GMT+0800 (Taiwan Standard Time),Thu Aug 06 2015 09:39:16 GMT+0800 (Taiwan Standard Time),策略_TCA,交易所_A,8472,close_long,-1,1,0,normal,,"2015/08/06 09:39:16 ""8472"" 多單平倉目前倉位：0 之前倉位：1 交易所_A(小型台指) 倍數：1, 本次下單：-1 , 帳戶實際倉位：0 , 總倉位：0 策略_TCA"
14efc003b959e27c,Wed Aug 05 2015 11:55:47 GMT+0800 (Taiwan Standard Time),Wed Aug 05 2015 11:55:38 GMT+0800 (Taiwan Standard Time),策略_TCA,交易所_A,8525,,1,0,1,normal,,"2015/08/05 11:55:38 ""8525"" 多單進場目前倉位：+1 之前倉位：0 交易所_A(小型台指) 倍數：1, 本次下單：1 , 帳戶實際倉位：1 , 總倉位：1 策略_TCA"
14ef655368fa6739,Tue Aug 04 2015 09:30:47 GMT+0800 (Taiwan Standard Time),Tue Aug 04 2015 09:30:38 GMT+0800 (Taiwan Standard Time),策略_TCA,交易所_A,8548,close_short,1,-1,0,normal,,"2015/08/04 09:30:38 ""8548"" 空單平倉目前倉位：0 之前倉位：-1 交易所_A(小型台指) 倍數：1, 本次下單：1 , 帳戶實際倉位：0 , 總倉位：0 策略_TCA"
14ef214e5cbf56ba,Mon Aug 03 2015 13:42:04 GMT+0800 (Taiwan Standard Time),Mon Aug 03 2015 13:41:55 GMT+0800 (Taiwan Standard Time),策略_TCA,交易所_A,8454,reduce_short,1,-2,-1,normal,,"2015/08/03 13:41:55 ""8454"" 減碼空單目前倉位：-1 之前倉位：-2 交易所_A(小型台指) 倍數：1, 本次下單：1 , 帳戶實際倉位：-1 , 總倉位：-1"
14ef12759d09e48c,Mon Aug 03 2015 09:22:36 GMT+0800 (Taiwan Standard Time),Mon Aug 03 2015 09:22:27 GMT+0800 (Taiwan Standard Time),策略_TCA,交易所_A,8423,,-1,0,-1,normal,,"2015/08/03 09:22:27 ""8423"" 空單進場目前倉位：-1 之前倉位：0 交易所_A(小型台指) 倍數：1, 本次下單：-1 , 帳戶實際倉位：-1 , 總倉位：-1"
14ee2a0855191e2d,Fri Jul 31 2015 13:40:42 GMT+0800 (Taiwan Standard Time),Fri Jul 31 2015 13:40:33 GMT+0800 (Taiwan Standard Time),策略_TCA,交易所_A,8581,close_short,1,-1,0,normal,,"2015/07/31 13:40:33 ""8581"" 空單平倉目前倉位：0 之前倉位：-1 交易所_A(小型台指) 倍數：1, 本次下單：1 , 帳戶實際倉位：0 , 總倉位：0 策略_TCA"
14ee2967e5950cf5,Fri Jul 31 2015 13:29:45 GMT+0800 (Taiwan Standard Time),Fri Jul 31 2015 13:29:36 GMT+0800 (Taiwan Standard Time),策略_TCA,交易所_A,8557,,-1,0,-1,normal,,"2015/07/31 13:29:36 ""8557"" 空單進場目前倉位：-1 之前倉位：0 交易所_A(小型台指) 倍數：1, 本次下單：-1 , 帳戶實際倉位：-1 , 總倉位：-1"
14ee1fe3c700bf5f,Fri Jul 31 2015 10:43:26 GMT+0800 (Taiwan Standard Time),Fri Jul 31 2015 10:43:18 GMT+0800 (Taiwan Standard Time),策略_TCA,交易所_A,8555,close_short,1,-1,0,normal,,"2015/07/31 10:43:18 ""8555"" 空單平倉目前倉位：0 之前倉位：-1 交易所_A(小型台指) 倍數：1, 本次下單：1 , 帳戶實際倉位：0 , 總倉位：0 策略_TCA"
14ee1bfb9f3a5302,Fri Jul 31 2015 09:35:09 GMT+0800 (Taiwan Standard Time),Fri Jul 31 2015 09:35:00 GMT+0800 (Taiwan Standard Time),策略_TCA,交易所_A,8541,,-1,0,-1,normal,,"2015/07/31 09:35:00 ""8541"" 空單進場目前倉位：-1 之前倉位：0 交易所_A(小型台指) 倍數：1, 本次下單：-1 , 帳戶實際倉位：-1 , 總倉位：-1"
14ee1bfa104ec40a,Fri Jul 31 2015 09:35:03 GMT+0800 (Taiwan Standard Time),Fri Jul 31 2015 09:34:54 GMT+0800 (Taiwan Standard Time),策略_TCA,交易所_A,8545,close_long,-1,1,0,normal,,"2015/07/31 09:34:54 ""8545"" 多單平倉目前倉位：0 之前倉位：1 交易所_A(小型台指) 倍數：1, 本次下單：-1 , 帳戶實際倉位：0 , 總倉位：0 策略_TCA"
14edd7b763fc62ec,Thu Jul 30 2015 13:42:08 GMT+0800 (Taiwan Standard Time),Thu Jul 30 2015 13:41:59 GMT+0800 (Taiwan Standard Time),策略_TCA,交易所_A,8601,reduce_long,-1,2,1,normal,,"2015/07/30 13:41:59 ""8601"" 減碼多單目前倉位：+1 之前倉位：2 交易所_A(小型台指) 倍數：1, 本次下單：-1 , 帳戶實際倉位：1 , 總倉位：1"
14edcef792db80ab,Thu Jul 30 2015 11:08:44 GMT+0800 (Taiwan Standard Time),Thu Jul 30 2015 11:08:35 GMT+0800 (Taiwan Standard Time),策略_TCA,交易所_A,8589,reduce_long,-1,3,2,normal,,"2015/07/30 11:08:35 ""8589"" 減碼多單目前倉位：+2 之前倉位：3 交易所_A(小型台指) 倍數：1, 本次下單：-1 , 帳戶實際倉位：2 , 總倉位：2"
14edcbb35e466816,Thu Jul 30 2015 10:12:08 GMT+0800 (Taiwan Standard Time),Thu Jul 30 2015 10:11:59 GMT+0800 (Taiwan Standard Time),策略_TCA,交易所_A,8628,add_long,1,2,3,normal,,"2015/07/30 10:11:59 ""8628"" 加碼多單目前倉位：+3 之前倉位：2 交易所_A(小型台指) 倍數：1, 本次下單：1 , 帳戶實際倉位：3 , 總倉位：3 策略_TCA"
14edca118e7368e1,Thu Jul 30 2015 09:43:37 GMT+0800 (Taiwan Standard Time),Thu Jul 30 2015 09:43:28 GMT+0800 (Taiwan Standard Time),策略_TCA,交易所_A,8600,add_long,1,1,2,normal,,"2015/07/30 09:43:28 ""8600"" 加碼多單目前倉位：+2 之前倉位：1 交易所_A(小型台指) 倍數：1, 本次下單：1 , 帳戶實際倉位：2 , 總倉位：2 策略_TCA"
14edc978b9765aa0,Thu Jul 30 2015 09:33:11 GMT+0800 (Taiwan Standard Time),Thu Jul 30 2015 09:33:02 GMT+0800 (Taiwan Standard Time),策略_TCA,交易所_A,8598,,1,0,1,normal,,"2015/07/30 09:33:02 ""8598"" 多單進場目前倉位：+1 之前倉位：0 交易所_A(小型台指) 倍數：1, 本次下單：1 , 帳戶實際倉位：1 , 總倉位：1 策略_TCA"
14edc94b355c1d9e,Thu Jul 30 2015 09:27:23 GMT+0800 (Taiwan Standard Time),Thu Jul 30 2015 09:27:14 GMT+0800 (Taiwan Standard Time),策略_TCA,交易所_A,8586,close_short,2,-2,0,normal,,"2015/07/30 09:27:14 ""8586"" 空單平倉目前倉位：0 之前倉位：-2 交易所_A(小型台指) 倍數：1, 本次下單：2 , 帳戶實際倉位：0 , 總倉位：0 策略_TCA"
14ed836e58b6bae1,Wed Jul 29 2015 13:09:09 GMT+0800 (Taiwan Standard Time),Wed Jul 29 2015 13:09:00 GMT+0800 (Taiwan Standard Time),策略_TCA,交易所_A,8504,add_short,-1,-1,-2,normal,,"2015/07/29 13:09:00 ""8504"" 加碼空單目前倉位：-2 之前倉位：-1 交易所_A(小型台指) 倍數：1, 本次下單：-1 , 帳戶實際倉位：-2 , 總倉位：-2"
14ed28cb3b199503,Tue Jul 28 2015 10:45:03 GMT+0800 (Taiwan Standard Time),Tue Jul 28 2015 10:44:54 GMT+0800 (Taiwan Standard Time),策略_TCA,交易所_A,8583,reduce_short,1,-2,-1,normal,,"2015/07/28 10:44:54 ""8583"" 減碼空單目前倉位：-1 之前倉位：-2 交易所_A(小型台指) 倍數：1, 本次下單：1 , 帳戶實際倉位：-1 , 總倉位：-1"
14ece0862b08cf5d,Mon Jul 27 2015 13:42:03 GMT+0800 (Taiwan Standard Time),Mon Jul 27 2015 13:41:55 GMT+0800 (Taiwan Standard Time),策略_TCA,交易所_A,8533,reduce_short,1,-3,-2,normal,,"2015/07/27 13:41:55 ""8533"" 減碼空單目前倉位：-2 之前倉位：-3 交易所_A(小型台指) 倍數：1, 本次下單：1 , 帳戶實際倉位：-2 , 總倉位：-2"
14ecd848d268c911,Mon Jul 27 2015 11:18:04 GMT+0800 (Taiwan Standard Time),Mon Jul 27 2015 11:17:54 GMT+0800 (Taiwan Standard Time),策略_TCA,交易所_A,8579,add_short,-1,-2,-3,normal,,"2015/07/27 11:17:54 ""8579"" 加碼空單目前倉位：-3 之前倉位：-2 交易所_A(小型台指) 倍數：1, 本次下單：-1 , 帳戶實際倉位：-3 , 總倉位：-3"
14eb96eefc8b2210,Thu Jul 23 2015 13:42:07 GMT+0800 (Taiwan Standard Time),Thu Jul 23 2015 13:41:58 GMT+0800 (Taiwan Standard Time),策略_TCA,交易所_A,8750,reduce_short,1,-3,-2,normal,,"2015/07/23 13:41:58 ""8750"" 減碼空單目前倉位：-2 之前倉位：-3 交易所_A(小型台指) 倍數：1, 本次下單：1 , 帳戶實際倉位：-2 , 總倉位：-2"
14eb8cfa8430d55a,Thu Jul 23 2015 10:48:08 GMT+0800 (Taiwan Standard Time),Thu Jul 23 2015 10:47:59 GMT+0800 (Taiwan Standard Time),策略_TCA,交易所_A,8726,add_short,-1,-2,-3,normal,,"2015/07/23 10:47:59 ""8726"" 加碼空單目前倉位：-3 之前倉位：-2 交易所_A(小型台指) 倍數：1, 本次下單：-1 , 帳戶實際倉位：-3 , 總倉位：-3"
14eb37a98468ca31,Wed Jul 22 2015 09:57:10 GMT+0800 (Taiwan Standard Time),Wed Jul 22 2015 09:57:00 GMT+0800 (Taiwan Standard Time),策略_TCA,交易所_A,8830,add_short,-1,-1,-2,normal,,"2015/07/22 09:57:00 ""8830"" 加碼空單目前倉位：-2 之前倉位：-1 交易所_A(小型台指) 倍數：1, 本次下單：-1 , 帳戶實際倉位：-2 , 總倉位：-2"
14eae57dacde21fd,Tue Jul 21 2015 10:01:00 GMT+0800 (Taiwan Standard Time),Tue Jul 21 2015 10:00:50 GMT+0800 (Taiwan Standard Time),策略_TCA,交易所_A,8905,reduce_short,1,-2,-1,normal,,"2015/07/21 10:00:50 ""8905"" 減碼空單目前倉位：-1 之前倉位：-2 交易所_A(小型台指) 倍數：1, 本次下單：1 , 帳戶實際倉位：-1 , 總倉位：-1"
14eae40202b721e9,Tue Jul 21 2015 09:35:04 GMT+0800 (Taiwan Standard Time),Tue Jul 21 2015 09:34:54 GMT+0800 (Taiwan Standard Time),策略_TCA,交易所_A,8829,add_short,-1,-1,-2,normal,,"2015/07/21 09:34:54 ""8829"" 加碼空單目前倉位：-2 之前倉位：-1 交易所_A(小型台指) 倍數：1, 本次下單：-1 , 帳戶實際倉位：-2 , 總倉位：-2"
14e8f5404f3f0900,Wed Jul 15 2015 09:28:13 GMT+0800 (Taiwan Standard Time),Wed Jul 15 2015 09:28:03 GMT+0800 (Taiwan Standard Time),策略_TCA,交易所_A,9034,,-1,0,-1,normal,,"2015/07/15 09:28:03 ""9034"" 空單進場目前倉位：-1 之前倉位：0 交易所_A(小型台指) 倍數：1, 本次下單：-1 , 帳戶實際倉位：-1 , 總倉位：-1"
14e8af0c53292aa6,Tue Jul 14 2015 13:00:47 GMT+0800 (Taiwan Standard Time),Tue Jul 14 2015 13:00:38 GMT+0800 (Taiwan Standard Time),策略_TCA,交易所_A,9019,close_long,-1,1,0,normal,,"2015/07/14 13:00:38 ""9019"" 多單平倉目前倉位：0 之前倉位：1 交易所_A(小型台指) 倍數：1, 本次下單：-1 , 帳戶實際倉位：0 , 總倉位：0 策略_TCA"
14e8a10cbe2d154a,Tue Jul 14 2015 08:56:54 GMT+0800 (Taiwan Standard Time),Tue Jul 14 2015 08:56:45 GMT+0800 (Taiwan Standard Time),策略_TCA,交易所_A,9028,,1,0,1,normal,,"2015/07/14 08:56:45 ""9028"" 多單進場目前倉位：+1 之前倉位：0 交易所_A(小型台指) 倍數：1, 本次下單：1 , 帳戶實際倉位：1 , 總倉位：1 策略_TCA"
14e70932221225f0,Thu Jul 09 2015 10:09:13 GMT+0800 (Taiwan Standard Time),Thu Jul 09 2015 10:09:04 GMT+0800 (Taiwan Standard Time),策略_TCA,交易所_A,8887,close_short,1,-1,0,normal,,"2015/07/09 10:09:04 ""8887"" 空單平倉目前倉位：0 之前倉位：-1 交易所_A(小型台指) 倍數：1, 本次下單：1 , 帳戶實際倉位：0 , 總倉位：0 策略_TCA"
14e6c2e23875f5ca,Wed Jul 08 2015 13:40:25 GMT+0800 (Taiwan Standard Time),Wed Jul 08 2015 13:40:16 GMT+0800 (Taiwan Standard Time),策略_TCA,交易所_A,8942,reduce_short,1,-2,-1,normal,,"2015/07/08 13:40:16 ""8942"" 減碼空單目前倉位：-1 之前倉位：-2 交易所_A(小型台指) 倍數：1, 本次下單：1 , 帳戶實際倉位：-1 , 總倉位：-1"
14e6c202e1f7fa94,Wed Jul 08 2015 13:25:11 GMT+0800 (Taiwan Standard Time),Wed Jul 08 2015 13:25:02 GMT+0800 (Taiwan Standard Time),策略_TCA,交易所_A,8955,add_short,-1,-1,-2,normal,,"2015/07/08 13:25:02 ""8955"" 加碼空單目前倉位：-2 之前倉位：-1 交易所_A(小型台指) 倍數：1, 本次下單：-1 , 帳戶實際倉位：-2 , 總倉位：-2"
14e6c0974a998734,Wed Jul 08 2015 13:00:22 GMT+0800 (Taiwan Standard Time),Wed Jul 08 2015 13:00:13 GMT+0800 (Taiwan Standard Time),策略_TCA,交易所_A,8969,reduce_short,1,-2,-1,normal,,"2015/07/08 13:00:13 ""8969"" 減碼空單目前倉位：-1 之前倉位：-2 交易所_A(小型台指) 倍數：1, 本次下單：1 , 帳戶實際倉位：-1 , 總倉位：-1"
14e6bc969f3858a0,Wed Jul 08 2015 11:50:07 GMT+0800 (Taiwan Standard Time),Wed Jul 08 2015 11:49:58 GMT+0800 (Taiwan Standard Time),策略_TCA,交易所_A,8954,add_short,-1,-1,-2,normal,,"2015/07/08 11:49:58 ""8954"" 加碼空單目前倉位：-2 之前倉位：-1 交易所_A(小型台指) 倍數：1, 本次下單：-1 , 帳戶實際倉位：-2 , 總倉位：-2"
14e6b3754c05ee9a,Wed Jul 08 2015 09:10:51 GMT+0800 (Taiwan Standard Time),Wed Jul 08 2015 09:10:42 GMT+0800 (Taiwan Standard Time),策略_TCA,交易所_A,9149,,-1,0,-1,normal,,"2015/07/08 09:10:42 ""9149"" 空單進場目前倉位：-1 之前倉位：0 交易所_A(小型台指) 倍數：1, 本次下單：-1 , 帳戶實際倉位：-1 , 總倉位：-1"
14e614e2263626db,Mon Jul 06 2015 10:59:27 GMT+0800 (Taiwan Standard Time),Mon Jul 06 2015 10:59:18 GMT+0800 (Taiwan Standard Time),策略_TCA,交易所_A,9191,close_long,-1,1,0,normal,,"2015/07/06 10:59:18 ""9191"" 多單平倉目前倉位：0 之前倉位：1 交易所_A(小型台指) 倍數：1, 本次下單：-1 , 帳戶實際倉位：0 , 總倉位：0 策略_TCA"
14e527189b0a2204,Fri Jul 03 2015 13:43:59 GMT+0800 (Taiwan Standard Time),Fri Jul 03 2015 13:43:50 GMT+0800 (Taiwan Standard Time),策略_TCA,交易所_A,9298,,1,0,1,normal,,"2015/07/03 13:43:50 ""9298"" 多單進場目前倉位：+1 之前倉位：0 交易所_A(小型台指) 倍數：1, 本次下單：1 , 帳戶實際倉位：1 , 總倉位：1 策略_TCA"
14e521d677723b68,Fri Jul 03 2015 12:12:06 GMT+0800 (Taiwan Standard Time),Fri Jul 03 2015 12:11:57 GMT+0800 (Taiwan Standard Time),策略_TCA,交易所_A,9276,close_short,1,-1,0,normal,,"2015/07/03 12:11:57 ""9276"" 空單平倉目前倉位：0 之前倉位：-1 交易所_A(小型台指) 倍數：1, 本次下單：1 , 帳戶實際倉位：0 , 總倉位：0 策略_TCA"
14e51944db06a00e,Fri Jul 03 2015 09:42:03 GMT+0800 (Taiwan Standard Time),Fri Jul 03 2015 09:41:54 GMT+0800 (Taiwan Standard Time),策略_TCA,交易所_A,9182,,-1,0,-1,normal,,"2015/07/03 09:41:54 ""9182"" 空單進場目前倉位：-1 之前倉位：0 交易所_A(小型台指) 倍數：1, 本次下單：-1 , 帳戶實際倉位：-1 , 總倉位：-1"
14e517127ac3b21e,Fri Jul 03 2015 09:03:48 GMT+0800 (Taiwan Standard Time),Fri Jul 03 2015 09:03:39 GMT+0800 (Taiwan Standard Time),策略_TCA,交易所_A,9244,close_long,-1,1,0,normal,,"2015/07/03 09:03:39 ""9244"" 多單平倉目前倉位：0 之前倉位：1 交易所_A(小型台指) 倍數：1, 本次下單：-1 , 帳戶實際倉位：0 , 總倉位：0 策略_TCA"
14e4c651733698f5,Thu Jul 02 2015 09:32:32 GMT+0800 (Taiwan Standard Time),Thu Jul 02 2015 09:32:17 GMT+0800 (Taiwan Standard Time),策略_TCA,交易所_A,9266,reduce_long,-1,2,1,normal,,"2015/07/02 09:32:17 ""9266"" 減碼多單目前倉位：+1 之前倉位：2 交易所_A(小型台指) 倍數：1, 本次下單：-1 , 帳戶實際倉位：1 , 總倉位：1"
14e47f9e533f28a8,Wed Jul 01 2015 12:57:06 GMT+0800 (Taiwan Standard Time),Wed Jul 01 2015 12:56:57 GMT+0800 (Taiwan Standard Time),策略_TCA,交易所_A,9293,add_long,1,1,2,normal,,"2015/07/01 12:56:57 ""9293"" 加碼多單目前倉位：+2 之前倉位：1 交易所_A(小型台指) 倍數：1, 本次下單：1 , 帳戶實際倉位：2 , 總倉位：2 策略_TCA"
14e4274b5b20245a,Tue Jun 30 2015 11:13:33 GMT+0800 (Taiwan Standard Time),Tue Jun 30 2015 11:13:23 GMT+0800 (Taiwan Standard Time),策略_TCA,交易所_A,9186,,1,0,1,normal,,"2015/06/30 11:13:23 ""9186"" 多單進場目前倉位：+1 之前倉位：0 交易所_A(小型台指) 倍數：1, 本次下單：1 , 帳戶實際倉位：1 , 總倉位：1 策略_TCA"
14e3dd654ba24286,Mon Jun 29 2015 13:42:06 GMT+0800 (Taiwan Standard Time),Mon Jun 29 2015 13:41:57 GMT+0800 (Taiwan Standard Time),策略_TCA,交易所_A,9138,close_short,1,-1,0,normal,,"2015/06/29 13:41:57 ""9138"" 空單平倉目前倉位：0 之前倉位：-1 交易所_A(小型台指) 倍數：1, 本次下單：1 , 帳戶實際倉位：0 , 總倉位：0 策略_TCA"
14e3d4780023b2aa,Mon Jun 29 2015 11:06:05 GMT+0800 (Taiwan Standard Time),Mon Jun 29 2015 11:05:56 GMT+0800 (Taiwan Standard Time),策略_TCA,交易所_A,9146,,-1,0,-1,normal,,"2015/06/29 11:05:56 ""9146"" 空單進場目前倉位：-1 之前倉位：0 交易所_A(小型台指) 倍數：1, 本次下單：-1 , 帳戶實際倉位：-1 , 總倉位：-1"
14e3cd796a7fc002,Mon Jun 29 2015 09:03:51 GMT+0800 (Taiwan Standard Time),Mon Jun 29 2015 09:03:41 GMT+0800 (Taiwan Standard Time),策略_TCA,交易所_A,9185,close_long,-1,1,0,normal,,"2015/06/29 09:03:41 ""9185"" 多單平倉目前倉位：0 之前倉位：1 交易所_A(小型台指) 倍數：1, 本次下單：-1 , 帳戶實際倉位：0 , 總倉位：0 策略_TCA"
14e282d1686ebb42,Thu Jun 25 2015 08:45:14 GMT+0800 (Taiwan Standard Time),Thu Jun 25 2015 08:45:04 GMT+0800 (Taiwan Standard Time),策略_TCA,交易所_A,9269,,1,0,1,normal,,"2015/06/25 08:45:04 ""9269"" 多單進場目前倉位：+1 之前倉位：0 交易所_A(小型台指) 倍數：1, 本次下單：1 , 帳戶實際倉位：1 , 總倉位：1 策略_TCA"
14e231dbac892661,Wed Jun 24 2015 09:10:13 GMT+0800 (Taiwan Standard Time),Wed Jun 24 2015 09:10:00 GMT+0800 (Taiwan Standard Time),策略_TCA,交易所_A,9202,close_long,-1,1,0,normal,,"2015/06/24 09:10:00 ""9202"" 多單平倉目前倉位：0 之前倉位：1 交易所_A(小型台指) 倍數：1, 本次下單：-1 , 帳戶實際倉位：0 , 總倉位：0 策略_TCA"
14e1dffc86085c31,Tue Jun 23 2015 09:19:13 GMT+0800 (Taiwan Standard Time),Tue Jun 23 2015 09:19:03 GMT+0800 (Taiwan Standard Time),策略_TCA,交易所_A,9247,,1,0,1,normal,,"2015/06/23 09:19:03 ""9247"" 多單進場目前倉位：+1 之前倉位：0 交易所_A(小型台指) 倍數：1, 本次下單：1 , 帳戶實際倉位：1 , 總倉位：1 策略_TCA"
14e19ca333a660e8,Mon Jun 22 2015 13:42:05 GMT+0800 (Taiwan Standard Time),Mon Jun 22 2015 13:41:56 GMT+0800 (Taiwan Standard Time),策略_TCA,交易所_A,9174,close_long,-1,1,0,normal,,"2015/06/22 13:41:56 ""9174"" 多單平倉目前倉位：0 之前倉位：1 交易所_A(小型台指) 倍數：1, 本次下單：-1 , 帳戶實際倉位：0 , 總倉位：0 策略_TCA"
14e18e834dceb2e9,Mon Jun 22 2015 09:35:41 GMT+0800 (Taiwan Standard Time),Mon Jun 22 2015 09:35:31 GMT+0800 (Taiwan Standard Time),策略_TCA,交易所_A,9188,,1,0,1,normal,,"2015/06/22 09:35:31 ""9188"" 多單進場目前倉位：+1 之前倉位：0 交易所_A(小型台指) 倍數：1, 本次下單：1 , 帳戶實際倉位：1 , 總倉位：1 策略_TCA"
14df9e9d3d311af4,Tue Jun 16 2015 09:09:07 GMT+0800 (Taiwan Standard Time),Tue Jun 16 2015 09:08:56 GMT+0800 (Taiwan Standard Time),策略_TCA,交易所_A,9217,,-1,0,-1,normal,,"2015/06/16 09:08:56 ""9217"" 空單進場目前倉位：-1 之前倉位：0 交易所_A(小型台指) 倍數：1, 本次下單：-1 , 帳戶實際倉位：-1 , 總倉位：-1"
14df4b1c25c1beff,Mon Jun 15 2015 08:49:09 GMT+0800 (Taiwan Standard Time),Mon Jun 15 2015 08:48:57 GMT+0800 (Taiwan Standard Time),策略_TCA,交易所_A,9254,close_long,-1,1,0,normal,,"2015/06/15 08:48:57 ""9254"" 多單平倉目前倉位：0 之前倉位：1 交易所_A(小型台指) 倍數：1, 本次下單：-1 , 帳戶實際倉位：0 , 總倉位：0 策略_TCA"
14de56f05cc3e0c6,Fri Jun 12 2015 09:42:18 GMT+0800 (Taiwan Standard Time),Fri Jun 12 2015 09:42:09 GMT+0800 (Taiwan Standard Time),策略_TCA,交易所_A,9300,short_to_long,3,-2,1,normal,,"2015/06/12 09:42:09 ""9300"" 空翻多目前倉位：+1 之前倉位：-2 交易所_A(小型台指) 倍數：1, 本次下單：3 , 帳戶實際倉位：1 , 總倉位：1 策略_TCA"
14de04424a99cb39,Thu Jun 11 2015 09:37:46 GMT+0800 (Taiwan Standard Time),Thu Jun 11 2015 09:37:36 GMT+0800 (Taiwan Standard Time),策略_TCA,交易所_A,9275,add_short,-1,-1,-2,normal,,"2015/06/11 09:37:36 ""9275"" 加碼空單目前倉位：-2 之前倉位：-1 交易所_A(小型台指) 倍數：1, 本次下單：-1 , 帳戶實際倉位：-2 , 總倉位：-2"
14ddb23e43974dba,Wed Jun 10 2015 09:43:54 GMT+0800 (Taiwan Standard Time),Wed Jun 10 2015 09:43:44 GMT+0800 (Taiwan Standard Time),策略_TCA,交易所_A,9290,reduce_short,1,-2,-1,normal,,"2015/06/10 09:43:44 ""9290"" 減碼空單目前倉位：-1 之前倉位：-2 交易所_A(小型台指) 倍數：1, 本次下單：1 , 帳戶實際倉位：-1 , 總倉位：-1"
14dd660fec1431d6,Tue Jun 09 2015 11:33:01 GMT+0800 (Taiwan Standard Time),Tue Jun 09 2015 11:32:52 GMT+0800 (Taiwan Standard Time),策略_TCA,交易所_A,9243,add_short,-1,-1,-2,normal,,"2015/06/09 11:32:52 ""9243"" 加碼空單目前倉位：-2 之前倉位：-1 交易所_A(小型台指) 倍數：1, 本次下單：-1 , 帳戶實際倉位：-2 , 總倉位：-2"
14dd62300f411f7a,Tue Jun 09 2015 10:25:05 GMT+0800 (Taiwan Standard Time),Tue Jun 09 2015 10:24:56 GMT+0800 (Taiwan Standard Time),策略_TCA,交易所_A,9267,,-1,0,-1,normal,,"2015/06/09 10:24:56 ""9267"" 空單進場目前倉位：-1 之前倉位：0 交易所_A(小型台指) 倍數：1, 本次下單：-1 , 帳戶實際倉位：-1 , 總倉位：-1"
14dd15f896d26896,Mon Jun 08 2015 12:13:20 GMT+0800 (Taiwan Standard Time),Mon Jun 08 2015 12:13:11 GMT+0800 (Taiwan Standard Time),策略_TCA,交易所_A,9362,,1,0,1,normal,,"2015/06/08 12:13:11 ""9362"" 多單進場目前倉位：+1 之前倉位：0 交易所_A(小型台指) 倍數：1, 本次下單：1 , 帳戶實際倉位：1 , 總倉位：1 策略_TCA"
14dd157fff15074a,Mon Jun 08 2015 12:05:06 GMT+0800 (Taiwan Standard Time),Mon Jun 08 2015 12:04:56 GMT+0800 (Taiwan Standard Time),策略_TCA,交易所_A,9356,close_short,1,-1,0,normal,,"2015/06/08 12:04:56 ""9356"" 空單平倉目前倉位：0 之前倉位：-1 交易所_A(小型台指) 倍數：1, 本次下單：1 , 帳戶實際倉位：0 , 總倉位：0 策略_TCA"
14dd155fb92defd0,Mon Jun 08 2015 12:02:51 GMT+0800 (Taiwan Standard Time),Mon Jun 08 2015 12:02:41 GMT+0800 (Taiwan Standard Time),策略_TCA,交易所_A,9353,reduce_short,1,-2,-1,normal,,"2015/06/08 12:02:41 ""9353"" 減碼空單目前倉位：-1 之前倉位：-2 交易所_A(小型台指) 倍數：1, 本次下單：1 , 帳戶實際倉位：-1 , 總倉位：-1"
14dd0d7cd0a99b2d,Mon Jun 08 2015 09:45:05 GMT+0800 (Taiwan Standard Time),Mon Jun 08 2015 09:44:56 GMT+0800 (Taiwan Standard Time),策略_TCA,交易所_A,9275,reduce_short,1,-3,-2,normal,,"2015/06/08 09:44:56 ""9275"" 減碼空單目前倉位：-2 之前倉位：-3 交易所_A(小型台指) 倍數：1, 本次下單：1 , 帳戶實際倉位：-2 , 總倉位：-2"
14dd0cd3792fa6a0,Mon Jun 08 2015 09:33:06 GMT+0800 (Taiwan Standard Time),Mon Jun 08 2015 09:32:56 GMT+0800 (Taiwan Standard Time),策略_TCA,交易所_A,9251,add_short,-1,-2,-3,normal,,"2015/06/08 09:32:56 ""9251"" 加碼空單目前倉位：-3 之前倉位：-2 交易所_A(小型台指) 倍數：1, 本次下單：-1 , 帳戶實際倉位：-3 , 總倉位：-3"
14dbd1893c4e08e6,Thu Jun 04 2015 13:42:09 GMT+0800 (Taiwan Standard Time),Thu Jun 04 2015 13:41:59 GMT+0800 (Taiwan Standard Time),策略_TCA,交易所_A,9310,reduce_short,1,-3,-2,normal,,"2015/06/04 13:41:59 ""9310"" 減碼空單目前倉位：-2 之前倉位：-3 交易所_A(小型台指) 倍數：1, 本次下單：1 , 帳戶實際倉位：-2 , 總倉位：-2"
14dbc9177ca7172a,Thu Jun 04 2015 11:15:09 GMT+0800 (Taiwan Standard Time),Thu Jun 04 2015 11:14:59 GMT+0800 (Taiwan Standard Time),策略_TCA,交易所_A,9420,add_short,-1,-2,-3,normal,,"2015/06/04 11:14:59 ""9420"" 加碼空單目前倉位：-3 之前倉位：-2 交易所_A(小型台指) 倍數：1, 本次下單：-1 , 帳戶實際倉位：-3 , 總倉位：-3"
14db79751c6a128e,Wed Jun 03 2015 12:03:15 GMT+0800 (Taiwan Standard Time),Wed Jun 03 2015 12:03:05 GMT+0800 (Taiwan Standard Time),策略_TCA,交易所_A,9553,add_short,-1,-1,-2,normal,,"2015/06/03 12:03:05 ""9553"" 加碼空單目前倉位：-2 之前倉位：-1 交易所_A(小型台指) 倍數：1, 本次下單：-1 , 帳戶實際倉位：-2 , 總倉位：-2"
14db71529815c69d,Wed Jun 03 2015 09:41:41 GMT+0800 (Taiwan Standard Time),Wed Jun 03 2015 09:41:30 GMT+0800 (Taiwan Standard Time),策略_TCA,交易所_A,9582,,-1,0,-1,normal,,"2015/06/03 09:41:30 ""9582"" 空單進場目前倉位：-1 之前倉位：0 交易所_A(小型台指) 倍數：1, 本次下單：-1 , 帳戶實際倉位：-1 , 總倉位：-1"
14dacb8ab250a742,Mon Jun 01 2015 09:24:45 GMT+0800 (Taiwan Standard Time),Mon Jun 01 2015 09:24:35 GMT+0800 (Taiwan Standard Time),策略_TCA,交易所_A,9663,close_long,-1,1,0,normal,,"2015/06/01 09:24:35 ""9663"" 多單平倉目前倉位：0 之前倉位：1 交易所_A(小型台指) 倍數：1, 本次下單：-1 , 帳戶實際倉位：0 , 總倉位：0 策略_TCA"
14dacaaaa806c846,Mon Jun 01 2015 09:09:27 GMT+0800 (Taiwan Standard Time),Mon Jun 01 2015 09:09:17 GMT+0800 (Taiwan Standard Time),策略_TCA,交易所_A,9710,,1,0,1,normal,,"2015/06/01 09:09:17 ""9710"" 多單進場目前倉位：+1 之前倉位：0 交易所_A(小型台指) 倍數：1, 本次下單：1 , 帳戶實際倉位：1 , 總倉位：1 策略_TCA"
14d9832f000ce33a,Thu May 28 2015 09:45:17 GMT+0800 (Taiwan Standard Time),Thu May 28 2015 09:45:07 GMT+0800 (Taiwan Standard Time),策略_TCA,交易所_A,9686,close_long,-1,1,0,normal,,"2015/05/28 09:45:07 ""9686"" 多單平倉目前倉位：0 之前倉位：1 交易所_A(小型台指) 倍數：1, 本次下單：0 , 帳戶實際倉位：0 , 總倉位：0 策略_TCA"
14d8deccc4c1cc75,Tue May 26 2015 09:53:29 GMT+0800 (Taiwan Standard Time),Tue May 26 2015 09:53:19 GMT+0800 (Taiwan Standard Time),策略_TCA,交易所_A,9638,close_long,-1,1,0,normal,,"2015/05/26 09:53:19 ""9638"" 多單平倉目前倉位：0 之前倉位：1 交易所_A(小型台指) 倍數：1, 本次下單：-1 , 帳戶實際倉位：0 , 總倉位：0 策略_TCA"
14d89674f0824d80,Mon May 25 2015 12:49:12 GMT+0800 (Taiwan Standard Time),Mon May 25 2015 12:49:03 GMT+0800 (Taiwan Standard Time),策略_TCA,交易所_A,9635,,1,0,1,normal,,"2015/05/25 12:49:03 ""9635"" 多單進場目前倉位：+1 之前倉位：0 交易所_A(小型台指) 倍數：1, 本次下單：1 , 帳戶實際倉位：1 , 總倉位：1 策略_TCA"
14d8899e305bf672,Mon May 25 2015 09:04:43 GMT+0800 (Taiwan Standard Time),Mon May 25 2015 09:04:33 GMT+0800 (Taiwan Standard Time),策略_TCA,交易所_A,9583,close_long,-1,1,0,normal,,"2015/05/25 09:04:33 ""9583"" 多單平倉目前倉位：0 之前倉位：1 交易所_A(小型台指) 倍數：1, 本次下單：-1 , 帳戶實際倉位：0 , 總倉位：0 策略_TCA"
14d73ee7d226b0e6,Thu May 21 2015 08:45:10 GMT+0800 (Taiwan Standard Time),Thu May 21 2015 08:44:59 GMT+0800 (Taiwan Standard Time),策略_TCA,交易所_A,9646,,1,0,1,normal,,"2015/05/21 08:44:59 ""9646"" 多單進場目前倉位：+1 之前倉位：0 交易所_A(小型台指) 倍數：1, 本次下單：0 , 帳戶實際倉位：1 , 總倉位：1 策略_TCA"
14d6fb191923fa74,Wed May 20 2015 13:00:14 GMT+0800 (Taiwan Standard Time),Wed May 20 2015 13:00:04 GMT+0800 (Taiwan Standard Time),策略_TCA,交易所_A,9684,reduce_long,-1,2,1,normal,,"2015/05/20 13:00:04 ""9684"" 減碼多單目前倉位：+1 之前倉位：2 交易所_A(小型台指) 倍數：1, 本次下單：-1 , 帳戶實際倉位：1 , 總倉位：1"
14d6ed6599231bd3,Wed May 20 2015 09:00:24 GMT+0800 (Taiwan Standard Time),Wed May 20 2015 09:00:14 GMT+0800 (Taiwan Standard Time),策略_TCA,交易所_A,9705,add_long,1,1,2,normal,,"2015/05/20 09:00:14 ""9705"" 加碼多單目前倉位：+2 之前倉位：1 交易所_A(小型台指) 倍數：1, 本次下單：1 , 帳戶實際倉位：2 , 總倉位：2 策略_TCA"
14d6ec8692bd8915,Wed May 20 2015 08:45:11 GMT+0800 (Taiwan Standard Time),Wed May 20 2015 08:45:00 GMT+0800 (Taiwan Standard Time),策略_TCA,交易所_A,9703,reduce_long,-1,2,1,normal,,"2015/05/20 08:45:00 ""9703"" 減碼多單目前倉位：+1 之前倉位：2 交易所_A(小型台指) 倍數：1, 本次下單：-1 , 帳戶實際倉位：1 , 總倉位：1"
14d6ab1a34dde7e2,Tue May 19 2015 13:42:04 GMT+0800 (Taiwan Standard Time),Tue May 19 2015 13:41:54 GMT+0800 (Taiwan Standard Time),策略_TCA,交易所_A,9702,reduce_long,-1,3,2,normal,,"2015/05/19 13:41:54 ""9702"" 減碼多單目前倉位：+2 之前倉位：3 交易所_A(小型台指) 倍數：1, 本次下單：-1 , 帳戶實際倉位：2 , 總倉位：2"
14d6a9f080beb419,Tue May 19 2015 13:21:03 GMT+0800 (Taiwan Standard Time),Tue May 19 2015 13:20:54 GMT+0800 (Taiwan Standard Time),策略_TCA,交易所_A,9710,add_long,1,2,3,normal,,"2015/05/19 13:20:54 ""9710"" 加碼多單目前倉位：+3 之前倉位：2 交易所_A(小型台指) 倍數：1, 本次下單：1 , 帳戶實際倉位：3 , 總倉位：3 策略_TCA"
14d6a93b4e919d5c,Tue May 19 2015 13:09:12 GMT+0800 (Taiwan Standard Time),Tue May 19 2015 13:09:03 GMT+0800 (Taiwan Standard Time),策略_TCA,交易所_A,9706,reduce_long,-1,3,2,normal,,"2015/05/19 13:09:03 ""9706"" 減碼多單目前倉位：+2 之前倉位：3 交易所_A(小型台指) 倍數：1, 本次下單：-1 , 帳戶實際倉位：2 , 總倉位：2"
14d6a92005db7eea,Tue May 19 2015 13:07:33 GMT+0800 (Taiwan Standard Time),Tue May 19 2015 13:07:23 GMT+0800 (Taiwan Standard Time),策略_TCA,交易所_A,9704,reduce_long,-1,3,2,normal,,"2015/05/19 13:07:23 ""9704"" 減碼多單目前倉位：+2 之前倉位：3 交易所_A(小型台指) 倍數：1, 本次下單：-1 , 帳戶實際倉位：2 , 總倉位：2"
14d6a80e5c57c15f,Tue May 19 2015 12:48:51 GMT+0800 (Taiwan Standard Time),Tue May 19 2015 12:48:42 GMT+0800 (Taiwan Standard Time),策略_TCA,交易所_A,9708,add_long,1,2,3,normal,,"2015/05/19 12:48:42 ""9708"" 加碼多單目前倉位：+3 之前倉位：2 交易所_A(小型台指) 倍數：1, 本次下單：1 , 帳戶實際倉位：3 , 總倉位：3 策略_TCA"
14d6a5e8c852699b,Tue May 19 2015 12:11:21 GMT+0800 (Taiwan Standard Time),Tue May 19 2015 12:11:11 GMT+0800 (Taiwan Standard Time),策略_TCA,交易所_A,9702,reduce_long,-1,3,2,normal,,"2015/05/19 12:11:11 ""9702"" 減碼多單目前倉位：+2 之前倉位：3 交易所_A(小型台指) 倍數：1, 本次下單：-1 , 帳戶實際倉位：2 , 總倉位：2"
14d6a2b0f744d4ec,Tue May 19 2015 11:15:03 GMT+0800 (Taiwan Standard Time),Tue May 19 2015 11:14:54 GMT+0800 (Taiwan Standard Time),策略_TCA,交易所_A,9710,add_long,1,2,3,normal,,"2015/05/19 11:14:54 ""9710"" 加碼多單目前倉位：+3 之前倉位：2 交易所_A(小型台指) 倍數：1, 本次下單：1 , 帳戶實際倉位：3 , 總倉位：3 策略_TCA"
14d6a22dd56cb3b8,Tue May 19 2015 11:06:09 GMT+0800 (Taiwan Standard Time),Tue May 19 2015 11:05:59 GMT+0800 (Taiwan Standard Time),策略_TCA,交易所_A,9706,reduce_long,-1,3,2,normal,,"2015/05/19 11:05:59 ""9706"" 減碼多單目前倉位：+2 之前倉位：3 交易所_A(小型台指) 倍數：1, 本次下單：-1 , 帳戶實際倉位：2 , 總倉位：2"
14d6a1a8a4ab1012,Tue May 19 2015 10:57:04 GMT+0800 (Taiwan Standard Time),Tue May 19 2015 10:56:54 GMT+0800 (Taiwan Standard Time),策略_TCA,交易所_A,9708,add_long,1,2,3,normal,,"2015/05/19 10:56:54 ""9708"" 加碼多單目前倉位：+3 之前倉位：2 交易所_A(小型台指) 倍數：1, 本次下單：1 , 帳戶實際倉位：3 , 總倉位：3 策略_TCA"
14d69ef99a1759b7,Tue May 19 2015 10:09:03 GMT+0800 (Taiwan Standard Time),Tue May 19 2015 10:08:54 GMT+0800 (Taiwan Standard Time),策略_TCA,交易所_A,9703,reduce_long,-1,3,2,normal,,"2015/05/19 10:08:54 ""9703"" 減碼多單目前倉位：+2 之前倉位：3 交易所_A(小型台指) 倍數：1, 本次下單：-1 , 帳戶實際倉位：2 , 總倉位：2"
14d69e399d04f12c,Tue May 19 2015 09:57:03 GMT+0800 (Taiwan Standard Time),Tue May 19 2015 09:56:53 GMT+0800 (Taiwan Standard Time),策略_TCA,交易所_A,9716,add_long,1,2,3,normal,,"2015/05/19 09:56:53 ""9716"" 加碼多單目前倉位：+3 之前倉位：2 交易所_A(小型台指) 倍數：1, 本次下單：1 , 帳戶實際倉位：3 , 總倉位：3 策略_TCA"
14d69c8ca630de42,Tue May 19 2015 09:27:33 GMT+0800 (Taiwan Standard Time),Tue May 19 2015 09:27:23 GMT+0800 (Taiwan Standard Time),策略_TCA,交易所_A,9685,add_long,1,1,2,normal,,"2015/05/19 09:27:23 ""9685"" 加碼多單目前倉位：+2 之前倉位：1 交易所_A(小型台指) 倍數：1, 本次下單：1 , 帳戶實際倉位：2 , 總倉位：2 策略_TCA"
14d50f1caa8bd880,Thu May 14 2015 13:42:08 GMT+0800 (Taiwan Standard Time),Thu May 14 2015 13:41:59 GMT+0800 (Taiwan Standard Time),策略_TCA,交易所_A,9609,reduce_short,1,-2,-1,normal,,"2015/05/14 13:41:59 ""9609"" 減碼空單目前倉位：-1 之前倉位：-2 交易所_A(小型台指) 倍數：1, 本次下單：1 , 帳戶實際倉位：-1 , 總倉位：-1"
14d5013562001e41,Thu May 14 2015 09:39:10 GMT+0800 (Taiwan Standard Time),Thu May 14 2015 09:39:00 GMT+0800 (Taiwan Standard Time),策略_TCA,交易所_A,9653,add_short,-1,-1,-2,normal,,"2015/05/14 09:39:00 ""9653"" 加碼空單目前倉位：-2 之前倉位：-1 交易所_A(小型台指) 倍數：1, 本次下單：-1 , 帳戶實際倉位：-2 , 總倉位：-2"
14d500fae18523f8,Thu May 14 2015 09:35:11 GMT+0800 (Taiwan Standard Time),Thu May 14 2015 09:35:01 GMT+0800 (Taiwan Standard Time),策略_TCA,交易所_A,9662,long_to_short,-2,1,-1,normal,,"2015/05/14 09:35:01 ""9662"" 多翻空目前倉位：-1 之前倉位：1 交易所_A(小型台指) 倍數：1, 本次下單：-2 , 帳戶實際倉位：-1 , 總倉位：-1"
14d4fe597f8adb75,Thu May 14 2015 08:49:10 GMT+0800 (Taiwan Standard Time),Thu May 14 2015 08:49:00 GMT+0800 (Taiwan Standard Time),策略_TCA,交易所_A,9718,reduce_long,-1,2,1,normal,,"2015/05/14 08:49:00 ""9718"" 減碼多單目前倉位：+1 之前倉位：2 交易所_A(小型台指) 倍數：1, 本次下單：-1 , 帳戶實際倉位：1 , 總倉位：1"
14d4b002e97e0b93,Wed May 13 2015 10:00:10 GMT+0800 (Taiwan Standard Time),Wed May 13 2015 10:00:00 GMT+0800 (Taiwan Standard Time),策略_TCA,交易所_A,9765,add_long,1,1,2,normal,,"2015/05/13 10:00:00 ""9765"" 加碼多單目前倉位：+2 之前倉位：1 交易所_A(小型台指) 倍數：1, 本次下單：1 , 帳戶實際倉位：2 , 總倉位：2 策略_TCA"
14d4afd73b38361c,Wed May 13 2015 09:57:11 GMT+0800 (Taiwan Standard Time),Wed May 13 2015 09:57:01 GMT+0800 (Taiwan Standard Time),策略_TCA,交易所_A,9760,reduce_long,-1,2,1,normal,,"2015/05/13 09:57:01 ""9760"" 減碼多單目前倉位：+1 之前倉位：2 交易所_A(小型台指) 倍數：1, 本次下單：-1 , 帳戶實際倉位：1 , 總倉位：1"
14d4af45f623dbef,Wed May 13 2015 09:47:16 GMT+0800 (Taiwan Standard Time),Wed May 13 2015 09:47:06 GMT+0800 (Taiwan Standard Time),策略_TCA,交易所_A,9756,add_long,1,1,2,normal,,"2015/05/13 09:47:06 ""9756"" 加碼多單目前倉位：+2 之前倉位：1 交易所_A(小型台指) 倍數：1, 本次下單：1 , 帳戶實際倉位：2 , 總倉位：2 策略_TCA"
14d4ade805d7b07d,Wed May 13 2015 09:23:15 GMT+0800 (Taiwan Standard Time),Wed May 13 2015 09:23:04 GMT+0800 (Taiwan Standard Time),策略_TCA,交易所_A,9748,short_to_long,2,-1,1,normal,,"2015/05/13 09:23:04 ""9748"" 空翻多目前倉位：+1 之前倉位：-1 交易所_A(小型台指) 倍數：1, 本次下單：2 , 帳戶實際倉位：1 , 總倉位：1 策略_TCA"
14d30ff6a21c78ec,Fri May 08 2015 08:49:10 GMT+0800 (Taiwan Standard Time),Fri May 08 2015 08:48:58 GMT+0800 (Taiwan Standard Time),策略_TCA,交易所_A,9766,,-1,0,-1,normal,,"2015/05/08 08:48:58 ""9766"" 空單進場目前倉位：-1 之前倉位：0 交易所_A(小型台指) 倍數：1, 本次下單：-1 , 帳戶實際倉位：-1 , 總倉位：-1"
14d03b2675537bf2,Wed Apr 29 2015 13:42:04 GMT+0800 (Taiwan Standard Time),Wed Apr 29 2015 13:41:55 GMT+0800 (Taiwan Standard Time),策略_TCA,交易所_A,9901,close_short,1,-1,0,normal,,"2015/04/29 13:41:55 ""9901"" 空單平倉目前倉位：0 之前倉位：-1 交易所_A(小型台指) 倍數：1, 本次下單：1 , 帳戶實際倉位：0 , 總倉位：0 策略_TCA"
14d02fad5eefd182,Wed Apr 29 2015 10:21:04 GMT+0800 (Taiwan Standard Time),Wed Apr 29 2015 10:20:55 GMT+0800 (Taiwan Standard Time),策略_TCA,交易所_A,9932,,-1,0,-1,normal,,"2015/04/29 10:20:55 ""9932"" 空單進場目前倉位：-1 之前倉位：0 交易所_A(小型台指) 倍數：1, 本次下單：-1 , 帳戶實際倉位：-1 , 總倉位：-1"
14d02f851751bda4,Wed Apr 29 2015 10:18:50 GMT+0800 (Taiwan Standard Time),Wed Apr 29 2015 10:18:40 GMT+0800 (Taiwan Standard Time),策略_TCA,交易所_A,9945,close_long,-1,1,0,normal,,"2015/04/29 10:18:40 ""9945"" 多單平倉目前倉位：0 之前倉位：1 交易所_A(小型台指) 倍數：1, 本次下單：-1 , 帳戶實際倉位：0 , 總倉位：0 策略_TCA"
14d02a62e6332ca8,Wed Apr 29 2015 08:49:05 GMT+0800 (Taiwan Standard Time),Wed Apr 29 2015 08:48:55 GMT+0800 (Taiwan Standard Time),策略_TCA,交易所_A,9969,reduce_long,-1,2,1,normal,,"2015/04/29 08:48:55 ""9969"" 減碼多單目前倉位：+1 之前倉位：2 交易所_A(小型台指) 倍數：1, 本次下單：0 , 帳戶實際倉位：1 , 總倉位：1 策略_TCA"
14cfe8e1a0f79bbe,Tue Apr 28 2015 13:43:25 GMT+0800 (Taiwan Standard Time),Tue Apr 28 2015 13:43:11 GMT+0800 (Taiwan Standard Time),策略_TCA,交易所_A,9992,reduce_long,-1,2,1,normal,,"2015/04/28 13:43:11 ""9992"" 減碼多單目前倉位：+1 之前倉位：2 交易所_A(小型台指) 倍數：1, 本次下單：-1 , 帳戶實際倉位：1 , 總倉位：1"
14cfd7fcbf73fd60,Tue Apr 28 2015 08:49:05 GMT+0800 (Taiwan Standard Time),Tue Apr 28 2015 08:48:56 GMT+0800 (Taiwan Standard Time),策略_TCA,交易所_A,9998,add_long,1,1,2,normal,,"2015/04/28 08:48:56 ""9998"" 加碼多單目前倉位：+2 之前倉位：1 交易所_A(小型台指) 倍數：1, 本次下單：2 , 帳戶實際倉位：2 , 總倉位：2 策略_TCA"
14ce4cc405534fb3,Thu Apr 23 2015 13:42:09 GMT+0800 (Taiwan Standard Time),Thu Apr 23 2015 13:41:59 GMT+0800 (Taiwan Standard Time),策略_TCA,交易所_A,9827,close_long,-3,3,0,normal,,"2015/04/23 13:41:59 ""9827"" 多單平倉目前倉位：0 之前倉位：3 交易所_A(小型台指) 倍數：1, 本次下單：-3 , 帳戶實際倉位：0 , 總倉位：0 策略_TCA"
14ce4c4bc978f326,Thu Apr 23 2015 13:33:56 GMT+0800 (Taiwan Standard Time),Thu Apr 23 2015 13:33:47 GMT+0800 (Taiwan Standard Time),策略_TCA,交易所_A,9818,add_long,1,2,3,normal,,"2015/04/23 13:33:47 ""9818"" 加碼多單目前倉位：+3 之前倉位：2 交易所_A(小型台指) 倍數：1, 本次下單：1 , 帳戶實際倉位：3 , 總倉位：3 策略_TCA"
14ce473f1a81752f,Thu Apr 23 2015 12:05:25 GMT+0800 (Taiwan Standard Time),Thu Apr 23 2015 12:05:15 GMT+0800 (Taiwan Standard Time),策略_TCA,交易所_A,9824,add_long,1,2,3,normal,,"2015/04/23 12:05:15 ""9824"" 加碼多單目前倉位：+3 之前倉位：2 交易所_A(小型台指) 倍數：1, 本次下單：1 , 帳戶實際倉位：3 , 總倉位：3 策略_TCA"
14ce473ed067a881,Thu Apr 23 2015 12:05:41 GMT+0800 (Taiwan Standard Time),Thu Apr 23 2015 12:05:31 GMT+0800 (Taiwan Standard Time),策略_TCA,交易所_A,9828,reduce_long,-1,3,2,normal,,"2015/04/23 12:05:31 ""9828"" 減碼多單目前倉位：+2 之前倉位：3 交易所_A(小型台指) 倍數：1, 本次下單：-1 , 帳戶實際倉位：2 , 總倉位：2"
14ce470a4aacfe0f,Thu Apr 23 2015 12:02:04 GMT+0800 (Taiwan Standard Time),Thu Apr 23 2015 12:01:55 GMT+0800 (Taiwan Standard Time),策略_TCA,交易所_A,9811,add_long,1,1,2,normal,,"2015/04/23 12:01:55 ""9811"" 加碼多單目前倉位：+2 之前倉位：1 交易所_A(小型台指) 倍數：1, 本次下單：1 , 帳戶實際倉位：2 , 總倉位：2 策略_TCA"
14ce47088919878c,Thu Apr 23 2015 12:01:58 GMT+0800 (Taiwan Standard Time),Thu Apr 23 2015 12:01:47 GMT+0800 (Taiwan Standard Time),策略_TCA,交易所_A,9809,short_to_long,4,-3,1,normal,,"2015/04/23 12:01:47 ""9809"" 空翻多目前倉位：+1 之前倉位：-3 交易所_A(小型台指) 倍數：1, 本次下單：4 , 帳戶實際倉位：1 , 總倉位：1 策略_TCA"
14cc509868c0ee95,Fri Apr 17 2015 09:41:13 GMT+0800 (Taiwan Standard Time),Fri Apr 17 2015 09:41:03 GMT+0800 (Taiwan Standard Time),策略_TCA,交易所_A,9580,add_short,-1,-2,-3,normal,,"2015/04/17 09:41:03 ""9580"" 加碼空單目前倉位：-3 之前倉位：-2 交易所_A(小型台指) 倍數：1, 本次下單：-1 , 帳戶實際倉位：-3 , 總倉位：-3"
14cc4ea532338a66,Fri Apr 17 2015 09:07:08 GMT+0800 (Taiwan Standard Time),Fri Apr 17 2015 09:06:57 GMT+0800 (Taiwan Standard Time),策略_TCA,交易所_A,9606,add_short,-1,-1,-2,normal,,"2015/04/17 09:06:57 ""9606"" 加碼空單目前倉位：-2 之前倉位：-1 交易所_A(小型台指) 倍數：1, 本次下單：-1 , 帳戶實際倉位：-2 , 總倉位：-2"
14cc0ba9e8d861a2,Thu Apr 16 2015 13:35:38 GMT+0800 (Taiwan Standard Time),Thu Apr 16 2015 13:35:28 GMT+0800 (Taiwan Standard Time),策略_TCA,交易所_A,9646,,-1,0,-1,normal,,"2015/04/16 13:35:28 ""9646"" 空單進場目前倉位：-1 之前倉位：0 交易所_A(小型台指) 倍數：1, 本次下單：-1 , 帳戶實際倉位：-1 , 總倉位：-1"
14cc0b8686bcde2b,Thu Apr 16 2015 13:34:09 GMT+0800 (Taiwan Standard Time),Thu Apr 16 2015 13:33:59 GMT+0800 (Taiwan Standard Time),策略_TCA,交易所_A,9641,close_short,1,-1,0,normal,,"2015/04/16 13:33:59 ""9641"" 空單平倉目前倉位：0 之前倉位：-1 交易所_A(小型台指) 倍數：1, 本次下單：1 , 帳戶實際倉位：0 , 總倉位：0 策略_TCA"
14cc0b4246f1304e,Thu Apr 16 2015 13:27:32 GMT+0800 (Taiwan Standard Time),Thu Apr 16 2015 13:27:22 GMT+0800 (Taiwan Standard Time),策略_TCA,交易所_A,9632,reduce_short,2,-3,-1,normal,,"2015/04/16 13:27:22 ""9632"" 減碼空單目前倉位：-1 之前倉位：-3 交易所_A(小型台指) 倍數：1, 本次下單：2 , 帳戶實際倉位：-1 , 總倉位：-1"
14cbfe03c310c853,Thu Apr 16 2015 09:38:02 GMT+0800 (Taiwan Standard Time),Thu Apr 16 2015 09:37:50 GMT+0800 (Taiwan Standard Time),策略_TCA,交易所_A,0,add_short,-1,-2,-3,normal,,"2015/04/16 09:37:50 ""0"" 加碼空單目前倉位：-3 之前倉位：-2 交易所_A(小型台指) 倍數：1, 本次下單：-3 , 帳戶實際倉位：-6 , 總倉位：-6"
14cbac069db7acdb,Wed Apr 15 2015 09:44:21 GMT+0800 (Taiwan Standard Time),Wed Apr 15 2015 09:44:11 GMT+0800 (Taiwan Standard Time),策略_TCA,交易所_A,9566,add_short,-1,-2,-3,normal,,"2015/04/15 09:44:11 ""9566"" 加碼空單目前倉位：-3 之前倉位：-2 交易所_A(小型台指) 倍數：1, 本次下單：-1 , 帳戶實際倉位：-3 , 總倉位：-3"
14cb040671b7ea8a,Mon Apr 13 2015 08:49:07 GMT+0800 (Taiwan Standard Time),Mon Apr 13 2015 08:48:56 GMT+0800 (Taiwan Standard Time),策略_TCA,交易所_A,9657,reduce_short,1,-3,-2,normal,,"2015/04/13 08:48:56 ""9657"" 減碼空單目前倉位：-2 之前倉位：-3 交易所_A(小型台指) 倍數：1, 本次下單：1 , 帳戶實際倉位：-2 , 總倉位：-2"
14ca0cd5402bb856,Fri Apr 10 2015 08:49:14 GMT+0800 (Taiwan Standard Time),Fri Apr 10 2015 08:49:04 GMT+0800 (Taiwan Standard Time),策略_TCA,交易所_A,9662,add_short,-1,-2,-3,normal,,"2015/04/10 08:49:04 ""9662"" 加碼空單目前倉位：-3 之前倉位：-2 交易所_A(小型台指) 倍數：1, 本次下單：-1 , 帳戶實際倉位：-3 , 總倉位：-3"
14c9c1496e2e9100,Thu Apr 09 2015 10:48:55 GMT+0800 (Taiwan Standard Time),Thu Apr 09 2015 10:48:45 GMT+0800 (Taiwan Standard Time),策略_TCA,交易所_A,9616,long_to_short,-3,1,-2,normal,,"2015/04/09 10:48:45 ""9616"" 多翻空目前倉位：-2 之前倉位：1 交易所_A(小型台指) 倍數：1, 本次下單：-3 , 帳戶實際倉位：-2 , 總倉位：-2"
14c9bda3c5f4f8a5,Thu Apr 09 2015 09:45:10 GMT+0800 (Taiwan Standard Time),Thu Apr 09 2015 09:45:00 GMT+0800 (Taiwan Standard Time),策略_TCA,交易所_A,9659,short_to_long,2,-1,1,normal,,"2015/04/09 09:45:00 ""9659"" 空翻多目前倉位：+1 之前倉位：-1 交易所_A(小型台指) 倍數：1, 本次下單：2 , 帳戶實際倉位：1 , 總倉位：1 策略_TCA"
14c9bc7ae4ace97b,Thu Apr 09 2015 09:24:12 GMT+0800 (Taiwan Standard Time),Thu Apr 09 2015 09:24:01 GMT+0800 (Taiwan Standard Time),策略_TCA,交易所_A,9621,reduce_short,1,-2,-1,normal,,"2015/04/09 09:24:01 ""9621"" 減碼空單目前倉位：-1 之前倉位：-2 交易所_A(小型台指) 倍數：1, 本次下單：1 , 帳戶實際倉位：-1 , 總倉位：-1"
14c97298e61d5337,Wed Apr 08 2015 11:53:36 GMT+0800 (Taiwan Standard Time),Wed Apr 08 2015 11:53:26 GMT+0800 (Taiwan Standard Time),策略_TCA,交易所_A,9570,,-2,0,-2,normal,,"2015/04/08 11:53:26 ""9570"" 空單進場目前倉位：-2 之前倉位：0 交易所_A(小型台指) 倍數：1, 本次下單：-2 , 帳戶實際倉位：-2 , 總倉位：-2"
14c96b4375164e22,Wed Apr 08 2015 09:45:05 GMT+0800 (Taiwan Standard Time),Wed Apr 08 2015 09:44:55 GMT+0800 (Taiwan Standard Time),策略_TCA,交易所_A,9568,close_long,-2,2,0,normal,,"2015/04/08 09:44:55 ""9568"" 多單平倉目前倉位：0 之前倉位：2 交易所_A(小型台指) 倍數：1, 本次下單：-2 , 帳戶實際倉位：0 , 總倉位：0 策略_TCA"
14c78a6b57cd0d58,Thu Apr 02 2015 13:42:07 GMT+0800 (Taiwan Standard Time),Thu Apr 02 2015 13:41:57 GMT+0800 (Taiwan Standard Time),策略_TCA,交易所_A,9615,reduce_long,-1,3,2,normal,,"2015/04/02 13:41:57 ""9615"" 減碼多單目前倉位：+2 之前倉位：3 交易所_A(小型台指) 倍數：1, 本次下單：-1 , 帳戶實際倉位：2 , 總倉位：2"
14c77b7bf0db7fe9,Thu Apr 02 2015 09:21:06 GMT+0800 (Taiwan Standard Time),Thu Apr 02 2015 09:20:56 GMT+0800 (Taiwan Standard Time),策略_TCA,交易所_A,9606,add_long,1,2,3,normal,,"2015/04/02 09:20:56 ""9606"" 加碼多單目前倉位：+3 之前倉位：2 交易所_A(小型台指) 倍數：1, 本次下單：1 , 帳戶實際倉位：3 , 總倉位：3 策略_TCA"
14c77b074b34090c,Thu Apr 02 2015 09:13:09 GMT+0800 (Taiwan Standard Time),Thu Apr 02 2015 09:12:59 GMT+0800 (Taiwan Standard Time),策略_TCA,交易所_A,9569,,2,0,2,normal,,"2015/04/02 09:12:59 ""9569"" 多單進場目前倉位：+2 之前倉位：0 交易所_A(小型台指) 倍數：1, 本次下單：2 , 帳戶實際倉位：2 , 總倉位：2 策略_TCA"
14c77abcef618a74,Thu Apr 02 2015 09:08:03 GMT+0800 (Taiwan Standard Time),Thu Apr 02 2015 09:07:53 GMT+0800 (Taiwan Standard Time),策略_TCA,交易所_A,9558,close_short,2,-2,0,normal,,"2015/04/02 09:07:53 ""9558"" 空單平倉目前倉位：0 之前倉位：-2 交易所_A(小型台指) 倍數：1, 本次下單：2 , 帳戶實際倉位：0 , 總倉位：0 策略_TCA"
14c6dafe65a982fb,Tue Mar 31 2015 10:36:20 GMT+0800 (Taiwan Standard Time),Tue Mar 31 2015 10:36:10 GMT+0800 (Taiwan Standard Time),策略_TCA,交易所_A,9553,add_short,-1,-1,-2,normal,,"2015/03/31 10:36:10 ""9553"" 加碼空單目前倉位：-2 之前倉位：-1 交易所_A(小型台指) 倍數：1, 本次下單：-1 , 帳戶實際倉位：-2 , 總倉位：-2"
14c6da5921e04acc,Tue Mar 31 2015 10:24:57 GMT+0800 (Taiwan Standard Time),Tue Mar 31 2015 10:24:47 GMT+0800 (Taiwan Standard Time),策略_TCA,交易所_A,9558,reduce_short,1,-2,-1,normal,,"2015/03/31 10:24:47 ""9558"" 減碼空單目前倉位：-1 之前倉位：-2 交易所_A(小型台指) 倍數：1, 本次下單：1 , 帳戶實際倉位：-1 , 總倉位：-1"
14c591e811b8d986,Fri Mar 27 2015 10:45:07 GMT+0800 (Taiwan Standard Time),Fri Mar 27 2015 10:44:57 GMT+0800 (Taiwan Standard Time),策略_TCA,交易所_A,9541,add_short,-1,-1,-2,normal,,"2015/03/27 10:44:57 ""9541"" 加碼空單目前倉位：-2 之前倉位：-1 交易所_A(小型台指) 倍數：1, 本次下單：-1 , 帳戶實際倉位：-2 , 總倉位：-2"
14c53e61b1eae1a5,Thu Mar 26 2015 10:25:33 GMT+0800 (Taiwan Standard Time),Thu Mar 26 2015 10:25:20 GMT+0800 (Taiwan Standard Time),策略_TCA,交易所_A,9623,,-1,0,-1,normal,,"2015/03/26 10:25:20 ""9623"" 空單進場目前倉位：-1 之前倉位：0 交易所_A(小型台指) 倍數：1, 本次下單：-1 , 帳戶實際倉位：-1 , 總倉位：-1"
14c4e683e17c9836,Wed Mar 25 2015 08:49:12 GMT+0800 (Taiwan Standard Time),Wed Mar 25 2015 08:48:57 GMT+0800 (Taiwan Standard Time),策略_TCA,交易所_A,9723,close_long,-1,1,0,normal,,"2015/03/25 08:48:57 ""9723"" 多單平倉目前倉位：0 之前倉位：1 交易所_A(小型台指) 倍數：1, 本次下單：-1 , 帳戶實際倉位：0 , 總倉位：0 策略_TCA"
14c4a4d8f3ec8d6e,Tue Mar 24 2015 13:42:15 GMT+0800 (Taiwan Standard Time),Tue Mar 24 2015 13:41:59 GMT+0800 (Taiwan Standard Time),策略_TCA,交易所_A,9719,short_to_long,2,-1,1,normal,,"2015/03/24 13:41:59 ""9719"" 空翻多目前倉位：+1 之前倉位：-1 交易所_A(小型台指) 倍數：1, 本次下單：2 , 帳戶實際倉位：1 , 總倉位：1 策略_TCA"
14c497cbfe367fd7,Tue Mar 24 2015 09:54:11 GMT+0800 (Taiwan Standard Time),Tue Mar 24 2015 09:53:59 GMT+0800 (Taiwan Standard Time),策略_TCA,交易所_A,9706,long_to_short,-2,1,-1,normal,,"2015/03/24 09:53:59 ""9706"" 多翻空目前倉位：-1 之前倉位：1 交易所_A(小型台指) 倍數：1, 本次下單：-2 , 帳戶實際倉位：-1 , 總倉位：-1"
14c4962378e7013b,Tue Mar 24 2015 09:25:11 GMT+0800 (Taiwan Standard Time),Tue Mar 24 2015 09:24:59 GMT+0800 (Taiwan Standard Time),策略_TCA,交易所_A,9751,short_to_long,2,-1,1,normal,,"2015/03/24 09:24:59 ""9751"" 空翻多目前倉位：+1 之前倉位：-1 交易所_A(小型台指) 倍數：1, 本次下單：2 , 帳戶實際倉位：1 , 總倉位：1 策略_TCA"
14c450c48bb7dc0d,Mon Mar 23 2015 13:12:52 GMT+0800 (Taiwan Standard Time),Mon Mar 23 2015 13:12:41 GMT+0800 (Taiwan Standard Time),策略_TCA,交易所_A,9766,,-1,0,-1,normal,,"2015/03/23 13:12:41 ""9766"" 空單進場目前倉位：-1 之前倉位：0 交易所_A(小型台指) 倍數：1, 本次下單：-1 , 帳戶實際倉位：-1 , 總倉位：-1"
14c44a3d23f1b2de,Mon Mar 23 2015 11:18:45 GMT+0800 (Taiwan Standard Time),Mon Mar 23 2015 11:18:34 GMT+0800 (Taiwan Standard Time),策略_TCA,交易所_A,0,,-1,0,-1,normal,,"2015/03/23 11:18:34 ""0"" 空單進場目前倉位：-1 之前倉位：0 交易所_A(小型台指) 倍數：1, 本次下單：0 , 帳戶實際倉位：-1 , 總倉位：-1 策略_TCA"
14c443094670b072,Mon Mar 23 2015 09:12:54 GMT+0800 (Taiwan Standard Time),Mon Mar 23 2015 09:12:43 GMT+0800 (Taiwan Standard Time),策略_TCA,交易所_A,0,,-1,0,-1,normal,,"2015/03/23 09:12:43 ""0"" 空單進場目前倉位：-1 之前倉位：0 交易所_A(小型台指) 倍數：1, 本次下單：0 , 帳戶實際倉位：0 , 總倉位：0 策略_TCA"
14c442923f5ba442,Mon Mar 23 2015 09:04:46 GMT+0800 (Taiwan Standard Time),Mon Mar 23 2015 09:04:34 GMT+0800 (Taiwan Standard Time),策略_TCA,交易所_A,9743,,-1,0,-1,normal,,"2015/03/23 09:04:34 ""9743"" 空單進場目前倉位：-1 之前倉位：0 交易所_A(小型台指) 倍數：1, 本次下單：0 , 帳戶實際倉位：0 , 總倉位：0 策略_TCA"
14c2faba141dc544,Thu Mar 19 2015 09:35:00 GMT+0800 (Taiwan Standard Time),Thu Mar 19 2015 09:34:50 GMT+0800 (Taiwan Standard Time),策略_TCA,交易所_A,9716,close_long,-2,2,0,normal,,"2015/03/19 09:34:50 ""9716"" 多單平倉目前倉位：0 之前倉位：2 交易所_A(小型台指) 倍數：1, 本次下單：-2 , 帳戶實際倉位：0 , 總倉位：0 策略_TCA"
14c2f8ae32e0ee40,Thu Mar 19 2015 08:59:13 GMT+0800 (Taiwan Standard Time),Thu Mar 19 2015 08:59:02 GMT+0800 (Taiwan Standard Time),策略_TCA,交易所_A,0,short_to_long,3,-1,2,normal,,"2015/03/19 08:59:02 ""0"" 空翻多目前倉位：+2 之前倉位：-1 交易所_A(小型台指) 倍數：1, 本次下單：2 , 帳戶實際倉位：2 , 總倉位：2 策略_TCA"
14c2a9c5dece7d36,Wed Mar 18 2015 09:59:35 GMT+0800 (Taiwan Standard Time),Wed Mar 18 2015 09:59:25 GMT+0800 (Taiwan Standard Time),策略_TCA,交易所_A,9627,add_long,1,1,2,normal,,"2015/03/18 09:59:25 ""9627"" 加碼多單目前倉位：+2 之前倉位：1 交易所_A(小型台指) 倍數：1, 本次下單：1 , 帳戶實際倉位：2 , 總倉位：2 策略_TCA"
14c2a77175a74310,Wed Mar 18 2015 09:19:07 GMT+0800 (Taiwan Standard Time),Wed Mar 18 2015 09:18:56 GMT+0800 (Taiwan Standard Time),策略_TCA,交易所_A,9582,short_to_long,2,-1,1,normal,,"2015/03/18 09:18:56 ""9582"" 空翻多目前倉位：+1 之前倉位：-1 交易所_A(小型台指) 倍數：1, 本次下單：2 , 帳戶實際倉位：1 , 總倉位：1 策略_TCA"
14c2a5b443b168fa,Wed Mar 18 2015 08:49:13 GMT+0800 (Taiwan Standard Time),Wed Mar 18 2015 08:49:03 GMT+0800 (Taiwan Standard Time),策略_TCA,交易所_A,9576,,-1,0,-1,normal,,"2015/03/18 08:49:03 ""9576"" 空單進場目前倉位：-1 之前倉位：0 交易所_A(小型台指) 倍數：1, 本次下單：-1 , 帳戶實際倉位：-1 , 總倉位：-1"
14c25444eab6b066,Tue Mar 17 2015 09:06:16 GMT+0800 (Taiwan Standard Time),Tue Mar 17 2015 09:06:05 GMT+0800 (Taiwan Standard Time),策略_TCA,交易所_A,9616,close_short,1,-1,0,normal,,"2015/03/17 09:06:05 ""9616"" 空單平倉目前倉位：0 之前倉位：-1 交易所_A(小型台指) 倍數：1, 本次下單：1 , 帳戶實際倉位：0 , 總倉位：0 策略_TCA"
14c211aa325b1d1e,Mon Mar 16 2015 13:42:15 GMT+0800 (Taiwan Standard Time),Mon Mar 16 2015 13:42:04 GMT+0800 (Taiwan Standard Time),策略_TCA,交易所_A,9542,reduce_short,1,-2,-1,normal,,"2015/03/16 13:42:04 ""9542"" 減碼空單目前倉位：-1 之前倉位：-2 交易所_A(小型台指) 倍數：1, 本次下單：1 , 帳戶實際倉位：-1 , 總倉位：-1"
14c21151f2121b34,Mon Mar 16 2015 13:36:14 GMT+0800 (Taiwan Standard Time),Mon Mar 16 2015 13:36:04 GMT+0800 (Taiwan Standard Time),策略_TCA,交易所_A,9539,add_short,-1,-1,-2,normal,,"2015/03/16 13:36:04 ""9539"" 加碼空單目前倉位：-2 之前倉位：-1 交易所_A(小型台指) 倍數：1, 本次下單：-1 , 帳戶實際倉位：-2 , 總倉位：-2"
14c20f3883d3cbd1,Mon Mar 16 2015 12:59:31 GMT+0800 (Taiwan Standard Time),Mon Mar 16 2015 12:59:20 GMT+0800 (Taiwan Standard Time),策略_TCA,交易所_A,9555,,-1,0,-1,normal,,"2015/03/16 12:59:20 ""9555"" 空單進場目前倉位：-1 之前倉位：0 交易所_A(小型台指) 倍數：1, 本次下單：-1 , 帳戶實際倉位：-1 , 總倉位：-1"
14c119b3a127d4dd,Fri Mar 13 2015 13:28:14 GMT+0800 (Taiwan Standard Time),Fri Mar 13 2015 13:28:03 GMT+0800 (Taiwan Standard Time),策略_TCA,交易所_A,9597,close_long,-2,2,0,normal,,"2015/03/13 13:28:03 ""9597"" 多單平倉目前倉位：0 之前倉位：2 交易所_A(小型台指) 倍數：1, 本次下單：-2 , 帳戶實際倉位：0 , 總倉位：0 策略_TCA"
14c0bfb62a673fb1,Thu Mar 12 2015 11:15:21 GMT+0800 (Taiwan Standard Time),Thu Mar 12 2015 11:15:07 GMT+0800 (Taiwan Standard Time),策略_TCA,交易所_A,9597,add_long,1,1,2,normal,,"2015/03/12 11:15:07 ""9597"" 加碼多單目前倉位：+2 之前倉位：1 交易所_A(小型台指) 倍數：1, 本次下單：1 , 帳戶實際倉位：2 , 總倉位：2 策略_TCA"
14c0ba4107f77119,Thu Mar 12 2015 09:40:12 GMT+0800 (Taiwan Standard Time),Thu Mar 12 2015 09:40:01 GMT+0800 (Taiwan Standard Time),策略_TCA,交易所_A,9570,,1,0,1,normal,,"2015/03/12 09:40:01 ""9570"" 多單進場目前倉位：+1 之前倉位：0 交易所_A(小型台指) 倍數：1, 本次下單：1 , 帳戶實際倉位：1 , 總倉位：1 策略_TCA"
14c067aebadcbec0,Wed Mar 11 2015 09:37:40 GMT+0800 (Taiwan Standard Time),Wed Mar 11 2015 09:37:29 GMT+0800 (Taiwan Standard Time),策略_TCA,交易所_A,9500,close_short,1,-1,0,normal,,"2015/03/11 09:37:29 ""9500"" 空單平倉目前倉位：0 之前倉位：-1 交易所_A(小型台指) 倍數：1, 本次下單：1 , 帳戶實際倉位：0 , 總倉位：0 策略_TCA"
14c0234767113bec,Tue Mar 10 2015 13:42:13 GMT+0800 (Taiwan Standard Time),Tue Mar 10 2015 13:42:02 GMT+0800 (Taiwan Standard Time),策略_TCA,交易所_A,9533,reduce_short,1,-2,-1,normal,,"2015/03/10 13:42:02 ""9533"" 減碼空單目前倉位：-1 之前倉位：-2 交易所_A(小型台指) 倍數：1, 本次下單：1 , 帳戶實際倉位：-1 , 總倉位：-1"
14c017f66785e598,Tue Mar 10 2015 10:24:13 GMT+0800 (Taiwan Standard Time),Tue Mar 10 2015 10:24:02 GMT+0800 (Taiwan Standard Time),策略_TCA,交易所_A,9535,add_short,-1,-1,-2,normal,,"2015/03/10 10:24:02 ""9535"" 加碼空單目前倉位：-2 之前倉位：-1 交易所_A(小型台指) 倍數：1, 本次下單：-1 , 帳戶實際倉位：-2 , 總倉位：-2"
14bfc1af536575ea,Mon Mar 09 2015 09:16:37 GMT+0800 (Taiwan Standard Time),Mon Mar 09 2015 09:16:26 GMT+0800 (Taiwan Standard Time),策略_TCA,交易所_A,9571,long_to_short,-2,1,-1,normal,,"2015/03/09 09:16:26 ""9571"" 多翻空目前倉位：-1 之前倉位：1 交易所_A(小型台指) 倍數：1, 本次下單：-2 , 帳戶實際倉位：-1 , 總倉位：-1"
14bed927f6f9d8f7,Fri Mar 06 2015 13:32:54 GMT+0800 (Taiwan Standard Time),Fri Mar 06 2015 13:32:43 GMT+0800 (Taiwan Standard Time),策略_TCA,交易所_A,9634,short_to_long,2,-1,1,normal,,"2015/03/06 13:32:43 ""9634"" 空翻多目前倉位：+1 之前倉位：-1 交易所_A(小型台指) 倍數：1, 本次下單：2 , 帳戶實際倉位：1 , 總倉位：1 策略_TCA"
14be7cac883e0d58,Thu Mar 05 2015 10:35:58 GMT+0800 (Taiwan Standard Time),Thu Mar 05 2015 10:35:47 GMT+0800 (Taiwan Standard Time),策略_TCA,交易所_A,9600,,-1,0,-1,normal,,"2015/03/05 10:35:47 ""9600"" 空單進場目前倉位：-1 之前倉位：0 交易所_A(小型台指) 倍數：1, 本次下單：-1 , 帳戶實際倉位：-1 , 總倉位：-1"
14be26a4e9cd229b,Wed Mar 04 2015 09:32:40 GMT+0800 (Taiwan Standard Time),Wed Mar 04 2015 09:32:29 GMT+0800 (Taiwan Standard Time),策略_TCA,交易所_A,9623,close_short,1,-1,0,normal,,"2015/03/04 09:32:29 ""9623"" 空單平倉目前倉位：0 之前倉位：-1 交易所_A(小型台指) 倍數：1, 本次下單：1 , 帳戶實際倉位：0 , 總倉位：0 策略_TCA"
14be261641d20d44,Wed Mar 04 2015 09:23:24 GMT+0800 (Taiwan Standard Time),Wed Mar 04 2015 09:23:13 GMT+0800 (Taiwan Standard Time),策略_TCA,交易所_A,9613,reduce_short,1,-2,-1,normal,,"2015/03/04 09:23:13 ""9613"" 減碼空單目前倉位：-1 之前倉位：-2 交易所_A(小型台指) 倍數：1, 本次下單：1 , 帳戶實際倉位：-1 , 總倉位：-1"
14bd85f35bcc6d4b,Mon Mar 02 2015 10:44:26 GMT+0800 (Taiwan Standard Time),Mon Mar 02 2015 10:44:15 GMT+0800 (Taiwan Standard Time),策略_TCA,交易所_A,9623,add_short,-1,-1,-2,normal,,"2015/03/02 10:44:15 ""9623"" 加碼空單目前倉位：-2 之前倉位：-1 交易所_A(小型台指) 倍數：1, 本次下單：-1 , 帳戶實際倉位：-2 , 總倉位：-2"
14bbe32729851d8e,Wed Feb 25 2015 08:45:13 GMT+0800 (Taiwan Standard Time),Wed Feb 25 2015 08:45:03 GMT+0800 (Taiwan Standard Time),策略_TCA,交易所_A,9694,,-1,0,-1,normal,,"2015/02/25 08:45:03 ""9694"" 空單進場目前倉位：-1 之前倉位：0 交易所_A(小型台指) 倍數：1, 本次下單：0 , 帳戶實際倉位：-1 , 總倉位：-1"
14b8078e499ee5ae,Fri Feb 13 2015 09:06:22 GMT+0800 (Taiwan Standard Time),Fri Feb 13 2015 09:06:11 GMT+0800 (Taiwan Standard Time),策略_TCA,交易所_A,9525,reduce_short,1,-2,-1,normal,,"2015/02/13 09:06:11 ""9525"" 減碼空單目前倉位：-1 之前倉位：-2 交易所_A(小型台指) 倍數：1, 本次下單：1 , 帳戶實際倉位：-1 , 總倉位：-1"
14b7b66ad08b6774,Thu Feb 12 2015 09:27:55 GMT+0800 (Taiwan Standard Time),Thu Feb 12 2015 09:27:42 GMT+0800 (Taiwan Standard Time),策略_TCA,交易所_A,9483,add_short,-1,-1,-2,normal,,"2015/02/12 09:27:42 ""9483"" 加碼空單目前倉位：-2 之前倉位：-1 交易所_A(小型台指) 倍數：1, 本次下單：-1 , 帳戶實際倉位：-2 , 總倉位：-2"
14b765c661e39767,Wed Feb 11 2015 09:58:39 GMT+0800 (Taiwan Standard Time),Wed Feb 11 2015 09:58:28 GMT+0800 (Taiwan Standard Time),策略_TCA,交易所_A,9482,reduce_short,2,-3,-1,normal,,"2015/02/11 09:58:28 ""9482"" 減碼空單目前倉位：-1 之前倉位：-3 交易所_A(小型台指) 倍數：1, 本次下單：2 , 帳戶實際倉位：-1 , 總倉位：-1"
14b7148d15562693,Tue Feb 10 2015 10:19:12 GMT+0800 (Taiwan Standard Time),Tue Feb 10 2015 10:19:01 GMT+0800 (Taiwan Standard Time),策略_TCA,交易所_A,9435,add_short,-2,-2,-4,normal,,"2015/02/10 10:19:01 ""9435"" 加碼空單目前倉位：-4 之前倉位：-2 交易所_A(小型台指) 倍數：1, 本次下單：-2 , 帳戶實際倉位：-4 , 總倉位：-4"
14b70f17d61dd0d1,Tue Feb 10 2015 08:44:05 GMT+0800 (Taiwan Standard Time),Tue Feb 10 2015 08:43:55 GMT+0800 (Taiwan Standard Time),策略_TCA,交易所_A,9450,add_short,-2,-1,-3,normal,,"2015/02/10 08:43:55 ""9450"" 加碼空單目前倉位：-3 之前倉位：-1 交易所_A(小型台指) 倍數：1, 本次下單：0 , 帳戶實際倉位：-1 , 總倉位：-1"
14b6bdca23bf3302,Mon Feb 09 2015 09:02:28 GMT+0800 (Taiwan Standard Time),Mon Feb 09 2015 09:02:18 GMT+0800 (Taiwan Standard Time),策略_TCA,交易所_A,9443,reduce_short,1,-2,-1,normal,,"2015/02/09 09:02:18 ""9443"" 減碼空單目前倉位：-1 之前倉位：-2 交易所_A(小型台指) 倍數：1, 本次下單：1 , 帳戶實際倉位：-1 , 總倉位：-1"
14b6bdaec4a2428d,Mon Feb 09 2015 09:00:58 GMT+0800 (Taiwan Standard Time),Mon Feb 09 2015 09:00:48 GMT+0800 (Taiwan Standard Time),策略_TCA,交易所_A,9438,add_short,-1,-1,-2,normal,,"2015/02/09 09:00:48 ""9438"" 加碼空單目前倉位：-2 之前倉位：-1 交易所_A(小型台指) 倍數：1, 本次下單：-1 , 帳戶實際倉位：-2 , 總倉位：-2"
14b6bd9168b703c4,Mon Feb 09 2015 08:59:22 GMT+0800 (Taiwan Standard Time),Mon Feb 09 2015 08:59:13 GMT+0800 (Taiwan Standard Time),策略_TCA,交易所_A,9443,reduce_short,1,-2,-1,normal,,"2015/02/09 08:59:13 ""9443"" 減碼空單目前倉位：-1 之前倉位：-2 交易所_A(小型台指) 倍數：1, 本次下單：1 , 帳戶實際倉位：-1 , 總倉位：-1"
14b6bd43f476db83,Mon Feb 09 2015 08:54:04 GMT+0800 (Taiwan Standard Time),Mon Feb 09 2015 08:53:53 GMT+0800 (Taiwan Standard Time),策略_TCA,交易所_A,9433,add_short,-1,-1,-2,normal,,"2015/02/09 08:53:53 ""9433"" 加碼空單目前倉位：-2 之前倉位：-1 交易所_A(小型台指) 倍數：1, 本次下單：-2 , 帳戶實際倉位：-2 , 總倉位：-2"
14b5cacfe1bd3df0,Fri Feb 06 2015 10:16:39 GMT+0800 (Taiwan Standard Time),Fri Feb 06 2015 10:16:28 GMT+0800 (Taiwan Standard Time),策略_TCA,交易所_A,9465,close_long,-2,2,0,normal,,"2015/02/06 10:16:28 ""9465"" 多單平倉目前倉位：0 之前倉位：2 交易所_A(小型台指) 倍數：1, 本次下單：-2 , 帳戶實際倉位：0 , 總倉位：0 策略_TCA"
14b57368a7967c72,Thu Feb 05 2015 08:49:09 GMT+0800 (Taiwan Standard Time),Thu Feb 05 2015 08:49:00 GMT+0800 (Taiwan Standard Time),策略_TCA,交易所_A,9505,add_long,1,1,2,normal,,"2015/02/05 08:49:00 ""9505"" 加碼多單目前倉位：+2 之前倉位：1 交易所_A(小型台指) 倍數：1, 本次下單：1 , 帳戶實際倉位：2 , 總倉位：2 策略_TCA"
14b52250394d0fe5,Wed Feb 04 2015 09:11:50 GMT+0800 (Taiwan Standard Time),Wed Feb 04 2015 09:11:39 GMT+0800 (Taiwan Standard Time),策略_TCA,交易所_A,9549,,1,0,1,normal,,"2015/02/04 09:11:39 ""9549"" 多單進場目前倉位：+1 之前倉位：0 交易所_A(小型台指) 倍數：1, 本次下單：1 , 帳戶實際倉位：1 , 總倉位：1 策略_TCA"
14b4d1970aaace55,Tue Feb 03 2015 09:41:24 GMT+0800 (Taiwan Standard Time),Tue Feb 03 2015 09:41:14 GMT+0800 (Taiwan Standard Time),策略_TCA,交易所_A,9450,close_short,1,-1,0,normal,,"2015/02/03 09:41:14 ""9450"" 空單平倉目前倉位：0 之前倉位：-1 交易所_A(小型台指) 倍數：1, 本次下單：1 , 帳戶實際倉位：0 , 總倉位：0 策略_TCA"
14b4d188f8013c57,Tue Feb 03 2015 09:40:25 GMT+0800 (Taiwan Standard Time),Tue Feb 03 2015 09:40:14 GMT+0800 (Taiwan Standard Time),策略_TCA,交易所_A,9435,reduce_short,1,-2,-1,normal,,"2015/02/03 09:40:14 ""9435"" 減碼空單目前倉位：-1 之前倉位：-2 交易所_A(小型台指) 倍數：1, 本次下單：1 , 帳戶實際倉位：-1 , 總倉位：-1"
14b482b320d8a5c5,Mon Feb 02 2015 10:42:44 GMT+0800 (Taiwan Standard Time),Mon Feb 02 2015 10:42:33 GMT+0800 (Taiwan Standard Time),策略_TCA,交易所_A,9400,reduce_short,3,-4,-1,normal,,"2015/02/02 10:42:33 ""9400"" 減碼空單目前倉位：-1 之前倉位：-4 交易所_A(小型台指) 倍數：1, 本次下單：3 , 帳戶實際倉位：-1 , 總倉位：-1"
14b47e1ee0ca25c5,Mon Feb 02 2015 09:22:42 GMT+0800 (Taiwan Standard Time),Mon Feb 02 2015 09:22:32 GMT+0800 (Taiwan Standard Time),策略_TCA,交易所_A,9392,add_short,-1,-3,-4,normal,,"2015/02/02 09:22:32 ""9392"" 加碼空單目前倉位：-4 之前倉位：-3 交易所_A(小型台指) 倍數：1, 本次下單：-1 , 帳戶實際倉位：-4 , 總倉位：-4"
14b47cb0a1822fbe,Mon Feb 02 2015 08:57:42 GMT+0800 (Taiwan Standard Time),Mon Feb 02 2015 08:57:32 GMT+0800 (Taiwan Standard Time),策略_TCA,交易所_A,9401,reduce_short,1,-4,-3,normal,,"2015/02/02 08:57:32 ""9401"" 減碼空單目前倉位：-3 之前倉位：-4 交易所_A(小型台指) 倍數：1, 本次下單：1 , 帳戶實際倉位：-3 , 總倉位：-3"
14b394f1cf1a2a46,Fri Jan 30 2015 13:26:49 GMT+0800 (Taiwan Standard Time),Fri Jan 30 2015 13:26:39 GMT+0800 (Taiwan Standard Time),策略_TCA,交易所_A,9397,add_short,-1,-2,-3,normal,,"2015/01/30 13:26:39 ""9397"" 加碼空單目前倉位：-3 之前倉位：-2 交易所_A(小型台指) 倍數：1, 本次下單：-1 , 帳戶實際倉位：-3 , 總倉位：-3"
14b3421415113318,Thu Jan 29 2015 13:18:57 GMT+0800 (Taiwan Standard Time),Thu Jan 29 2015 13:18:45 GMT+0800 (Taiwan Standard Time),策略_TCA,交易所_A,9437,reduce_short,1,-3,-2,normal,,"2015/01/29 13:18:45 ""9437"" 減碼空單目前倉位：-2 之前倉位：-3 交易所_A(小型台指) 倍數：1, 本次下單：1 , 帳戶實際倉位：-2 , 總倉位：-2"
14b33b6df002522f,Thu Jan 29 2015 11:22:25 GMT+0800 (Taiwan Standard Time),Thu Jan 29 2015 11:22:12 GMT+0800 (Taiwan Standard Time),策略_TCA,交易所_A,9434,long_to_short,-4,1,-3,normal,,"2015/01/29 11:22:12 ""9434"" 多翻空目前倉位：-3 之前倉位：1 交易所_A(小型台指) 倍數：1, 本次下單：-4 , 帳戶實際倉位：-3 , 總倉位：-3"
14b33422b83c525e,Thu Jan 29 2015 09:15:08 GMT+0800 (Taiwan Standard Time),Thu Jan 29 2015 09:14:57 GMT+0800 (Taiwan Standard Time),策略_TCA,交易所_A,9447,reduce_long,-3,4,1,normal,,"2015/01/29 09:14:57 ""9447"" 減碼多單目前倉位：+1 之前倉位：4 交易所_A(小型台指) 倍數：1, 本次下單：-3 , 帳戶實際倉位：1 , 總倉位：1"
14b0f1b829bd7c52,Thu Jan 22 2015 08:47:10 GMT+0800 (Taiwan Standard Time),Thu Jan 22 2015 08:46:59 GMT+0800 (Taiwan Standard Time),策略_TCA,交易所_A,0,add_long,2,1,3,normal,,"2015/01/22 08:46:59 ""0"" 加碼多單目前倉位：+3 之前倉位：1 交易所_A(小型台指) 倍數：1, 本次下單：3 , 帳戶實際倉位：6 , 總倉位：6 策略_TCA"
14b0f19efa068faa,Thu Jan 22 2015 08:45:12 GMT+0800 (Taiwan Standard Time),Thu Jan 22 2015 08:45:02 GMT+0800 (Taiwan Standard Time),策略_TCA,交易所_A,9359,add_long,2,1,3,normal,,"2015/01/22 08:45:02 ""9359"" 加碼多單目前倉位：+3 之前倉位：1 交易所_A(小型台指) 倍數：1, 本次下單：0 , 帳戶實際倉位：3 , 總倉位：3 策略_TCA"
14b051fdc581d0ce,Tue Jan 20 2015 10:15:16 GMT+0800 (Taiwan Standard Time),Tue Jan 20 2015 10:15:03 GMT+0800 (Taiwan Standard Time),策略_TCA,交易所_A,9250,,3,0,3,normal,,"2015/01/20 10:15:03 ""9250"" 多單進場目前倉位：+3 之前倉位：0 交易所_A(小型台指) 倍數：1, 本次下單：3 , 帳戶實際倉位：3 , 總倉位：3 策略_TCA"
14b04fcf0cdcfc8d,Tue Jan 20 2015 09:37:04 GMT+0800 (Taiwan Standard Time),Tue Jan 20 2015 09:36:47 GMT+0800 (Taiwan Standard Time),策略_TCA,交易所_A,9229,close_short,2,-2,0,normal,,"2015/01/20 09:36:47 ""9229"" 空單平倉目前倉位：0 之前倉位：-2 交易所_A(小型台指) 倍數：1, 本次下單：2 , 帳戶實際倉位：0 , 總倉位：0 策略_TCA"
14b04fc5680ebddf,Tue Jan 20 2015 09:36:51 GMT+0800 (Taiwan Standard Time),Tue Jan 20 2015 09:36:41 GMT+0800 (Taiwan Standard Time),策略_TCA,交易所_A,9224,reduce_short,1,-3,-2,normal,,"2015/01/20 09:36:41 ""9224"" 減碼空單目前倉位：-2 之前倉位：-3 交易所_A(小型台指) 倍數：1, 本次下單：1 , 帳戶實際倉位：-2 , 總倉位：-2"
14b04e196bd45857,Tue Jan 20 2015 09:06:56 GMT+0800 (Taiwan Standard Time),Tue Jan 20 2015 09:06:42 GMT+0800 (Taiwan Standard Time),策略_TCA,交易所_A,9186,add_short,-1,-2,-3,normal,,"2015/01/20 09:06:42 ""9186"" 加碼空單目前倉位：-3 之前倉位：-2 交易所_A(小型台指) 倍數：1, 本次下單：-1 , 帳戶實際倉位：-3 , 總倉位：-3"
14affba01fdf7a00,Mon Jan 19 2015 09:06:27 GMT+0800 (Taiwan Standard Time),Mon Jan 19 2015 09:06:14 GMT+0800 (Taiwan Standard Time),策略_TCA,交易所_A,9235,reduce_short,1,-3,-2,normal,,"2015/01/19 09:06:14 ""9235"" 減碼空單目前倉位：-2 之前倉位：-3 交易所_A(小型台指) 倍數：1, 本次下單：1 , 帳戶實際倉位：-2 , 總倉位：-2"
14af0e0d17cc2156,Fri Jan 16 2015 11:54:09 GMT+0800 (Taiwan Standard Time),Fri Jan 16 2015 11:53:59 GMT+0800 (Taiwan Standard Time),策略_TCA,交易所_A,9142,reduce_short,1,-4,-3,normal,,"2015/01/16 11:53:59 ""9142"" 減碼空單目前倉位：-3 之前倉位：-4 交易所_A(小型台指) 倍數：1, 本次下單：1 , 帳戶實際倉位：-3 , 總倉位：-3"
14aeb4408984f807,Thu Jan 15 2015 09:45:11 GMT+0800 (Taiwan Standard Time),Thu Jan 15 2015 09:45:01 GMT+0800 (Taiwan Standard Time),策略_TCA,交易所_A,9140,add_short,-1,-3,-4,normal,,"2015/01/15 09:45:01 ""9140"" 加碼空單目前倉位：-4 之前倉位：-3 交易所_A(小型台指) 倍數：1, 本次下單：-1 , 帳戶實際倉位：-4 , 總倉位：-4"
14aeb436df18d38b,Thu Jan 15 2015 09:43:53 GMT+0800 (Taiwan Standard Time),Thu Jan 15 2015 09:43:42 GMT+0800 (Taiwan Standard Time),策略_TCA,交易所_A,9152,add_short,-1,-2,-3,normal,,"2015/01/15 09:43:42 ""9152"" 加碼空單目前倉位：-3 之前倉位：-2 交易所_A(小型台指) 倍數：1, 本次下單：-1 , 帳戶實際倉位：-3 , 總倉位：-3"
14aeb1ba9f7370a0,Thu Jan 15 2015 09:00:18 GMT+0800 (Taiwan Standard Time),Thu Jan 15 2015 09:00:08 GMT+0800 (Taiwan Standard Time),策略_TCA,交易所_A,9208,reduce_short,1,-3,-2,normal,,"2015/01/15 09:00:08 ""9208"" 減碼空單目前倉位：-2 之前倉位：-3 交易所_A(小型台指) 倍數：1, 本次下單：1 , 帳戶實際倉位：-2 , 總倉位：-2"
14aeb11651c3ba99,Thu Jan 15 2015 08:49:33 GMT+0800 (Taiwan Standard Time),Thu Jan 15 2015 08:49:01 GMT+0800 (Taiwan Standard Time),策略_TCA,交易所_A,9199,reduce_short,1,-3,-2,normal,,"2015/01/15 08:49:01 ""9199"" 減碼空單目前倉位：-2 之前倉位：-3 交易所_A(小型台指) 倍數：1, 本次下單：2 , 帳戶實際倉位：-2 , 總倉位：-2"
14aeb114712e85b7,Thu Jan 15 2015 08:49:17 GMT+0800 (Taiwan Standard Time),Thu Jan 15 2015 08:49:07 GMT+0800 (Taiwan Standard Time),策略_TCA,交易所_A,9199,add_short,-1,-2,-3,normal,,"2015/01/15 08:49:07 ""9199"" 加碼空單目前倉位：-3 之前倉位：-2 交易所_A(小型台指) 倍數：1, 本次下單：-1 , 帳戶實際倉位：-3 , 總倉位：-3"
14ae6f4b38063053,Wed Jan 14 2015 13:40:02 GMT+0800 (Taiwan Standard Time),Wed Jan 14 2015 13:39:51 GMT+0800 (Taiwan Standard Time),策略_TCA,交易所_A,9172,add_short,-1,-3,-4,normal,,"2015/01/14 13:39:51 ""9172"" 加碼空單目前倉位：-4 之前倉位：-3 交易所_A(小型台指) 倍數：1, 本次下單：-1 , 帳戶實際倉位：-4 , 總倉位：-4"
14ae6e73a9f123eb,Wed Jan 14 2015 13:25:13 GMT+0800 (Taiwan Standard Time),Wed Jan 14 2015 13:25:02 GMT+0800 (Taiwan Standard Time),策略_TCA,交易所_A,9183,reduce_short,1,-4,-3,normal,,"2015/01/14 13:25:02 ""9183"" 減碼空單目前倉位：-3 之前倉位：-4 交易所_A(小型台指) 倍數：1, 本次下單：1 , 帳戶實際倉位：-3 , 總倉位：-3"
14ae61df13defe8b,Wed Jan 14 2015 09:45:21 GMT+0800 (Taiwan Standard Time),Wed Jan 14 2015 09:45:08 GMT+0800 (Taiwan Standard Time),策略_TCA,交易所_A,9170,long_to_short,-6,2,-4,normal,,"2015/01/14 09:45:08 ""9170"" 多翻空目前倉位：-4 之前倉位：2 交易所_A(小型台指) 倍數：1, 本次下單：-6 , 帳戶實際倉位：-4 , 總倉位：-4"
14ae61db3696534f,Wed Jan 14 2015 09:45:13 GMT+0800 (Taiwan Standard Time),Wed Jan 14 2015 09:45:01 GMT+0800 (Taiwan Standard Time),策略_TCA,交易所_A,9180,reduce_long,-1,3,2,normal,,"2015/01/14 09:45:01 ""9180"" 減碼多單目前倉位：+2 之前倉位：3 交易所_A(小型台指) 倍數：1, 本次下單：-1 , 帳戶實際倉位：2 , 總倉位：2"
14adc277f53a4f3f,Mon Jan 12 2015 11:19:39 GMT+0800 (Taiwan Standard Time),Mon Jan 12 2015 11:19:27 GMT+0800 (Taiwan Standard Time),策略_TCA,交易所_A,9188,reduce_long,-2,3,1,normal,,"2015/01/12 11:19:27 ""9188"" 減碼多單目前倉位：+1 之前倉位：3 交易所_A(小型台指) 倍數：1, 本次下單：-2 , 帳戶實際倉位：1 , 總倉位：1"
14ac737883e46ae5,Thu Jan 08 2015 09:45:12 GMT+0800 (Taiwan Standard Time),Thu Jan 08 2015 09:45:02 GMT+0800 (Taiwan Standard Time),策略_TCA,交易所_A,9228,add_long,1,3,4,normal,,"2015/01/08 09:45:02 ""9228"" 加碼多單目前倉位：+4 之前倉位：3 交易所_A(小型台指) 倍數：1, 本次下單：1 , 帳戶實際倉位：4 , 總倉位：4 策略_TCA"
14ac725394bac079,Thu Jan 08 2015 09:25:12 GMT+0800 (Taiwan Standard Time),Thu Jan 08 2015 09:25:02 GMT+0800 (Taiwan Standard Time),策略_TCA,交易所_A,9203,add_long,2,1,3,normal,,"2015/01/08 09:25:02 ""9203"" 加碼多單目前倉位：+3 之前倉位：1 交易所_A(小型台指) 倍數：1, 本次下單：2 , 帳戶實際倉位：3 , 總倉位：3 策略_TCA"
14ac720af187af63,Thu Jan 08 2015 09:20:12 GMT+0800 (Taiwan Standard Time),Thu Jan 08 2015 09:20:03 GMT+0800 (Taiwan Standard Time),策略_TCA,交易所_A,9193,short_to_long,3,-2,1,normal,,"2015/01/08 09:20:03 ""9193"" 空翻多目前倉位：+1 之前倉位：-2 交易所_A(小型台指) 倍數：1, 本次下單：2 , 帳戶實際倉位：1 , 總倉位：1 策略_TCA"
14ac2e8caebd09dd,Wed Jan 07 2015 13:40:41 GMT+0800 (Taiwan Standard Time),Wed Jan 07 2015 13:40:27 GMT+0800 (Taiwan Standard Time),策略_TCA,交易所_A,9051,reduce_short,1,-2,-1,normal,,"2015/01/07 13:40:27 ""9051"" 減碼空單目前倉位：-1 之前倉位：-2 交易所_A(小型台指) 倍數：1, 本次下單：1 , 帳戶實際倉位：-1 , 總倉位：-1"
14ac1de2ca2b5008,Wed Jan 07 2015 08:49:12 GMT+0800 (Taiwan Standard Time),Wed Jan 07 2015 08:49:02 GMT+0800 (Taiwan Standard Time),策略_TCA,交易所_A,9045,,-2,0,-2,normal,,"2015/01/07 08:49:02 ""9045"" 空單進場目前倉位：-2 之前倉位：0 交易所_A(小型台指) 倍數：1, 本次下單：-2 , 帳戶實際倉位：-2 , 總倉位：-2"
14abd6ea953d9163,Tue Jan 06 2015 12:09:13 GMT+0800 (Taiwan Standard Time),Tue Jan 06 2015 12:09:03 GMT+0800 (Taiwan Standard Time),策略_TCA,交易所_A,9017,close_long,-1,1,0,normal,,"2015/01/06 12:09:03 ""9017"" 多單平倉目前倉位：0 之前倉位：1 交易所_A(小型台指) 倍數：1, 本次下單：-1 , 帳戶實際倉位：0 , 總倉位：0 策略_TCA"
14abd0b908e5ba78,Tue Jan 06 2015 10:20:58 GMT+0800 (Taiwan Standard Time),Tue Jan 06 2015 10:20:48 GMT+0800 (Taiwan Standard Time),策略_TCA,交易所_A,9103,reduce_long,-2,3,1,normal,,"2015/01/06 10:20:48 ""9103"" 減碼多單目前倉位：+1 之前倉位：3 交易所_A(小型台指) 倍數：1, 本次下單：-2 , 帳戶實際倉位：1 , 總倉位：1"
14abcb7f80379a0a,Tue Jan 06 2015 08:49:12 GMT+0800 (Taiwan Standard Time),Tue Jan 06 2015 08:49:02 GMT+0800 (Taiwan Standard Time),策略_TCA,交易所_A,9147,add_long,1,2,3,normal,,"2015/01/06 08:49:02 ""9147"" 加碼多單目前倉位：+3 之前倉位：2 交易所_A(小型台指) 倍數：1, 本次下單：1 , 帳戶實際倉位：3 , 總倉位：3 策略_TCA"
14ab82d3ccbfb45a,Mon Jan 05 2015 11:39:39 GMT+0800 (Taiwan Standard Time),Mon Jan 05 2015 11:39:28 GMT+0800 (Taiwan Standard Time),策略_TCA,交易所_B,9245,add_long,1,1,2,normal,,"2015/01/05 11:39:28 ""9245"" 加碼多單目前倉位：+2 之前倉位：1 交易所_B(小型台指) 倍數：1, 本次下單：1 , 帳戶實際倉位：2 , 總倉位：2 交易所_A("
14ab7ad41f1a3fb4,Mon Jan 05 2015 09:19:51 GMT+0800 (Taiwan Standard Time),Mon Jan 05 2015 09:19:40 GMT+0800 (Taiwan Standard Time),策略_TCA,交易所_B,9191,reduce_long,-2,3,1,normal,,"2015/01/05 09:19:40 ""9191"" 減碼多單目前倉位：+1 之前倉位：3 交易所_B(小型台指) 倍數：1, 本次下單：-2 , 帳戶實際倉位：1 , 總倉位：1 交易所_A"
14ab78e0fa767a60,Mon Jan 05 2015 08:45:17 GMT+0800 (Taiwan Standard Time),Mon Jan 05 2015 08:45:08 GMT+0800 (Taiwan Standard Time),策略_TCA,交易所_B,9198,reduce_long,-2,5,3,normal,,"2015/01/05 08:45:08 ""9198"" 減碼多單目前倉位：+3 之前倉位：5 交易所_A(小型台指) 倍數：1, 本次下單：0 , 帳戶實際倉位：3 , 總倉位：3 交易所_B("
14a7a371fd7f438a,Wed Dec 24 2014 10:53:14 GMT+0800 (Taiwan Standard Time),Wed Dec 24 2014 10:53:04 GMT+0800 (Taiwan Standard Time),策略_TCA,交易所_B,9171,add_long,1,2,3,normal,,"2014/12/24 10:53:04 ""9171"" 加碼多單目前倉位：+3 之前倉位：2 交易所_A(小型台指) 倍數：1, 本次下單：2 , 帳戶實際倉位：3 , 總倉位：3 交易所_B("
14a6f78a557c2b04,Mon Dec 22 2014 08:49:11 GMT+0800 (Taiwan Standard Time),Mon Dec 22 2014 08:49:01 GMT+0800 (Taiwan Standard Time),策略_TCA,交易所_B,9031,,1,0,1,normal,,"2014/12/22 08:49:01 ""9031"" 多單進場目前倉位：+1 之前倉位：0 交易所_B(小型台指) 倍數：1, 本次下單：1 , 帳戶實際倉位：1 , 總倉位：1 策略_TCA"
14a60cd38769e6e6,Fri Dec 19 2014 12:27:39 GMT+0800 (Taiwan Standard Time),Fri Dec 19 2014 12:27:29 GMT+0800 (Taiwan Standard Time),策略_TCA,交易所_B,8978,close_long,-1,1,0,normal,,"2014/12/19 12:27:29 ""8978"" 多單平倉目前倉位：0 之前倉位：1 交易所_B(小型台指) 倍數：1, 本次下單：-1 , 帳戶實際倉位：0 , 總倉位：0 策略_TCA"
14a60c850f71d074,Fri Dec 19 2014 12:21:25 GMT+0800 (Taiwan Standard Time),Fri Dec 19 2014 12:21:15 GMT+0800 (Taiwan Standard Time),策略_TCA,交易所_B,8992,reduce_long,-1,2,1,normal,,"2014/12/19 12:21:15 ""8992"" 減碼多單目前倉位：+1 之前倉位：2 交易所_B(小型台指) 倍數：1, 本次下單：-1 , 帳戶實際倉位：1 , 總倉位：1 策略_TCA"
14a6042222f7fc69,Fri Dec 19 2014 09:55:37 GMT+0800 (Taiwan Standard Time),Fri Dec 19 2014 09:55:28 GMT+0800 (Taiwan Standard Time),策略_TCA,交易所_B,8993,add_long,1,1,2,normal,,"2014/12/19 09:55:28 ""8993"" 加碼多單目前倉位：+2 之前倉位：1 交易所_B(小型台指) 倍數：1, 本次下單：1 , 帳戶實際倉位：2 , 總倉位：2 策略_TCA"
14a600f7d9c24b2b,Fri Dec 19 2014 09:00:24 GMT+0800 (Taiwan Standard Time),Fri Dec 19 2014 09:00:14 GMT+0800 (Taiwan Standard Time),策略_TCA,交易所_B,8988,short_to_long,4,-3,1,normal,,"2014/12/19 09:00:14 ""8988"" 空翻多目前倉位：+1 之前倉位：-3 交易所_B(小型台指) 倍數：1, 本次下單：4 , 帳戶實際倉位：1 , 總倉位：1 策略_TCA"
14a5adb7473f95a5,Thu Dec 18 2014 08:45:12 GMT+0800 (Taiwan Standard Time),Thu Dec 18 2014 08:45:02 GMT+0800 (Taiwan Standard Time),策略_TCA,交易所_B,8902,add_short,-1,-2,-3,normal,,"2014/12/18 08:45:02 ""8902"" 加碼空單目前倉位：-3 之前倉位：-2 交易所_B(小型台指) 倍數：1, 本次下單：0 , 帳戶實際倉位：-3 , 總倉位：-3"
14a31f61ebe48c18,Wed Dec 10 2014 10:09:52 GMT+0800 (Taiwan Standard Time),Wed Dec 10 2014 10:09:42 GMT+0800 (Taiwan Standard Time),策略_TCA,交易所_B,9066,,-4,0,-4,normal,,"2014/12/10 10:09:42 ""9066"" 空單進場目前倉位：-4 之前倉位：0 交易所_B(小型台指) 倍數：1, 本次下單：-4 , 帳戶實際倉位：-4 , 總倉位：-4"
14a31f2f795bff02,Wed Dec 10 2014 10:06:24 GMT+0800 (Taiwan Standard Time),Wed Dec 10 2014 10:06:14 GMT+0800 (Taiwan Standard Time),策略_TCA,交易所_B,9093,close_long,-1,1,0,normal,,"2014/12/10 10:06:14 ""9093"" 多單平倉目前倉位：0 之前倉位：1 交易所_B(小型台指) 倍數：1, 本次下單：-1 , 帳戶實際倉位：0 , 總倉位：0 策略_TCA"
14a31a90c1452b7d,Wed Dec 10 2014 08:45:10 GMT+0800 (Taiwan Standard Time),Wed Dec 10 2014 08:45:00 GMT+0800 (Taiwan Standard Time),策略_TCA,交易所_B,9092,reduce_long,-1,2,1,normal,,"2014/12/10 08:45:00 ""9092"" 減碼多單目前倉位：+1 之前倉位：2 交易所_B(小型台指) 倍數：1, 本次下單：-1 , 帳戶實際倉位：1 , 總倉位：1 策略_TCA"
14a2c9e0a0d4c8ed,Tue Dec 09 2014 09:16:02 GMT+0800 (Taiwan Standard Time),Tue Dec 09 2014 09:15:52 GMT+0800 (Taiwan Standard Time),策略_TCA,交易所_B,9150,reduce_long,-1,3,2,normal,,"2014/12/09 09:15:52 ""9150"" 減碼多單目前倉位：+2 之前倉位：3 交易所_B(小型台指) 倍數：1, 本次下單：-1 , 帳戶實際倉位：2 , 總倉位：2 策略_TCA"
14a2c81e33bd2f66,Tue Dec 09 2014 08:45:16 GMT+0800 (Taiwan Standard Time),Tue Dec 09 2014 08:45:07 GMT+0800 (Taiwan Standard Time),策略_TCA,交易所_B,9136,,3,0,3,normal,,"2014/12/09 08:45:07 ""9136"" 多單進場目前倉位：+3 之前倉位：0 交易所_B(小型台指) 倍數：1, 本次下單：3 , 帳戶實際倉位：3 , 總倉位：3 策略_TCA"
14a2c81cd55a8003,Tue Dec 09 2014 08:45:10 GMT+0800 (Taiwan Standard Time),Tue Dec 09 2014 08:45:01 GMT+0800 (Taiwan Standard Time),策略_TCA,交易所_B,9142,close_long,-1,1,0,normal,,"2014/12/09 08:45:01 ""9142"" 多單平倉目前倉位：0 之前倉位：1 交易所_B(小型台指) 倍數：1, 本次下單：-1 , 帳戶實際倉位：0 , 總倉位：0 策略_TCA"
14a28372f60ea4bf,Mon Dec 08 2014 12:45:11 GMT+0800 (Taiwan Standard Time),Mon Dec 08 2014 12:45:01 GMT+0800 (Taiwan Standard Time),策略_TCA,交易所_B,9184,reduce_long,-3,4,1,normal,,"2014/12/08 12:45:01 ""9184"" 減碼多單目前倉位：+1 之前倉位：4 交易所_B(小型台指) 倍數：1, 本次下單：-3 , 帳戶實際倉位：1 , 總倉位：1 策略_TCA"
149f41527b5d9fb5,Fri Nov 28 2014 09:47:47 GMT+0800 (Taiwan Standard Time),Fri Nov 28 2014 09:47:38 GMT+0800 (Taiwan Standard Time),策略_TCA,交易所_B,9193,reduce_long,-1,5,4,normal,,"2014/11/28 09:47:38 ""9193"" 減碼多單目前倉位：+4 之前倉位：5 交易所_B(小型台指) 倍數：1, 本次下單：-1 , 帳戶實際倉位：4 , 總倉位：4 策略_TCA"
149f412cb1e5a79c,Fri Nov 28 2014 09:45:12 GMT+0800 (Taiwan Standard Time),Fri Nov 28 2014 09:45:03 GMT+0800 (Taiwan Standard Time),策略_TCA,交易所_B,9195,add_long,1,4,5,normal,,"2014/11/28 09:45:03 ""9195"" 加碼多單目前倉位：+5 之前倉位：4 交易所_B(小型台指) 倍數：1, 本次下單：1 , 帳戶實際倉位：5 , 總倉位：5 策略_TCA"
149efb24371bd38a,Thu Nov 27 2014 13:21:18 GMT+0800 (Taiwan Standard Time),Thu Nov 27 2014 13:21:02 GMT+0800 (Taiwan Standard Time),策略_TCA,交易所_B,9187,reduce_long,-1,5,4,normal,,"2014/11/27 13:21:02 ""9187"" 減碼多單目前倉位：+4 之前倉位：5 交易所_B(小型台指) 倍數：1, 本次下單：-1 , 帳戶實際倉位：4 , 總倉位：4 策略_TCA"
149ef397aff5e54e,Thu Nov 27 2014 11:09:22 GMT+0800 (Taiwan Standard Time),Thu Nov 27 2014 11:09:03 GMT+0800 (Taiwan Standard Time),策略_TCA,交易所_B,9203,add_long,1,4,5,normal,,"2014/11/27 11:09:03 ""9203"" 加碼多單目前倉位：+5 之前倉位：4 交易所_B(小型台指) 倍數：1, 本次下單：1 , 帳戶實際倉位：5 , 總倉位：5 策略_TCA"
149ef2e7c3b86ae3,Thu Nov 27 2014 10:57:22 GMT+0800 (Taiwan Standard Time),Thu Nov 27 2014 10:57:03 GMT+0800 (Taiwan Standard Time),策略_TCA,交易所_B,9192,reduce_long,-1,5,4,normal,,"2014/11/27 10:57:03 ""9192"" 減碼多單目前倉位：+4 之前倉位：5 交易所_B(小型台指) 倍數：1, 本次下單：-1 , 帳戶實際倉位：4 , 總倉位：4 策略_TCA"
149eeeca1154e924,Thu Nov 27 2014 09:45:25 GMT+0800 (Taiwan Standard Time),Thu Nov 27 2014 09:45:02 GMT+0800 (Taiwan Standard Time),策略_TCA,交易所_B,9228,add_long,1,4,5,normal,,"2014/11/27 09:45:02 ""9228"" 加碼多單目前倉位：+5 之前倉位：4 交易所_B(小型台指) 倍數：1, 本次下單：1 , 帳戶實際倉位：5 , 總倉位：5 策略_TCA"
149caa8f83651a68,Thu Nov 20 2014 08:45:11 GMT+0800 (Taiwan Standard Time),Thu Nov 20 2014 08:45:01 GMT+0800 (Taiwan Standard Time),策略_TCA,交易所_B,9032,,4,0,4,normal,,"2014/11/20 08:45:01 ""9032"" 多單進場目前倉位：+4 之前倉位：0 交易所_B(小型台指) 倍數：1, 本次下單：0 , 帳戶實際倉位：4 , 總倉位：4 策略_TCA"
149c59d2fe000510,Wed Nov 19 2014 09:14:11 GMT+0800 (Taiwan Standard Time),Wed Nov 19 2014 09:14:01 GMT+0800 (Taiwan Standard Time),策略_TCA,交易所_B,8894,add_long,2,2,4,normal,,"2014/11/19 09:14:01 ""8894"" 加碼多單目前倉位：+4 之前倉位：2 交易所_B(小型台指) 倍數：1, 本次下單：2 , 帳戶實際倉位：4 , 總倉位：4 策略_TCA"
149c0dff85321620,Tue Nov 18 2014 11:09:03 GMT+0800 (Taiwan Standard Time),Tue Nov 18 2014 11:08:54 GMT+0800 (Taiwan Standard Time),策略_TCA,交易所_B,8890,reduce_long,-2,4,2,normal,,"2014/11/18 11:08:54 ""8890"" 減碼多單目前倉位：+2 之前倉位：4 交易所_B(小型台指) 倍數：1, 本次下單：-2 , 帳戶實際倉位：2 , 總倉位：2 策略_TCA"
149c078079a21317,Tue Nov 18 2014 09:15:31 GMT+0800 (Taiwan Standard Time),Tue Nov 18 2014 09:15:20 GMT+0800 (Taiwan Standard Time),策略_TCA,交易所_B,8937,add_long,2,2,4,normal,,"2014/11/18 09:15:20 ""8937"" 加碼多單目前倉位：+4 之前倉位：2 交易所_B(小型台指) 倍數：1, 本次下單：2 , 帳戶實際倉位：4 , 總倉位：4 策略_TCA"
149c05c49997c27c,Tue Nov 18 2014 08:45:11 GMT+0800 (Taiwan Standard Time),Tue Nov 18 2014 08:45:02 GMT+0800 (Taiwan Standard Time),策略_TCA,交易所_B,8953,reduce_long,-2,4,2,normal,,"2014/11/18 08:45:02 ""8953"" 減碼多單目前倉位：+2 之前倉位：4 交易所_B(小型台指) 倍數：1, 本次下單：-2 , 帳戶實際倉位：2 , 總倉位：2 策略_TCA"
149a6b70152c6967,Thu Nov 13 2014 09:14:09 GMT+0800 (Taiwan Standard Time),Thu Nov 13 2014 09:14:00 GMT+0800 (Taiwan Standard Time),策略_TCA,交易所_B,8949,add_long,1,3,4,normal,,"2014/11/13 09:14:00 ""8949"" 加碼多單目前倉位：+4 之前倉位：3 交易所_B(小型台指) 倍數：1, 本次下單：1 , 帳戶實際倉位：4 , 總倉位：4 策略_TCA"
149a69c73609d1c3,Thu Nov 13 2014 08:45:10 GMT+0800 (Taiwan Standard Time),Thu Nov 13 2014 08:45:00 GMT+0800 (Taiwan Standard Time),策略_TCA,交易所_B,8920,reduce_long,-1,4,3,normal,,"2014/11/13 08:45:00 ""8920"" 減碼多單目前倉位：+3 之前倉位：4 交易所_B(小型台指) 倍數：1, 本次下單：-1 , 帳戶實際倉位：3 , 總倉位：3 策略_TCA"
149a1e3f58a70093,Wed Nov 12 2014 10:45:10 GMT+0800 (Taiwan Standard Time),Wed Nov 12 2014 10:45:00 GMT+0800 (Taiwan Standard Time),策略_TCA,交易所_B,8956,reduce_long,-1,5,4,normal,,"2014/11/12 10:45:00 ""8956"" 減碼多單目前倉位：+4 之前倉位：5 交易所_B(小型台指) 倍數：1, 本次下單：-1 , 帳戶實際倉位：4 , 總倉位：4 策略_TCA"
1499c79352e0c98f,Tue Nov 11 2014 09:30:28 GMT+0800 (Taiwan Standard Time),Tue Nov 11 2014 09:30:18 GMT+0800 (Taiwan Standard Time),策略_TCA,交易所_B,9082,add_long,4,1,5,normal,,"2014/11/11 09:30:18 ""9082"" 加碼多單目前倉位：+5 之前倉位：1 交易所_B(小型台指) 倍數：1, 本次下單：0 , 帳戶實際倉位：5 , 總倉位：5 策略_TCA"
149881935ff7515f,Fri Nov 07 2014 10:33:12 GMT+0800 (Taiwan Standard Time),Fri Nov 07 2014 10:33:02 GMT+0800 (Taiwan Standard Time),策略_TCA,交易所_B,8935,add_long,1,3,4,normal,,"2014/11/07 10:33:02 ""8935"" 加碼多單目前倉位：+4 之前倉位：3 交易所_B(小型台指) 倍數：1, 本次下單：1 , 帳戶實際倉位：4 , 總倉位：4 策略_TCA"
1498811f76d76d55,Fri Nov 07 2014 10:25:17 GMT+0800 (Taiwan Standard Time),Fri Nov 07 2014 10:25:07 GMT+0800 (Taiwan Standard Time),策略_TCA,交易所_B,8908,reduce_long,-1,4,3,normal,,"2014/11/07 10:25:07 ""8908"" 減碼多單目前倉位：+3 之前倉位：4 交易所_B(小型台指) 倍數：1, 本次下單：-1 , 帳戶實際倉位：3 , 總倉位：3 策略_TCA"
1498811dbd38610c,Fri Nov 07 2014 10:25:11 GMT+0800 (Taiwan Standard Time),Fri Nov 07 2014 10:25:01 GMT+0800 (Taiwan Standard Time),策略_TCA,交易所_B,8908,add_long,1,3,4,normal,,"2014/11/07 10:25:01 ""8908"" 加碼多單目前倉位：+4 之前倉位：3 交易所_B(小型台指) 倍數：1, 本次下單：1 , 帳戶實際倉位：4 , 總倉位：4 策略_TCA"
1498800474dca2af,Fri Nov 07 2014 10:05:58 GMT+0800 (Taiwan Standard Time),Fri Nov 07 2014 10:05:48 GMT+0800 (Taiwan Standard Time),策略_TCA,交易所_B,8891,reduce_long,-1,4,3,normal,,"2014/11/07 10:05:48 ""8891"" 減碼多單目前倉位：+3 之前倉位：4 交易所_B(小型台指) 倍數：1, 本次下單：-1 , 帳戶實際倉位：3 , 總倉位：3 策略_TCA"
14987eb65cd3d90c,Fri Nov 07 2014 09:43:10 GMT+0800 (Taiwan Standard Time),Fri Nov 07 2014 09:43:00 GMT+0800 (Taiwan Standard Time),策略_TCA,交易所_B,8894,add_long,1,3,4,normal,,"2014/11/07 09:43:00 ""8894"" 加碼多單目前倉位：+4 之前倉位：3 交易所_B(小型台指) 倍數：1, 本次下單：1 , 帳戶實際倉位：4 , 總倉位：4 策略_TCA"
14987b66a3e31aae,Fri Nov 07 2014 08:45:10 GMT+0800 (Taiwan Standard Time),Fri Nov 07 2014 08:45:01 GMT+0800 (Taiwan Standard Time),策略_TCA,交易所_B,8925,reduce_long,-1,4,3,normal,,"2014/11/07 08:45:01 ""8925"" 減碼多單目前倉位：+3 之前倉位：4 交易所_B(小型台指) 倍數：1, 本次下單：-1 , 帳戶實際倉位：3 , 總倉位：3 策略_TCA"
149834d5b0ea0159,Thu Nov 06 2014 12:12:03 GMT+0800 (Taiwan Standard Time),Thu Nov 06 2014 12:11:53 GMT+0800 (Taiwan Standard Time),策略_TCA,交易所_B,8937,reduce_long,-1,5,4,normal,,"2014/11/06 12:11:53 ""8937"" 減碼多單目前倉位：+4 之前倉位：5 交易所_B(小型台指) 倍數：1, 本次下單：-1 , 帳戶實際倉位：4 , 總倉位：4 策略_TCA"
14964b1746f878b7,Fri Oct 31 2014 13:33:10 GMT+0800 (Taiwan Standard Time),Fri Oct 31 2014 13:33:00 GMT+0800 (Taiwan Standard Time),策略_TCA,交易所_B,8965,add_long,1,4,5,normal,,"2014/10/31 13:33:00 ""8965"" 加碼多單目前倉位：+5 之前倉位：4 交易所_B(小型台指) 倍數：1, 本次下單：1 , 帳戶實際倉位：5 , 總倉位：5 策略_TCA"
14964b10231b8e26,Fri Oct 31 2014 13:32:40 GMT+0800 (Taiwan Standard Time),Fri Oct 31 2014 13:32:30 GMT+0800 (Taiwan Standard Time),策略_TCA,交易所_B,8965,reduce_long,-1,5,4,normal,,"2014/10/31 13:32:30 ""8965"" 減碼多單目前倉位：+4 之前倉位：5 交易所_B(小型台指) 倍數：1, 本次下單：-1 , 帳戶實際倉位：4 , 總倉位：4 策略_TCA"
149649b7aca88544,Fri Oct 31 2014 13:09:09 GMT+0800 (Taiwan Standard Time),Fri Oct 31 2014 13:08:59 GMT+0800 (Taiwan Standard Time),策略_TCA,交易所_B,8930,add_long,1,4,5,normal,,"2014/10/31 13:08:59 ""8930"" 加碼多單目前倉位：+5 之前倉位：4 交易所_B(小型台指) 倍數：1, 本次下單：1 , 帳戶實際倉位：5 , 總倉位：5 策略_TCA"
1496498bc9cef815,Fri Oct 31 2014 13:06:10 GMT+0800 (Taiwan Standard Time),Fri Oct 31 2014 13:06:00 GMT+0800 (Taiwan Standard Time),策略_TCA,交易所_B,8930,add_long,1,4,5,normal,,"2014/10/31 13:06:00 ""8930"" 加碼多單目前倉位：+5 之前倉位：4 交易所_B(小型台指) 倍數：1, 本次下單：1 , 帳戶實際倉位：5 , 總倉位：5 策略_TCA"
1496463a41fe82d1,Fri Oct 31 2014 12:08:10 GMT+0800 (Taiwan Standard Time),Fri Oct 31 2014 12:08:00 GMT+0800 (Taiwan Standard Time),策略_TCA,交易所_B,8904,reduce_long,-1,5,4,normal,,"2014/10/31 12:08:00 ""8904"" 減碼多單目前倉位：+4 之前倉位：5 交易所_B(小型台指) 倍數：1, 本次下單：-1 , 帳戶實際倉位：4 , 總倉位：4 策略_TCA"
1496460e77aa37a7,Fri Oct 31 2014 12:05:11 GMT+0800 (Taiwan Standard Time),Fri Oct 31 2014 12:05:01 GMT+0800 (Taiwan Standard Time),策略_TCA,交易所_B,8903,add_long,1,4,5,normal,,"2014/10/31 12:05:01 ""8903"" 加碼多單目前倉位：+5 之前倉位：4 交易所_B(小型台指) 倍數：1, 本次下單：1 , 帳戶實際倉位：5 , 總倉位：5 策略_TCA"
1496414029ec38f4,Fri Oct 31 2014 10:41:11 GMT+0800 (Taiwan Standard Time),Fri Oct 31 2014 10:41:00 GMT+0800 (Taiwan Standard Time),策略_TCA,交易所_B,8883,reduce_long,-1,5,4,normal,,"2014/10/31 10:41:00 ""8883"" 減碼多單目前倉位：+4 之前倉位：5 交易所_B(小型台指) 倍數：1, 本次下單：-1 , 帳戶實際倉位：4 , 總倉位：4 策略_TCA"
14964055614e8c72,Fri Oct 31 2014 10:25:10 GMT+0800 (Taiwan Standard Time),Fri Oct 31 2014 10:25:00 GMT+0800 (Taiwan Standard Time),策略_TCA,交易所_B,8885,add_long,1,4,5,normal,,"2014/10/31 10:25:00 ""8885"" 加碼多單目前倉位：+5 之前倉位：4 交易所_B(小型台指) 倍數：1, 本次下單：1 , 帳戶實際倉位：5 , 總倉位：5 策略_TCA"
14963f6b66c287e2,Fri Oct 31 2014 10:09:11 GMT+0800 (Taiwan Standard Time),Fri Oct 31 2014 10:09:00 GMT+0800 (Taiwan Standard Time),策略_TCA,交易所_B,8906,reduce_long,-1,5,4,normal,,"2014/10/31 10:09:00 ""8906"" 減碼多單目前倉位：+4 之前倉位：5 交易所_B(小型台指) 倍數：1, 本次下單：-1 , 帳戶實際倉位：4 , 總倉位：4 策略_TCA"
14963ee77f174fe4,Fri Oct 31 2014 10:00:11 GMT+0800 (Taiwan Standard Time),Fri Oct 31 2014 10:00:00 GMT+0800 (Taiwan Standard Time),策略_TCA,交易所_B,8912,add_long,1,4,5,normal,,"2014/10/31 10:00:00 ""8912"" 加碼多單目前倉位：+5 之前倉位：4 交易所_B(小型台指) 倍數：1, 本次下單：1 , 帳戶實際倉位：5 , 總倉位：5 策略_TCA"
14963ebd0777ffe2,Fri Oct 31 2014 09:57:17 GMT+0800 (Taiwan Standard Time),Fri Oct 31 2014 09:57:01 GMT+0800 (Taiwan Standard Time),策略_TCA,交易所_B,8913,reduce_long,-1,5,4,normal,,"2014/10/31 09:57:01 ""8913"" 減碼多單目前倉位：+4 之前倉位：5 交易所_B(小型台指) 倍數：1, 本次下單：-1 , 帳戶實際倉位：4 , 總倉位：4 策略_TCA"
14963e0b80daacba,Fri Oct 31 2014 09:45:10 GMT+0800 (Taiwan Standard Time),Fri Oct 31 2014 09:45:00 GMT+0800 (Taiwan Standard Time),策略_TCA,交易所_B,8917,add_long,1,4,5,normal,,"2014/10/31 09:45:00 ""8917"" 加碼多單目前倉位：+5 之前倉位：4 交易所_B(小型台指) 倍數：1, 本次下單：1 , 帳戶實際倉位：5 , 總倉位：5 策略_TCA"
149595d1966c26f3,Wed Oct 29 2014 08:45:11 GMT+0800 (Taiwan Standard Time),Wed Oct 29 2014 08:45:00 GMT+0800 (Taiwan Standard Time),策略_TCA,交易所_B,8833,add_long,2,2,4,normal,,"2014/10/29 08:45:00 ""8833"" 加碼多單目前倉位：+4 之前倉位：2 交易所_B(小型台指) 倍數：1, 本次下單：2 , 帳戶實際倉位：4 , 總倉位：4 策略_TCA"
149546f139ad4435,Tue Oct 28 2014 09:46:43 GMT+0800 (Taiwan Standard Time),Tue Oct 28 2014 09:46:34 GMT+0800 (Taiwan Standard Time),策略_TCA,交易所_B,8773,short_to_long,6,-4,2,normal,,"2014/10/28 09:46:34 ""8773"" 空翻多目前倉位：+2 之前倉位：-4 交易所_B(小型台指) 倍數：1, 本次下單：6 , 帳戶實際倉位：2 , 總倉位：2 策略_TCA"
14940320c291722f,Fri Oct 24 2014 11:27:41 GMT+0800 (Taiwan Standard Time),Fri Oct 24 2014 11:27:31 GMT+0800 (Taiwan Standard Time),策略_TCA,交易所_B,8628,add_short,-1,-3,-4,normal,,"2014/10/24 11:27:31 ""8628"" 加碼空單目前倉位：-4 之前倉位：-3 交易所_B(小型台指) 倍數：1, 本次下單：-1 , 帳戶實際倉位：-4 , 總倉位：-4"
1493fbde3013c009,Fri Oct 24 2014 09:20:47 GMT+0800 (Taiwan Standard Time),Fri Oct 24 2014 09:20:37 GMT+0800 (Taiwan Standard Time),策略_TCA,交易所_B,8643,add_short,-1,-2,-3,normal,,"2014/10/24 09:20:37 ""8643"" 加碼空單目前倉位：-3 之前倉位：-2 交易所_B(小型台指) 倍數：1, 本次下單：-1 , 帳戶實際倉位：-3 , 總倉位：-3"
1493fbd9c88d93ea,Fri Oct 24 2014 09:20:30 GMT+0800 (Taiwan Standard Time),Fri Oct 24 2014 09:20:20 GMT+0800 (Taiwan Standard Time),策略_TCA,交易所_B,8653,add_short,-1,-1,-2,normal,,"2014/10/24 09:20:20 ""8653"" 加碼空單目前倉位：-2 之前倉位：-1 交易所_B(小型台指) 倍數：1, 本次下單：-1 , 帳戶實際倉位：-2 , 總倉位：-2"
1493b2d196e03997,Thu Oct 23 2014 12:04:09 GMT+0800 (Taiwan Standard Time),Thu Oct 23 2014 12:03:59 GMT+0800 (Taiwan Standard Time),策略_TCA,交易所_B,8727,reduce_short,1,-2,-1,normal,,"2014/10/23 12:03:59 ""8727"" 減碼空單目前倉位：-1 之前倉位：-2 交易所_B(小型台指) 倍數：1, 本次下單：1 , 帳戶實際倉位：-1 , 總倉位：-1"
1493b16a9df078f8,Thu Oct 23 2014 11:39:38 GMT+0800 (Taiwan Standard Time),Thu Oct 23 2014 11:39:29 GMT+0800 (Taiwan Standard Time),策略_TCA,交易所_B,8717,add_short,-1,-1,-2,normal,,"2014/10/23 11:39:29 ""8717"" 加碼空單目前倉位：-2 之前倉位：-1 交易所_B(小型台指) 倍數：1, 本次下單：-1 , 帳戶實際倉位：-2 , 總倉位：-2"
1493ad2be526d321,Thu Oct 23 2014 10:25:23 GMT+0800 (Taiwan Standard Time),Thu Oct 23 2014 10:25:13 GMT+0800 (Taiwan Standard Time),策略_TCA,交易所_B,8708,,-1,0,-1,normal,,"2014/10/23 10:25:13 ""8708"" 空單進場目前倉位：-1 之前倉位：0 交易所_B(小型台指) 倍數：1, 本次下單：-1 , 帳戶實際倉位：-1 , 總倉位：-1"
1493aafeb2f1690d,Thu Oct 23 2014 09:47:25 GMT+0800 (Taiwan Standard Time),Thu Oct 23 2014 09:47:15 GMT+0800 (Taiwan Standard Time),策略_TCA,交易所_B,8734,close_long,-1,1,0,normal,,"2014/10/23 09:47:15 ""8734"" 多單平倉目前倉位：0 之前倉位：1 交易所_B(小型台指) 倍數：1, 本次下單：-1 , 帳戶實際倉位：0 , 總倉位：0 策略_TCA"
1493a76eaad84ad5,Thu Oct 23 2014 08:45:10 GMT+0800 (Taiwan Standard Time),Thu Oct 23 2014 08:45:00 GMT+0800 (Taiwan Standard Time),策略_TCA,交易所_B,8732,short_to_long,5,-4,1,normal,,"2014/10/23 08:45:00 ""8732"" 空翻多目前倉位：+1 之前倉位：-4 交易所_B(小型台指) 倍數：1, 本次下單：5 , 帳戶實際倉位：1 , 總倉位：1 策略_TCA"
149355b9190f0637,Wed Oct 22 2014 08:57:11 GMT+0800 (Taiwan Standard Time),Wed Oct 22 2014 08:57:01 GMT+0800 (Taiwan Standard Time),策略_TCA,交易所_B,8735,add_short,-1,-4,-5,normal,,"2014/10/22 08:57:01 ""8735"" 加碼空單目前倉位：-5 之前倉位：-4 交易所_B(小型台指) 倍數：1, 本次下單：-1 , 帳戶實際倉位：-5 , 總倉位：-5"
1492bd1f066beb75,Mon Oct 20 2014 12:30:18 GMT+0800 (Taiwan Standard Time),Mon Oct 20 2014 12:30:08 GMT+0800 (Taiwan Standard Time),策略_TCA,交易所_B,8668,add_short,-1,-3,-4,normal,,"2014/10/20 12:30:08 ""8668"" 加碼空單目前倉位：-4 之前倉位：-3 交易所_B(小型台指) 倍數：1, 本次下單：-1 , 帳戶實際倉位：-4 , 總倉位：-4"
1492bd19a229f599,Mon Oct 20 2014 12:29:56 GMT+0800 (Taiwan Standard Time),Mon Oct 20 2014 12:29:46 GMT+0800 (Taiwan Standard Time),策略_TCA,交易所_B,8652,reduce_short,1,-4,-3,normal,,"2014/10/20 12:29:46 ""8652"" 減碼空單目前倉位：-3 之前倉位：-4 交易所_B(小型台指) 倍數：1, 本次下單：1 , 帳戶實際倉位：-3 , 總倉位：-3"
1492b3ac4fae04ce,Mon Oct 20 2014 09:45:11 GMT+0800 (Taiwan Standard Time),Mon Oct 20 2014 09:45:01 GMT+0800 (Taiwan Standard Time),策略_TCA,交易所_B,8628,reduce_short,1,-5,-4,normal,,"2014/10/20 09:45:01 ""8628"" 減碼空單目前倉位：-4 之前倉位：-5 交易所_B(小型台指) 倍數：1, 本次下單：0 , 帳戶實際倉位：-4 , 總倉位：-4"
1490d272c291c205,Tue Oct 14 2014 13:35:08 GMT+0800 (Taiwan Standard Time),Tue Oct 14 2014 13:34:58 GMT+0800 (Taiwan Standard Time),SEC,交易所_B,8756,reduce_short,1,-4,-3,normal,,"2014/10/14 13:34:58 ""8756"" 減碼空單目前倉位：-3 之前倉位：-4 交易所_B(小型台指) 倍數：1, 本次下單：1 , 帳戶實際倉位：-3 , 總倉位：-3"
1490d0f5e7ef2336,Tue Oct 14 2014 13:09:08 GMT+0800 (Taiwan Standard Time),Tue Oct 14 2014 13:08:59 GMT+0800 (Taiwan Standard Time),SEC,交易所_B,8742,reduce_short,1,-5,-4,normal,,"2014/10/14 13:08:59 ""8742"" 減碼空單目前倉位：-4 之前倉位：-5 交易所_B(小型台指) 倍數：1, 本次下單：1 , 帳戶實際倉位：-4 , 總倉位：-4"
1490ccd911b8067b,Tue Oct 14 2014 11:57:16 GMT+0800 (Taiwan Standard Time),Tue Oct 14 2014 11:57:06 GMT+0800 (Taiwan Standard Time),SEC,交易所_B,8735,reduce_short,1,-5,-4,normal,,"2014/10/14 11:57:06 ""8735"" 減碼空單目前倉位：-4 之前倉位：-5 交易所_B(小型台指) 倍數：1, 本次下單：1 , 帳戶實際倉位：-4 , 總倉位：-4"
1490cb77a448444e,Tue Oct 14 2014 11:33:08 GMT+0800 (Taiwan Standard Time),Tue Oct 14 2014 11:32:59 GMT+0800 (Taiwan Standard Time),SEC,交易所_B,8726,add_short,-1,-4,-5,normal,,"2014/10/14 11:32:59 ""8726"" 加碼空單目前倉位：-5 之前倉位：-4 交易所_B(小型台指) 倍數：1, 本次下單：-1 , 帳戶實際倉位：-5 , 總倉位：-5"
1490ca187d3a56bd,Tue Oct 14 2014 11:09:09 GMT+0800 (Taiwan Standard Time),Tue Oct 14 2014 11:09:00 GMT+0800 (Taiwan Standard Time),SEC,交易所_B,8743,add_short,-1,-3,-4,normal,,"2014/10/14 11:09:00 ""8743"" 加碼空單目前倉位：-4 之前倉位：-3 交易所_B(小型台指) 倍數：1, 本次下單：-1 , 帳戶實際倉位：-4 , 總倉位：-4"
1490c8b8f474e081,Tue Oct 14 2014 10:45:09 GMT+0800 (Taiwan Standard Time),Tue Oct 14 2014 10:44:58 GMT+0800 (Taiwan Standard Time),SEC,交易所_B,8749,reduce_short,1,-4,-3,normal,,"2014/10/14 10:44:58 ""8749"" 減碼空單目前倉位：-3 之前倉位：-4 交易所_B(小型台指) 倍數：1, 本次下單：1 , 帳戶實際倉位：-3 , 總倉位：-3"
1490c76574db540a,Tue Oct 14 2014 10:21:09 GMT+0800 (Taiwan Standard Time),Tue Oct 14 2014 10:20:59 GMT+0800 (Taiwan Standard Time),SEC,交易所_B,8740,reduce_short,1,-5,-4,normal,,"2014/10/14 10:20:59 ""8740"" 減碼空單目前倉位：-4 之前倉位：-5 交易所_B(小型台指) 倍數：1, 本次下單：1 , 帳戶實際倉位：-4 , 總倉位：-4"
149075fbdd334315,Mon Oct 13 2014 10:39:14 GMT+0800 (Taiwan Standard Time),Mon Oct 13 2014 10:39:04 GMT+0800 (Taiwan Standard Time),SEC,交易所_B,8762,add_short,-2,-1,-3,normal,,"2014/10/13 10:39:04 ""8762"" 加碼空單目前倉位：-3 之前倉位：-1 交易所_B(小型台指) 倍數：1, 本次下單：-2 , 帳戶實際倉位：-3 , 總倉位：-3"
14907393d0dbc43e,Mon Oct 13 2014 09:57:11 GMT+0800 (Taiwan Standard Time),Mon Oct 13 2014 09:57:01 GMT+0800 (Taiwan Standard Time),SEC,交易所_B,8792,,-1,0,-1,normal,,"2014/10/13 09:57:01 ""8792"" 空單進場目前倉位：-1 之前倉位：0 交易所_B(小型台指) 倍數：1, 本次下單：-1 , 帳戶實際倉位：-1 , 總倉位：-1"
149070d6391981c2,Mon Oct 13 2014 09:09:17 GMT+0800 (Taiwan Standard Time),Mon Oct 13 2014 09:09:08 GMT+0800 (Taiwan Standard Time),SEC,交易所_B,8781,close_long,-1,1,0,normal,,"2014/10/13 09:09:08 ""8781"" 多單平倉目前倉位：0 之前倉位：1 交易所_B(小型台指) 倍數：1, 本次下單：-1 , 帳戶實際倉位：0 , 總倉位：0 MIX"
149070d51d261c1e,Mon Oct 13 2014 09:09:12 GMT+0800 (Taiwan Standard Time),Mon Oct 13 2014 09:09:01 GMT+0800 (Taiwan Standard Time),SEC,交易所_B,8780,,1,0,1,normal,,"2014/10/13 09:09:01 ""8780"" 多單進場目前倉位：+1 之前倉位：0 交易所_B(小型台指) 倍數：1, 本次下單：1 , 帳戶實際倉位：1 , 總倉位：1 MIX"
148f278a31d08c0b,Thu Oct 09 2014 09:14:20 GMT+0800 (Taiwan Standard Time),Thu Oct 09 2014 09:14:11 GMT+0800 (Taiwan Standard Time),SEC,交易所_B,9028,close_short,2,-2,0,normal,,"2014/10/09 09:14:11 ""9028"" 空單平倉目前倉位：0 之前倉位：-2 交易所_B(小型台指) 倍數：1, 本次下單：2 , 帳戶實際倉位：0 , 總倉位：0 MIX"
148f278718429cbd,Thu Oct 09 2014 09:14:14 GMT+0800 (Taiwan Standard Time),Thu Oct 09 2014 09:14:04 GMT+0800 (Taiwan Standard Time),SEC,交易所_B,9032,reduce_short,1,-3,-2,normal,,"2014/10/09 09:14:04 ""9032"" 減碼空單目前倉位：-2 之前倉位：-3 交易所_B(小型台指) 倍數：1, 本次下單：1 , 帳戶實際倉位：-2 , 總倉位：-2"
148ee41023d631cf,Wed Oct 08 2014 13:35:11 GMT+0800 (Taiwan Standard Time),Wed Oct 08 2014 13:35:01 GMT+0800 (Taiwan Standard Time),SEC,交易所_B,8960,add_short,-1,-2,-3,normal,,"2014/10/08 13:35:01 ""8960"" 加碼空單目前倉位：-3 之前倉位：-2 交易所_B(小型台指) 倍數：1, 本次下單：-1 , 帳戶實際倉位：-3 , 總倉位：-3"
148ee383426d7406,Wed Oct 08 2014 13:25:33 GMT+0800 (Taiwan Standard Time),Wed Oct 08 2014 13:25:24 GMT+0800 (Taiwan Standard Time),SEC,交易所_B,8980,,-2,0,-2,normal,,"2014/10/08 13:25:24 ""8980"" 空單進場目前倉位：-2 之前倉位：0 交易所_B(小型台指) 倍數：1, 本次下單：-2 , 帳戶實際倉位：-2 , 總倉位：-2"
148ee1348cd58c8b,Wed Oct 08 2014 12:45:13 GMT+0800 (Taiwan Standard Time),Wed Oct 08 2014 12:45:02 GMT+0800 (Taiwan Standard Time),SEC,交易所_B,9003,close_long,-1,1,0,normal,,"2014/10/08 12:45:02 ""9003"" 多單平倉目前倉位：0 之前倉位：1 交易所_B(小型台指) 倍數：1, 本次下單：-1 , 帳戶實際倉位：0 , 總倉位：0 MIX"
148eddc52ba68c66,Wed Oct 08 2014 11:45:12 GMT+0800 (Taiwan Standard Time),Wed Oct 08 2014 11:45:03 GMT+0800 (Taiwan Standard Time),SEC,交易所_B,9022,,1,0,1,normal,,"2014/10/08 11:45:03 ""9022"" 多單進場目前倉位：+1 之前倉位：0 交易所_B(小型台指) 倍數：1, 本次下單：1 , 帳戶實際倉位：1 , 總倉位：1 MIX"
148ed378e7495320,Wed Oct 08 2014 08:45:14 GMT+0800 (Taiwan Standard Time),Wed Oct 08 2014 08:45:03 GMT+0800 (Taiwan Standard Time),SEC,交易所_B,8985,close_long,-1,1,0,normal,,"2014/10/08 08:45:03 ""8985"" 多單平倉目前倉位：0 之前倉位：1 交易所_B(小型台指) 倍數：1, 本次下單：-1 , 帳戶實際倉位：0 , 總倉位：0 MIX"
148e8f740358102a,Tue Oct 07 2014 12:56:28 GMT+0800 (Taiwan Standard Time),Tue Oct 07 2014 12:56:18 GMT+0800 (Taiwan Standard Time),SEC,交易所_B,9002,,1,0,1,normal,,"2014/10/07 12:56:18 ""9002"" 多單進場目前倉位：+1 之前倉位：0 交易所_B(小型台指) 倍數：1, 本次下單：1 , 帳戶實際倉位：1 , 總倉位：1 MIX"
148e8f72787687a4,Tue Oct 07 2014 12:56:21 GMT+0800 (Taiwan Standard Time),Tue Oct 07 2014 12:56:12 GMT+0800 (Taiwan Standard Time),SEC,交易所_B,9000,close_long,-1,1,0,normal,,"2014/10/07 12:56:12 ""9000"" 多單平倉目前倉位：0 之前倉位：1 交易所_B(小型台指) 倍數：1, 本次下單：-1 , 帳戶實際倉位：0 , 總倉位：0 MIX"
148e8f70f3fabd63,Tue Oct 07 2014 12:56:15 GMT+0800 (Taiwan Standard Time),Tue Oct 07 2014 12:56:06 GMT+0800 (Taiwan Standard Time),SEC,交易所_B,9001,,1,0,1,normal,,"2014/10/07 12:56:06 ""9001"" 多單進場目前倉位：+1 之前倉位：0 交易所_B(小型台指) 倍數：1, 本次下單：1 , 帳戶實際倉位：1 , 總倉位：1 MIX"
148e8f6f88efc9a6,Tue Oct 07 2014 12:56:09 GMT+0800 (Taiwan Standard Time),Tue Oct 07 2014 12:56:00 GMT+0800 (Taiwan Standard Time),SEC,交易所_B,9000,close_long,-1,1,0,normal,,"2014/10/07 12:56:00 ""9000"" 多單平倉目前倉位：0 之前倉位：1 交易所_B(小型台指) 倍數：1, 本次下單：-1 , 帳戶實際倉位：0 , 總倉位：0 MIX"
148e8f6cae82d200,Tue Oct 07 2014 12:55:58 GMT+0800 (Taiwan Standard Time),Tue Oct 07 2014 12:55:48 GMT+0800 (Taiwan Standard Time),SEC,交易所_B,9001,,1,0,1,normal,,"2014/10/07 12:55:48 ""9001"" 多單進場目前倉位：+1 之前倉位：0 交易所_B(小型台指) 倍數：1, 本次下單：1 , 帳戶實際倉位：1 , 總倉位：1 MIX"
148e8f6b3ef061e2,Tue Oct 07 2014 12:55:52 GMT+0800 (Taiwan Standard Time),Tue Oct 07 2014 12:55:42 GMT+0800 (Taiwan Standard Time),SEC,交易所_B,9000,close_long,-1,1,0,normal,,"2014/10/07 12:55:42 ""9000"" 多單平倉目前倉位：0 之前倉位：1 交易所_B(小型台指) 倍數：1, 本次下單：-1 , 帳戶實際倉位：0 , 總倉位：0 MIX"
148e8f5c34bb3fa1,Tue Oct 07 2014 12:54:50 GMT+0800 (Taiwan Standard Time),Tue Oct 07 2014 12:54:41 GMT+0800 (Taiwan Standard Time),SEC,交易所_B,9002,,1,0,1,normal,,"2014/10/07 12:54:41 ""9002"" 多單進場目前倉位：+1 之前倉位：0 交易所_B(小型台指) 倍數：1, 本次下單：1 , 帳戶實際倉位：1 , 總倉位：1 MIX"
148e8f5aca3852a0,Tue Oct 07 2014 12:54:44 GMT+0800 (Taiwan Standard Time),Tue Oct 07 2014 12:54:35 GMT+0800 (Taiwan Standard Time),SEC,交易所_B,9000,close_long,-1,1,0,normal,,"2014/10/07 12:54:35 ""9000"" 多單平倉目前倉位：0 之前倉位：1 交易所_B(小型台指) 倍數：1, 本次下單：-1 , 帳戶實際倉位：0 , 總倉位：0 MIX"
148e8f51afcccbf2,Tue Oct 07 2014 12:54:07 GMT+0800 (Taiwan Standard Time),Tue Oct 07 2014 12:53:58 GMT+0800 (Taiwan Standard Time),SEC,交易所_B,9001,,1,0,1,normal,,"2014/10/07 12:53:58 ""9001"" 多單進場目前倉位：+1 之前倉位：0 交易所_B(小型台指) 倍數：1, 本次下單：1 , 帳戶實際倉位：1 , 總倉位：1 MIX"
148e8f4d69a2630d,Tue Oct 07 2014 12:53:49 GMT+0800 (Taiwan Standard Time),Tue Oct 07 2014 12:53:40 GMT+0800 (Taiwan Standard Time),SEC,交易所_B,9000,close_long,-1,1,0,normal,,"2014/10/07 12:53:40 ""9000"" 多單平倉目前倉位：0 之前倉位：1 交易所_B(小型台指) 倍數：1, 本次下單：-1 , 帳戶實際倉位：0 , 總倉位：0 MIX"
148e8690cf0538c1,Tue Oct 07 2014 10:21:08 GMT+0800 (Taiwan Standard Time),Tue Oct 07 2014 10:20:59 GMT+0800 (Taiwan Standard Time),SEC,交易所_B,9031,,1,0,1,normal,,"2014/10/07 10:20:59 ""9031"" 多單進場目前倉位：+1 之前倉位：0 交易所_B(小型台指) 倍數：1, 本次下單：1 , 帳戶實際倉位：1 , 總倉位：1 MIX"
148e8481d82a73c8,Tue Oct 07 2014 09:45:09 GMT+0800 (Taiwan Standard Time),Tue Oct 07 2014 09:44:59 GMT+0800 (Taiwan Standard Time),SEC,交易所_B,8997,close_long,-1,1,0,normal,,"2014/10/07 09:44:59 ""8997"" 多單平倉目前倉位：0 之前倉位：1 交易所_B(小型台指) 倍數：1, 本次下單：-1 , 帳戶實際倉位：0 , 總倉位：0 MIX"
148d3e594e350865,Fri Oct 03 2014 10:45:14 GMT+0800 (Taiwan Standard Time),Fri Oct 03 2014 10:45:05 GMT+0800 (Taiwan Standard Time),SEC,交易所_B,9063,add_long,1,4,5,normal,,"2014/10/03 10:45:05 ""9063"" 加碼多單目前倉位：+5 之前倉位：4 交易所_B(小型台指) 倍數：1, 本次下單：1 , 帳戶實際倉位：5 , 總倉位：5 MIX"
148d3c761db1c0e6,Fri Oct 03 2014 10:12:14 GMT+0800 (Taiwan Standard Time),Fri Oct 03 2014 10:12:04 GMT+0800 (Taiwan Standard Time),SEC,交易所_B,9044,add_long,1,3,4,normal,,"2014/10/03 10:12:04 ""9044"" 加碼多單目前倉位：+4 之前倉位：3 交易所_B(小型台指) 倍數：1, 本次下單：1 , 帳戶實際倉位：4 , 總倉位：4 MIX"
148d39242895c8cd,Fri Oct 03 2014 09:14:14 GMT+0800 (Taiwan Standard Time),Fri Oct 03 2014 09:14:04 GMT+0800 (Taiwan Standard Time),SEC,交易所_B,9033,add_long,1,2,3,normal,,"2014/10/03 09:14:04 ""9033"" 加碼多單目前倉位：+3 之前倉位：2 交易所_B(小型台指) 倍數：1, 本次下單：1 , 帳戶實際倉位：3 , 總倉位：3 MIX"
148cf4051442dc84,Thu Oct 02 2014 13:06:12 GMT+0800 (Taiwan Standard Time),Thu Oct 02 2014 13:06:02 GMT+0800 (Taiwan Standard Time),SEC,交易所_B,8994,reduce_long,-1,3,2,normal,,"2014/10/02 13:06:02 ""8994"" 減碼多單目前倉位：+2 之前倉位：3 交易所_B(小型台指) 倍數：1, 本次下單：-1 , 帳戶實際倉位：2 , 總倉位：2 MIX"
148cf0b41b27f623,Thu Oct 02 2014 12:08:14 GMT+0800 (Taiwan Standard Time),Thu Oct 02 2014 12:08:05 GMT+0800 (Taiwan Standard Time),SEC,交易所_B,9009,short_to_long,7,-4,3,normal,,"2014/10/02 12:08:05 ""9009"" 空翻多目前倉位：+3 之前倉位：-4 交易所_B(小型台指) 倍數：1, 本次下單：0 , 帳戶實際倉位：-4 , 總倉位：-4"
148c99d7d0218f47,Wed Oct 01 2014 10:50:13 GMT+0800 (Taiwan Standard Time),Wed Oct 01 2014 10:50:03 GMT+0800 (Taiwan Standard Time),SEC,交易所_B,9002,add_short,-1,-3,-4,normal,,"2014/10/01 10:50:03 ""9002"" 加碼空單目前倉位：-4 之前倉位：-3 交易所_B(小型台指) 倍數：1, 本次下單：-1 , 帳戶實際倉位：-4 , 總倉位：-4"
148c50c58b0cf380,Tue Sep 30 2014 13:33:10 GMT+0800 (Taiwan Standard Time),Tue Sep 30 2014 13:33:00 GMT+0800 (Taiwan Standard Time),SEC,交易所_B,8986,add_short,-1,-3,-4,normal,,"2014/09/30 13:33:00 ""8986"" 加碼空單目前倉位：-4 之前倉位：-3 交易所_B(小型台指) 倍數：1, 本次下單：-1 , 帳戶實際倉位：-4 , 總倉位：-4"
148c4e06436c3be1,Tue Sep 30 2014 12:45:09 GMT+0800 (Taiwan Standard Time),Tue Sep 30 2014 12:44:59 GMT+0800 (Taiwan Standard Time),SEC,交易所_B,9004,reduce_short,2,-5,-3,normal,,"2014/09/30 12:44:59 ""9004"" 減碼空單目前倉位：-3 之前倉位：-5 交易所_B(小型台指) 倍數：1, 本次下單：2 , 帳戶實際倉位：-3 , 總倉位：-3"
148bfcffeb879c95,Mon Sep 29 2014 13:09:11 GMT+0800 (Taiwan Standard Time),Mon Sep 29 2014 13:09:01 GMT+0800 (Taiwan Standard Time),SEC,交易所_B,8983,reduce_short,1,-4,-3,normal,,"2014/09/29 13:09:01 ""8983"" 減碼空單目前倉位：-3 之前倉位：-4 交易所_B(小型台指) 倍數：1, 本次下單：1 , 帳戶實際倉位：-3 , 總倉位：-3"
148bf62293add18a,Mon Sep 29 2014 11:09:13 GMT+0800 (Taiwan Standard Time),Mon Sep 29 2014 11:09:02 GMT+0800 (Taiwan Standard Time),SEC,交易所_B,8975,reduce_short,1,-5,-4,normal,,"2014/09/29 11:09:02 ""8975"" 減碼空單目前倉位：-4 之前倉位：-5 交易所_B(小型台指) 倍數：1, 本次下單：1 , 帳戶實際倉位：-4 , 總倉位：-4"
148a5a28031967f6,Wed Sep 24 2014 11:09:12 GMT+0800 (Taiwan Standard Time),Wed Sep 24 2014 11:09:02 GMT+0800 (Taiwan Standard Time),SEC,交易所_B,9115,,1,0,1,normal,,"2014/09/24 11:09:02 ""9115"" 多單進場目前倉位：+1 之前倉位：0 交易所_B(小型台指) 倍數：1, 本次下單：1 , 帳戶實際倉位：1 , 總倉位：1 MIX"
148a5619a6d01352,Wed Sep 24 2014 09:57:11 GMT+0800 (Taiwan Standard Time),Wed Sep 24 2014 09:57:01 GMT+0800 (Taiwan Standard Time),SEC,交易所_B,9105,close_long,-1,1,0,normal,,"2014/09/24 09:57:01 ""9105"" 多單平倉目前倉位：0 之前倉位：1 交易所_B(小型台指) 倍數：1, 本次下單：-1 , 帳戶實際倉位：0 , 總倉位：0 MIX"
148a5348e2e4281b,Wed Sep 24 2014 09:09:17 GMT+0800 (Taiwan Standard Time),Wed Sep 24 2014 09:09:08 GMT+0800 (Taiwan Standard Time),SEC,交易所_B,9129,,1,0,1,normal,,"2014/09/24 09:09:08 ""9129"" 多單進場目前倉位：+1 之前倉位：0 交易所_B(小型台指) 倍數：1, 本次下單：1 , 帳戶實際倉位：1 , 總倉位：1 MIX"
148a53478c3bba97,Wed Sep 24 2014 09:09:11 GMT+0800 (Taiwan Standard Time),Wed Sep 24 2014 09:09:01 GMT+0800 (Taiwan Standard Time),SEC,交易所_B,9130,close_short,3,-3,0,normal,,"2014/09/24 09:09:01 ""9130"" 空單平倉目前倉位：0 之前倉位：-3 交易所_B(小型台指) 倍數：1, 本次下單：3 , 帳戶實際倉位：0 , 總倉位：0 MIX"
148a062567bbc6ca,Tue Sep 23 2014 10:41:09 GMT+0800 (Taiwan Standard Time),Tue Sep 23 2014 10:41:00 GMT+0800 (Taiwan Standard Time),SEC,交易所_B,9127,close_long,-1,1,0,normal,,"2014/09/23 10:41:00 ""9127"" 多單平倉目前倉位：0 之前倉位：1 交易所_B(小型台指) 倍數：1, 本次下單：-1 , 帳戶實際倉位：0 , 總倉位：0 MIX"
148a047c912ff68d,Tue Sep 23 2014 10:12:09 GMT+0800 (Taiwan Standard Time),Tue Sep 23 2014 10:11:59 GMT+0800 (Taiwan Standard Time),SEC,交易所_B,9145,,1,0,1,normal,,"2014/09/23 10:11:59 ""9145"" 多單進場目前倉位：+1 之前倉位：0 交易所_B(小型台指) 倍數：1, 本次下單：1 , 帳戶實際倉位：1 , 總倉位：1 MIX"
1489b08b63253673,Mon Sep 22 2014 09:45:11 GMT+0800 (Taiwan Standard Time),Mon Sep 22 2014 09:45:00 GMT+0800 (Taiwan Standard Time),SEC,交易所_B,9124,close_long,-1,1,0,normal,,"2014/09/22 09:45:00 ""9124"" 多單平倉目前倉位：0 之前倉位：1 交易所_B(小型台指) 倍數：1, 本次下單：-1 , 帳戶實際倉位：0 , 總倉位：0 MIX"
1489afdb94a7470a,Mon Sep 22 2014 09:33:10 GMT+0800 (Taiwan Standard Time),Mon Sep 22 2014 09:33:00 GMT+0800 (Taiwan Standard Time),SEC,交易所_B,9139,reduce_long,-1,2,1,normal,,"2014/09/22 09:33:00 ""9139"" 減碼多單目前倉位：+1 之前倉位：2 交易所_B(小型台指) 倍數：1, 本次下單：-1 , 帳戶實際倉位：1 , 總倉位：1 MIX"
1489aec522742aa4,Mon Sep 22 2014 09:14:10 GMT+0800 (Taiwan Standard Time),Mon Sep 22 2014 09:14:00 GMT+0800 (Taiwan Standard Time),SEC,交易所_B,9157,reduce_long,-1,3,2,normal,,"2014/09/22 09:14:00 ""9157"" 減碼多單目前倉位：+2 之前倉位：3 交易所_B(小型台指) 倍數：1, 本次下單：-1 , 帳戶實際倉位：2 , 總倉位：2 MIX"
1488c6665a2dc4e3,Fri Sep 19 2014 13:33:15 GMT+0800 (Taiwan Standard Time),Fri Sep 19 2014 13:33:06 GMT+0800 (Taiwan Standard Time),SEC,交易所_B,9261,reduce_long,-1,4,3,normal,,"2014/09/19 13:33:06 ""9261"" 減碼多單目前倉位：+3 之前倉位：4 交易所_B(小型台指) 倍數：1, 本次下單：-1 , 帳戶實際倉位：3 , 總倉位：3 MIX"
1488c4da4c74f11b,Fri Sep 19 2014 13:06:13 GMT+0800 (Taiwan Standard Time),Fri Sep 19 2014 13:06:04 GMT+0800 (Taiwan Standard Time),SEC,交易所_B,9282,add_long,1,3,4,normal,,"2014/09/19 13:06:04 ""9282"" 加碼多單目前倉位：+4 之前倉位：3 交易所_B(小型台指) 倍數：1, 本次下單：1 , 帳戶實際倉位：4 , 總倉位：4 MIX"
1488bae56be4c40a,Fri Sep 19 2014 10:12:14 GMT+0800 (Taiwan Standard Time),Fri Sep 19 2014 10:12:04 GMT+0800 (Taiwan Standard Time),SEC,交易所_B,9262,reduce_long,-1,4,3,normal,,"2014/09/19 10:12:04 ""9262"" 減碼多單目前倉位：+3 之前倉位：4 交易所_B(小型台指) 倍數：1, 本次下單：-1 , 帳戶實際倉位：3 , 總倉位：3 MIX"
1488ba361a60a60f,Fri Sep 19 2014 10:00:15 GMT+0800 (Taiwan Standard Time),Fri Sep 19 2014 10:00:05 GMT+0800 (Taiwan Standard Time),SEC,交易所_B,9275,add_long,1,3,4,normal,,"2014/09/19 10:00:05 ""9275"" 加碼多單目前倉位：+4 之前倉位：3 交易所_B(小型台指) 倍數：1, 本次下單：1 , 帳戶實際倉位：4 , 總倉位：4 MIX"
14886d7b213fd747,Thu Sep 18 2014 11:39:16 GMT+0800 (Taiwan Standard Time),Thu Sep 18 2014 11:39:06 GMT+0800 (Taiwan Standard Time),SEC,交易所_B,9231,reduce_long,-1,3,2,normal,,"2014/09/18 11:39:06 ""9231"" 減碼多單目前倉位：+2 之前倉位：3 交易所_B(小型台指) 倍數：1, 本次下單：-1 , 帳戶實際倉位：2 , 總倉位：2 MIX"
14886880b5996ad9,Thu Sep 18 2014 10:12:11 GMT+0800 (Taiwan Standard Time),Thu Sep 18 2014 10:12:02 GMT+0800 (Taiwan Standard Time),SEC,交易所_B,9242,add_long,1,2,3,normal,,"2014/09/18 10:12:02 ""9242"" 加碼多單目前倉位：+3 之前倉位：2 交易所_B(小型台指) 倍數：1, 本次下單：1 , 帳戶實際倉位：3 , 總倉位：3 MIX"
148866d6df14f44d,Thu Sep 18 2014 09:43:11 GMT+0800 (Taiwan Standard Time),Thu Sep 18 2014 09:43:01 GMT+0800 (Taiwan Standard Time),SEC,交易所_B,9221,reduce_long,-1,3,2,normal,,"2014/09/18 09:43:01 ""9221"" 減碼多單目前倉位：+2 之前倉位：3 交易所_B(小型台指) 倍數：1, 本次下單：-1 , 帳戶實際倉位：2 , 總倉位：2 MIX"
1488652e6533f24d,Thu Sep 18 2014 09:14:13 GMT+0800 (Taiwan Standard Time),Thu Sep 18 2014 09:14:03 GMT+0800 (Taiwan Standard Time),SEC,交易所_B,9261,add_long,1,2,3,normal,,"2014/09/18 09:14:03 ""9261"" 加碼多單目前倉位：+3 之前倉位：2 交易所_B(小型台指) 倍數：1, 本次下單：1 , 帳戶實際倉位：3 , 總倉位：3 MIX"
148817fdc890f266,Wed Sep 17 2014 10:45:11 GMT+0800 (Taiwan Standard Time),Wed Sep 17 2014 10:45:02 GMT+0800 (Taiwan Standard Time),SEC,交易所_B,9234,add_short,-1,-2,-3,normal,,"2014/09/17 10:45:02 ""9234"" 加碼空單目前倉位：-3 之前倉位：-2 交易所_B(小型台指) 倍數：1, 本次下單：-1 , 帳戶實際倉位：-3 , 總倉位：-3"
14881491ba890d2b,Wed Sep 17 2014 09:45:22 GMT+0800 (Taiwan Standard Time),Wed Sep 17 2014 09:45:12 GMT+0800 (Taiwan Standard Time),SEC,交易所_B,9225,reduce_short,3,-5,-2,normal,,"2014/09/17 09:45:12 ""9225"" 減碼空單目前倉位：-2 之前倉位：-5 交易所_B(小型台指) 倍數：1, 本次下單：3 , 帳戶實際倉位：-2 , 總倉位：-2"
14877cec09a658f2,Mon Sep 15 2014 13:35:10 GMT+0800 (Taiwan Standard Time),Mon Sep 15 2014 13:35:01 GMT+0800 (Taiwan Standard Time),SEC,交易所_B,9219,reduce_short,1,-4,-3,normal,,"2014/09/15 13:35:01 ""9219"" 減碼空單目前倉位：-3 之前倉位：-4 交易所_B(小型台指) 倍數：1, 本次下單：1 , 帳戶實際倉位：-3 , 總倉位：-3"
1487799bd9a812a2,Mon Sep 15 2014 12:37:16 GMT+0800 (Taiwan Standard Time),Mon Sep 15 2014 12:37:06 GMT+0800 (Taiwan Standard Time),SEC,交易所_B,9217,add_short,-1,-3,-4,normal,,"2014/09/15 12:37:06 ""9217"" 加碼空單目前倉位：-4 之前倉位：-3 交易所_B(小型台指) 倍數：1, 本次下單：-1 , 帳戶實際倉位：-4 , 總倉位：-4"
14877648c671d230,Mon Sep 15 2014 11:39:10 GMT+0800 (Taiwan Standard Time),Mon Sep 15 2014 11:39:01 GMT+0800 (Taiwan Standard Time),SEC,交易所_B,9230,reduce_short,1,-4,-3,normal,,"2014/09/15 11:39:01 ""9230"" 減碼空單目前倉位：-3 之前倉位：-4 交易所_B(小型台指) 倍數：1, 本次下單：1 , 帳戶實際倉位：-3 , 總倉位：-3"
148774a354d74737,Mon Sep 15 2014 11:10:24 GMT+0800 (Taiwan Standard Time),Mon Sep 15 2014 11:10:14 GMT+0800 (Taiwan Standard Time),SEC,交易所_B,9218,add_short,-1,-3,-4,normal,,"2014/09/15 11:10:14 ""9218"" 加碼空單目前倉位：-4 之前倉位：-3 交易所_B(小型台指) 倍數：1, 本次下單：-1 , 帳戶實際倉位：-4 , 總倉位：-4"
14877331cc2a98f9,Mon Sep 15 2014 10:45:10 GMT+0800 (Taiwan Standard Time),Mon Sep 15 2014 10:45:01 GMT+0800 (Taiwan Standard Time),SEC,交易所_B,9221,reduce_short,1,-4,-3,normal,,"2014/09/15 10:45:01 ""9221"" 減碼空單目前倉位：-3 之前倉位：-4 交易所_B(小型台指) 倍數：1, 本次下單：1 , 帳戶實際倉位：-3 , 總倉位：-3"
14876dc251c58920,Mon Sep 15 2014 09:10:11 GMT+0800 (Taiwan Standard Time),Mon Sep 15 2014 09:10:02 GMT+0800 (Taiwan Standard Time),SEC,交易所_B,9223,reduce_short,1,-4,-3,normal,,"2014/09/15 09:10:02 ""9223"" 減碼空單目前倉位：-3 之前倉位：-4 交易所_B(小型台指) 倍數：1, 本次下單：1 , 帳戶實際倉位：-3 , 總倉位：-3"
14876db3d023e49a,Mon Sep 15 2014 09:09:11 GMT+0800 (Taiwan Standard Time),Mon Sep 15 2014 09:09:01 GMT+0800 (Taiwan Standard Time),SEC,交易所_B,9216,reduce_short,1,-5,-4,normal,,"2014/09/15 09:09:01 ""9216"" 減碼空單目前倉位：-4 之前倉位：-5 交易所_B(小型台指) 倍數：1, 本次下單：1 , 帳戶實際倉位：-4 , 總倉位：-4"
1485d200d2277951,Wed Sep 10 2014 09:14:12 GMT+0800 (Taiwan Standard Time),Wed Sep 10 2014 09:14:02 GMT+0800 (Taiwan Standard Time),SEC,交易所_B,9385,add_short,-1,-2,-3,normal,,"2014/09/10 09:14:02 ""9385"" 加碼空單目前倉位：-3 之前倉位：-2 交易所_B(小型台指) 倍數：1, 本次下單：-1 , 帳戶實際倉位：-3 , 總倉位：-3"
1485816072811f6d,Tue Sep 09 2014 09:45:10 GMT+0800 (Taiwan Standard Time),Tue Sep 09 2014 09:45:00 GMT+0800 (Taiwan Standard Time),SEC,交易所_B,9466,reduce_short,1,-2,-1,normal,,"2014/09/09 09:45:00 ""9466"" 減碼空單目前倉位：-1 之前倉位：-2 交易所_B(小型台指) 倍數：1, 本次下單：1 , 帳戶實際倉位：-1 , 總倉位：-1"
148444f27679ce16,Fri Sep 05 2014 13:35:12 GMT+0800 (Taiwan Standard Time),Fri Sep 05 2014 13:35:03 GMT+0800 (Taiwan Standard Time),SEC,交易所_B,9410,reduce_short,1,-3,-2,normal,,"2014/09/05 13:35:03 ""9410"" 減碼空單目前倉位：-2 之前倉位：-3 交易所_B(小型台指) 倍數：1, 本次下單：1 , 帳戶實際倉位：-2 , 總倉位：-2"
14843afdfaa19480,Fri Sep 05 2014 10:41:14 GMT+0800 (Taiwan Standard Time),Fri Sep 05 2014 10:41:03 GMT+0800 (Taiwan Standard Time),SEC,交易所_B,9392,add_short,-1,-2,-3,normal,,"2014/09/05 10:41:03 ""9392"" 加碼空單目前倉位：-3 之前倉位：-2 交易所_B(小型台指) 倍數：1, 本次下單：-1 , 帳戶實際倉位：-3 , 總倉位：-3"
1483e563cc1740f4,Thu Sep 04 2014 09:45:12 GMT+0800 (Taiwan Standard Time),Thu Sep 04 2014 09:45:01 GMT+0800 (Taiwan Standard Time),SEC,交易所_B,9428,add_short,-1,-1,-2,normal,,"2014/09/04 09:45:01 ""9428"" 加碼空單目前倉位：-2 之前倉位：-1 交易所_B(小型台指) 倍數：1, 本次下單：-1 , 帳戶實際倉位：-2 , 總倉位：-2"
1483950df47aa8b0,Wed Sep 03 2014 10:21:12 GMT+0800 (Taiwan Standard Time),Wed Sep 03 2014 10:21:02 GMT+0800 (Taiwan Standard Time),SEC,交易所_B,9474,reduce_short,1,-2,-1,normal,,"2014/09/03 10:21:02 ""9474"" 減碼空單目前倉位：-1 之前倉位：-2 交易所_B(小型台指) 倍數：1, 本次下單：1 , 帳戶實際倉位：-1 , 總倉位：-1"
148348ca711fff62,Tue Sep 02 2014 12:08:23 GMT+0800 (Taiwan Standard Time),Tue Sep 02 2014 12:08:14 GMT+0800 (Taiwan Standard Time),SEC,交易所_B,9418,long_to_short,-5,3,-2,normal,,"2014/09/02 12:08:14 ""9418"" 多翻空目前倉位：-2 之前倉位：3 交易所_B(小型台指) 倍數：1, 本次下單：-5 , 帳戶實際倉位：-2 , 總倉位：-2"
1483414827d6bda7,Tue Sep 02 2014 09:57:08 GMT+0800 (Taiwan Standard Time),Tue Sep 02 2014 09:56:59 GMT+0800 (Taiwan Standard Time),SEC,交易所_B,9442,reduce_long,-1,4,3,normal,,"2014/09/02 09:56:59 ""9442"" 減碼多單目前倉位：+3 之前倉位：4 交易所_B(小型台指) 倍數：1, 本次下單：-1 , 帳戶實際倉位：3 , 總倉位：3 MIX"
148340a576bb8b9c,Tue Sep 02 2014 09:46:01 GMT+0800 (Taiwan Standard Time),Tue Sep 02 2014 09:45:51 GMT+0800 (Taiwan Standard Time),SEC,交易所_B,9462,reduce_long,-1,5,4,normal,,"2014/09/02 09:45:51 ""9462"" 減碼多單目前倉位：+4 之前倉位：5 交易所_B(小型台指) 倍數：1, 本次下單：-1 , 帳戶實際倉位：4 , 總倉位：4 MIX"
14810223667a8328,Tue Aug 26 2014 10:25:50 GMT+0800 (Taiwan Standard Time),Tue Aug 26 2014 10:25:39 GMT+0800 (Taiwan Standard Time),SEC,交易所_B,9391,add_long,1,4,5,normal,,"2014/08/26 10:25:39 ""9391"" 加碼多單目前倉位：+5 之前倉位：4 交易所_B(小型台指) 倍數：1, 本次下單：0 , 帳戶實際倉位：5 , 總倉位：5 MIX"
147fb639b858f6d0,Fri Aug 22 2014 09:45:13 GMT+0800 (Taiwan Standard Time),Fri Aug 22 2014 09:45:02 GMT+0800 (Taiwan Standard Time),SEC,交易所_B,9337,add_long,2,3,5,normal,,"2014/08/22 09:45:02 ""9337"" 加碼多單目前倉位：+5 之前倉位：3 交易所_B(小型台指) 倍數：1, 本次下單：0 , 帳戶實際倉位：2 , 總倉位：2 MIX"
147f6c1061475cfd,Thu Aug 21 2014 12:09:16 GMT+0800 (Taiwan Standard Time),Thu Aug 21 2014 12:09:07 GMT+0800 (Taiwan Standard Time),SEC,交易所_B,9223,add_long,1,1,2,normal,,"2014/08/21 12:09:07 ""9223"" 加碼多單目前倉位：+2 之前倉位：1 交易所_B(小型台指) 倍數：1, 本次下單：1 , 帳戶實際倉位：2 , 總倉位：2 MIX"
147f6ab11ba94ad9,Thu Aug 21 2014 11:45:17 GMT+0800 (Taiwan Standard Time),Thu Aug 21 2014 11:45:07 GMT+0800 (Taiwan Standard Time),SEC,交易所_B,9209,reduce_long,-1,2,1,normal,,"2014/08/21 11:45:07 ""9209"" 減碼多單目前倉位：+1 之前倉位：2 交易所_B(小型台指) 倍數：1, 本次下單：-1 , 帳戶實際倉位：1 , 總倉位：1 MIX"
147f68370cfa7b6a,Thu Aug 21 2014 11:02:00 GMT+0800 (Taiwan Standard Time),Thu Aug 21 2014 11:01:48 GMT+0800 (Taiwan Standard Time),SEC,交易所_B,9235,add_long,1,1,2,normal,,"2014/08/21 11:01:48 ""9235"" 加碼多單目前倉位：+2 之前倉位：1 交易所_B(小型台指) 倍數：1, 本次下單：1 , 帳戶實際倉位：2 , 總倉位：2 MIX"
147ec711edf5c8d6,Tue Aug 19 2014 12:05:38 GMT+0800 (Taiwan Standard Time),Tue Aug 19 2014 12:05:29 GMT+0800 (Taiwan Standard Time),SEC,交易所_B,9236,add_long,1,1,2,normal,,"2014/08/19 12:05:29 ""9236"" 加碼多單目前倉位：+2 之前倉位：1 交易所_B(小型台指) 倍數：1, 本次下單：3 , 帳戶實際倉位：2 , 總倉位：2 MIX"
147ebe582af7b1fe,Tue Aug 19 2014 09:33:12 GMT+0800 (Taiwan Standard Time),Tue Aug 19 2014 09:33:01 GMT+0800 (Taiwan Standard Time),SEC,交易所_B,9204,short_to_long,2,-1,1,normal,,"2014/08/19 09:33:01 ""9204"" 空翻多目前倉位：+1 之前倉位：-1 交易所_B(小型台指) 倍數：1, 本次下單：0 , 帳戶實際倉位：-1 , 總倉位：-1"
147e69333b173107,Mon Aug 18 2014 08:45:09 GMT+0800 (Taiwan Standard Time),Mon Aug 18 2014 08:44:59 GMT+0800 (Taiwan Standard Time),SEC,交易所_B,9212,,-1,0,-1,normal,,"2014/08/18 08:44:59 ""9212"" 空單進場目前倉位：-1 之前倉位：0 交易所_B(小型台指) 倍數：1, 本次下單：-2 , 帳戶實際倉位：-1 , 總倉位：-1"
147d7b9eb9457064,Fri Aug 15 2014 11:33:15 GMT+0800 (Taiwan Standard Time),Fri Aug 15 2014 11:33:06 GMT+0800 (Taiwan Standard Time),SEC,交易所_B,9210,short_to_long,2,-1,1,normal,,"2014/08/15 11:33:06 ""9210"" 空翻多目前倉位：+1 之前倉位：-1 交易所_B(小型台指) 倍數：1, 本次下單：2 , 帳戶實際倉位：1 , 總倉位：1 MIX"
147d76ee7f78fdd0,Fri Aug 15 2014 10:10:49 GMT+0800 (Taiwan Standard Time),Fri Aug 15 2014 10:10:37 GMT+0800 (Taiwan Standard Time),SEC,交易所_B,9154,,-1,0,-1,normal,,"2014/08/15 10:10:37 ""9154"" 空單進場目前倉位：-1 之前倉位：0 交易所_B(小型台指) 倍數：1, 本次下單：-1 , 帳戶實際倉位：-1 , 總倉位：-1"
147cdd155e2396cf,Wed Aug 13 2014 13:22:19 GMT+0800 (Taiwan Standard Time),Wed Aug 13 2014 13:22:10 GMT+0800 (Taiwan Standard Time),SEC,交易所_B,9202,,2,0,2,normal,,"2014/08/13 13:22:10 ""9202"" 多單進場目前倉位：+2 之前倉位：0 交易所_B(小型台指) 倍數：1, 本次下單：2 , 帳戶實際倉位：2 , 總倉位：2 MIX"
147cce98da759f8f,Wed Aug 13 2014 09:09:12 GMT+0800 (Taiwan Standard Time),Wed Aug 13 2014 09:09:02 GMT+0800 (Taiwan Standard Time),SEC,交易所_B,9129,close_short,1,-1,0,normal,,"2014/08/13 09:09:02 ""9129"" 空單平倉目前倉位：0 之前倉位：-1 交易所_B(小型台指) 倍數：1, 本次下單：1 , 帳戶實際倉位：0 , 總倉位：0 MIX"
147c846e28f1a35d,Tue Aug 12 2014 11:33:10 GMT+0800 (Taiwan Standard Time),Tue Aug 12 2014 11:33:00 GMT+0800 (Taiwan Standard Time),SEC,交易所_B,9131,close_short,1,-1,0,normal,,"2014/08/12 11:33:00 ""9131"" 空單平倉目前倉位：0 之前倉位：-1 交易所_B(小型台指) 倍數：1, 本次下單：0 , 帳戶實際倉位：-1 , 總倉位：-1"
147c7ae02eb7ceba,Tue Aug 12 2014 08:45:08 GMT+0800 (Taiwan Standard Time),Tue Aug 12 2014 08:44:58 GMT+0800 (Taiwan Standard Time),SEC,交易所_B,9152,,-1,0,-1,normal,,"2014/08/12 08:44:58 ""9152"" 空單進場目前倉位：-1 之前倉位：0 交易所_B(小型台指) 倍數：1, 本次下單：0 , 帳戶實際倉位：-1 , 總倉位：-1"
147c2dfd2b89e449,Mon Aug 11 2014 10:22:12 GMT+0800 (Taiwan Standard Time),Mon Aug 11 2014 10:22:02 GMT+0800 (Taiwan Standard Time),SEC,交易所_B,9152,reduce_short,2,-3,-1,normal,,"2014/08/11 10:22:02 ""9152"" 減碼空單目前倉位：-1 之前倉位：-3 交易所_B(小型台指) 倍數：1, 本次下單：1 , 帳戶實際倉位：-1 , 總倉位：-1"
147c28803988e162,Mon Aug 11 2014 08:45:10 GMT+0800 (Taiwan Standard Time),Mon Aug 11 2014 08:45:01 GMT+0800 (Taiwan Standard Time),SEC,交易所_B,9132,,-3,0,-3,normal,,"2014/08/11 08:45:01 ""9132"" 空單進場目前倉位：-3 之前倉位：0 交易所_B(小型台指) 倍數：1, 本次下單：-1 , 帳戶實際倉位：-2 , 總倉位：-2"
147b32a12bc018f2,Fri Aug 08 2014 09:09:14 GMT+0800 (Taiwan Standard Time),Fri Aug 08 2014 09:09:04 GMT+0800 (Taiwan Standard Time),SEC,交易所_B,9050,reduce_short,2,-3,-1,normal,,"2014/08/08 09:09:04 ""9050"" 減碼空單目前倉位：-1 之前倉位：-3 交易所_B(小型台指) 倍數：1, 本次下單：1 , 帳戶實際倉位：-1 , 總倉位：-1"
147b3141bb8da9c4,Fri Aug 08 2014 08:45:14 GMT+0800 (Taiwan Standard Time),Fri Aug 08 2014 08:45:04 GMT+0800 (Taiwan Standard Time),SEC,交易所_B,9052,,-3,0,-3,normal,,"2014/08/08 08:45:04 ""9052"" 空單進場目前倉位：-3 之前倉位：0 交易所_B(小型台指) 倍數：1, 本次下單：-1 , 帳戶實際倉位：-2 , 總倉位：-2"
147ae03e47584a31,Thu Aug 07 2014 09:09:15 GMT+0800 (Taiwan Standard Time),Thu Aug 07 2014 09:09:04 GMT+0800 (Taiwan Standard Time),SEC,交易所_B,9120,reduce_short,2,-3,-1,normal,,"2014/08/07 09:09:04 ""9120"" 減碼空單目前倉位：-1 之前倉位：-3 交易所_B(小型台指) 倍數：1, 本次下單：1 , 帳戶實際倉位：-1 , 總倉位：-1"
147a43b199f28763,Tue Aug 05 2014 11:33:08 GMT+0800 (Taiwan Standard Time),Tue Aug 05 2014 11:32:59 GMT+0800 (Taiwan Standard Time),SEC,交易所_B,9128,add_short,-2,-1,-3,normal,,"2014/08/05 11:32:59 ""9128"" 加碼空單目前倉位：-3 之前倉位：-1 交易所_B(小型台指) 倍數：1, 本次下單：-1 , 帳戶實際倉位：-2 , 總倉位：-2"
147a3b6a99acce0a,Tue Aug 05 2014 09:09:09 GMT+0800 (Taiwan Standard Time),Tue Aug 05 2014 09:08:59 GMT+0800 (Taiwan Standard Time),SEC,交易所_B,9231,reduce_short,2,-3,-1,normal,,"2014/08/05 09:08:59 ""9231"" 減碼空單目前倉位：-1 之前倉位：-3 交易所_B(小型台指) 倍數：1, 本次下單：1 , 帳戶實際倉位：-1 , 總倉位：-1"
147a3a088627d8a1,Tue Aug 05 2014 08:45:10 GMT+0800 (Taiwan Standard Time),Tue Aug 05 2014 08:44:59 GMT+0800 (Taiwan Standard Time),SEC,交易所_B,9250,,-3,0,-3,normal,,"2014/08/05 08:44:59 ""9250"" 空單進場目前倉位：-3 之前倉位：0 交易所_B(小型台指) 倍數：1, 本次下單：-1 , 帳戶實際倉位：-2 , 總倉位：-2"
1479e90942abc5f5,Mon Aug 04 2014 09:09:09 GMT+0800 (Taiwan Standard Time),Mon Aug 04 2014 09:08:59 GMT+0800 (Taiwan Standard Time),SEC,交易所_B,9245,reduce_short,2,-3,-1,normal,,"2014/08/04 09:08:59 ""9245"" 減碼空單目前倉位：-1 之前倉位：-3 交易所_B(小型台指) 倍數：1, 本次下單：0 , 帳戶實際倉位：-1 , 總倉位：-1"
1478f07919c7fa22,Fri Aug 01 2014 08:45:12 GMT+0800 (Taiwan Standard Time),Fri Aug 01 2014 08:45:02 GMT+0800 (Taiwan Standard Time),SEC,交易所_B,9236,,-1,0,-1,normal,,"2014/08/01 08:45:02 ""9236"" 空單進場目前倉位：-1 之前倉位：0 交易所_B(小型台指) 倍數：1, 本次下單：2 , 帳戶實際倉位：-1 , 總倉位：-1"
1478ac22cf8a1b92,Thu Jul 31 2014 12:51:22 GMT+0800 (Taiwan Standard Time),Thu Jul 31 2014 12:51:12 GMT+0800 (Taiwan Standard Time),SEC,交易所_B,9310,add_short,-2,-1,-3,normal,,"2014/07/31 12:51:12 ""9310"" 加碼空單目前倉位：-3 之前倉位：-1 交易所_B(小型台指) 倍數：1, 本次下單：-2 , 帳戶實際倉位：-3 , 總倉位：-3"
1478a38a7bfd0d90,Thu Jul 31 2014 10:21:12 GMT+0800 (Taiwan Standard Time),Thu Jul 31 2014 10:21:02 GMT+0800 (Taiwan Standard Time),SEC,交易所_B,9305,,-1,0,-1,normal,,"2014/07/31 10:21:02 ""9305"" 空單進場目前倉位：-1 之前倉位：0 交易所_B(小型台指) 倍數：1, 本次下單：-1 , 帳戶實際倉位：-1 , 總倉位：-1"
1478596cd444a0b8,Wed Jul 30 2014 12:45:12 GMT+0800 (Taiwan Standard Time),Wed Jul 30 2014 12:45:02 GMT+0800 (Taiwan Standard Time),SEC,交易所_B,9416,close_short,1,-1,0,normal,,"2014/07/30 12:45:02 ""9416"" 空單平倉目前倉位：0 之前倉位：-1 交易所_B(小型台指) 倍數：1, 本次下單：1 , 帳戶實際倉位：0 , 總倉位：0 MIX"
1476b53a16089a94,Fri Jul 25 2014 10:22:20 GMT+0800 (Taiwan Standard Time),Fri Jul 25 2014 10:22:09 GMT+0800 (Taiwan Standard Time),SEC,交易所_B,9413,,-1,0,-1,normal,,"2014/07/25 10:22:09 ""9413"" 空單進場目前倉位：-1 之前倉位：0 交易所_B(小型台指) 倍數：1, 本次下單：-1 , 帳戶實際倉位：-1 , 總倉位：-1"
1476b354ba0fca51,Fri Jul 25 2014 09:48:42 GMT+0800 (Taiwan Standard Time),Fri Jul 25 2014 09:48:32 GMT+0800 (Taiwan Standard Time),SEC,交易所_B,9443,close_long,-2,2,0,normal,,"2014/07/25 09:48:32 ""9443"" 多單平倉目前倉位：0 之前倉位：2 交易所_B(小型台指) 倍數：1, 本次下單：-2 , 帳戶實際倉位：0 , 總倉位：0 MIX"
1476afd94253804f,Fri Jul 25 2014 08:48:16 GMT+0800 (Taiwan Standard Time),Fri Jul 25 2014 08:48:05 GMT+0800 (Taiwan Standard Time),SEC,交易所_B,0,add_long,1,1,2,normal,,"2014/07/25 08:48:05 ""0"" 加碼多單目前倉位：+2 之前倉位：1 交易所_B(小型台指) 倍數：1, 本次下單：1 , 帳戶實際倉位：3 , 總倉位：3 MIX"
1476afb096c5bbc1,Fri Jul 25 2014 08:45:16 GMT+0800 (Taiwan Standard Time),Fri Jul 25 2014 08:45:06 GMT+0800 (Taiwan Standard Time),SEC,交易所_B,9460,add_long,1,1,2,normal,,"2014/07/25 08:45:06 ""9460"" 加碼多單目前倉位：+2 之前倉位：1 交易所_B(小型台指) 倍數：1, 本次下單：0 , 帳戶實際倉位：2 , 總倉位：2 MIX"
1473d5bb3bfb2b6b,Wed Jul 16 2014 12:08:12 GMT+0800 (Taiwan Standard Time),Wed Jul 16 2014 12:08:01 GMT+0800 (Taiwan Standard Time),P,交易所_B,9499,close_long,-1,1,0,normal,,"2014/07/16 12:08:01 ""9499"" 多單平倉目前倉位：0 之前倉位：1 交易所_B(小型台指) 倍數：1, 本次下單：-1 , 帳戶實際倉位：0 , 總倉位：0"
146ea7309422ebb0,Mon Jun 30 2014 09:45:12 GMT+0800 (Taiwan Standard Time),Mon Jun 30 2014 09:45:02 GMT+0800 (Taiwan Standard Time),P,交易所_B,9262,,1,0,1,normal,,"2014/06/30 09:45:02 ""9262"" 多單進場目前倉位：+1 之前倉位：0 交易所_B(小型台指) 倍數：1, 本次下單：1 , 帳戶實際倉位：1 , 總倉位：1"
14621e162d1f716e,Thu May 22 2014 11:02:29 GMT+0800 (Taiwan Standard Time),Thu May 22 2014 11:02:18 GMT+0800 (Taiwan Standard Time),P,交易所_B,8930,,1,0,1,normal,,"2014/05/22 11:02:18 ""8930"" 多單進場目前倉位：+1 之前倉位：0 交易所_B(小型台指) 倍數：1, 本次下單：1 , 帳戶實際倉位：1 , 總倉位：1"
1461820e96af6749,Tue May 20 2014 13:35:09 GMT+0800 (Taiwan Standard Time),Tue May 20 2014 13:34:59 GMT+0800 (Taiwan Standard Time),P,交易所_B,8891,close_long,-1,1,0,normal,,"2014/05/20 13:34:59 ""8891"" 多單平倉目前倉位：0 之前倉位：1 交易所_B(小型台指) 倍數：1, 本次下單：-1 , 帳戶實際倉位：0 , 總倉位：0"
146128bec912b4db,Mon May 19 2014 11:34:49 GMT+0800 (Taiwan Standard Time),Mon May 19 2014 11:34:38 GMT+0800 (Taiwan Standard Time),P,交易所_B,8895,,1,0,1,normal,,"2014/05/19 11:34:38 ""8895"" 多單進場目前倉位：+1 之前倉位：0 交易所_B(小型台指) 倍數：1, 本次下單：1 , 帳戶實際倉位：1 , 總倉位：1"
14602b738946c647,Fri May 16 2014 09:48:22 GMT+0800 (Taiwan Standard Time),Fri May 16 2014 09:48:11 GMT+0800 (Taiwan Standard Time),P,交易所_B,8830,close_long,-1,1,0,normal,,"2014/05/16 09:48:11 ""8830"" 多單平倉目前倉位：0 之前倉位：1 交易所_B(小型台指) 倍數：1, 本次下單：-1 , 帳戶實際倉位：0 , 總倉位：0"
145f8d6a524acdcf,Wed May 14 2014 11:45:28 GMT+0800 (Taiwan Standard Time),Wed May 14 2014 11:45:19 GMT+0800 (Taiwan Standard Time),P,交易所_B,8873,,1,0,1,normal,,"2014/05/14 11:45:19 ""8873"" 多單進場目前倉位：+1 之前倉位：0 交易所_B(小型台指) 倍數：1, 本次下單：1 , 帳戶實際倉位：1 , 總倉位：1"
145dea85f637e0c7,Fri May 09 2014 09:45:37 GMT+0800 (Taiwan Standard Time),Fri May 09 2014 09:45:26 GMT+0800 (Taiwan Standard Time),P,交易所_B,8843,close_long,-1,1,0,normal,,"2014/05/09 09:45:26 ""8843"" 多單平倉目前倉位：0 之前倉位：1 交易所_B(小型台指) 倍數：1, 本次下單：-1 , 帳戶實際倉位：0 , 總倉位：0"
145d966c32b9f77c,Thu May 08 2014 09:15:18 GMT+0800 (Taiwan Standard Time),Thu May 08 2014 09:15:07 GMT+0800 (Taiwan Standard Time),P,交易所_B,8873,,1,0,1,normal,,"2014/05/08 09:15:07 ""8873"" 多單進場目前倉位：+1 之前倉位：0 交易所_B(小型台指) 倍數：1, 本次下單：1 , 帳戶實際倉位：1 , 總倉位：1"
145d48edb6c9e908,Wed May 07 2014 10:41:33 GMT+0800 (Taiwan Standard Time),Wed May 07 2014 10:41:22 GMT+0800 (Taiwan Standard Time),P,交易所_B,8813,close_long,-1,1,0,normal,,"2014/05/07 10:41:22 ""8813"" 多單平倉目前倉位：0 之前倉位：1 交易所_B(小型台指) 倍數：1, 本次下單：-1 , 帳戶實際倉位：0 , 總倉位：0"
145c9d79c0126f42,Mon May 05 2014 08:45:13 GMT+0800 (Taiwan Standard Time),Mon May 05 2014 08:45:02 GMT+0800 (Taiwan Standard Time),P,交易所_B,8863,,1,0,1,normal,,"2014/05/05 08:45:02 ""8863"" 多單進場目前倉位：+1 之前倉位：0 交易所_B(小型台指) 倍數：1, 本次下單：1 , 帳戶實際倉位：1 , 總倉位：1"
145bad25416fd931,Fri May 02 2014 10:45:21 GMT+0800 (Taiwan Standard Time),Fri May 02 2014 10:45:12 GMT+0800 (Taiwan Standard Time),P,交易所_B,8824,close_short,2,-2,0,normal,,"2014/05/02 10:45:12 ""8824"" 空單平倉目前倉位：0 之前倉位：-2 交易所_B(小型台指) 倍數：1, 本次下單：2 , 帳戶實際倉位：0 , 總倉位：0"
145ba6469988e0d7,Fri May 02 2014 08:45:21 GMT+0800 (Taiwan Standard Time),Fri May 02 2014 08:45:12 GMT+0800 (Taiwan Standard Time),P,交易所_B,8768,add_short,-1,-1,-2,normal,,"2014/05/02 08:45:12 ""8768"" 加碼空單目前倉位：-2 之前倉位：-1 交易所_B(小型台指) 倍數：1, 本次下單：-2 , 帳戶實際倉位：-2 , 總倉位：-2"
145ab07656c45da1,Tue Apr 29 2014 09:09:07 GMT+0800 (Taiwan Standard Time),Tue Apr 29 2014 09:08:59 GMT+0800 (Taiwan Standard Time),P,交易所_B,8838,close_short,1,-1,0,normal,,"2014/04/29 09:08:59 ""8838"" 空單平倉目前倉位：0 之前倉位：-1 交易所_B(小型台指) 倍數：1, 本次下單：1 , 帳戶實際倉位：0 , 總倉位：0"
145aaf15c19aac84,Tue Apr 29 2014 08:45:09 GMT+0800 (Taiwan Standard Time),Tue Apr 29 2014 08:44:58 GMT+0800 (Taiwan Standard Time),P,交易所_B,8827,reduce_short,1,-2,-1,normal,,"2014/04/29 08:44:58 ""8827"" 減碼空單目前倉位：-1 之前倉位：-2 交易所_B(小型台指) 倍數：1, 本次下單：1 , 帳戶實際倉位：-1 , 總倉位：-1"
14596894f356c3e6,Fri Apr 25 2014 09:39:07 GMT+0800 (Taiwan Standard Time),Fri Apr 25 2014 09:38:56 GMT+0800 (Taiwan Standard Time),P,交易所_B,8895,,-1,0,-1,normal,,"2014/04/25 09:38:56 ""8895"" 空單進場目前倉位：-1 之前倉位：0 交易所_B(小型台指) 倍數：1, 本次下單：-1 , 帳戶實際倉位：-1 , 總倉位：-1"
145919c88b860299,Thu Apr 24 2014 10:42:07 GMT+0800 (Taiwan Standard Time),Thu Apr 24 2014 10:41:57 GMT+0800 (Taiwan Standard Time),P,交易所_B,8937,close_short,1,-1,0,normal,,"2014/04/24 10:41:57 ""8937"" 空單平倉目前倉位：0 之前倉位：-1 交易所_B(小型台指) 倍數：1, 本次下單：1 , 帳戶實際倉位：0 , 總倉位：0"
1458ce05729893a2,Wed Apr 23 2014 12:37:07 GMT+0800 (Taiwan Standard Time),Wed Apr 23 2014 12:36:56 GMT+0800 (Taiwan Standard Time),P,交易所_B,8911,close_long,-1,1,0,normal,,"2014/04/23 12:36:56 ""8911"" 多單平倉目前倉位：0 之前倉位：1 交易所_B(小型台指) 倍數：1, 本次下單：-1 , 帳戶實際倉位：0 , 總倉位：0"
1458cdfbecae18d1,Wed Apr 23 2014 12:37:12 GMT+0800 (Taiwan Standard Time),Wed Apr 23 2014 12:37:03 GMT+0800 (Taiwan Standard Time),P,交易所_B,8911,,-1,0,-1,normal,,"2014/04/23 12:37:03 ""8911"" 空單進場目前倉位：-1 之前倉位：0 交易所_B(小型台指) 倍數：1, 本次下單：-1 , 帳戶實際倉位：-1 , 總倉位：-1"
1456d25085c9e2df,Thu Apr 17 2014 08:45:12 GMT+0800 (Taiwan Standard Time),Thu Apr 17 2014 08:45:03 GMT+0800 (Taiwan Standard Time),P,交易所_B,8885,,1,0,1,normal,,"2014/04/17 08:45:03 ""8885"" 多單進場目前倉位：+1 之前倉位：0 交易所_B(小型台指) 倍數：1, 本次下單：0 , 帳戶實際倉位：1 , 總倉位：1"
14568ad2706e7c6f,Wed Apr 16 2014 11:55:51 GMT+0800 (Taiwan Standard Time),Wed Apr 16 2014 11:55:41 GMT+0800 (Taiwan Standard Time),P,交易所_B,8919,,1,0,1,normal,,"2014/04/16 11:55:41 ""8919"" 多單進場目前倉位：+1 之前倉位：0 交易所_B(小型台指) 倍數：1, 本次下單：1 , 帳戶實際倉位：1 , 總倉位：1"
145630fdac51e34c,Tue Apr 15 2014 09:45:16 GMT+0800 (Taiwan Standard Time),Tue Apr 15 2014 09:45:05 GMT+0800 (Taiwan Standard Time),P,交易所_B,8890,close_short,1,-1,0,normal,,"2014/04/15 09:45:05 ""8890"" 空單平倉目前倉位：0 之前倉位：-1 交易所_B(小型台指) 倍數：1, 本次下單：1 , 帳戶實際倉位：0 , 總倉位：0"
1454ed13f334e4a0,Fri Apr 11 2014 11:25:08 GMT+0800 (Taiwan Standard Time),Fri Apr 11 2014 11:24:57 GMT+0800 (Taiwan Standard Time),P,交易所_B,8850,,-1,0,-1,normal,,"2014/04/11 11:24:57 ""8850"" 空單進場目前倉位：-1 之前倉位：0 交易所_B(小型台指) 倍數：1, 本次下單：-1 , 帳戶實際倉位：-1 , 總倉位：-1"
14549f54172c0c9a,Thu Apr 10 2014 12:45:42 GMT+0800 (Taiwan Standard Time),Thu Apr 10 2014 12:45:32 GMT+0800 (Taiwan Standard Time),P,交易所_B,8874,close_long,-1,1,0,normal,,"2014/04/10 12:45:32 ""8874"" 多單平倉目前倉位：0 之前倉位：1 交易所_B(小型台指) 倍數：1, 本次下單：-1 , 帳戶實際倉位：0 , 總倉位：0"
144f6eba08172a12,Tue Mar 25 2014 09:46:55 GMT+0800 (Taiwan Standard Time),Tue Mar 25 2014 09:46:47 GMT+0800 (Taiwan Standard Time),SEC,交易所_B,8617,short_to_long,2,-1,1,normal,,"2014/03/25 09:46:47 ""8617.00"" 空翻多目前倉位：+1 之前倉位：-1 交易所_B(小型台指) 倍數：1, 本次下單：2 , 帳戶實際倉位：1 , 總倉位：1"
144d3a8f8c0a5237,Tue Mar 18 2014 13:27:43 GMT+0800 (Taiwan Standard Time),Tue Mar 18 2014 13:27:35 GMT+0800 (Taiwan Standard Time),SEC,交易所_B,8732,long_to_short,-2,1,-1,normal,,"2014/03/18 13:27:35 ""8732.00"" 多翻空目前倉位：-1 之前倉位：1 交易所_B(小型台指) 倍數：1, 本次下單：-2 , 帳戶實際倉位：-1 , 總倉位：-1"
1449509b06f041c7,Thu Mar 06 2014 09:37:08 GMT+0800 (Taiwan Standard Time),Thu Mar 06 2014 09:36:59 GMT+0800 (Taiwan Standard Time),SEC,交易所_B,8657,short_to_long,2,-1,1,normal,,"2014/03/06 09:36:59 ""8657.00"" 空翻多目前倉位：+1 之前倉位：-1 交易所_B(小型台指) 倍數：1, 本次下單：2 , 帳戶實際倉位：1 , 總倉位：1"
1448b9442508bc27,Tue Mar 04 2014 13:31:40 GMT+0800 (Taiwan Standard Time),Tue Mar 04 2014 13:31:31 GMT+0800 (Taiwan Standard Time),SEC,交易所_B,8547,long_to_short,-2,1,-1,normal,,"2014/03/04 13:31:31 ""8547.00"" 多翻空目前倉位：-1 之前倉位：1 交易所_B(小型台指) 倍數：1, 本次下單：-2 , 帳戶實際倉位：-1 , 總倉位：-1"
1448ab95a3491513,Tue Mar 04 2014 09:33:15 GMT+0800 (Taiwan Standard Time),Tue Mar 04 2014 09:33:05 GMT+0800 (Taiwan Standard Time),SEC,交易所_B,8572,short_to_long,2,-1,1,normal,,"2014/03/04 09:33:05 ""8572.00"" 空翻多目前倉位：+1 之前倉位：-1 交易所_B(小型台指) 倍數：1, 本次下單：2 , 帳戶實際倉位：1 , 總倉位：1"
1448590a4103c8e3,Mon Mar 03 2014 09:30:42 GMT+0800 (Taiwan Standard Time),Mon Mar 03 2014 09:30:33 GMT+0800 (Taiwan Standard Time),SEC,交易所_B,8523,long_to_short,-2,1,-1,normal,,"2014/03/03 09:30:33 ""8523.00"" 多翻空目前倉位：-1 之前倉位：1 交易所_B(小型台指) 倍數：1, 本次下單：-2 , 帳戶實際倉位：-1 , 總倉位：-1"
1446bd5bd95bda74,Wed Feb 26 2014 09:35:24 GMT+0800 (Taiwan Standard Time),Wed Feb 26 2014 09:35:14 GMT+0800 (Taiwan Standard Time),SEC,交易所_B,8593,short_to_long,2,-1,1,normal,,"2014/02/26 09:35:14 ""8593.00"" 空翻多目前倉位：+1 之前倉位：-1 交易所_B(小型台指) 倍數：1, 本次下單：2 , 帳戶實際倉位：1 , 總倉位：1"
14461a6bc96ee998,Mon Feb 24 2014 10:07:46 GMT+0800 (Taiwan Standard Time),Mon Feb 24 2014 10:07:36 GMT+0800 (Taiwan Standard Time),SEC,交易所_B,8567,long_to_short,-2,1,-1,normal,,"2014/02/24 10:07:36 ""8567.00"" 多翻空目前倉位：-1 之前倉位：1 交易所_B(小型台指) 倍數：1, 本次下單：-2 , 帳戶實際倉位：-1 , 總倉位：-1"
14443349da47f884,Tue Feb 18 2014 12:15:18 GMT+0800 (Taiwan Standard Time),Tue Feb 18 2014 12:15:07 GMT+0800 (Taiwan Standard Time),SEC,交易所_B,8542,short_to_long,2,-1,1,normal,,"2014/02/18 12:15:07 ""8542.00"" 空翻多目前倉位：+1 之前倉位：-1 交易所_B(小型台指) 倍數：1, 本次下單：2 , 帳戶實際倉位：1 , 總倉位：1"
1443d9bc5839bdc5,Mon Feb 17 2014 10:10:22 GMT+0800 (Taiwan Standard Time),Mon Feb 17 2014 10:10:13 GMT+0800 (Taiwan Standard Time),SEC,交易所_B,8526,long_to_short,-2,1,-1,normal,,"2014/02/17 10:10:13 ""8526.00"" 多翻空目前倉位：-1 之前倉位：1 交易所_B(小型台指) 倍數：1, 本次下單：-2 , 帳戶實際倉位：-1 , 總倉位：-1"
1441e9eb4470e122,Tue Feb 11 2014 09:45:09 GMT+0800 (Taiwan Standard Time),Tue Feb 11 2014 09:45:00 GMT+0800 (Taiwan Standard Time),SEC,交易所_B,8387,short_to_long,2,-1,1,normal,,"2014/02/11 09:45:00 ""8387.00"" 空翻多目前倉位：+1 之前倉位：-1 交易所_B(小型台指) 倍數：1, 本次下單：2 , 帳戶實際倉位：1 , 總倉位：1"
1441a3102124054d,Mon Feb 10 2014 13:05:37 GMT+0800 (Taiwan Standard Time),Mon Feb 10 2014 13:05:28 GMT+0800 (Taiwan Standard Time),SEC,交易所_B,8364,long_to_short,-2,1,-1,normal,,"2014/02/10 13:05:28 ""8364.00"" 多翻空目前倉位：-1 之前倉位：1 交易所_B(小型台指) 倍數：1, 本次下單：-2 , 帳戶實際倉位：-1 , 總倉位：-1"
1440534e30bd0d1b,Thu Feb 06 2014 11:19:19 GMT+0800 (Taiwan Standard Time),Thu Feb 06 2014 11:19:09 GMT+0800 (Taiwan Standard Time),SEC,交易所_B,8288,short_to_long,2,-1,1,normal,,"2014/02/06 11:19:09 ""8288.00"" 空翻多目前倉位：+1 之前倉位：-1 交易所_B(小型台指) 倍數：1, 本次下單：2 , 帳戶實際倉位：1 , 總倉位：1"
143bcd66236b960a,Thu Jan 23 2014 10:03:21 GMT+0800 (Taiwan Standard Time),Thu Jan 23 2014 10:03:11 GMT+0800 (Taiwan Standard Time),SEC,交易所_B,8604,long_to_short,-2,1,-1,normal,,"2014/01/23 10:03:11 ""8604.00"" 多翻空目前倉位：-1 之前倉位：1 交易所_B(小型台指) 倍數：1, 本次下單：-2 , 帳戶實際倉位：-1 , 總倉位：-1"
143ad62e710c24d2,Mon Jan 20 2014 10:02:48 GMT+0800 (Taiwan Standard Time),Mon Jan 20 2014 10:02:38 GMT+0800 (Taiwan Standard Time),SEC,交易所_B,8626,short_to_long,2,-1,1,normal,,"2014/01/20 10:02:38 ""8626.00"" 空翻多目前倉位：+1 之前倉位：-1 交易所_B(小型台指) 倍數：1, 本次下單：2 , 帳戶實際倉位：1 , 總倉位：1"
143ad1c6bcf1bb20,Mon Jan 20 2014 08:45:10 GMT+0800 (Taiwan Standard Time),Mon Jan 20 2014 08:45:01 GMT+0800 (Taiwan Standard Time),SEC,交易所_B,8584,long_to_short,-2,1,-1,normal,,"2014/01/20 08:45:01 ""8584.00"" 多翻空目前倉位：-1 之前倉位：1 交易所_B(小型台指) 倍數：1, 本次下單：-2 , 帳戶實際倉位：-1 , 總倉位：-1"
1438ebc8bd7c114d,Tue Jan 14 2014 11:12:33 GMT+0800 (Taiwan Standard Time),Tue Jan 14 2014 11:12:24 GMT+0800 (Taiwan Standard Time),SEC,交易所_B,8542,short_to_long,2,-1,1,normal,,"2014/01/14 11:12:24 ""8542.00"" 空翻多目前倉位：+1 之前倉位：-1 交易所_B(小型台指) 倍數：1, 本次下單：2 , 帳戶實際倉位：1 , 總倉位：1"
14350d33f3bbea59,Thu Jan 02 2014 10:40:00 GMT+0800 (Taiwan Standard Time),Thu Jan 02 2014 10:39:51 GMT+0800 (Taiwan Standard Time),SEC,交易所_B,8593,long_to_short,-2,1,-1,normal,,"2014/01/02 10:39:51 ""8593.00"" 多翻空目前倉位：-1 之前倉位：1 交易所_B(小型台指) 倍數：1, 本次下單：-2 , 帳戶實際倉位：-1 , 總倉位：-1"
143412978da389b8,Mon Dec 30 2013 09:41:12 GMT+0800 (Taiwan Standard Time),Mon Dec 30 2013 09:41:02 GMT+0800 (Taiwan Standard Time),SEC,交易所_B,8595,short_to_long,2,-1,1,normal,,"2013/12/30 09:41:02 ""8595.00"" 空翻多目前倉位：+1 之前倉位：-1 交易所_B(小型台指) 倍數：1, 本次下單：2 , 帳戶實際倉位：1 , 總倉位：1"
143278a38ff31f9a,Wed Dec 25 2013 10:16:38 GMT+0800 (Taiwan Standard Time),Wed Dec 25 2013 10:16:29 GMT+0800 (Taiwan Standard Time),SEC,交易所_B,8494,long_to_short,-2,1,-1,normal,,"2013/12/25 10:16:29 ""8494.00"" 多翻空目前倉位：-1 之前倉位：1 交易所_B(小型台指) 倍數：1, 本次下單：-2 , 帳戶實際倉位：-1 , 總倉位：-1"
14322ecdc40ff9c7,Tue Dec 24 2013 12:46:21 GMT+0800 (Taiwan Standard Time),Tue Dec 24 2013 12:46:11 GMT+0800 (Taiwan Standard Time),SEC,交易所_B,8485,short_to_long,2,-1,1,normal,,"2013/12/24 12:46:11 ""8485.00"" 空翻多目前倉位：+1 之前倉位：-1 交易所_B(小型台指) 倍數：1, 本次下單：2 , 帳戶實際倉位：1 , 總倉位：1"
142dfd6c4d04d07b,Wed Dec 11 2013 12:07:42 GMT+0800 (Taiwan Standard Time),Wed Dec 11 2013 12:07:33 GMT+0800 (Taiwan Standard Time),SEC,交易所_B,8425,long_to_short,-2,1,-1,normal,,"2013/12/11 12:07:33 ""8425.00"" 多翻空目前倉位：-1 之前倉位：1 交易所_B(小型台指) 倍數：1, 本次下單：-2 , 帳戶實際倉位：-1 , 總倉位：-1"
142c6030ec65c77b,Fri Dec 06 2013 11:45:59 GMT+0800 (Taiwan Standard Time),Fri Dec 06 2013 11:45:48 GMT+0800 (Taiwan Standard Time),SEC,交易所_B,8404,short_to_long,2,-1,1,normal,,"2013/12/06 11:45:48 ""8404.00"" 空翻多目前倉位：+1 之前倉位：-1 交易所_B(小型台指) 倍數：1, 本次下單：2 , 帳戶實際倉位：1 , 總倉位：1"
142c0b3979c24fa9,Thu Dec 05 2013 11:00:18 GMT+0800 (Taiwan Standard Time),Thu Dec 05 2013 11:00:09 GMT+0800 (Taiwan Standard Time),SEC,交易所_B,8372,long_to_short,-2,1,-1,normal,,"2013/12/05 11:00:09 ""8372.00"" 多翻空目前倉位：-1 之前倉位：1 交易所_B(小型台指) 倍數：1, 本次下單：-2 , 帳戶實際倉位：-1 , 總倉位：-1"
1429214f4f28c225,Tue Nov 26 2013 09:45:09 GMT+0800 (Taiwan Standard Time),Tue Nov 26 2013 09:44:59 GMT+0800 (Taiwan Standard Time),SEC,交易所_B,8206,short_to_long,2,-1,1,normal,,"2013/11/26 09:44:59 ""8206.00"" 空翻多目前倉位：+1 之前倉位：-1 交易所_B(小型台指) 倍數：1, 本次下單：2 , 帳戶實際倉位：1 , 總倉位：1"
14273fd0f471c86a,Wed Nov 20 2013 13:30:11 GMT+0800 (Taiwan Standard Time),Wed Nov 20 2013 13:30:02 GMT+0800 (Taiwan Standard Time),SEC,交易所_B,8219,long_to_short,-2,1,-1,normal,,"2013/11/20 13:30:02 ""8219.00"" 多翻空目前倉位：-1 之前倉位：1 交易所_B(小型台指) 倍數：1, 本次下單：0 , 帳戶實際倉位：-1 , 總倉位：-1"
1425983fea973d71,Fri Nov 15 2013 10:08:15 GMT+0800 (Taiwan Standard Time),Fri Nov 15 2013 10:08:05 GMT+0800 (Taiwan Standard Time),SEC,交易所_B,8208,short_to_long,2,-1,1,normal,,"2013/11/15 10:08:05 ""8208.00"" 空翻多目前倉位：+1 之前倉位：-1 交易所_B(小型台指) 倍數：1, 本次下單：0 , 帳戶實際倉位：-1 , 總倉位：-1"
14244c855cbcc1a5,Mon Nov 11 2013 09:30:46 GMT+0800 (Taiwan Standard Time),Mon Nov 11 2013 09:30:37 GMT+0800 (Taiwan Standard Time),SEC,交易所_B,8204,long_to_short,-2,1,-1,normal,,"2013/11/11 09:30:37 ""8204.00"" 多翻空目前倉位：-1 之前倉位：1 交易所_B(小型台指) 倍數：1, 本次下單：0 , 帳戶實際倉位：-1 , 總倉位：-1"
1423563c6ce53d80,Fri Nov 08 2013 09:46:37 GMT+0800 (Taiwan Standard Time),Fri Nov 08 2013 09:46:27 GMT+0800 (Taiwan Standard Time),SEC,交易所_B,8250,short_to_long,2,-1,1,normal,,"2013/11/08 09:46:27 ""8250"" 空翻多目前倉位：+1 之前倉位：-1 交易所_B(小型台指) 倍數：1, 本次下單：0 , 帳戶實際倉位：-1 , 總倉位：-1"
142356092fe552d2,Fri Nov 08 2013 09:42:49 GMT+0800 (Taiwan Standard Time),Fri Nov 08 2013 09:42:39 GMT+0800 (Taiwan Standard Time),SEC,交易所_B,0,short_to_long,2,-1,1,normal,,"2013/11/08 09:42:39 ""0"" 空翻多目前倉位：+1 之前倉位：-1 交易所_B(小型台指) 倍數：1, 本次下單：0 , 帳戶實際倉位：-1 , 總倉位：-1 SEC"
1423556bf5012afc,Fri Nov 08 2013 09:31:59 GMT+0800 (Taiwan Standard Time),Fri Nov 08 2013 09:31:49 GMT+0800 (Taiwan Standard Time),SEC,交易所_B,8248,short_to_long,2,-1,1,normal,,"2013/11/08 09:31:49 ""8248.00"" 空翻多目前倉位：+1 之前倉位：-1 交易所_B(小型台指) 倍數：1, 本次下單：0 , 帳戶實際倉位：-1 , 總倉位：-1"
141b489df0c46fbc,Mon Oct 14 2013 09:17:15 GMT+0800 (Taiwan Standard Time),Mon Oct 14 2013 09:17:05 GMT+0800 (Taiwan Standard Time),SEC,交易所_B,8314,long_to_short,-2,1,-1,normal,,"2013/10/14 09:17:05 ""8314.00"" 多翻空目前倉位：-1 之前倉位：1 交易所_B(小型台指) 倍數：1, 本次下單：-2 , 帳戶實際倉位：-1 , 總倉位：-1"
1417bf8e88aaf8af,Thu Oct 03 2013 09:40:08 GMT+0800 (Taiwan Standard Time),Thu Oct 03 2013 09:39:59 GMT+0800 (Taiwan Standard Time),SEC,交易所_B,8276,short_to_long,2,-1,1,normal,,"2013/10/03 09:39:59 ""8276.00"" 空翻多目前倉位：+1 之前倉位：-1 交易所_B(小型台指) 倍數：1, 本次下單：2 , 帳戶實際倉位：1 , 總倉位：1"
14176e5a8752fe86,Wed Oct 02 2013 10:00:58 GMT+0800 (Taiwan Standard Time),Wed Oct 02 2013 10:00:48 GMT+0800 (Taiwan Standard Time),SEC,交易所_B,8167,long_to_short,-2,1,-1,normal,,"2013/10/02 10:00:48 ""8167.00"" 多翻空目前倉位：-1 之前倉位：1 交易所_B(小型台指) 倍數：1, 本次下單：-2 , 帳戶實際倉位：-1 , 總倉位：-1"
14152c0fe678522d,Wed Sep 25 2013 09:34:27 GMT+0800 (Taiwan Standard Time),Wed Sep 25 2013 09:34:17 GMT+0800 (Taiwan Standard Time),SEC,交易所_B,8228,long_to_short,-2,1,-1,normal,,"2013/09/25 09:34:17 ""8228.00"" 多翻空目前倉位：-1 之前倉位：1 交易所_B(小型台指) 倍數：1, 本次下單：-2 , 帳戶實際倉位：-1 , 總倉位：-1"
14148642f7205640,Mon Sep 23 2013 09:16:11 GMT+0800 (Taiwan Standard Time),Mon Sep 23 2013 09:16:01 GMT+0800 (Taiwan Standard Time),SEC,交易所_B,8214,short_to_long,2,-1,1,normal,,"2013/09/23 09:16:01 ""8214.00"" 空翻多目前倉位：+1 之前倉位：-1 交易所_B(小型台指) 倍數：1, 本次下單：2 , 帳戶實際倉位：1 , 總倉位：1"
1412eb3870624dde,Wed Sep 18 2013 09:33:32 GMT+0800 (Taiwan Standard Time),Wed Sep 18 2013 09:33:23 GMT+0800 (Taiwan Standard Time),SEC,交易所_B,8243,long_to_short,-2,1,-1,normal,,"2013/09/18 09:33:23 ""8243.00"" 多翻空目前倉位：-1 之前倉位：1 交易所_B(小型台指) 倍數：1, 本次下單：-2 , 帳戶實際倉位：-1 , 總倉位：-1"
140327b1971aa230,Wed Jul 31 2013 10:07:13 GMT+0800 (Taiwan Standard Time),Wed Jul 31 2013 10:07:00 GMT+0800 (Taiwan Standard Time),SEC,交易所_B,8096,long_to_short,-2,1,-1,normal,,"2013/07/31 10:07:00 ""8096.00"" 多翻空目前倉位：-1 之前倉位：1 交易所_B(小型台指) 倍數：1, 本次下單：-2 , 帳戶實際倉位：-1 , 總倉位：-1"
1402d4d3347f1c7c,Tue Jul 30 2013 09:59:17 GMT+0800 (Taiwan Standard Time),Tue Jul 30 2013 09:59:08 GMT+0800 (Taiwan Standard Time),SEC,交易所_B,8093,short_to_long,2,-1,1,normal,,"2013/07/30 09:59:08 ""8093.00"" 空翻多目前倉位：+1 之前倉位：-1 交易所_B(小型台指) 倍數：1, 本次下單：2 , 帳戶實際倉位：1 , 總倉位：1"
1400e7a6de944f68,Wed Jul 24 2013 10:19:40 GMT+0800 (Taiwan Standard Time),Wed Jul 24 2013 10:19:31 GMT+0800 (Taiwan Standard Time),SEC,交易所_B,8110,long_to_short,-2,1,-1,normal,,"2013/07/24 10:19:31 ""8110.00"" 多翻空目前倉位：-1 之前倉位：1 交易所_B(小型台指) 倍數：1, 本次下單：-2 , 帳戶實際倉位：-1 , 總倉位：-1"
13fe00386a4c3449,Mon Jul 15 2013 09:48:13 GMT+0800 (Taiwan Standard Time),Mon Jul 15 2013 09:48:03 GMT+0800 (Taiwan Standard Time),SEC,交易所_B,8198,short_to_long,2,-1,1,normal,,"2013/07/15 09:48:03 ""8198.00"" 空翻多目前倉位：+1 之前倉位：-1 交易所_B(小型台指) 倍數：1, 本次下單：2 , 帳戶實際倉位：1 , 總倉位：1"
13fd0dc856b53207,Fri Jul 12 2013 11:11:15 GMT+0800 (Taiwan Standard Time),Fri Jul 12 2013 11:11:06 GMT+0800 (Taiwan Standard Time),SEC,交易所_B,8154,long_to_short,-2,1,-1,normal,,"2013/07/12 11:11:06 ""8154.00"" 多翻空目前倉位：-1 之前倉位：1 交易所_B(小型台指) 倍數：1, 本次下單：-2 , 帳戶實際倉位：-1 , 總倉位：-1"
13fcbae49db409af,Thu Jul 11 2013 11:02:32 GMT+0800 (Taiwan Standard Time),Thu Jul 11 2013 11:02:23 GMT+0800 (Taiwan Standard Time),SEC,交易所_B,8133,short_to_long,2,-1,1,normal,,"2013/07/11 11:02:23 ""8133.00"" 空翻多目前倉位：+1 之前倉位：-1 交易所_B(小型台指) 倍數：1, 本次下單：2 , 帳戶實際倉位：1 , 總倉位：1"
13fcb74941273c02,Thu Jul 11 2013 09:59:41 GMT+0800 (Taiwan Standard Time),Thu Jul 11 2013 09:59:32 GMT+0800 (Taiwan Standard Time),SEC,交易所_B,8089,long_to_short,-2,1,-1,normal,,"2013/07/11 09:59:32 ""8089.00"" 多翻空目前倉位：-1 之前倉位：1 交易所_B(小型台指) 倍數：1, 本次下單：-2 , 帳戶實際倉位：-1 , 總倉位：-1"
13fa7c83ce3f4969,Thu Jul 04 2013 11:44:24 GMT+0800 (Taiwan Standard Time),Thu Jul 04 2013 11:44:16 GMT+0800 (Taiwan Standard Time),SEC,交易所_B,7863,short_to_long,2,-1,1,normal,,"2013/07/04 11:44:16 ""7863.00"" 空翻多目前倉位：+1 之前倉位：-1 交易所_B(小型台指) 倍數：1, 本次下單：2 , 帳戶實際倉位：1 , 總倉位：1"
13f7e995869e33e8,Wed Jun 26 2013 11:49:04 GMT+0800 (Taiwan Standard Time),Wed Jun 26 2013 11:48:55 GMT+0800 (Taiwan Standard Time),SEC,交易所_B,7632,long_to_short,-2,1,-1,normal,,"2013/06/26 11:48:55 ""7632.00"" 多翻空目前倉位：-1 之前倉位：1 交易所_B(小型台指) 倍數：1, 本次下單：-2 , 帳戶實際倉位：-1 , 總倉位：-1"
13f647684764d1d8,Fri Jun 21 2013 10:00:15 GMT+0800 (Taiwan Standard Time),Fri Jun 21 2013 10:00:06 GMT+0800 (Taiwan Standard Time),SEC,交易所_B,7655,short_to_long,2,-1,1,normal,,"2013/06/21 10:00:06 ""7655.00"" 空翻多目前倉位：+1 之前倉位：-1 交易所_B(小型台指) 倍數：1, 本次下單：2 , 帳戶實際倉位：1 , 總倉位：1"
13f5f5e043fc844e,Thu Jun 20 2013 10:15:40 GMT+0800 (Taiwan Standard Time),Thu Jun 20 2013 10:15:31 GMT+0800 (Taiwan Standard Time),SEC,交易所_B,7757,long_to_short,-2,1,-1,normal,,"2013/06/20 10:15:31 ""7757.00"" 多翻空目前倉位：-1 之前倉位：1 交易所_B(小型台指) 倍數：1, 本次下單：-2 , 帳戶實際倉位：-1 , 總倉位：-1"
13f4fc3324f6234a,Mon Jun 17 2013 09:32:13 GMT+0800 (Taiwan Standard Time),Mon Jun 17 2013 09:32:04 GMT+0800 (Taiwan Standard Time),SEC,交易所_B,7961,short_to_long,2,-1,1,normal,,"2013/06/17 09:32:04 ""7961.00"" 空翻多目前倉位：+1 之前倉位：-1 交易所_B(小型台指) 倍數：1, 本次下單：2 , 帳戶實際倉位：1 , 總倉位：1"
13f178ad2d7f9dfa,Thu Jun 06 2013 11:32:16 GMT+0800 (Taiwan Standard Time),Thu Jun 06 2013 11:32:07 GMT+0800 (Taiwan Standard Time),SEC,交易所_B,8069,long_to_short,-2,1,-1,normal,,"2013/06/06 11:32:07 ""8069.00"" 多翻空目前倉位：-1 之前倉位：1 交易所_B(小型台指) 倍數：1, 本次下單：-2 , 帳戶實際倉位：-1 , 總倉位：-1"
13f0cc13a195ccb2,Tue Jun 04 2013 09:16:11 GMT+0800 (Taiwan Standard Time),Tue Jun 04 2013 09:16:02 GMT+0800 (Taiwan Standard Time),SEC,交易所_B,8200,long_to_short,-2,1,-1,normal,,"2013/06/04 09:16:02 ""8200.00"" 多翻空目前倉位：-1 之前倉位：1 交易所_B(小型台指) 倍數：1, 本次下單：-2 , 帳戶實際倉位：-1 , 總倉位：-1"
13f07a3c116b2c6b,Mon Jun 03 2013 09:25:54 GMT+0800 (Taiwan Standard Time),Mon Jun 03 2013 09:25:45 GMT+0800 (Taiwan Standard Time),SEC,交易所_B,8145,short_to_long,2,-1,1,normal,,"2013/06/03 09:25:45 ""8145.00"" 空翻多目前倉位：+1 之前倉位：-1 交易所_B(小型台指) 倍數：1, 本次下單：2 , 帳戶實際倉位：1 , 總倉位：1"
13ef38aa49d2e552,Thu May 30 2013 11:45:28 GMT+0800 (Taiwan Standard Time),Thu May 30 2013 11:45:20 GMT+0800 (Taiwan Standard Time),,,8213,long_to_short,-2,1,-1,normal,,"2013/05/30 11:45:20 ""8213.00"" 多翻空目前倉位：-1 之前倉位：1 測試(台指期貨) 倍數：1, 本次下單：-2 , 帳戶實際倉位：-1 , 總倉位：-1"
13ef3382786087c4,Thu May 30 2013 10:15:28 GMT+0800 (Taiwan Standard Time),Thu May 30 2013 10:15:19 GMT+0800 (Taiwan Standard Time),SEC,交易所_B,8284,long_to_short,-2,1,-1,normal,,"2013/05/30 10:15:19 ""8284.00"" 多翻空目前倉位：-1 之前倉位：1 交易所_B(小型台指) 倍數：1, 本次下單：-2 , 帳戶實際倉位：-1 , 總倉位：-1"
13ee3a82ac280654,Mon May 27 2013 09:44:23 GMT+0800 (Taiwan Standard Time),Mon May 27 2013 09:44:13 GMT+0800 (Taiwan Standard Time),SEC,交易所_B,8222,short_to_long,2,-1,1,normal,,"2013/05/27 09:44:13 ""8222.00"" 空翻多目前倉位：+1 之前倉位：-1 交易所_B(小型台指) 倍數：1, 本次下單：0 , 帳戶實際倉位：-1 , 總倉位：-1"
13ec4f9f5801bd1c,Tue May 21 2013 10:45:14 GMT+0800 (Taiwan Standard Time),Tue May 21 2013 10:45:03 GMT+0800 (Taiwan Standard Time),,,8425,,2,0,2,normal,,"2013/05/21 10:45:03 ""8425"" 多單進場目前倉位：+2 之前倉位：0 測試(台指期貨) 倍數：1, 本次下單：2 , 帳戶實際倉位：2 , 總倉位：2"
13eabcbb44c22473,Thu May 16 2013 13:24:16 GMT+0800 (Taiwan Standard Time),Thu May 16 2013 13:24:05 GMT+0800 (Taiwan Standard Time),SEC,交易所_B,0,,0,1,1,normal,,"2013/05/16 13:24:05 ""0"" 目前倉位：+1 之前倉位：1 交易所_B(小型台指) 倍數：1, 本次下單：1 , 帳戶實際倉位：0 , 總倉位：0 SEC"
13e8c1d62b9df967,Fri May 10 2013 09:45:16 GMT+0800 (Taiwan Standard Time),Fri May 10 2013 09:45:06 GMT+0800 (Taiwan Standard Time),,,8297,,-2,0,-2,normal,,"2013/05/10 09:45:06 ""8297"" 空單進場目前倉位：-2 之前倉位：0 測試(台指期貨) 倍數：1, 本次下單：-2 , 帳戶實際倉位：-2 , 總倉位：-2"
13e8bf459c6542b0,Fri May 10 2013 09:00:23 GMT+0800 (Taiwan Standard Time),Fri May 10 2013 09:00:12 GMT+0800 (Taiwan Standard Time),SEC,交易所_B,8288,long_to_short,-2,1,-1,normal,,"2013/05/10 09:00:12 ""8288"" 多翻空目前倉位：-1 之前倉位：1 交易所_B(小型台指) 倍數：1, 本次下單：-2 , 帳戶實際倉位：-1 , 總倉位：-1"
13e8bf3eabee000c,Fri May 10 2013 09:00:22 GMT+0800 (Taiwan Standard Time),Fri May 10 2013 09:00:12 GMT+0800 (Taiwan Standard Time),,,8288,close_long,-2,2,0,normal,,"2013/05/10 09:00:12 ""8288"" 多單平倉目前倉位：0 之前倉位：2 測試(台指期貨) 倍數：1, 本次下單：0 , 帳戶實際倉位：0 , 總倉位：0"
13bf9a3d99363ec2,Wed Jan 02 2013 13:02:41 GMT+0800 (Taiwan Standard Time),Wed Jan 02 2013 13:02:36 GMT+0800 (Taiwan Standard Time),,,,,0,0,0,error,<下單失敗> 2013/01/02 13:02:36 交易所_B API 下單發生錯誤，本次下單已取消，請由手動補單。,<下單失敗> 2013/01/02 13:02:36 交易所_B API 下單發生錯誤，本次下單已取消，請由手動補單。
13bb1ab4e9436346,Wed Dec 19 2012 13:38:09 GMT+0800 (Taiwan Standard Time),Wed Dec 19 2012 13:38:05 GMT+0800 (Taiwan Standard Time),,,,,0,0,0,error,<發生錯誤> 2012/12/19 13:38:05 SEC 策略價格，超過 3 分鐘未跳動，請儘快處理。,<發生錯誤> 2012/12/19 13:38:05 SEC 策略價格，超過 3 分鐘未跳動，請儘快處理。
13bb1a6e009c12d6,Wed Dec 19 2012 13:33:06 GMT+0800 (Taiwan Standard Time),Wed Dec 19 2012 13:33:02 GMT+0800 (Taiwan Standard Time),,,,,0,0,0,error,<發生錯誤> 2012/12/19 13:33:02 SEC 策略價格，超過 3 分鐘未跳動，請儘快處理。,<發生錯誤> 2012/12/19 13:33:02 SEC 策略價格，超過 3 分鐘未跳動，請儘快處理。
13a6d3aacb112fed,Wed Oct 17 2012 13:38:09 GMT+0800 (Taiwan Standard Time),Wed Oct 17 2012 13:38:05 GMT+0800 (Taiwan Standard Time),,,,,0,0,0,error,<發生錯誤> 2012/10/17 13:38:05 SEC 策略價格，超過 3 分鐘未跳動，請儘快處理。,<發生錯誤> 2012/10/17 13:38:05 SEC 策略價格，超過 3 分鐘未跳動，請儘快處理。
13a6d37dc34f07a5,Wed Oct 17 2012 13:33:06 GMT+0800 (Taiwan Standard Time),Wed Oct 17 2012 13:33:02 GMT+0800 (Taiwan Standard Time),,,,,0,0,0,error,<發生錯誤> 2012/10/17 13:33:02 SEC 策略價格，超過 3 分鐘未跳動，請儘快處理。,<發生錯誤> 2012/10/17 13:33:02 SEC 策略價格，超過 3 分鐘未跳動，請儘快處理。