郵件ID,郵件日期,交易時間,策略,帳戶,價格,交易方向,數量,倉位前,倉位後,系統狀態,錯誤訊息,原始內容
170eb1d97c8ba20c,2020/03/18 8:49:08,2020/03/18 8:48:59,TCA,KGI,9351,reduce_long,-1,3,2,normal,,"2020/03/18 08:48:59 【TCA】 ""9351"" 減碼多單，策略倉位 3 → 2 帳戶【KGI】(小型台指) 帳戶倉位 0 → 2 倍數 1，本次下單 2，下單後帳戶總倉位 2 TCA"
170eb1d802d10243,2020/03/18 8:49:03,2020/03/18 8:49:00,,KGI,,,0,0,0,normal,,"凱基II 下單失敗,帳號 6523704-0120 2020/03/18 08:49:00 3296後檯:原幣保證金不足，不足30276.00元"
170eb1a207d82c60,2020/03/18 8:45:21,2020/03/18 8:45:18,,,,,0,0,0,error,<警告/提醒> 2020/03/18 08:45:18 以下帳戶倉位不同步，請確認是否故意不同步，以免下單錯誤： 【KGI-TCA】 (策略倉位×倍數) 3×1 ≠ 0 (帳戶倉位) 【模擬用-TEST】 (策略倉位×倍數) 3×1 ≠ 1 (帳戶倉位),<警告/提醒> 2020/03/18 08:45:18 以下帳戶倉位不同步，請確認是否故意不同步，以免下單錯誤： 【KGI-TCA】 (策略倉位×倍數) 3×1 ≠ 0 (帳戶倉位) 【模擬用-TEST】 (策略倉位×倍數) 3×1 ≠ 1 (帳戶倉位)
170eb17b931a3707,2020/03/18 8:42:44,2020/03/18 8:42:41,,,,,0,0,0,error,<警告/提醒> 2020/03/18 08:42:41 以下帳戶倉位不同步，請確認是否故意不同步，以免下單錯誤： 【KGI-TCA】 (策略倉位×倍數) 3×1 ≠ 0 (帳戶倉位) 【模擬用-TEST】 (策略倉位×倍數) 3×1 ≠ 1 (帳戶倉位),<警告/提醒> 2020/03/18 08:42:41 以下帳戶倉位不同步，請確認是否故意不同步，以免下單錯誤： 【KGI-TCA】 (策略倉位×倍數) 3×1 ≠ 0 (帳戶倉位) 【模擬用-TEST】 (策略倉位×倍數) 3×1 ≠ 1 (帳戶倉位)
170eb17a89295a14,2020/03/18 8:42:40,2020/03/18 8:42:37,TEST,,,,0,0,0,normal,,<警告/提醒> 2020/03/18 08:42:37 【TEST】策略倉位已自動和訊號源同步：由【0】-->【3】
170eb179cb5f6466,2020/03/18 8:42:36,2020/03/18 8:42:33,TCA,,,,0,0,0,normal,,<警告/提醒> 2020/03/18 08:42:33 【TCA】策略倉位已自動和訊號源同步：由【0】-->【3】
170e70313cd1a9ff,2020/03/17 13:41:42,2020/03/17 13:41:33,TCA,KGI,9417,close_long,-3,3,0,normal,,"2020/03/17 13:41:33 【TCA】 ""9417"" 多單平倉，策略倉位 3 → 0 帳戶【KGI】(小型台指) 帳戶倉位 1 → 0 倍數 1，本次下單 -1，下單後帳戶總倉位 0 TCA"
170e702fc4756ac9,2020/03/17 13:41:36,2020/03/17 13:41:33,,,,,0,0,0,error,<發生錯誤> 2020/03/17 13:41:33 帳戶 模擬用 將超過帳戶總倉位限制【2】口，本次只會下單 -2 口。(若是【下一訊號轉倉】則不受此限制),<發生錯誤> 2020/03/17 13:41:33 帳戶 模擬用 將超過帳戶總倉位限制【2】口，本次只會下單 -2 口。(若是【下一訊號轉倉】則不受此限制)
170e70237659291d,2020/03/17 13:40:44,2020/03/17 13:40:41,,,,,0,0,0,error,<發生錯誤> 2020/03/17 13:40:41 TCA 策略價格，超過 10 分鐘未跳動，請儘快處理。,<發生錯誤> 2020/03/17 13:40:41 TCA 策略價格，超過 10 分鐘未跳動，請儘快處理。
170e6e9442c55269,2020/03/17 13:13:30,2020/03/17 13:13:26,,,,,0,0,0,error,<發生錯誤> 2020/03/17 13:13:26 TCA 策略價格，超過 10 分鐘未跳動，請儘快處理。,<發生錯誤> 2020/03/17 13:13:26 TCA 策略價格，超過 10 分鐘未跳動，請儘快處理。
170e6d9929561f70,2020/03/17 12:56:22,2020/03/17 12:56:18,,,,,0,0,0,error,<發生錯誤> 2020/03/17 12:56:18 TCA 策略價格，超過 10 分鐘未跳動，請儘快處理。,<發生錯誤> 2020/03/17 12:56:18 TCA 策略價格，超過 10 分鐘未跳動，請儘快處理。
170e6cc30418e767,2020/03/17 12:41:45,2020/03/17 12:41:41,,,,,0,0,0,error,<發生錯誤> 2020/03/17 12:41:41 TCA 策略價格，超過 10 分鐘未跳動，請儘快處理。,<發生錯誤> 2020/03/17 12:41:41 TCA 策略價格，超過 10 分鐘未跳動，請儘快處理。
170e6b69f3d487d6,2020/03/17 12:18:11,2020/03/17 12:18:06,,,,,0,0,0,error,<發生錯誤> 2020/03/17 12:18:06 TCA 策略價格，超過 10 分鐘未跳動，請儘快處理。,<發生錯誤> 2020/03/17 12:18:06 TCA 策略價格，超過 10 分鐘未跳動，請儘快處理。
170e67fbfa3e9c5a,2020/03/17 11:18:15,2020/03/17 11:18:12,,,,,0,0,0,error,<警告/提醒> 2020/03/17 11:18:12 以下帳戶倉位不同步，請確認是否故意不同步，以免下單錯誤： 【KGI-TCA】 (策略倉位×倍數) 3×1 ≠ 1 (帳戶倉位),<警告/提醒> 2020/03/17 11:18:12 以下帳戶倉位不同步，請確認是否故意不同步，以免下單錯誤： 【KGI-TCA】 (策略倉位×倍數) 3×1 ≠ 1 (帳戶倉位)
170e67d79da48db9,2020/03/17 11:15:45,2020/03/17 11:15:42,,,,,0,0,0,error,<發生錯誤> 2020/03/17 11:15:42 TCA 策略價格，超過 10 分鐘未跳動，請儘快處理。,<發生錯誤> 2020/03/17 11:15:42 TCA 策略價格，超過 10 分鐘未跳動，請儘快處理。
170e673a5c226c97,2020/03/17 11:05:01,2020/03/17 11:04:58,,KGI,,,0,0,0,normal,,"凱基II 下單失敗,帳號 6523704-0120 2020/03/17 11:04:58 3296後檯:原幣保證金不足，不足17776.00元"
170e66e52ecf6305,2020/03/17 10:59:13,2020/03/17 10:59:10,,,,,0,0,0,error,<警告/提醒> 2020/03/17 10:59:10 以下帳戶倉位不同步，請確認是否故意不同步，以免下單錯誤： 【KGI-TCA】 (策略倉位×倍數) 3×1 ≠ 1 (帳戶倉位),<警告/提醒> 2020/03/17 10:59:10 以下帳戶倉位不同步，請確認是否故意不同步，以免下單錯誤： 【KGI-TCA】 (策略倉位×倍數) 3×1 ≠ 1 (帳戶倉位)
170e66d6dc27b3d1,2020/03/17 10:58:14,2020/03/17 10:58:11,TCA,,,,0,0,0,normal,,<警告/提醒> 2020/03/17 10:58:11 【TCA】策略倉位已自動和訊號源同步：由【1】-->【3】
170e66d0b7d5d686,2020/03/17 10:57:49,2020/03/17 10:57:46,TCA,,,,0,0,0,normal,,<警告/提醒> 2020/03/17 10:57:46 【TCA】策略倉位已自動和訊號源同步：由【1】-->【3】
170e66c754b2db57,2020/03/17 10:57:11,2020/03/17 10:57:01,TCA,KGI,9444,reduce_long,-1,4,3,normal,,"2020/03/17 10:57:01 【TCA】 ""9444"" 減碼多單，策略倉位 4 → 3 帳戶【KGI】(小型台指) 帳戶倉位 4 → 3 倍數 1，本次下單 -1，下單後帳戶總倉位 3 TCA"
170e66bbf7472654,2020/03/17 10:56:24,2020/03/17 10:56:14,TCA,KGI,9460,add_long,1,3,4,normal,,"2020/03/17 10:56:14 【TCA】 ""9460"" 加碼多單，策略倉位 3 → 4 帳戶【KGI】(小型台指) 帳戶倉位 2 → 4 倍數 1，本次下單 2，下單後帳戶總倉位 4 TCA"
170e66ba447dfeba,2020/03/17 10:56:17,2020/03/17 10:56:14,,KGI,,,0,0,0,normal,,"凱基II 下單失敗,帳號 6523704-0120 2020/03/17 10:56:14 3296後檯:原幣保證金不足，不足47595.00元"
170e66694d66e05a,2020/03/17 10:50:46,2020/03/17 10:50:42,,,,,0,0,0,error,<警告/提醒> 2020/03/17 10:50:42 以下帳戶倉位不同步，請確認是否故意不同步，以免下單錯誤： 【KGI-TCA】 (策略倉位×倍數) 3×1 ≠ 2 (帳戶倉位),<警告/提醒> 2020/03/17 10:50:42 以下帳戶倉位不同步，請確認是否故意不同步，以免下單錯誤： 【KGI-TCA】 (策略倉位×倍數) 3×1 ≠ 2 (帳戶倉位)
170e6661c021feea,2020/03/17 10:50:15,2020/03/17 10:50:07,TCA,,,,0,0,0,normal,,<警告/提醒> 2020/03/17 10:50:07 【TCA】策略倉位已自動和訊號源同步：由【2】-->【3】
170e6651f3c0c0bb,2020/03/17 10:49:10,2020/03/17 10:49:02,TCA,,,,0,0,0,normal,,<警告/提醒> 2020/03/17 10:49:02 【TCA】策略倉位已自動和訊號源同步：由【2】-->【3】
170e6399ca77af7d,2020/03/17 10:01:39,2020/03/17 10:01:29,TCA,KGI,9504,reduce_long,-1,4,3,normal,,"2020/03/17 10:01:29 【TCA】 ""9504"" 減碼多單，策略倉位 4 → 3 帳戶【KGI】(小型台指) 帳戶倉位 4 → 3 倍數 1，本次下單 -1，下單後帳戶總倉位 3 TCA"
170e6351b7438a5a,2020/03/17 9:56:43,2020/03/17 9:56:39,,,,,0,0,0,error,<發生錯誤> 2020/03/17 09:56:39 TCA 策略價格，超過 10 分鐘未跳動，請儘快處理。,<發生錯誤> 2020/03/17 09:56:39 TCA 策略價格，超過 10 分鐘未跳動，請儘快處理。
170e6148b976fb60,2020/03/17 9:21:09,2020/03/17 9:20:59,TCA,KGI,9520,add_long,1,3,4,normal,,"2020/03/17 09:20:59 【TCA】 ""9520"" 加碼多單，策略倉位 3 → 4 帳戶【KGI】(小型台指) 帳戶倉位 3 → 4 倍數 1，本次下單 1，下單後帳戶總倉位 4 TCA"
170e61474e521914,2020/03/17 9:21:03,2020/03/17 9:20:59,,KGI,,,0,0,0,normal,,"凱基II 下單失敗,帳號 6523704-0120 2020/03/17 09:20:59 3296後檯:原幣保證金不足，不足37964.00元"
170e60a7b0c05aa3,2020/03/17 9:10:10,2020/03/17 9:09:59,TCA,KGI,9470,reduce_long,-1,4,3,normal,,"2020/03/17 09:09:59 【TCA】 ""9470"" 減碼多單，策略倉位 4 → 3 帳戶【KGI】(小型台指) 帳戶倉位 4 → 3 倍數 1，本次下單 -1，下單後帳戶總倉位 3 TCA"
170e19b370d34d3e,2020/03/16 12:30:09,2020/03/16 12:30:00,TCA,KGI,9732,reduce_long,-1,5,4,normal,,"2020/03/16 12:30:00 【TCA】 ""9732"" 減碼多單，策略倉位 5 → 4 帳戶【KGI】(小型台指) 帳戶倉位 5 → 4 倍數 1，本次下單 -1，下單後帳戶總倉位 4 TCA"
170e0cd3b50970e4,2020/03/16 8:45:10,2020/03/16 8:45:00,TCA,KGI,9921,reduce_long,-1,6,5,normal,,"2020/03/16 08:45:00 【TCA】 ""9921"" 減碼多單，策略倉位 6 → 5 帳戶【KGI】(小型台指) 帳戶倉位 6 → 5 倍數 1，本次下單 -1，下單後帳戶總倉位 5 TCA"
170d255eaac767dd,2020/03/13 13:20:09,2020/03/13 13:19:59,TCA,KGI,10134,add_long,1,5,6,normal,,"2020/03/13 13:19:59 【TCA】 ""10134"" 加碼多單，策略倉位 5 → 6 帳戶【KGI】(小型台指) 帳戶倉位 5 → 6 倍數 1，本次下單 1，下單後帳戶總倉位 6 TCA"
170d2394e5670902,2020/03/13 12:48:54,2020/03/13 12:48:44,TCA,KGI,9840,add_long,1,4,5,normal,,"2020/03/13 12:48:44 【TCA】 ""9840"" 加碼多單，策略倉位 4 → 5 帳戶【KGI】(小型台指) 帳戶倉位 4 → 5 倍數 1，本次下單 1，下單後帳戶總倉位 5 TCA"
170d1c80143c87a3,2020/03/13 10:45:09,2020/03/13 10:44:59,TCA,KGI,9698,reduce_long,-1,5,4,normal,,"2020/03/13 10:44:59 【TCA】 ""9698"" 減碼多單，策略倉位 5 → 4 帳戶【KGI】(小型台指) 帳戶倉位 5 → 4 倍數 1，本次下單 -1，下單後帳戶總倉位 4 TCA"
170d1c12872764e0,2020/03/13 10:37:40,2020/03/13 10:37:29,TCA,KGI,9762,add_long,1,4,5,normal,,"2020/03/13 10:37:29 【TCA】 ""9762"" 加碼多單，策略倉位 4 → 5 帳戶【KGI】(小型台指) 帳戶倉位 4 → 5 倍數 1，本次下單 1，下單後帳戶總倉位 5 TCA"
170d17106523f315,2020/03/13 9:10:08,2020/03/13 9:09:59,TCA,KGI,9593,reduce_long,-1,5,4,normal,,"2020/03/13 09:09:59 【TCA】 ""9593"" 減碼多單，策略倉位 5 → 4 帳戶【KGI】(小型台指) 帳戶倉位 5 → 4 倍數 1，本次下單 -1，下單後帳戶總倉位 4 TCA"
170d16b517a9aaa8,2020/03/13 9:03:54,2020/03/13 9:03:44,TCA,KGI,9589,reduce_long,-1,6,5,normal,,"2020/03/13 09:03:44 【TCA】 ""9589"" 減碼多單，策略倉位 6 → 5 帳戶【KGI】(小型台指) 帳戶倉位 6 → 5 倍數 1，本次下單 -1，下單後帳戶總倉位 5 TCA"
170cd241a6511962,2020/03/12 13:07:39,2020/03/12 13:07:27,TCA,KGI,10361,reduce_long,-1,7,6,normal,,"2020/03/12 13:07:27 【TCA】 ""10361"" 減碼多單，策略倉位 7 → 6 帳戶【KGI】(小型台指) 帳戶倉位 7 → 6 倍數 1，本次下單 -1，下單後帳戶總倉位 6 TCA"
170cd12f1b73dfb8,2020/03/12 12:48:54,2020/03/12 12:48:42,TCA,KGI,10401,add_long,1,6,7,normal,,"2020/03/12 12:48:42 【TCA】 ""10401"" 加碼多單，策略倉位 6 → 7 帳戶【KGI】(小型台指) 帳戶倉位 6 → 7 倍數 1，本次下單 1，下單後帳戶總倉位 7 TCA"
170ccabf37c46050,2020/03/12 10:56:24,2020/03/12 10:56:12,TCA,KGI,10337,reduce_long,-1,7,6,normal,,"2020/03/12 10:56:12 【TCA】 ""10337"" 減碼多單，策略倉位 7 → 6 帳戶【KGI】(小型台指) 帳戶倉位 7 → 6 倍數 1，本次下單 -1，下單後帳戶總倉位 6 TCA"
170cc9ac41ca2471,2020/03/12 10:37:38,2020/03/12 10:37:27,TCA,KGI,10411,add_long,1,6,7,normal,,"2020/03/12 10:37:27 【TCA】 ""10411"" 加碼多單，策略倉位 6 → 7 帳戶【KGI】(小型台指) 帳戶倉位 6 → 7 倍數 1，本次下單 1，下單後帳戶總倉位 7 TCA"
170cc7872246eb10,2020/03/12 10:00:09,2020/03/12 9:59:57,TCA,KGI,10313,reduce_long,-1,7,6,normal,,"2020/03/12 09:59:57 【TCA】 ""10313"" 減碼多單，策略倉位 7 → 6 帳戶【KGI】(小型台指) 帳戶倉位 7 → 6 倍數 1，本次下單 -1，下單後帳戶總倉位 6 TCA"
170cc4aacb7060b2,2020/03/12 9:10:09,2020/03/12 9:09:57,TCA,KGI,10639,reduce_long,-1,8,7,normal,,"2020/03/12 09:09:57 【TCA】 ""10639"" 減碼多單，策略倉位 8 → 7 帳戶【KGI】(小型台指) 帳戶倉位 8 → 7 倍數 1，本次下單 -1，下單後帳戶總倉位 7 TCA"
170c72fc37532294,2020/03/11 9:22:39,2020/03/11 9:22:30,TCA,KGI,10987,reduce_long,-1,9,8,normal,,"2020/03/11 09:22:30 【TCA】 ""10987"" 減碼多單，策略倉位 9 → 8 帳戶【KGI】(小型台指) 帳戶倉位 9 → 8 倍數 1，本次下單 -1，下單後帳戶總倉位 8 TCA"
170c7236834be5f9,2020/03/11 9:09:10,2020/03/11 9:09:00,TCA,KGI,11025,add_long,1,8,9,normal,,"2020/03/11 09:09:00 【TCA】 ""11025"" 加碼多單，策略倉位 8 → 9 帳戶【KGI】(小型台指) 帳戶倉位 8 → 9 倍數 1，本次下單 1，下單後帳戶總倉位 9 TCA"
170bd8679192110b,2020/03/09 12:21:09,2020/03/09 12:21:00,TCA,KGI,10985,reduce_long,-1,9,8,normal,,"2020/03/09 12:21:00 【TCA】 ""10985"" 減碼多單，策略倉位 9 → 8 帳戶【KGI】(小型台指) 帳戶倉位 9 → 8 倍數 1，本次下單 -1，下單後帳戶總倉位 8 TCA"
170bd6c5e8dcdb93,2020/03/09 11:52:39,2020/03/09 11:52:30,TCA,KGI,11014,add_long,1,8,9,normal,,"2020/03/09 11:52:30 【TCA】 ""11014"" 加碼多單，策略倉位 8 → 9 帳戶【KGI】(小型台指) 帳戶倉位 8 → 9 倍數 1，本次下單 1，下單後帳戶總倉位 9 TCA"
170bd60f66da354b,2020/03/09 11:40:12,2020/03/09 11:40:03,TCA,KGI,10999,reduce_long,-1,9,8,normal,,"2020/03/09 11:40:03 【TCA】 ""10999"" 減碼多單，策略倉位 9 → 8 帳戶【KGI】(小型台指) 帳戶倉位 9 → 8 倍數 1，本次下單 -1，下單後帳戶總倉位 8 TCA"
170bd4a08631b228,2020/03/09 11:15:09,2020/03/09 11:14:59,TCA,KGI,11039,add_long,1,8,9,normal,,"2020/03/09 11:14:59 【TCA】 ""11039"" 加碼多單，策略倉位 8 → 9 帳戶【KGI】(小型台指) 帳戶倉位 8 → 9 倍數 1，本次下單 1，下單後帳戶總倉位 9 TCA"
170bd055febdb0d1,2020/03/09 10:00:09,2020/03/09 9:59:59,TCA,KGI,10935,reduce_long,-1,9,8,normal,,"2020/03/09 09:59:59 【TCA】 ""10935"" 減碼多單，策略倉位 9 → 8 帳戶【KGI】(小型台指) 帳戶倉位 9 → 8 倍數 1，本次下單 -1，下單後帳戶總倉位 8 TCA"
170ad924a217737d,2020/03/06 10:00:09,2020/03/06 9:59:58,TCA,KGI,11299,reduce_long,-1,10,9,normal,,"2020/03/06 09:59:58 【TCA】 ""11299"" 減碼多單，策略倉位 10 → 9 帳戶【KGI】(小型台指) 帳戶倉位 10 → 9 倍數 1，本次下單 -1，下單後帳戶總倉位 9 TCA"
170a367e9e4a7173,2020/03/04 10:37:40,2020/03/04 10:37:30,TCA,KGI,11332,add_long,1,9,10,normal,,"2020/03/04 10:37:30 【TCA】 ""11332"" 加碼多單，策略倉位 9 → 10 帳戶【KGI】(小型台指) 帳戶倉位 9 → 10 倍數 1，本次下單 1，下單後帳戶總倉位 10 TCA"
170a3458edbcac5b,2020/03/04 10:00:08,2020/03/04 9:59:59,TCA,KGI,11308,reduce_long,-1,10,9,normal,,"2020/03/04 09:59:59 【TCA】 ""11308"" 減碼多單，策略倉位 10 → 9 帳戶【KGI】(小型台指) 帳戶倉位 10 → 9 倍數 1，本次下單 -1，下單後帳戶總倉位 9 TCA"
170a342d43586978,2020/03/04 9:57:09,2020/03/04 9:56:59,TCA,KGI,11305,add_long,1,9,10,normal,,"2020/03/04 09:56:59 【TCA】 ""11305"" 加碼多單，策略倉位 9 → 10 帳戶【KGI】(小型台指) 帳戶倉位 9 → 10 倍數 1，本次下單 1，下單後帳戶總倉位 10 TCA"
170a337d6d287f65,2020/03/04 9:45:09,2020/03/04 9:44:59,TCA,KGI,11293,reduce_long,-1,10,9,normal,,"2020/03/04 09:44:59 【TCA】 ""11293"" 減碼多單，策略倉位 10 → 9 帳戶【KGI】(小型台指) 帳戶倉位 10 → 9 倍數 1，本次下單 -1，下單後帳戶總倉位 9 TCA"
1709e4cfe581b0bd,2020/03/03 10:50:09,2020/03/03 10:49:59,TCA,KGI,11330,add_long,1,9,10,normal,,"2020/03/03 10:49:59 【TCA】 ""11330"" 加碼多單，策略倉位 9 → 10 帳戶【KGI】(小型台指) 帳戶倉位 9 → 10 倍數 1，本次下單 1，下單後帳戶總倉位 10 TCA"
1709e1f355e38d8c,2020/03/03 10:00:09,2020/03/03 9:59:59,TCA,KGI,11288,reduce_long,-1,10,9,normal,,"2020/03/03 09:59:59 【TCA】 ""11288"" 減碼多單，策略倉位 10 → 9 帳戶【KGI】(小型台指) 帳戶倉位 10 → 9 倍數 1，本次下單 -1，下單後帳戶總倉位 9 TCA"
1709e0e12edb2a52,2020/03/03 9:41:25,2020/03/03 9:41:15,TCA,KGI,11316,add_long,1,9,10,normal,,"2020/03/03 09:41:15 【TCA】 ""11316"" 加碼多單，策略倉位 9 → 10 帳戶【KGI】(小型台指) 帳戶倉位 9 → 10 倍數 1，本次下單 1，下單後帳戶總倉位 10 TCA"
1709dfb824bab569,2020/03/03 9:21:09,2020/03/03 9:20:59,TCA,KGI,11297,reduce_long,-1,10,9,normal,,"2020/03/03 09:20:59 【TCA】 ""11297"" 減碼多單，策略倉位 10 → 9 帳戶【KGI】(小型台指) 帳戶倉位 10 → 9 倍數 1，本次下單 -1，下單後帳戶總倉位 9 TCA"
1709df17229452db,2020/03/03 9:10:10,2020/03/03 9:09:59,TCA,KGI,11306,add_long,1,9,10,normal,,"2020/03/03 09:09:59 【TCA】 ""11306"" 加碼多單，策略倉位 9 → 10 帳戶【KGI】(小型台指) 帳戶倉位 9 → 10 倍數 1，本次下單 1，下單後帳戶總倉位 10 TCA"
17084d7a342c5b43,2020/02/27 12:11:27,2020/02/27 12:11:17,TCA,KGI,11299,reduce_long,-1,10,9,normal,,"2020/02/27 12:11:17 【TCA】 ""11299"" 減碼多單，策略倉位 10 → 9 帳戶【KGI】(小型台指) 帳戶倉位 10 → 9 倍數 1，本次下單 -1，下單後帳戶總倉位 9 TCA"
17074b8d83486831,2020/02/24 9:03:54,2020/02/24 9:03:44,TCA,KGI,11543,reduce_long,-1,11,10,normal,,"2020/02/24 09:03:44 【TCA】 ""11543"" 減碼多單，策略倉位 11 → 10 帳戶【KGI】(小型台指) 帳戶倉位 11 → 10 倍數 1，本次下單 -1，下單後帳戶總倉位 10 TCA"
1705be70028d6314,2020/02/19 13:23:48,2020/02/19 13:23:45,,,,,0,0,0,error,帳戶【KGI】開始進行【定時自動轉倉換月】 2020/02/19 13:23:45 KGI-小型台指11口 開始自動轉倉至2020/03。,帳戶【KGI】開始進行【定時自動轉倉換月】 2020/02/19 13:23:45 KGI-小型台指11口 開始自動轉倉至2020/03。
17037e2d072db20f,2020/02/12 13:32:55,2020/02/12 13:32:51,,,,,0,0,0,error,"凱基II API 錯誤,帳號 (全部) 2020/02/12 13:32:51 連線失敗-連線失敗:itrade.kgi.com.tw 800 itrade.kgi.com.tw:8000","凱基II API 錯誤,帳號 (全部) 2020/02/12 13:32:51 連線失敗-連線失敗:itrade.kgi.com.tw 800 itrade.kgi.com.tw:8000"
17037e26d65c8167,2020/02/12 13:32:30,2020/02/12 13:32:26,,,,,0,0,0,error,"凱基II API 錯誤,帳號 (全部) 2020/02/12 13:32:26 連線失敗-連線失敗:itrade.kgi.com.tw 800 itrade.kgi.com.tw:8000","凱基II API 錯誤,帳號 (全部) 2020/02/12 13:32:26 連線失敗-連線失敗:itrade.kgi.com.tw 800 itrade.kgi.com.tw:8000"
17037e2587e91a38,2020/02/12 13:32:24,2020/02/12 13:32:21,,,,,0,0,0,error,"凱基II API 錯誤,帳號 (全部) 2020/02/12 13:32:21 斷線-P:ReceiveThread_EntryPoint CALL :無法從傳輸連接讀取資料: 連線嘗試失敗，因為連線對象有一段時間並未正確回應，或是連線建立失敗，因為連線的主機無法回應。?","凱基II API 錯誤,帳號 (全部) 2020/02/12 13:32:21 斷線-P:ReceiveThread_EntryPoint CALL :無法從傳輸連接讀取資料: 連線嘗試失敗，因為連線對象有一段時間並未正確回應，或是連線建立失敗，因為連線的主機無法回應。?"
17037e0d2430e1a9,2020/02/12 13:30:44,2020/02/12 13:30:41,,,,,0,0,0,error,"凱基II API 錯誤,帳號 (全部) 2020/02/12 13:30:41 連線失敗-連線失敗:itrade.kgi.com.tw 800 itrade.kgi.com.tw:8000","凱基II API 錯誤,帳號 (全部) 2020/02/12 13:30:41 連線失敗-連線失敗:itrade.kgi.com.tw 800 itrade.kgi.com.tw:8000"
17037e06e24b28fb,2020/02/12 13:30:19,2020/02/12 13:30:16,,,,,0,0,0,error,"凱基II API 錯誤,帳號 (全部) 2020/02/12 13:30:16 連線失敗-連線失敗:itrade.kgi.com.tw 800 itrade.kgi.com.tw:8000","凱基II API 錯誤,帳號 (全部) 2020/02/12 13:30:16 連線失敗-連線失敗:itrade.kgi.com.tw 800 itrade.kgi.com.tw:8000"
17037e060a6381ed,2020/02/12 13:30:15,2020/02/12 13:30:12,,,,,0,0,0,error,<發生錯誤> 2020/02/12 13:30:12 凱基II API 斷線一分鐘以上，無法登入下單，請儘快處理。,<發生錯誤> 2020/02/12 13:30:12 凱基II API 斷線一分鐘以上，無法登入下單，請儘快處理。
17037e0020ab88b3,2020/02/12 13:29:51,2020/02/12 13:29:48,,,,,0,0,0,error,"凱基II API 錯誤,帳號 (全部) 2020/02/12 13:29:48 連線失敗-連線失敗:itrade.kgi.com.tw 800 itrade.kgi.com.tw:8000","凱基II API 錯誤,帳號 (全部) 2020/02/12 13:29:48 連線失敗-連線失敗:itrade.kgi.com.tw 800 itrade.kgi.com.tw:8000"
17037dfa19e62c91,2020/02/12 13:29:26,2020/02/12 13:29:23,,,,,0,0,0,error,"凱基II API 錯誤,帳號 (全部) 2020/02/12 13:29:23 連線失敗-連線失敗:itrade.kgi.com.tw 800 itrade.kgi.com.tw:8000","凱基II API 錯誤,帳號 (全部) 2020/02/12 13:29:23 連線失敗-連線失敗:itrade.kgi.com.tw 800 itrade.kgi.com.tw:8000"
17037df59af442d5,2020/02/12 13:29:08,2020/02/12 13:29:05,,,,,0,0,0,error,"凱基II API 錯誤,帳號 (全部) 2020/02/12 13:29:05 連線失敗-連線逾時:800 itrade.kgi.com.tw:8000","凱基II API 錯誤,帳號 (全部) 2020/02/12 13:29:05 連線失敗-連線逾時:800 itrade.kgi.com.tw:8000"
17037def84706f42,2020/02/12 13:28:43,2020/02/12 13:28:40,,,,,0,0,0,error,"凱基II API 錯誤,帳號 (全部) 2020/02/12 13:28:40 連線失敗-連線逾時:800 itrade.kgi.com.tw:8000","凱基II API 錯誤,帳號 (全部) 2020/02/12 13:28:40 連線失敗-連線逾時:800 itrade.kgi.com.tw:8000"
17037dec5a83b3f9,2020/02/12 13:28:30,2020/02/12 13:28:27,,,,,0,0,0,error,"凱基II API 錯誤,帳號 (全部) 2020/02/12 13:28:27 斷線-P:ReceiveThread_EntryPoint CALL :無法從傳輸連接讀取資料: 連線嘗試失敗，因為連線對象有一段時間並未正確回應，或是連線建立失敗，因為連線的主機無法回應。?","凱基II API 錯誤,帳號 (全部) 2020/02/12 13:28:27 斷線-P:ReceiveThread_EntryPoint CALL :無法從傳輸連接讀取資料: 連線嘗試失敗，因為連線對象有一段時間並未正確回應，或是連線建立失敗，因為連線的主機無法回應。?"
17037dd30310517c,2020/02/12 13:26:46,2020/02/12 13:26:43,,,,,0,0,0,error,<發生錯誤> 2020/02/12 13:26:43 凱基II API 斷線一分鐘以上，無法登入下單，請儘快處理。,<發生錯誤> 2020/02/12 13:26:43 凱基II API 斷線一分鐘以上，無法登入下單，請儘快處理。
17037dcef680ca0b,2020/02/12 13:26:29,2020/02/12 13:26:26,,,,,0,0,0,error,"凱基II API 錯誤,帳號 (全部) 2020/02/12 13:26:26 連線失敗-連線逾時:800 itrade.kgi.com.tw:8000","凱基II API 錯誤,帳號 (全部) 2020/02/12 13:26:26 連線失敗-連線逾時:800 itrade.kgi.com.tw:8000"
17037dc7144192cb,2020/02/12 13:25:57,2020/02/12 13:25:54,,,,,0,0,0,error,"凱基II API 錯誤,帳號 (全部) 2020/02/12 13:25:54 連線失敗-連線失敗:itrade.kgi.com.tw 800 itrade.kgi.com.tw:8000","凱基II API 錯誤,帳號 (全部) 2020/02/12 13:25:54 連線失敗-連線失敗:itrade.kgi.com.tw 800 itrade.kgi.com.tw:8000"
17037dc0e8b2b2c0,2020/02/12 13:25:32,2020/02/12 13:25:29,,,,,0,0,0,error,"凱基II API 錯誤,帳號 (全部) 2020/02/12 13:25:29 連線失敗-連線失敗:itrade.kgi.com.tw 800 itrade.kgi.com.tw:8000","凱基II API 錯誤,帳號 (全部) 2020/02/12 13:25:29 連線失敗-連線失敗:itrade.kgi.com.tw 800 itrade.kgi.com.tw:8000"
17037dbad3fda0aa,2020/02/12 13:25:07,2020/02/12 13:25:04,,,,,0,0,0,error,"凱基II API 錯誤,帳號 (全部) 2020/02/12 13:25:04 連線失敗-連線失敗:itrade.kgi.com.tw 800 itrade.kgi.com.tw:8000","凱基II API 錯誤,帳號 (全部) 2020/02/12 13:25:04 連線失敗-連線失敗:itrade.kgi.com.tw 800 itrade.kgi.com.tw:8000"
17037db9df8ef086,2020/02/12 13:25:03,2020/02/12 13:25:00,,,,,0,0,0,error,<發生錯誤> 2020/02/12 13:25:00 凱基II API 斷線一分鐘以上，無法登入下單，請儘快處理。,<發生錯誤> 2020/02/12 13:25:00 凱基II API 斷線一分鐘以上，無法登入下單，請儘快處理。
17037db3ed19464a,2020/02/12 13:24:39,2020/02/12 13:24:36,,,,,0,0,0,error,"凱基II API 錯誤,帳號 (全部) 2020/02/12 13:24:36 連線失敗-連線失敗:itrade.kgi.com.tw 800 itrade.kgi.com.tw:8000","凱基II API 錯誤,帳號 (全部) 2020/02/12 13:24:36 連線失敗-連線失敗:itrade.kgi.com.tw 800 itrade.kgi.com.tw:8000"
17037dadd140f811,2020/02/12 13:24:14,2020/02/12 13:24:10,,,,,0,0,0,error,"凱基II API 錯誤,帳號 (全部) 2020/02/12 13:24:10 連線失敗-連線失敗:itrade.kgi.com.tw 800 itrade.kgi.com.tw:8000","凱基II API 錯誤,帳號 (全部) 2020/02/12 13:24:10 連線失敗-連線失敗:itrade.kgi.com.tw 800 itrade.kgi.com.tw:8000"
17037da7a01f26d1,2020/02/12 13:23:49,2020/02/12 13:23:45,,,,,0,0,0,error,"凱基II API 錯誤,帳號 (全部) 2020/02/12 13:23:45 連線失敗-連線失敗:itrade.kgi.com.tw 800 itrade.kgi.com.tw:8000","凱基II API 錯誤,帳號 (全部) 2020/02/12 13:23:45 連線失敗-連線失敗:itrade.kgi.com.tw 800 itrade.kgi.com.tw:8000"
17037da18e865228,2020/02/12 13:23:23,2020/02/12 13:23:20,,,,,0,0,0,error,"凱基II API 錯誤,帳號 (全部) 2020/02/12 13:23:20 連線失敗-連線失敗:itrade.kgi.com.tw 800 itrade.kgi.com.tw:8000","凱基II API 錯誤,帳號 (全部) 2020/02/12 13:23:20 連線失敗-連線失敗:itrade.kgi.com.tw 800 itrade.kgi.com.tw:8000"
17037da0958ee8ac,2020/02/12 13:23:19,2020/02/12 13:23:16,,,,,0,0,0,error,<發生錯誤> 2020/02/12 13:23:16 凱基II API 斷線一分鐘以上，無法登入下單，請儘快處理。,<發生錯誤> 2020/02/12 13:23:16 凱基II API 斷線一分鐘以上，無法登入下單，請儘快處理。
17037d9ab2254eee,2020/02/12 13:22:55,2020/02/12 13:22:52,,,,,0,0,0,error,"凱基II API 錯誤,帳號 (全部) 2020/02/12 13:22:52 連線失敗-連線失敗:itrade.kgi.com.tw 800 itrade.kgi.com.tw:8000","凱基II API 錯誤,帳號 (全部) 2020/02/12 13:22:52 連線失敗-連線失敗:itrade.kgi.com.tw 800 itrade.kgi.com.tw:8000"
17037d948cd1396e,2020/02/12 13:22:30,2020/02/12 13:22:27,,,,,0,0,0,error,"凱基II API 錯誤,帳號 (全部) 2020/02/12 13:22:27 連線失敗-連線失敗:itrade.kgi.com.tw 800 itrade.kgi.com.tw:8000","凱基II API 錯誤,帳號 (全部) 2020/02/12 13:22:27 連線失敗-連線失敗:itrade.kgi.com.tw 800 itrade.kgi.com.tw:8000"
17037d8e648c2853,2020/02/12 13:22:05,2020/02/12 13:22:02,,,,,0,0,0,error,"凱基II API 錯誤,帳號 (全部) 2020/02/12 13:22:02 連線失敗-連線失敗:itrade.kgi.com.tw 800 itrade.kgi.com.tw:8000","凱基II API 錯誤,帳號 (全部) 2020/02/12 13:22:02 連線失敗-連線失敗:itrade.kgi.com.tw 800 itrade.kgi.com.tw:8000"
17037d8857448350,2020/02/12 13:21:40,2020/02/12 13:21:37,,,,,0,0,0,error,"凱基II API 錯誤,帳號 (全部) 2020/02/12 13:21:37 連線失敗-連線失敗:itrade.kgi.com.tw 800 itrade.kgi.com.tw:8000","凱基II API 錯誤,帳號 (全部) 2020/02/12 13:21:37 連線失敗-連線失敗:itrade.kgi.com.tw 800 itrade.kgi.com.tw:8000"
17037d87393bbe06,2020/02/12 13:21:35,2020/02/12 13:21:32,,,,,0,0,0,error,"凱基II API 錯誤,帳號 (全部) 2020/02/12 13:21:32 斷線-P:ReceiveThread_EntryPoint CALL :無法從傳輸連接讀取資料: 連線嘗試失敗，因為連線對象有一段時間並未正確回應，或是連線建立失敗，因為連線的主機無法回應。?","凱基II API 錯誤,帳號 (全部) 2020/02/12 13:21:32 斷線-P:ReceiveThread_EntryPoint CALL :無法從傳輸連接讀取資料: 連線嘗試失敗，因為連線對象有一段時間並未正確回應，或是連線建立失敗，因為連線的主機無法回應。?"
17037cd836df49d0,2020/02/12 13:09:39,2020/02/12 13:09:36,,,,,0,0,0,error,"凱基II API 錯誤,帳號 (全部) 2020/02/12 13:09:36 登入失敗-99:Unknow Code:9","凱基II API 錯誤,帳號 (全部) 2020/02/12 13:09:36 登入失敗-99:Unknow Code:9"
17037cd763441514,2020/02/12 13:09:36,2020/02/12 13:09:33,,,,,0,0,0,error,"凱基II API 錯誤,帳號 2020/02/12 13:09:33 登入失敗 CODE = 99 Unknow Code:99","凱基II API 錯誤,帳號 2020/02/12 13:09:33 登入失敗 CODE = 99 Unknow Code:99"
17037cca03dda9ae,2020/02/12 13:08:41,2020/02/12 13:08:38,,,,,0,0,0,error,"凱基II API 錯誤,帳號 (全部) 2020/02/12 13:08:38 連線失敗-連線失敗:itrade.kgi.com.tw 800 itrade.kgi.com.tw:8000","凱基II API 錯誤,帳號 (全部) 2020/02/12 13:08:38 連線失敗-連線失敗:itrade.kgi.com.tw 800 itrade.kgi.com.tw:8000"
17037cc3fb0e429f,2020/02/12 13:08:16,2020/02/12 13:08:13,,,,,0,0,0,error,"凱基II API 錯誤,帳號 (全部) 2020/02/12 13:08:13 連線失敗-連線失敗:itrade.kgi.com.tw 800 itrade.kgi.com.tw:8000","凱基II API 錯誤,帳號 (全部) 2020/02/12 13:08:13 連線失敗-連線失敗:itrade.kgi.com.tw 800 itrade.kgi.com.tw:8000"
17037cc2fee0d788,2020/02/12 13:08:11,2020/02/12 13:08:08,,,,,0,0,0,error,<發生錯誤> 2020/02/12 13:08:08 凱基II API 斷線一分鐘以上，無法登入下單，請儘快處理。,<發生錯誤> 2020/02/12 13:08:08 凱基II API 斷線一分鐘以上，無法登入下單，請儘快處理。
17037cbd10b67a4e,2020/02/12 13:07:47,2020/02/12 13:07:44,,,,,0,0,0,error,"凱基II API 錯誤,帳號 (全部) 2020/02/12 13:07:44 連線失敗-連線失敗:itrade.kgi.com.tw 800 itrade.kgi.com.tw:8000","凱基II API 錯誤,帳號 (全部) 2020/02/12 13:07:44 連線失敗-連線失敗:itrade.kgi.com.tw 800 itrade.kgi.com.tw:8000"
17037cb6e1fbc3da,2020/02/12 13:07:22,2020/02/12 13:07:19,,,,,0,0,0,error,"凱基II API 錯誤,帳號 (全部) 2020/02/12 13:07:19 連線失敗-連線失敗:itrade.kgi.com.tw 800 itrade.kgi.com.tw:8000","凱基II API 錯誤,帳號 (全部) 2020/02/12 13:07:19 連線失敗-連線失敗:itrade.kgi.com.tw 800 itrade.kgi.com.tw:8000"
17037cb0cb5b56d8,2020/02/12 13:06:57,2020/02/12 13:06:54,,,,,0,0,0,error,"凱基II API 錯誤,帳號 (全部) 2020/02/12 13:06:54 連線失敗-連線失敗:itrade.kgi.com.tw 800 itrade.kgi.com.tw:8000","凱基II API 錯誤,帳號 (全部) 2020/02/12 13:06:54 連線失敗-連線失敗:itrade.kgi.com.tw 800 itrade.kgi.com.tw:8000"
17037caad5ef0b69,2020/02/12 13:06:33,2020/02/12 13:06:29,,,,,0,0,0,error,"凱基II API 錯誤,帳號 (全部) 2020/02/12 13:06:29 連線失敗-連線失敗:itrade.kgi.com.tw 800 itrade.kgi.com.tw:8000","凱基II API 錯誤,帳號 (全部) 2020/02/12 13:06:29 連線失敗-連線失敗:itrade.kgi.com.tw 800 itrade.kgi.com.tw:8000"
17037ca98d197f7d,2020/02/12 13:06:28,2020/02/12 13:06:24,,,,,0,0,0,error,"凱基II API 錯誤,帳號 (全部) 2020/02/12 13:06:24 斷線-P:ReceiveThread_EntryPoint CALL :無法從傳輸連接讀取資料: 連線嘗試失敗，因為連線對象有一段時間並未正確回應，或是連線建立失敗，因為連線的主機無法回應。?","凱基II API 錯誤,帳號 (全部) 2020/02/12 13:06:24 斷線-P:ReceiveThread_EntryPoint CALL :無法從傳輸連接讀取資料: 連線嘗試失敗，因為連線對象有一段時間並未正確回應，或是連線建立失敗，因為連線的主機無法回應。?"
17036da943db923b,2020/02/12 8:44:18,2020/02/12 8:44:14,,,,,0,0,0,error,<警告/提醒> 2020/02/12 08:44:14 以下帳戶倉位不同步，請確認是否故意不同步，以免下單錯誤： 【模擬用-TEST】 (策略倉位×倍數) 11×1 ≠ 10 (帳戶倉位),<警告/提醒> 2020/02/12 08:44:14 以下帳戶倉位不同步，請確認是否故意不同步，以免下單錯誤： 【模擬用-TEST】 (策略倉位×倍數) 11×1 ≠ 10 (帳戶倉位)
17031dbe35b20451,2020/02/11 9:27:38,2020/02/11 9:27:35,,,,,0,0,0,error,<警告/提醒> 2020/02/11 09:27:35 以下帳戶倉位不同步，請確認是否故意不同步，以免下單錯誤： 【模擬用-TEST】 (策略倉位×倍數) 11×1 ≠ 10 (帳戶倉位),<警告/提醒> 2020/02/11 09:27:35 以下帳戶倉位不同步，請確認是否故意不同步，以免下單錯誤： 【模擬用-TEST】 (策略倉位×倍數) 11×1 ≠ 10 (帳戶倉位)
17031db6fe8fe675,2020/02/11 9:27:07,2020/02/11 9:27:04,,,,,0,0,0,error,<警告/提醒> 2020/02/11 09:27:04 以下帳戶倉位不同步，請確認是否故意不同步，以免下單錯誤： 【KGI-TCA】 (策略倉位×倍數) 11×1 ≠ 10 (帳戶倉位) 【模擬用-TEST】 (策略倉位×倍數) 11×1 ≠ 10 (帳戶倉位),<警告/提醒> 2020/02/11 09:27:04 以下帳戶倉位不同步，請確認是否故意不同步，以免下單錯誤： 【KGI-TCA】 (策略倉位×倍數) 11×1 ≠ 10 (帳戶倉位) 【模擬用-TEST】 (策略倉位×倍數) 11×1 ≠ 10 (帳戶倉位)
17031b678c31da4b,2020/02/11 8:46:46,2020/02/11 8:46:43,,,,,0,0,0,error,<警告/提醒> 2020/02/11 08:46:43 以下帳戶倉位不同步，請確認是否故意不同步，以免下單錯誤： 【KGI-TCA】 (策略倉位×倍數) 11×1 ≠ 10 (帳戶倉位) 【模擬用-TEST】 (策略倉位×倍數) 11×1 ≠ 10 (帳戶倉位),<警告/提醒> 2020/02/11 08:46:43 以下帳戶倉位不同步，請確認是否故意不同步，以免下單錯誤： 【KGI-TCA】 (策略倉位×倍數) 11×1 ≠ 10 (帳戶倉位) 【模擬用-TEST】 (策略倉位×倍數) 11×1 ≠ 10 (帳戶倉位)
17031b668103f234,2020/02/11 8:46:41,2020/02/11 8:46:38,TEST,,,,0,0,0,normal,,<警告/提醒> 2020/02/11 08:46:38 【TEST】策略倉位已自動和訊號源同步：由【10】-->【11】
17031b65b9aedfda,2020/02/11 8:46:38,2020/02/11 8:46:34,TCA,,,,0,0,0,normal,,<警告/提醒> 2020/02/11 08:46:34 【TCA】策略倉位已自動和訊號源同步：由【10】-->【11】
1702d29279a9960c,2020/02/10 11:33:55,2020/02/10 11:33:46,TCA,KGI,11548,reduce_long,-1,11,10,normal,,"2020/02/10 11:33:46 【TCA】 ""11548"" 減碼多單，策略倉位 11 → 10 帳戶【KGI】(小型台指) 帳戶倉位 11 → 10 倍數 1，本次下單 -1，下單後帳戶總倉位 10 TCA"
1702ce68a237afb9,2020/02/10 10:21:09,2020/02/10 10:21:00,TCA,KGI,11572,add_long,1,10,11,normal,,"2020/02/10 10:21:00 【TCA】 ""11572"" 加碼多單，策略倉位 10 → 11 帳戶【KGI】(小型台指) 帳戶倉位 10 → 11 倍數 1，本次下單 1，下單後帳戶總倉位 11 TCA"
1702c99ac107fc0b,2020/02/10 8:57:12,2020/02/10 8:57:02,TCA,KGI,11433,reduce_long,-1,11,10,normal,,"2020/02/10 08:57:02 【TCA】 ""11433"" 減碼多單，策略倉位 11 → 10 帳戶【KGI】(小型台指) 帳戶倉位 11 → 10 倍數 1，本次下單 -1，下單後帳戶總倉位 10 TCA"
170180030e147dbd,2020/02/06 8:57:08,2020/02/06 8:56:59,TCA,KGI,11645,add_long,1,10,11,normal,,"2020/02/06 08:56:59 【TCA】 ""11645"" 加碼多單，策略倉位 10 → 11 帳戶【KGI】(小型台指) 帳戶倉位 10 → 11 倍數 1，本次下單 1，下單後帳戶總倉位 11 TCA"
170139cda0056d16,2020/02/05 12:30:09,2020/02/05 12:30:00,TCA,KGI,11548,reduce_long,-1,11,10,normal,,"2020/02/05 12:30:00 【TCA】 ""11548"" 減碼多單，策略倉位 11 → 10 帳戶【KGI】(小型台指) 帳戶倉位 11 → 10 倍數 1，本次下單 -1，下單後帳戶總倉位 10 TCA"
17013138952137dc,2020/02/05 10:00:10,2020/02/05 10:00:00,TCA,KGI,11574,add_long,1,10,11,normal,,"2020/02/05 10:00:00 【TCA】 ""11574"" 加碼多單，策略倉位 10 → 11 帳戶【KGI】(小型台指) 帳戶倉位 10 → 11 倍數 1，本次下單 1，下單後帳戶總倉位 11 TCA"
17008b59d0056972,2020/02/03 9:41:23,2020/02/03 9:41:14,TCA,KGI,11285,add_long,1,9,10,normal,,"2020/02/03 09:41:14 【TCA】 ""11285"" 加碼多單，策略倉位 9 → 10 帳戶【KGI】(小型台指) 帳戶倉位 9 → 10 倍數 1，本次下單 1，下單後帳戶總倉位 10 TCA"
170089904bbbeaad,2020/02/03 9:10:09,2020/02/03 9:09:59,TCA,KGI,11264,reduce_long,-1,10,9,normal,,"2020/02/03 09:09:59 【TCA】 ""11264"" 減碼多單，策略倉位 10 → 9 帳戶【KGI】(小型台指) 帳戶倉位 10 → 9 倍數 1，本次下單 -1，下單後帳戶總倉位 9 TCA"
16ffa21a06a72234,2020/01/31 13:45:03,2020/01/31 13:45:00,,,,,0,0,0,normal,,下單大師【停止下單】通知 2020/01/31 13:45:00 視窗標題【】停止下單
16ff90edd09cba1a,2020/01/31 8:44:57,2020/01/31 8:44:53,,,,,0,0,0,normal,,下單大師【開始下單】通知 2020/01/31 08:44:53 視窗標題【】開始下單
16ff4fb454acdb15,2020/01/30 13:45:03,2020/01/30 13:45:00,,,,,0,0,0,normal,,下單大師【停止下單】通知 2020/01/30 13:45:00 視窗標題【】停止下單
16ff4443cdbdad0d,2020/01/30 10:25:09,2020/01/30 10:24:59,TCA,KGI,11525,reduce_long,-1,11,10,normal,,"2020/01/30 10:24:59 【TCA】 ""11525"" 減碼多單，策略倉位 11 → 10 帳戶【KGI】(小型台指) 帳戶倉位 11 → 10 倍數 1，本次下單 -1，下單後帳戶總倉位 10 TCA"
16ff3f9dd16201f9,2020/01/30 9:03:54,2020/01/30 9:03:45,TCA,KGI,11707,reduce_long,-1,12,11,normal,,"2020/01/30 09:03:45 【TCA】 ""11707"" 減碼多單，策略倉位 12 → 11 帳戶【KGI】(小型台指) 帳戶倉位 12 → 11 倍數 1，本次下單 -1，下單後帳戶總倉位 11 TCA"
16ff3e7d7e67d65c,2020/01/30 8:44:13,2020/01/30 8:44:09,,,,,0,0,0,normal,,下單大師【開始下單】通知 2020/01/30 08:44:09 視窗標題【】開始下單
16ff3e7bebd8a512,2020/01/30 8:44:07,2020/01/30 8:44:02,,,,,0,0,0,normal,,下單大師【開始下單】通知 2020/01/30 08:44:02 視窗標題【】開始下單
16fefd4e7bbdc1e7,2020/01/29 13:45:03,2020/01/29 13:45:00,,,,,0,0,0,normal,,下單大師【停止下單】通知 2020/01/29 13:45:00 視窗標題【】停止下單
16feec156822bddc,2020/01/29 8:44:04,2020/01/29 8:44:00,,,,,0,0,0,normal,,下單大師【開始下單】通知 2020/01/29 08:44:00 視窗標題【】開始下單
16feaae8c393fee0,2020/01/28 13:45:04,2020/01/28 13:45:00,,,,,0,0,0,normal,,下單大師【停止下單】通知 2020/01/28 13:45:00 視窗標題【】停止下單
16fe99afce0e8002,2020/01/28 8:44:04,2020/01/28 8:44:00,,,,,0,0,0,normal,,下單大師【開始下單】通知 2020/01/28 08:44:00 視窗標題【】開始下單
16fe58830cb0d479,2020/01/27 13:45:04,2020/01/27 13:45:00,,,,,0,0,0,normal,,下單大師【停止下單】通知 2020/01/27 13:45:00 視窗標題【】停止下單
16fe474ef16f03f0,2020/01/27 8:44:24,2020/01/27 8:44:20,,,,,0,0,0,normal,,下單大師【開始下單】通知 2020/01/27 08:44:20 視窗標題【】開始下單
16fd6151c2ecfeb5,2020/01/24 13:45:03,2020/01/24 13:45:00,,,,,0,0,0,normal,,下單大師【停止下單】通知 2020/01/24 13:45:00 視窗標題【】停止下單
16fd5018f58197a3,2020/01/24 8:44:05,2020/01/24 8:44:01,,,,,0,0,0,normal,,下單大師【開始下單】通知 2020/01/24 08:44:01 視窗標題【】開始下單
16fd0eec15aeff3d,2020/01/23 13:45:03,2020/01/23 13:45:00,,,,,0,0,0,normal,,下單大師【停止下單】通知 2020/01/23 13:45:00 視窗標題【】停止下單
16fcfdb2e2e9c66d,2020/01/23 8:44:04,2020/01/23 8:44:00,,,,,0,0,0,normal,,下單大師【開始下單】通知 2020/01/23 08:44:00 視窗標題【】開始下單
16fcbc864622fc4d,2020/01/22 13:45:03,2020/01/22 13:45:00,,,,,0,0,0,normal,,下單大師【停止下單】通知 2020/01/22 13:45:00 視窗標題【】停止下單
16fcad2d769d363b,2020/01/22 9:16:51,2020/01/22 9:16:48,,,,,0,0,0,normal,,下單大師【開始下單】通知 2020/01/22 09:16:48 視窗標題【】開始下單
16fcad181904f9c0,2020/01/22 9:15:24,2020/01/22 9:15:20,,,,,0,0,0,normal,,下單大師【停止下單】通知 2020/01/22 09:15:20 視窗標題【】停止下單
16fcad087b093372,2020/01/22 9:14:20,2020/01/22 9:14:16,,,,,0,0,0,normal,,下單大師【停止下單】通知 2020/01/22 09:14:16 視窗標題【】停止下單
16fcacfad429e8ea,2020/01/22 9:13:24,2020/01/22 9:13:20,,,,,0,0,0,normal,,下單大師【停止下單】通知 2020/01/22 09:13:20 視窗標題【】停止下單
16fc6290c79c5ad5,2020/01/21 11:32:55,2020/01/21 11:32:51,,,,,0,0,0,normal,,下單大師【停止下單】通知 2020/01/21 11:32:51 視窗標題【】停止下單
16fc58e7575edeb0,2020/01/21 8:44:03,2020/01/21 8:44:00,,,,,0,0,0,normal,,下單大師【開始下單】通知 2020/01/21 08:44:00 視窗標題【】開始下單
16fc17bac4341de0,2020/01/20 13:45:03,2020/01/20 13:45:00,,,,,0,0,0,normal,,下單大師【停止下單】通知 2020/01/20 13:45:00 視窗標題【】停止下單
16fc06d4d735236a,2020/01/20 8:49:45,2020/01/20 8:49:41,,,,,0,0,0,normal,,下單大師【開始下單】通知 2020/01/20 08:49:41 視窗標題【】開始下單
16fc06cda06aa18f,2020/01/20 8:49:16,2020/01/20 8:49:12,,,,,0,0,0,normal,,下單大師【停止下單】通知 2020/01/20 08:49:12 視窗標題【】停止下單
16fc06cc963e23a3,2020/01/20 8:49:11,2020/01/20 8:49:08,,,,,0,0,0,normal,,下單大師【開始下單】通知 2020/01/20 08:49:08 視窗標題【】開始下單
16fc06c6c1e723fe,2020/01/20 8:48:47,2020/01/20 8:48:44,,,,,0,0,0,normal,,下單大師【停止下單】通知 2020/01/20 08:48:44 視窗標題【】停止下單
16fc06c178eebd17,2020/01/20 8:48:25,2020/01/20 8:48:22,,,,,0,0,0,normal,,下單大師【開始下單】通知 2020/01/20 08:48:22 視窗標題【】開始下單
16fb208988e8cab1,2020/01/17 13:45:03,2020/01/17 13:45:00,,,,,0,0,0,normal,,下單大師【停止下單】通知 2020/01/17 13:45:00 視窗標題【】停止下單
16fb0f63233fe3d9,2020/01/17 8:45:21,2020/01/17 8:45:16,,,,,0,0,0,normal,,下單大師【開始下單】通知 2020/01/17 08:45:16 視窗標題【】開始下單
16face23b330f345,2020/01/16 13:45:03,2020/01/16 13:45:00,,,,,0,0,0,normal,,下單大師【停止下單】通知 2020/01/16 13:45:00 視窗標題【】停止下單
16fabcf39d3576a4,2020/01/16 8:44:40,2020/01/16 8:44:37,,,,,0,0,0,normal,,下單大師【開始下單】通知 2020/01/16 08:44:37 視窗標題【】開始下單
16fabceeb32c68fc,2020/01/16 8:44:21,2020/01/16 8:44:18,,,,,0,0,0,error,<警告/提醒> 2020/01/16 08:44:18 以下帳戶倉位不同步，請確認是否故意不同步，以免下單錯誤： 【KGI-TCA】 (策略倉位×倍數) 0×1 ≠ 12 (帳戶倉位) 【模擬用-TEST】 (策略倉位×倍數) 0×1 ≠ 12 (帳戶倉位),<警告/提醒> 2020/01/16 08:44:18 以下帳戶倉位不同步，請確認是否故意不同步，以免下單錯誤： 【KGI-TCA】 (策略倉位×倍數) 0×1 ≠ 12 (帳戶倉位) 【模擬用-TEST】 (策略倉位×倍數) 0×1 ≠ 12 (帳戶倉位)
16fabcedca5cc06c,2020/01/16 8:44:17,2020/01/16 8:44:14,TEST,,,,0,0,0,normal,,<警告/提醒> 2020/01/16 08:44:14 【TEST】策略倉位已自動和訊號源同步：由【12】-->【0】
16fabced07cdbb3a,2020/01/16 8:44:13,2020/01/16 8:44:09,TCA,,,,0,0,0,normal,,<警告/提醒> 2020/01/16 08:44:09 【TCA】策略倉位已自動和訊號源同步：由【12】-->【0】
16fa7bbddfdd35b1,2020/01/15 13:45:03,2020/01/15 13:45:00,,,,,0,0,0,normal,,下單大師【停止下單】通知 2020/01/15 13:45:00 視窗標題【】停止下單
16fa7a86aa343d51,2020/01/15 13:23:48,2020/01/15 13:23:45,,,,,0,0,0,error,帳戶【KGI】開始進行【定時自動轉倉換月】 2020/01/15 13:23:45 KGI-小型台指12口 開始自動轉倉至2020/02。,帳戶【KGI】開始進行【定時自動轉倉換月】 2020/01/15 13:23:45 KGI-小型台指12口 開始自動轉倉至2020/02。
16fa6a851376ab89,2020/01/15 8:44:04,2020/01/15 8:44:00,,,,,0,0,0,normal,,下單大師【開始下單】通知 2020/01/15 08:44:00 視窗標題【】開始下單
16fa2957fa373243,2020/01/14 13:45:02,2020/01/14 13:45:00,,,,,0,0,0,normal,,下單大師【停止下單】通知 2020/01/14 13:45:00 視窗標題【】停止下單
16fa1824e421bac2,2020/01/14 8:44:27,2020/01/14 8:44:24,,,,,0,0,0,normal,,下單大師【開始下單】通知 2020/01/14 08:44:24 視窗標題【】開始下單
16f9d6f25026fa35,2020/01/13 13:45:03,2020/01/13 13:45:00,,,,,0,0,0,normal,,下單大師【停止下單】通知 2020/01/13 13:45:00 視窗標題【】停止下單
16f9c5b98349d83f,2020/01/13 8:44:04,2020/01/13 8:44:00,,,,,0,0,0,normal,,下單大師【開始下單】通知 2020/01/13 08:44:00 視窗標題【】開始下單
16f8dfc126e4d86d,2020/01/10 13:45:03,2020/01/10 13:45:00,,,,,0,0,0,normal,,下單大師【停止下單】通知 2020/01/10 13:45:00 視窗標題【】停止下單
16f8ce89b3dded68,2020/01/10 8:44:06,2020/01/10 8:44:00,,,,,0,0,0,normal,,下單大師【開始下單】通知 2020/01/10 08:44:00 視窗標題【】開始下單
16f87da0766572bd,2020/01/09 9:10:09,2020/01/09 9:10:00,TCA,KGI,11905,add_long,1,11,12,normal,,"2020/01/09 09:10:00 【TCA】 ""11905"" 加碼多單，策略倉位 11 → 12 帳戶【KGI】(小型台指) 帳戶倉位 11 → 12 倍數 1，本次下單 1，下單後帳戶總倉位 12 TCA"
16f83af5b74ee164,2020/01/08 13:45:03,2020/01/08 13:45:00,,,,,0,0,0,normal,,下單大師【停止下單】通知 2020/01/08 13:45:00 視窗標題【】停止下單
16f7e77e9d240a49,2020/01/07 13:26:24,2020/01/07 13:26:15,TCA,KGI,11885,reduce_long,-1,12,11,normal,,"2020/01/07 13:26:15 【TCA】 ""11885"" 減碼多單，策略倉位 12 → 11 帳戶【KGI】(小型台指) 帳戶倉位 12 → 11 倍數 1，本次下單 -1，下單後帳戶總倉位 11 TCA"
16f7e732dc596fa9,2020/01/07 13:21:13,2020/01/07 13:21:04,TCA,KGI,11894,add_long,1,11,12,normal,,"2020/01/07 13:21:04 【TCA】 ""11894"" 加碼多單，策略倉位 11 → 12 帳戶【KGI】(小型台指) 帳戶倉位 11 → 12 倍數 1，本次下單 1，下單後帳戶總倉位 12 TCA"
16f7e6828f054881,2020/01/07 13:09:11,2020/01/07 13:09:02,TCA,KGI,11885,reduce_long,-1,12,11,normal,,"2020/01/07 13:09:02 【TCA】 ""11885"" 減碼多單，策略倉位 12 → 11 帳戶【KGI】(小型台指) 帳戶倉位 12 → 11 倍數 1，本次下單 -1，下單後帳戶總倉位 11 TCA"
16f7e5b5007c7bdf,2020/01/07 12:55:09,2020/01/07 12:55:00,TCA,KGI,11895,add_long,1,11,12,normal,,"2020/01/07 12:55:00 【TCA】 ""11895"" 加碼多單，策略倉位 11 → 12 帳戶【KGI】(小型台指) 帳戶倉位 11 → 12 倍數 1，本次下單 1，下單後帳戶總倉位 12 TCA"
16f7ddd6997c19e7,2020/01/07 10:37:39,2020/01/07 10:37:30,TCA,KGI,11873,reduce_long,-1,12,11,normal,,"2020/01/07 10:37:30 【TCA】 ""11873"" 減碼多單，策略倉位 12 → 11 帳戶【KGI】(小型台指) 帳戶倉位 12 → 11 倍數 1，本次下單 -1，下單後帳戶總倉位 11 TCA"
16f7d75e60e61675,2020/01/07 8:44:34,2020/01/07 8:44:31,,,,,0,0,0,normal,,下單大師【開始下單】通知 2020/01/07 08:44:31 視窗標題【】開始下單
16f2270a8bf61626,2019/12/20 16:33:25,2019/12/20 16:33:16,TCA,KGI,11991,reduce_long,-1,13,12,normal,,"2019/12/20 16:33:16 【TCA】 ""11991"" 減碼多單，策略倉位 13 → 12 帳戶【KGI】(小型台指) 帳戶倉位 13 → 12 倍數 1，本次下單 -1，下單後帳戶總倉位 12 TCA"
16f226a3497a71c6,2019/12/20 16:26:22,2019/12/20 16:26:19,,,,,0,0,0,normal,,下單大師【開始下單】通知 2019/12/20 16:26:19 視窗標題【】開始下單
16f20c2fd49ace5b,2019/12/20 8:44:05,2019/12/20 8:44:00,,,,,0,0,0,normal,,下單大師【開始下單】通知 2019/12/20 08:44:00 視窗標題【】開始下單
16f1b9d99a11af2f,2019/12/19 8:45:09,2019/12/19 8:44:59,TCA,KGI,12110,,12,0,12,normal,,"2019/12/19 08:44:59 【TCA】 ""12110"" 多單進場，策略倉位 0 → 12 帳戶【KGI】(小型台指) 帳戶倉位 12 → 12 倍數 1，本次下單 0，下單後帳戶總倉位 12 TCA"
16f179c2e6e230f1,2019/12/18 14:05:07,2019/12/18 14:04:58,TCA,KGI,12119,add_long,1,12,13,normal,,"2019/12/18 14:04:58 【TCA】 ""12119"" 加碼多單，策略倉位 12 → 13 帳戶【KGI】(小型台指) 帳戶倉位 10 → 13 倍數 1，本次下單 3，下單後帳戶總倉位 13 TCA"
16f113d287c6f957,2019/12/17 8:23:36,2019/12/17 8:23:30,,,,,0,0,0,error,<警告/提醒> 2019/12/17 08:23:30 以下帳戶倉位不同步，請確認是否故意不同步，以免下單錯誤： 【KGI-TCA】 (策略倉位×倍數) 12×1 ≠ 10 (帳戶倉位) 【模擬用-TEST】 (策略倉位×倍數) 12×1 ≠ 10 (帳戶倉位),<警告/提醒> 2019/12/17 08:23:30 以下帳戶倉位不同步，請確認是否故意不同步，以免下單錯誤： 【KGI-TCA】 (策略倉位×倍數) 12×1 ≠ 10 (帳戶倉位) 【模擬用-TEST】 (策略倉位×倍數) 12×1 ≠ 10 (帳戶倉位)
16f027bd891bab52,2019/12/14 11:37:47,2019/12/14 11:37:41,,,,,0,0,0,error,<警告/提醒> 2019/12/14 11:37:41 以下帳戶倉位不同步，請確認是否故意不同步，以免下單錯誤： 【KGI-TCA】 (策略倉位×倍數) 12×1 ≠ 10 (帳戶倉位) 【模擬用-TEST】 (策略倉位×倍數) 12×1 ≠ 10 (帳戶倉位),<警告/提醒> 2019/12/14 11:37:41 以下帳戶倉位不同步，請確認是否故意不同步，以免下單錯誤： 【KGI-TCA】 (策略倉位×倍數) 12×1 ≠ 10 (帳戶倉位) 【模擬用-TEST】 (策略倉位×倍數) 12×1 ≠ 10 (帳戶倉位)
16efe15fb1bc2665,2019/12/13 15:08:02,2019/12/13 15:07:59,,,,,0,0,0,error,<警告/提醒> 2019/12/13 15:07:59 以下帳戶倉位不同步，請確認是否故意不同步，以免下單錯誤： 【KGI-TCA】 (策略倉位×倍數) 12×1 ≠ 10 (帳戶倉位) 【模擬用-TEST】 (策略倉位×倍數) 12×1 ≠ 10 (帳戶倉位),<警告/提醒> 2019/12/13 15:07:59 以下帳戶倉位不同步，請確認是否故意不同步，以免下單錯誤： 【KGI-TCA】 (策略倉位×倍數) 12×1 ≠ 10 (帳戶倉位) 【模擬用-TEST】 (策略倉位×倍數) 12×1 ≠ 10 (帳戶倉位)
16efcc89ef94563d,2019/12/13 9:03:54,2019/12/13 9:03:45,TCA,KGI,11985,add_long,1,11,12,normal,,"2019/12/13 09:03:45 【TCA】 ""11985"" 加碼多單，策略倉位 11 → 12 帳戶【KGI】(小型台指) 帳戶倉位 11 → 12 倍數 1，本次下單 1，下單後帳戶總倉位 12 TCA"
16ef8af30b6d1c49,2019/12/12 13:57:39,2019/12/12 13:57:36,,,,,0,0,0,error,<警告/提醒> 2019/12/12 13:57:36 以下帳戶倉位不同步，請確認是否故意不同步，以免下單錯誤： 【KGI-TCA】 (策略倉位×倍數) 12×1 ≠ 10 (帳戶倉位) 【模擬用-TEST】 (策略倉位×倍數) 12×1 ≠ 10 (帳戶倉位),<警告/提醒> 2019/12/12 13:57:36 以下帳戶倉位不同步，請確認是否故意不同步，以免下單錯誤： 【KGI-TCA】 (策略倉位×倍數) 12×1 ≠ 10 (帳戶倉位) 【模擬用-TEST】 (策略倉位×倍數) 12×1 ≠ 10 (帳戶倉位)
16ef4e66075f645c,2019/12/11 20:19:28,2019/12/11 20:19:24,,,,,0,0,0,error,<警告/提醒> 2019/12/11 20:19:24 以下帳戶倉位不同步，請確認是否故意不同步，以免下單錯誤： 【KGI-TCA】 (策略倉位×倍數) 12×1 ≠ 10 (帳戶倉位) 【模擬用-TEST】 (策略倉位×倍數) 12×1 ≠ 10 (帳戶倉位),<警告/提醒> 2019/12/11 20:19:24 以下帳戶倉位不同步，請確認是否故意不同步，以免下單錯誤： 【KGI-TCA】 (策略倉位×倍數) 12×1 ≠ 10 (帳戶倉位) 【模擬用-TEST】 (策略倉位×倍數) 12×1 ≠ 10 (帳戶倉位)
16ef424e95407e31,2019/12/11 16:48:09,2019/12/11 16:48:05,,,,,0,0,0,error,<警告/提醒> 2019/12/11 16:48:05 以下帳戶倉位不同步，請確認是否故意不同步，以免下單錯誤： 【KGI-TCA】 (策略倉位×倍數) 12×1 ≠ 10 (帳戶倉位) 【模擬用-TEST】 (策略倉位×倍數) 12×1 ≠ 10 (帳戶倉位),<警告/提醒> 2019/12/11 16:48:05 以下帳戶倉位不同步，請確認是否故意不同步，以免下單錯誤： 【KGI-TCA】 (策略倉位×倍數) 12×1 ≠ 10 (帳戶倉位) 【模擬用-TEST】 (策略倉位×倍數) 12×1 ≠ 10 (帳戶倉位)
16ef423ee4d647d1,2019/12/11 16:47:05,2019/12/11 16:47:02,,,,,0,0,0,error,<警告/提醒> 2019/12/11 16:47:02 以下帳戶倉位不同步，請確認是否故意不同步，以免下單錯誤： 【KGI-TCA】 (策略倉位×倍數) 12×1 ≠ 10 (帳戶倉位) 【模擬用-TEST】 (策略倉位×倍數) 12×1 ≠ 10 (帳戶倉位),<警告/提醒> 2019/12/11 16:47:02 以下帳戶倉位不同步，請確認是否故意不同步，以免下單錯誤： 【KGI-TCA】 (策略倉位×倍數) 12×1 ≠ 10 (帳戶倉位) 【模擬用-TEST】 (策略倉位×倍數) 12×1 ≠ 10 (帳戶倉位)
16ef422ff350d06b,2019/12/11 16:46:02,2019/12/11 16:45:59,,,,,0,0,0,error,<警告/提醒> 2019/12/11 16:45:59 以下帳戶倉位不同步，請確認是否故意不同步，以免下單錯誤： 【KGI-TCA】 (策略倉位×倍數) 12×1 ≠ 10 (帳戶倉位) 【模擬用-TEST】 (策略倉位×倍數) 12×1 ≠ 10 (帳戶倉位),<警告/提醒> 2019/12/11 16:45:59 以下帳戶倉位不同步，請確認是否故意不同步，以免下單錯誤： 【KGI-TCA】 (策略倉位×倍數) 12×1 ≠ 10 (帳戶倉位) 【模擬用-TEST】 (策略倉位×倍數) 12×1 ≠ 10 (帳戶倉位)
16ef395a860447b4,2019/12/11 14:11:41,2019/12/11 14:11:37,,,,,0,0,0,error,<警告/提醒> 2019/12/11 14:11:37 以下帳戶倉位不同步，請確認是否故意不同步，以免下單錯誤： 【KGI-TCA】 (策略倉位×倍數) 12×1 ≠ 10 (帳戶倉位) 【模擬用-TEST】 (策略倉位×倍數) 12×1 ≠ 10 (帳戶倉位),<警告/提醒> 2019/12/11 14:11:37 以下帳戶倉位不同步，請確認是否故意不同步，以免下單錯誤： 【KGI-TCA】 (策略倉位×倍數) 12×1 ≠ 10 (帳戶倉位) 【模擬用-TEST】 (策略倉位×倍數) 12×1 ≠ 10 (帳戶倉位)
16ef39597c2451b4,2019/12/11 14:11:36,2019/12/11 14:11:33,TEST,,,,0,0,0,normal,,<警告/提醒> 2019/12/11 14:11:33 【TEST】策略倉位已自動和訊號源同步：由【11】-->【12】
16ef3958b109668e,2019/12/11 14:11:32,2019/12/11 14:11:29,TCA,,,,0,0,0,normal,,<警告/提醒> 2019/12/11 14:11:29 【TCA】策略倉位已自動和訊號源同步：由【11】-->【12】
16eee821203ae5a3,2019/12/10 14:32:11,2019/12/10 14:32:08,,,,,0,0,0,error,<警告/提醒> 2019/12/10 14:32:08 以下帳戶倉位不同步，請確認是否故意不同步，以免下單錯誤： 【KGI-TCA】 (策略倉位×倍數) 11×1 ≠ 10 (帳戶倉位) 【模擬用-TEST】 (策略倉位×倍數) 11×1 ≠ 10 (帳戶倉位),<警告/提醒> 2019/12/10 14:32:08 以下帳戶倉位不同步，請確認是否故意不同步，以免下單錯誤： 【KGI-TCA】 (策略倉位×倍數) 11×1 ≠ 10 (帳戶倉位) 【模擬用-TEST】 (策略倉位×倍數) 11×1 ≠ 10 (帳戶倉位)
16eee8127523034d,2019/12/10 14:31:10,2019/12/10 14:31:07,,,,,0,0,0,error,<警告/提醒> 2019/12/10 14:31:07 以下帳戶倉位不同步，請確認是否故意不同步，以免下單錯誤： 【KGI-TCA】 (策略倉位×倍數) 11×1 ≠ 10 (帳戶倉位) 【模擬用-TEST】 (策略倉位×倍數) 11×1 ≠ 10 (帳戶倉位),<警告/提醒> 2019/12/10 14:31:07 以下帳戶倉位不同步，請確認是否故意不同步，以免下單錯誤： 【KGI-TCA】 (策略倉位×倍數) 11×1 ≠ 10 (帳戶倉位) 【模擬用-TEST】 (策略倉位×倍數) 11×1 ≠ 10 (帳戶倉位)
16eea021bcc8fc40,2019/12/09 17:33:54,2019/12/09 17:33:50,,,,,0,0,0,error,<警告/提醒> 2019/12/09 17:33:50 以下帳戶倉位不同步，請確認是否故意不同步，以免下單錯誤： 【KGI-TCA】 (策略倉位×倍數) 11×1 ≠ 10 (帳戶倉位) 【模擬用-TEST】 (策略倉位×倍數) 11×1 ≠ 10 (帳戶倉位),<警告/提醒> 2019/12/09 17:33:50 以下帳戶倉位不同步，請確認是否故意不同步，以免下單錯誤： 【KGI-TCA】 (策略倉位×倍數) 11×1 ≠ 10 (帳戶倉位) 【模擬用-TEST】 (策略倉位×倍數) 11×1 ≠ 10 (帳戶倉位)
16ed9e244749fd30,2019/12/06 14:25:13,2019/12/06 14:25:10,,,,,0,0,0,error,<警告/提醒> 2019/12/06 14:25:10 以下帳戶倉位不同步，請確認是否故意不同步，以免下單錯誤： 【KGI-TCA】 (策略倉位×倍數) 11×1 ≠ 10 (帳戶倉位) 【模擬用-TEST】 (策略倉位×倍數) 11×1 ≠ 10 (帳戶倉位),<警告/提醒> 2019/12/06 14:25:10 以下帳戶倉位不同步，請確認是否故意不同步，以免下單錯誤： 【KGI-TCA】 (策略倉位×倍數) 11×1 ≠ 10 (帳戶倉位) 【模擬用-TEST】 (策略倉位×倍數) 11×1 ≠ 10 (帳戶倉位)
16ed4ade86fc77b4,2019/12/05 14:09:56,2019/12/05 14:09:54,,,,,0,0,0,error,<警告/提醒> 2019/12/05 14:09:54 以下帳戶倉位不同步，請確認是否故意不同步，以免下單錯誤： 【KGI-TCA】 (策略倉位×倍數) 11×1 ≠ 10 (帳戶倉位) 【模擬用-TEST】 (策略倉位×倍數) 11×1 ≠ 10 (帳戶倉位),<警告/提醒> 2019/12/05 14:09:54 以下帳戶倉位不同步，請確認是否故意不同步，以免下單錯誤： 【KGI-TCA】 (策略倉位×倍數) 11×1 ≠ 10 (帳戶倉位) 【模擬用-TEST】 (策略倉位×倍數) 11×1 ≠ 10 (帳戶倉位)
16ed4acf2b275136,2019/12/05 14:08:53,2019/12/05 14:08:51,,,,,0,0,0,error,<警告/提醒> 2019/12/05 14:08:51 以下帳戶倉位不同步，請確認是否故意不同步，以免下單錯誤： 【KGI-TCA】 (策略倉位×倍數) 11×1 ≠ 10 (帳戶倉位) 【模擬用-TEST】 (策略倉位×倍數) 11×1 ≠ 10 (帳戶倉位),<警告/提醒> 2019/12/05 14:08:51 以下帳戶倉位不同步，請確認是否故意不同步，以免下單錯誤： 【KGI-TCA】 (策略倉位×倍數) 11×1 ≠ 10 (帳戶倉位) 【模擬用-TEST】 (策略倉位×倍數) 11×1 ≠ 10 (帳戶倉位)
16ed4abfc8819075,2019/12/05 14:07:50,2019/12/05 14:07:47,,,,,0,0,0,error,<警告/提醒> 2019/12/05 14:07:47 以下帳戶倉位不同步，請確認是否故意不同步，以免下單錯誤： 【KGI-TCA】 (策略倉位×倍數) 11×1 ≠ 10 (帳戶倉位) 【模擬用-TEST】 (策略倉位×倍數) 11×1 ≠ 10 (帳戶倉位),<警告/提醒> 2019/12/05 14:07:47 以下帳戶倉位不同步，請確認是否故意不同步，以免下單錯誤： 【KGI-TCA】 (策略倉位×倍數) 11×1 ≠ 10 (帳戶倉位) 【模擬用-TEST】 (策略倉位×倍數) 11×1 ≠ 10 (帳戶倉位)
16ed4a522b4c47c7,2019/12/05 14:00:20,2019/12/05 14:00:18,,,,,0,0,0,error,<警告/提醒> 2019/12/05 14:00:18 以下帳戶倉位不同步，請確認是否故意不同步，以免下單錯誤： 【KGI-TCA】 (策略倉位×倍數) 11×1 ≠ 10 (帳戶倉位) 【模擬用-TEST】 (策略倉位×倍數) 11×1 ≠ 10 (帳戶倉位),<警告/提醒> 2019/12/05 14:00:18 以下帳戶倉位不同步，請確認是否故意不同步，以免下單錯誤： 【KGI-TCA】 (策略倉位×倍數) 11×1 ≠ 10 (帳戶倉位) 【模擬用-TEST】 (策略倉位×倍數) 11×1 ≠ 10 (帳戶倉位)
16ed3a6e4e535ac3,2019/12/05 9:22:39,2019/12/05 9:22:30,TCA,KGI,11600,add_long,1,10,11,normal,,"2019/12/05 09:22:30 【TCA】 ""11600"" 加碼多單，策略倉位 10 → 11 帳戶【KGI】(小型台指) 帳戶倉位 10 → 11 倍數 1，本次下單 1，下單後帳戶總倉位 11 TCA"
16ed38c769cc8fbe,2019/12/05 8:53:47,2019/12/05 8:53:42,,,,,0,0,0,error,<警告/提醒> 2019/12/05 08:53:42 以下帳戶倉位不同步，請確認是否故意不同步，以免下單錯誤： 【KGI-TCA】 (策略倉位×倍數) 11×1 ≠ 10 (帳戶倉位) 【模擬用-TEST】 (策略倉位×倍數) 11×1 ≠ 10 (帳戶倉位),<警告/提醒> 2019/12/05 08:53:42 以下帳戶倉位不同步，請確認是否故意不同步，以免下單錯誤： 【KGI-TCA】 (策略倉位×倍數) 11×1 ≠ 10 (帳戶倉位) 【模擬用-TEST】 (策略倉位×倍數) 11×1 ≠ 10 (帳戶倉位)
16ecf7ee60a61ab3,2019/12/04 14:00:29,2019/12/04 14:00:27,,,,,0,0,0,error,<警告/提醒> 2019/12/04 14:00:27 以下帳戶倉位不同步，請確認是否故意不同步，以免下單錯誤： 【KGI-TCA】 (策略倉位×倍數) 11×1 ≠ 10 (帳戶倉位) 【模擬用-TEST】 (策略倉位×倍數) 11×1 ≠ 10 (帳戶倉位),<警告/提醒> 2019/12/04 14:00:27 以下帳戶倉位不同步，請確認是否故意不同步，以免下單錯誤： 【KGI-TCA】 (策略倉位×倍數) 11×1 ≠ 10 (帳戶倉位) 【模擬用-TEST】 (策略倉位×倍數) 11×1 ≠ 10 (帳戶倉位)
16ecf7ed74db958b,2019/12/04 14:00:25,2019/12/04 14:00:23,TEST,,,,0,0,0,normal,,<警告/提醒> 2019/12/04 14:00:23 【TEST】策略倉位已自動和訊號源同步：由【10】-->【11】
16ecf7ecd9544bab,2019/12/04 14:00:22,2019/12/04 14:00:19,TCA,,,,0,0,0,normal,,<警告/提醒> 2019/12/04 14:00:19 【TCA】策略倉位已自動和訊號源同步：由【10】-->【11】
16eb60a914ecb775,2019/11/29 15:22:55,2019/11/29 15:22:52,TEST,,,,0,0,0,normal,,<警告/提醒> 2019/11/29 15:22:52 【TEST】策略倉位已自動和訊號源同步：由【11】-->【10】
16eb60a873ef017b,2019/11/29 15:22:52,2019/11/29 15:22:48,TCA,,,,0,0,0,normal,,<警告/提醒> 2019/11/29 15:22:48 【TCA】策略倉位已自動和訊號源同步：由【11】-->【10】
16eb4ca5dd96c58d,2019/11/29 9:33:09,2019/11/29 9:33:00,TCA,KGI,11553,reduce_long,-1,11,10,normal,,"2019/11/29 09:33:00 【TCA】 ""11553"" 減碼多單，策略倉位 11 → 10 帳戶【KGI】(小型台指) 帳戶倉位 11 → 10 倍數 1，本次下單 -1，下單後帳戶總倉位 10 TCA"
16eafaef877c13ab,2019/11/28 9:45:08,2019/11/28 9:45:05,,,,,0,0,0,error,<警告/提醒> 2019/11/28 09:45:05 以下帳戶倉位不同步，請確認是否故意不同步，以免下單錯誤： 【KGI-TCA】 (策略倉位×倍數) 11×1 ≠ 10 (帳戶倉位) 【模擬用-TEST】 (策略倉位×倍數) 11×1 ≠ 10 (帳戶倉位),<警告/提醒> 2019/11/28 09:45:05 以下帳戶倉位不同步，請確認是否故意不同步，以免下單錯誤： 【KGI-TCA】 (策略倉位×倍數) 11×1 ≠ 10 (帳戶倉位) 【模擬用-TEST】 (策略倉位×倍數) 11×1 ≠ 10 (帳戶倉位)
16eabcf7933b1fe3,2019/11/27 15:42:10,2019/11/27 15:42:07,,,,,0,0,0,error,<警告/提醒> 2019/11/27 15:42:07 以下帳戶倉位不同步，請確認是否故意不同步，以免下單錯誤： 【KGI-TCA】 (策略倉位×倍數) 11×1 ≠ 10 (帳戶倉位) 【模擬用-TEST】 (策略倉位×倍數) 11×1 ≠ 10 (帳戶倉位),<警告/提醒> 2019/11/27 15:42:07 以下帳戶倉位不同步，請確認是否故意不同步，以免下單錯誤： 【KGI-TCA】 (策略倉位×倍數) 11×1 ≠ 10 (帳戶倉位) 【模擬用-TEST】 (策略倉位×倍數) 11×1 ≠ 10 (帳戶倉位)
16eabcf6abc94920,2019/11/27 15:42:06,2019/11/27 15:42:03,TEST,,,,0,0,0,normal,,<警告/提醒> 2019/11/27 15:42:03 【TEST】策略倉位已自動和訊號源同步：由【10】-->【11】
16eabcf5ecb2a33f,2019/11/27 15:42:03,2019/11/27 15:41:59,TCA,,,,0,0,0,normal,,<警告/提醒> 2019/11/27 15:41:59 【TCA】策略倉位已自動和訊號源同步：由【10】-->【11】
16ea53c83b4653ea,2019/11/26 9:03:55,2019/11/26 9:03:45,TCA,KGI,11614,add_long,1,10,11,normal,,"2019/11/26 09:03:45 【TCA】 ""11614"" 加碼多單，策略倉位 10 → 11 帳戶【KGI】(小型台指) 帳戶倉位 10 → 11 倍數 1，本次下單 1，下單後帳戶總倉位 11 TCA"
16ea100c03b68754,2019/11/25 13:20:09,2019/11/25 13:20:01,TCA,KGI,11567,reduce_long,-1,11,10,normal,,"2019/11/25 13:20:01 【TCA】 ""11567"" 減碼多單，策略倉位 11 → 10 帳戶【KGI】(小型台指) 帳戶倉位 11 → 10 倍數 1，本次下單 -1，下單後帳戶總倉位 10 TCA"
16ea0162587e4bb7,2019/11/25 9:03:54,2019/11/25 9:03:45,TCA,KGI,11601,add_long,1,10,11,normal,,"2019/11/25 09:03:45 【TCA】 ""11601"" 加碼多單，策略倉位 10 → 11 帳戶【KGI】(小型台指) 帳戶倉位 10 → 11 倍數 1，本次下單 1，下單後帳戶總倉位 11 TCA"
16e874447e44cfa9,2019/11/20 13:23:47,2019/11/20 13:23:45,,,,,0,0,0,error,帳戶【KGI】開始進行【定時自動轉倉換月】 2019/11/20 13:23:45 KGI-小型台指10口 開始自動轉倉至2019/12。,帳戶【KGI】開始進行【定時自動轉倉換月】 2019/11/20 13:23:45 KGI-小型台指10口 開始自動轉倉至2019/12。
16e7c9ea72fa0b95,2019/11/18 11:46:41,2019/11/18 11:46:37,,,,,0,0,0,error,"凱基II API 錯誤,帳號 (全部) 2019/11/18 11:46:37 斷線-P:ReceiveThread_EntryPoint CALL :無法從傳輸連接讀取資料: 連線嘗試失敗，因為連線對象有一段時間並未正確回應，或是連線建立失敗，因為連線的主機無法回應。?","凱基II API 錯誤,帳號 (全部) 2019/11/18 11:46:37 斷線-P:ReceiveThread_EntryPoint CALL :無法從傳輸連接讀取資料: 連線嘗試失敗，因為連線對象有一段時間並未正確回應，或是連線建立失敗，因為連線的主機無法回應。?"
16e6d97328ee761b,2019/11/15 13:44:14,2019/11/15 13:44:11,TCA,,,,0,0,0,normal,,<警告/提醒> 2019/11/15 13:44:11 【TCA】策略倉位已自動和訊號源同步：由【11】-->【10】
16e6d97198381fbb,2019/11/15 13:44:07,2019/11/15 13:44:04,TCA,,,,0,0,0,normal,,<警告/提醒> 2019/11/15 13:44:04 【TCA】策略倉位已自動和訊號源同步：由【11】-->【10】
16e6d96c076e963e,2019/11/15 13:43:45,2019/11/15 13:43:41,TCA,,,,0,0,0,normal,,<警告/提醒> 2019/11/15 13:43:41 【TCA】策略倉位已自動和訊號源同步：由【11】-->【10】
16e627f28ed2bdb4,2019/11/13 10:02:09,2019/11/13 10:02:06,,,,,0,0,0,error,"凱基II API 錯誤,帳號 (全部) 2019/11/13 10:02:06 斷線-P:ReceiveThread_EntryPoint CALL :無法從傳輸連接讀取資料: 連線已被您主機上的軟體中止。?","凱基II API 錯誤,帳號 (全部) 2019/11/13 10:02:06 斷線-P:ReceiveThread_EntryPoint CALL :無法從傳輸連接讀取資料: 連線已被您主機上的軟體中止。?"
16e496bf52c4a214,2019/11/08 13:10:41,2019/11/08 13:10:37,,,,,0,0,0,error,"凱基II API 錯誤,帳號 (全部) 2019/11/08 13:10:37 連線失敗-連線逾時:800 itrade.kgi.com.tw:8000","凱基II API 錯誤,帳號 (全部) 2019/11/08 13:10:37 連線失敗-連線逾時:800 itrade.kgi.com.tw:8000"
16e496b931bcfb76,2019/11/08 13:10:16,2019/11/08 13:10:12,,,,,0,0,0,error,"凱基II API 錯誤,帳號 (全部) 2019/11/08 13:10:12 連線失敗-連線逾時:800 itrade.kgi.com.tw:8000","凱基II API 錯誤,帳號 (全部) 2019/11/08 13:10:12 連線失敗-連線逾時:800 itrade.kgi.com.tw:8000"
16e496b350b61992,2019/11/08 13:09:51,2019/11/08 13:09:47,,,,,0,0,0,error,"凱基II API 錯誤,帳號 (全部) 2019/11/08 13:09:47 連線失敗-連線逾時:800 itrade.kgi.com.tw:8000","凱基II API 錯誤,帳號 (全部) 2019/11/08 13:09:47 連線失敗-連線逾時:800 itrade.kgi.com.tw:8000"
16e496b0421581b5,2019/11/08 13:09:39,2019/11/08 13:09:35,,,,,0,0,0,error,"凱基II API 錯誤,帳號 (全部) 2019/11/08 13:09:35 斷線-P:ReceiveThread_EntryPoint CALL :無法從傳輸連接讀取資料: 連線嘗試失敗，因為連線對象有一段時間並未正確回應，或是連線建立失敗，因為連線的主機無法回應。?","凱基II API 錯誤,帳號 (全部) 2019/11/08 13:09:35 斷線-P:ReceiveThread_EntryPoint CALL :無法從傳輸連接讀取資料: 連線嘗試失敗，因為連線對象有一段時間並未正確回應，或是連線建立失敗，因為連線的主機無法回應。?"
16e43a0f1b95a9ee,2019/11/07 10:10:50,2019/11/07 10:10:47,,,,,0,0,0,error,<警告/提醒> 2019/11/07 10:10:47 以下帳戶倉位不同步，請確認是否故意不同步，以免下單錯誤： 【KGI-TCA】 (策略倉位×倍數) 10×1 ≠ 11 (帳戶倉位),<警告/提醒> 2019/11/07 10:10:47 以下帳戶倉位不同步，請確認是否故意不同步，以免下單錯誤： 【KGI-TCA】 (策略倉位×倍數) 10×1 ≠ 11 (帳戶倉位)
16e435d881ba2a7c,2019/11/07 8:57:12,2019/11/07 8:57:03,TCA,KGI,11632,reduce_long,-1,11,10,normal,,"2019/11/07 08:57:03 【TCA】 ""11632"" 減碼多單，策略倉位 11 → 10 帳戶【KGI】(小型台指) 帳戶倉位 10 → 10 倍數 1，本次下單 0，下單後帳戶總倉位 10 TCA"
16e4350a3b0bf6c9,2019/11/07 8:43:06,2019/11/07 8:43:04,,,,,0,0,0,error,<警告/提醒> 2019/11/07 08:43:04 以下帳戶倉位不同步，請確認是否故意不同步，以免下單錯誤： 【KGI-TCA】 (策略倉位×倍數) 11×1 ≠ 10 (帳戶倉位),<警告/提醒> 2019/11/07 08:43:04 以下帳戶倉位不同步，請確認是否故意不同步，以免下單錯誤： 【KGI-TCA】 (策略倉位×倍數) 11×1 ≠ 10 (帳戶倉位)
16e3f3987ac7c93b,2019/11/06 13:39:23,2019/11/06 13:39:20,,,,,0,0,0,error,<警告/提醒> 2019/11/06 13:39:20 以下帳戶倉位不同步，請確認是否故意不同步，以免下單錯誤： 【KGI-TCA】 (策略倉位×倍數) 11×1 ≠ 10 (帳戶倉位),<警告/提醒> 2019/11/06 13:39:20 以下帳戶倉位不同步，請確認是否故意不同步，以免下單錯誤： 【KGI-TCA】 (策略倉位×倍數) 11×1 ≠ 10 (帳戶倉位)
16e3f0ec3814236c,2019/11/06 12:52:41,2019/11/06 12:52:38,,,,,0,0,0,error,<警告/提醒> 2019/11/06 12:52:38 以下帳戶倉位不同步，請確認是否故意不同步，以免下單錯誤： 【KGI-TCA】 (策略倉位×倍數) 11×1 ≠ 10 (帳戶倉位),<警告/提醒> 2019/11/06 12:52:38 以下帳戶倉位不同步，請確認是否故意不同步，以免下單錯誤： 【KGI-TCA】 (策略倉位×倍數) 11×1 ≠ 10 (帳戶倉位)
16e3f0b52eb9539d,2019/11/06 12:48:55,2019/11/06 12:48:45,TCA,KGI,11655,add_long,1,10,11,normal,,"2019/11/06 12:48:45 【TCA】 ""11655"" 加碼多單，策略倉位 10 → 11 帳戶【KGI】(小型台指) 帳戶倉位 10 → 10 倍數 1，本次下單 0，下單後帳戶總倉位 10 TCA"
16e24c7e7e7e1f98,2019/11/01 10:25:09,2019/11/01 10:25:00,TCA,KGI,11346,add_long,1,9,10,normal,,"2019/11/01 10:25:00 【TCA】 ""11346"" 加碼多單，策略倉位 9 → 10 帳戶【KGI】(小型台指) 帳戶倉位 9 → 10 倍數 1，本次下單 1，下單後帳戶總倉位 10 TCA"
16e247d822b2106a,2019/11/01 9:03:54,2019/11/01 9:03:45,TCA,KGI,11334,reduce_long,-1,10,9,normal,,"2019/11/01 09:03:45 【TCA】 ""11334"" 減碼多單，策略倉位 10 → 9 帳戶【KGI】(小型台指) 帳戶倉位 10 → 9 倍數 1，本次下單 -1，下單後帳戶總倉位 9 TCA"
16e1f51054afbbf4,2019/10/31 8:57:12,2019/10/31 8:57:01,TCA,KGI,11369,add_long,1,9,10,normal,,"2019/10/31 08:57:01 【TCA】 ""11369"" 加碼多單，策略倉位 9 → 10 帳戶【KGI】(小型台指) 帳戶倉位 9 → 10 倍數 1，本次下單 1，下單後帳戶總倉位 10 TCA"
16e157173efe0dcd,2019/10/29 10:56:25,2019/10/29 10:56:15,TCA,KGI,11325,reduce_long,-1,10,9,normal,,"2019/10/29 10:56:15 【TCA】 ""11325"" 減碼多單，策略倉位 10 → 9 帳戶【KGI】(小型台指) 帳戶倉位 10 → 9 倍數 1，本次下單 -1，下單後帳戶總倉位 9 TCA"
16e15102c22d94c0,2019/10/29 9:10:10,2019/10/29 9:10:00,TCA,KGI,11354,add_long,1,9,10,normal,,"2019/10/29 09:10:00 【TCA】 ""11354"" 加碼多單，策略倉位 9 → 10 帳戶【KGI】(小型台指) 帳戶倉位 9 → 10 倍數 1，本次下單 1，下單後帳戶總倉位 10 TCA"
16dd72cf173cdb7c,2019/10/17 8:45:08,2019/10/17 8:45:00,TCA,KGI,11150,,9,0,9,normal,,"2019/10/17 08:45:00 【TCA】 ""11150"" 多單進場，策略倉位 0 → 9 帳戶【KGI】(小型台指) 帳戶倉位 9 → 9 倍數 1，本次下單 0，下單後帳戶總倉位 9 TCA"
16dd72b20e79304a,2019/10/17 8:43:09,2019/10/17 8:43:06,,,,,0,0,0,error,<警告/提醒> 2019/10/17 08:43:06 以下帳戶倉位不同步，請確認是否故意不同步，以免下單錯誤： 【KGI-TCA】 (策略倉位×倍數) 0×1 ≠ 9 (帳戶倉位) 【模擬用-TEST】 (策略倉位×倍數) 0×1 ≠ 9 (帳戶倉位),<警告/提醒> 2019/10/17 08:43:06 以下帳戶倉位不同步，請確認是否故意不同步，以免下單錯誤： 【KGI-TCA】 (策略倉位×倍數) 0×1 ≠ 9 (帳戶倉位) 【模擬用-TEST】 (策略倉位×倍數) 0×1 ≠ 9 (帳戶倉位)
16dd72b0e7ce7ac9,2019/10/17 8:43:05,2019/10/17 8:43:02,TEST,,,,0,0,0,normal,,<警告/提醒> 2019/10/17 08:43:02 【TEST】策略倉位已自動和訊號源同步：由【9】-->【0】
16dd72b020f9fad2,2019/10/17 8:43:01,2019/10/17 8:42:58,TCA,,,,0,0,0,normal,,<警告/提醒> 2019/10/17 08:42:58 【TCA】策略倉位已自動和訊號源同步：由【9】-->【0】
16dd305b6935a91e,2019/10/16 13:23:48,2019/10/16 13:23:45,,,,,0,0,0,error,帳戶【KGI】開始進行【定時自動轉倉換月】 2019/10/16 13:23:45 KGI-小型台指9口 開始自動轉倉至2019/11。,帳戶【KGI】開始進行【定時自動轉倉換月】 2019/10/16 13:23:45 KGI-小型台指9口 開始自動轉倉至2019/11。
16dc8907d01efe68,2019/10/14 12:39:33,2019/10/14 12:39:27,,,,,0,0,0,error,"凱基II API 錯誤,帳號 (全部) 2019/10/14 12:39:27 斷線-P:ReceiveThread_EntryPoint CALL :無法從傳輸連接讀取資料: 連線嘗試失敗，因為連線對象有一段時間並未正確回應，或是連線建立失敗，因為連線的主機無法回應。?","凱基II API 錯誤,帳號 (全部) 2019/10/14 12:39:27 斷線-P:ReceiveThread_EntryPoint CALL :無法從傳輸連接讀取資料: 連線嘗試失敗，因為連線對象有一段時間並未正確回應，或是連線建立失敗，因為連線的主機無法回應。?"
16dc7d0c9b8465c9,2019/10/14 9:10:10,2019/10/14 9:09:57,TCA,KGI,11045,add_long,1,8,9,normal,,"2019/10/14 09:09:57 【TCA】 ""11045"" 加碼多單，策略倉位 8 → 9 帳戶【KGI】(小型台指) 帳戶倉位 8 → 9 倍數 1，本次下單 1，下單後帳戶總倉位 9 TCA"
16d5bf90776d0bdf,2019/09/23 10:35:08,2019/09/23 10:35:02,,,,,0,0,0,error,"凱基II API 錯誤,帳號 (全部) 2019/09/23 10:35:02 斷線-P:ReceiveThread_EntryPoint CALL :無法從傳輸連接讀取資料: 連線已被您主機上的軟體中止。?","凱基II API 錯誤,帳號 (全部) 2019/09/23 10:35:02 斷線-P:ReceiveThread_EntryPoint CALL :無法從傳輸連接讀取資料: 連線已被您主機上的軟體中止。?"
16d4cac54b61dad3,2019/09/20 11:17:03,2019/09/20 11:17:00,,,,,0,0,0,error,"凱基II API 錯誤,帳號 (全部) 2019/09/20 11:17:00 斷線-P:ReceiveThread_EntryPoint CALL :無法從傳輸連接讀取資料: 連線嘗試失敗，因為連線對象有一段時間並未正確回應，或是連線建立失敗，因為連線的主機無法回應。?","凱基II API 錯誤,帳號 (全部) 2019/09/20 11:17:00 斷線-P:ReceiveThread_EntryPoint CALL :無法從傳輸連接讀取資料: 連線嘗試失敗，因為連線對象有一段時間並未正確回應，或是連線建立失敗，因為連線的主機無法回應。?"
16d4c9e58bdf0fa6,2019/09/20 11:01:47,2019/09/20 11:01:45,,,,,0,0,0,error,"凱基II API 錯誤,帳號 (全部) 2019/09/20 11:01:45 斷線-P:ReceiveThread_EntryPoint CALL :無法從傳輸連接讀取資料: 遠端主機已強制關閉一個現存的連線。?","凱基II API 錯誤,帳號 (全部) 2019/09/20 11:01:45 斷線-P:ReceiveThread_EntryPoint CALL :無法從傳輸連接讀取資料: 遠端主機已強制關閉一個現存的連線。?"
16d4c9c418d8f4d6,2019/09/20 10:59:30,2019/09/20 10:59:27,,,,,0,0,0,error,"凱基II API 錯誤,帳號 (全部) 2019/09/20 10:59:27 斷線-P:ReceiveThread_EntryPoint CALL :無法從傳輸連接讀取資料: 連線嘗試失敗，因為連線對象有一段時間並未正確回應，或是連線建立失敗，因為連線的主機無法回應。?","凱基II API 錯誤,帳號 (全部) 2019/09/20 10:59:27 斷線-P:ReceiveThread_EntryPoint CALL :無法從傳輸連接讀取資料: 連線嘗試失敗，因為連線對象有一段時間並未正確回應，或是連線建立失敗，因為連線的主機無法回應。?"
16d4c9184c65416a,2019/09/20 10:47:47,2019/09/20 10:47:44,,,,,0,0,0,error,"凱基II API 錯誤,帳號 (全部) 2019/09/20 10:47:44 斷線-P:ReceiveThread_EntryPoint CALL :無法從傳輸連接讀取資料: 連線嘗試失敗，因為連線對象有一段時間並未正確回應，或是連線建立失敗，因為連線的主機無法回應。?","凱基II API 錯誤,帳號 (全部) 2019/09/20 10:47:44 斷線-P:ReceiveThread_EntryPoint CALL :無法從傳輸連接讀取資料: 連線嘗試失敗，因為連線對象有一段時間並未正確回應，或是連線建立失敗，因為連線的主機無法回應。?"
16d4c8da3831b097,2019/09/20 10:43:32,2019/09/20 10:43:29,,,,,0,0,0,error,"凱基II API 錯誤,帳號 (全部) 2019/09/20 10:43:29 斷線-P:ReceiveThread_EntryPoint CALL :無法從傳輸連接讀取資料: 連線嘗試失敗，因為連線對象有一段時間並未正確回應，或是連線建立失敗，因為連線的主機無法回應。?","凱基II API 錯誤,帳號 (全部) 2019/09/20 10:43:29 斷線-P:ReceiveThread_EntryPoint CALL :無法從傳輸連接讀取資料: 連線嘗試失敗，因為連線對象有一段時間並未正確回應，或是連線建立失敗，因為連線的主機無法回應。?"
16d4c8685be33b18,2019/09/20 10:35:46,2019/09/20 10:35:42,,,,,0,0,0,error,"凱基II API 錯誤,帳號 (全部) 2019/09/20 10:35:42 連線失敗-連線逾時:800 itrade.kgi.com.tw:8000","凱基II API 錯誤,帳號 (全部) 2019/09/20 10:35:42 連線失敗-連線逾時:800 itrade.kgi.com.tw:8000"
16d4c86577f2f0d4,2019/09/20 10:35:34,2019/09/20 10:35:31,,,,,0,0,0,error,"凱基II API 錯誤,帳號 (全部) 2019/09/20 10:35:31 斷線-P:ReceiveThread_EntryPoint CALL :無法從傳輸連接讀取資料: 連線嘗試失敗，因為連線對象有一段時間並未正確回應，或是連線建立失敗，因為連線的主機無法回應。?","凱基II API 錯誤,帳號 (全部) 2019/09/20 10:35:31 斷線-P:ReceiveThread_EntryPoint CALL :無法從傳輸連接讀取資料: 連線嘗試失敗，因為連線對象有一段時間並未正確回應，或是連線建立失敗，因為連線的主機無法回應。?"
16d4c76a04c1e62a,2019/09/20 10:18:24,2019/09/20 10:18:21,,,,,0,0,0,error,"凱基II API 錯誤,帳號 (全部) 2019/09/20 10:18:21 斷線-P:ReceiveThread_EntryPoint CALL :無法從傳輸連接讀取資料: 連線嘗試失敗，因為連線對象有一段時間並未正確回應，或是連線建立失敗，因為連線的主機無法回應。?","凱基II API 錯誤,帳號 (全部) 2019/09/20 10:18:21 斷線-P:ReceiveThread_EntryPoint CALL :無法從傳輸連接讀取資料: 連線嘗試失敗，因為連線對象有一段時間並未正確回應，或是連線建立失敗，因為連線的主機無法回應。?"
16d4c725c8a22e8d,2019/09/20 10:13:45,2019/09/20 10:13:42,,,,,0,0,0,error,"凱基II API 錯誤,帳號 (全部) 2019/09/20 10:13:42 斷線-P:ReceiveThread_EntryPoint CALL :無法從傳輸連接讀取資料: 連線嘗試失敗，因為連線對象有一段時間並未正確回應，或是連線建立失敗，因為連線的主機無法回應。?","凱基II API 錯誤,帳號 (全部) 2019/09/20 10:13:42 斷線-P:ReceiveThread_EntryPoint CALL :無法從傳輸連接讀取資料: 連線嘗試失敗，因為連線對象有一段時間並未正確回應，或是連線建立失敗，因為連線的主機無法回應。?"
16d4c70f45517141,2019/09/20 10:12:13,2019/09/20 10:12:10,,,,,0,0,0,error,"凱基II API 錯誤,帳號 (全部) 2019/09/20 10:12:10 連線失敗-連線逾時:800 itrade.kgi.com.tw:8000","凱基II API 錯誤,帳號 (全部) 2019/09/20 10:12:10 連線失敗-連線逾時:800 itrade.kgi.com.tw:8000"
16d4c70c782159cb,2019/09/20 10:12:01,2019/09/20 10:11:58,,,,,0,0,0,error,"凱基II API 錯誤,帳號 (全部) 2019/09/20 10:11:58 斷線-P:ReceiveThread_EntryPoint CALL :無法從傳輸連接讀取資料: 連線嘗試失敗，因為連線對象有一段時間並未正確回應，或是連線建立失敗，因為連線的主機無法回應。?","凱基II API 錯誤,帳號 (全部) 2019/09/20 10:11:58 斷線-P:ReceiveThread_EntryPoint CALL :無法從傳輸連接讀取資料: 連線嘗試失敗，因為連線對象有一段時間並未正確回應，或是連線建立失敗，因為連線的主機無法回應。?"
16d4c6e09d8a4753,2019/09/20 10:09:01,2019/09/20 10:08:58,,,,,0,0,0,error,"凱基II API 錯誤,帳號 (全部) 2019/09/20 10:08:58 斷線-P:ReceiveThread_EntryPoint CALL :無法從傳輸連接讀取資料: 遠端主機已強制關閉一個現存的連線。?","凱基II API 錯誤,帳號 (全部) 2019/09/20 10:08:58 斷線-P:ReceiveThread_EntryPoint CALL :無法從傳輸連接讀取資料: 遠端主機已強制關閉一個現存的連線。?"
16d4c67bb8c57570,2019/09/20 10:02:08,2019/09/20 10:02:06,,,,,0,0,0,error,"凱基II API 錯誤,帳號 (全部) 2019/09/20 10:02:06 斷線-P:ReceiveThread_EntryPoint CALL :無法從傳輸連接讀取資料: 連線嘗試失敗，因為連線對象有一段時間並未正確回應，或是連線建立失敗，因為連線的主機無法回應。?","凱基II API 錯誤,帳號 (全部) 2019/09/20 10:02:06 斷線-P:ReceiveThread_EntryPoint CALL :無法從傳輸連接讀取資料: 連線嘗試失敗，因為連線對象有一段時間並未正確回應，或是連線建立失敗，因為連線的主機無法回應。?"
16d4c655c8eb66d2,2019/09/20 9:59:33,2019/09/20 9:59:29,,,,,0,0,0,error,"凱基II API 錯誤,帳號 (全部) 2019/09/20 09:59:29 斷線-P:ReceiveThread_EntryPoint CALL :無法從傳輸連接讀取資料: 連線嘗試失敗，因為連線對象有一段時間並未正確回應，或是連線建立失敗，因為連線的主機無法回應。?","凱基II API 錯誤,帳號 (全部) 2019/09/20 09:59:29 斷線-P:ReceiveThread_EntryPoint CALL :無法從傳輸連接讀取資料: 連線嘗試失敗，因為連線對象有一段時間並未正確回應，或是連線建立失敗，因為連線的主機無法回應。?"
16d4c6324fb66095,2019/09/20 9:57:08,2019/09/20 9:57:05,,,,,0,0,0,error,"凱基II API 錯誤,帳號 (全部) 2019/09/20 09:57:05 連線失敗-連線逾時:800 itrade.kgi.com.tw:8000","凱基II API 錯誤,帳號 (全部) 2019/09/20 09:57:05 連線失敗-連線逾時:800 itrade.kgi.com.tw:8000"
16d4c62f8a78d269,2019/09/20 9:56:56,2019/09/20 9:56:53,,,,,0,0,0,error,"凱基II API 錯誤,帳號 (全部) 2019/09/20 09:56:53 斷線-P:ReceiveThread_EntryPoint CALL :無法從傳輸連接讀取資料: 連線嘗試失敗，因為連線對象有一段時間並未正確回應，或是連線建立失敗，因為連線的主機無法回應。?","凱基II API 錯誤,帳號 (全部) 2019/09/20 09:56:53 斷線-P:ReceiveThread_EntryPoint CALL :無法從傳輸連接讀取資料: 連線嘗試失敗，因為連線對象有一段時間並未正確回應，或是連線建立失敗，因為連線的主機無法回應。?"
16d4c5a22273e0c9,2019/09/20 9:47:17,2019/09/20 9:47:14,,,,,0,0,0,error,"凱基II API 錯誤,帳號 (全部) 2019/09/20 09:47:14 斷線-P:ReceiveThread_EntryPoint CALL :無法從傳輸連接讀取資料: 連線嘗試失敗，因為連線對象有一段時間並未正確回應，或是連線建立失敗，因為連線的主機無法回應。?","凱基II API 錯誤,帳號 (全部) 2019/09/20 09:47:14 斷線-P:ReceiveThread_EntryPoint CALL :無法從傳輸連接讀取資料: 連線嘗試失敗，因為連線對象有一段時間並未正確回應，或是連線建立失敗，因為連線的主機無法回應。?"
16d4c4763bc17a71,2019/09/20 9:26:48,2019/09/20 9:26:44,,,,,0,0,0,error,"凱基II API 錯誤,帳號 (全部) 2019/09/20 09:26:44 斷線-P:ReceiveThread_EntryPoint CALL :無法從傳輸連接讀取資料: 連線嘗試失敗，因為連線對象有一段時間並未正確回應，或是連線建立失敗，因為連線的主機無法回應。?","凱基II API 錯誤,帳號 (全部) 2019/09/20 09:26:44 斷線-P:ReceiveThread_EntryPoint CALL :無法從傳輸連接讀取資料: 連線嘗試失敗，因為連線對象有一段時間並未正確回應，或是連線建立失敗，因為連線的主機無法回應。?"
16d42d3ab5c3a7f4,2019/09/18 13:23:48,2019/09/18 13:23:45,,,,,0,0,0,error,帳戶【KGI】開始進行【定時自動轉倉換月】 2019/09/18 13:23:45 KGI-小型台指8口 開始自動轉倉至2019/10。,帳戶【KGI】開始進行【定時自動轉倉換月】 2019/09/18 13:23:45 KGI-小型台指8口 開始自動轉倉至2019/10。
16d28151d375c732,2019/09/13 8:45:33,2019/09/13 8:45:30,,,,,0,0,0,error,"凱基II API 錯誤,帳號 (全部) 2019/09/13 08:45:30 連線失敗-連線逾時:800 itrade.kgi.com.tw:8000","凱基II API 錯誤,帳號 (全部) 2019/09/13 08:45:30 連線失敗-連線逾時:800 itrade.kgi.com.tw:8000"
16d22ef9007f0da5,2019/09/12 8:46:27,2019/09/12 8:46:23,,,,,0,0,0,error,"凱基II API 錯誤,帳號 (全部) 2019/09/12 08:46:23 連線失敗-連線逾時:800 itrade.kgi.com.tw:8000","凱基II API 錯誤,帳號 (全部) 2019/09/12 08:46:23 連線失敗-連線逾時:800 itrade.kgi.com.tw:8000"
16d1dd3099759f64,2019/09/11 8:57:11,2019/09/11 8:57:02,TCA,KGI,10787,add_long,1,7,8,normal,,"2019/09/11 08:57:02 【TCA】 ""10787"" 加碼多單，策略倉位 7 → 8 帳戶【KGI】(小型台指) 帳戶倉位 7 → 8 倍數 1，本次下單 1，下單後帳戶總倉位 8 TCA"
16d1dc803ac6644f,2019/09/11 8:45:09,2019/09/11 8:45:00,TCA,KGI,10795,reduce_long,-1,8,7,normal,,"2019/09/11 08:45:00 【TCA】 ""10795"" 減碼多單，策略倉位 8 → 7 帳戶【KGI】(小型台指) 帳戶倉位 8 → 7 倍數 1，本次下單 -1，下單後帳戶總倉位 7 TCA"
16d1dc7d2ee06287,2019/09/11 8:44:56,2019/09/11 8:44:52,,,,,0,0,0,error,"凱基II API 錯誤,帳號 (全部) 2019/09/11 08:44:52 連線失敗-連線逾時:800 itrade.kgi.com.tw:8000","凱基II API 錯誤,帳號 (全部) 2019/09/11 08:44:52 連線失敗-連線逾時:800 itrade.kgi.com.tw:8000"
16d1980d8cd3bf26,2019/09/10 12:48:56,2019/09/10 12:48:47,TCA,KGI,10748,add_long,1,7,8,normal,,"2019/09/10 12:48:47 【TCA】 ""10748"" 加碼多單，策略倉位 7 → 8 帳戶【KGI】(小型台指) 帳戶倉位 7 → 8 倍數 1，本次下單 1，下單後帳戶總倉位 8 TCA"
16d197d5efa0ae41,2019/09/10 12:45:08,2019/09/10 12:44:59,TCA,KGI,10745,reduce_long,-1,8,7,normal,,"2019/09/10 12:44:59 【TCA】 ""10745"" 減碼多單，策略倉位 8 → 7 帳戶【KGI】(小型台指) 帳戶倉位 8 → 7 倍數 1，本次下單 -1，下單後帳戶總倉位 7 TCA"
16d197266a1a9b2e,2019/09/10 12:33:09,2019/09/10 12:33:00,TCA,KGI,10748,add_long,1,7,8,normal,,"2019/09/10 12:33:00 【TCA】 ""10748"" 加碼多單，策略倉位 7 → 8 帳戶【KGI】(小型台指) 帳戶倉位 7 → 8 倍數 1，本次下單 1，下單後帳戶總倉位 8 TCA"
16d195e7bc17e768,2019/09/10 12:11:24,2019/09/10 12:11:15,TCA,KGI,10743,reduce_long,-1,8,7,normal,,"2019/09/10 12:11:15 【TCA】 ""10743"" 減碼多單，策略倉位 8 → 7 帳戶【KGI】(小型台指) 帳戶倉位 8 → 7 倍數 1，本次下單 -1，下單後帳戶總倉位 7 TCA"
16d1958cb433376c,2019/09/10 12:05:11,2019/09/10 12:05:02,TCA,KGI,10745,add_long,1,7,8,normal,,"2019/09/10 12:05:02 【TCA】 ""10745"" 加碼多單，策略倉位 7 → 8 帳戶【KGI】(小型台指) 帳戶倉位 7 → 8 倍數 1，本次下單 1，下單後帳戶總倉位 8 TCA"
16d19517399675c4,2019/09/10 11:57:09,2019/09/10 11:57:01,TCA,KGI,10742,reduce_long,-1,8,7,normal,,"2019/09/10 11:57:01 【TCA】 ""10742"" 減碼多單，策略倉位 8 → 7 帳戶【KGI】(小型台指) 帳戶倉位 8 → 7 倍數 1，本次下單 -1，下單後帳戶總倉位 7 TCA"
16d194d94d9a7692,2019/09/10 11:52:56,2019/09/10 11:52:46,TCA,KGI,10746,add_long,1,7,8,normal,,"2019/09/10 11:52:46 【TCA】 ""10746"" 加碼多單，策略倉位 7 → 8 帳戶【KGI】(小型台指) 帳戶倉位 7 → 8 倍數 1，本次下單 1，下單後帳戶總倉位 8 TCA"
16d1919d1d8a0173,2019/09/10 10:56:24,2019/09/10 10:56:14,TCA,KGI,10739,reduce_long,-1,8,7,normal,,"2019/09/10 10:56:14 【TCA】 ""10739"" 減碼多單，策略倉位 8 → 7 帳戶【KGI】(小型台指) 帳戶倉位 8 → 7 倍數 1，本次下單 -1，下單後帳戶總倉位 7 TCA"
16d191417ef4d59c,2019/09/10 10:50:08,2019/09/10 10:49:59,TCA,KGI,10748,add_long,1,7,8,normal,,"2019/09/10 10:49:59 【TCA】 ""10748"" 加碼多單，策略倉位 7 → 8 帳戶【KGI】(小型台指) 帳戶倉位 7 → 8 倍數 1，本次下單 1，下單後帳戶總倉位 8 TCA"
16d18fd34869a37e,2019/09/10 10:25:09,2019/09/10 10:24:59,TCA,KGI,10737,reduce_long,-1,8,7,normal,,"2019/09/10 10:24:59 【TCA】 ""10737"" 減碼多單，策略倉位 8 → 7 帳戶【KGI】(小型台指) 帳戶倉位 8 → 7 倍數 1，本次下單 -1，下單後帳戶總倉位 7 TCA"
16d04196bd7d0591,2019/09/06 9:03:55,2019/09/06 9:03:46,TCA,KGI,10770,add_long,1,7,8,normal,,"2019/09/06 09:03:46 【TCA】 ""10770"" 加碼多單，策略倉位 7 → 8 帳戶【KGI】(小型台指) 帳戶倉位 7 → 8 倍數 1，本次下單 1，下單後帳戶總倉位 8 TCA"
16cff91a9cdb7094,2019/09/05 11:57:10,2019/09/05 11:57:02,TCA,KGI,10744,reduce_long,-1,8,7,normal,,"2019/09/05 11:57:02 【TCA】 ""10744"" 減碼多單，策略倉位 8 → 7 帳戶【KGI】(小型台指) 帳戶倉位 8 → 7 倍數 1，本次下單 -1，下單後帳戶總倉位 7 TCA"
16cff7c5bfcafe5b,2019/09/05 11:33:53,2019/09/05 11:33:45,TCA,KGI,10749,add_long,1,7,8,normal,,"2019/09/05 11:33:45 【TCA】 ""10749"" 加碼多單，策略倉位 7 → 8 帳戶【KGI】(小型台指) 帳戶倉位 7 → 8 倍數 1，本次下單 1，下單後帳戶總倉位 8 TCA"
16cff5a0cfa74ced,2019/09/05 10:56:26,2019/09/05 10:56:17,TCA,KGI,10743,reduce_long,-1,8,7,normal,,"2019/09/05 10:56:17 【TCA】 ""10743"" 減碼多單，策略倉位 8 → 7 帳戶【KGI】(小型台指) 帳戶倉位 8 → 7 倍數 1，本次下單 -1，下單後帳戶總倉位 7 TCA"
16cff26892b1e702,2019/09/05 10:00:09,2019/09/05 10:00:01,TCA,KGI,10757,add_long,1,7,8,normal,,"2019/09/05 10:00:01 【TCA】 ""10757"" 加碼多單，策略倉位 7 → 8 帳戶【KGI】(小型台指) 帳戶倉位 7 → 8 倍數 1，本次下單 1，下單後帳戶總倉位 8 TCA"
16ce0de345fdcd5b,2019/08/30 12:52:32,2019/08/30 12:52:29,,,,,0,0,0,error,"凱基II API 錯誤,帳號 (全部) 2019/08/30 12:52:29 斷線-P:ReceiveThread_EntryPoint CALL :無法從傳輸連接讀取資料: 連線嘗試失敗，因為連線對象有一段時間並未正確回應，或是連線建立失敗，因為連線的主機無法回應。?","凱基II API 錯誤,帳號 (全部) 2019/08/30 12:52:29 斷線-P:ReceiveThread_EntryPoint CALL :無法從傳輸連接讀取資料: 連線嘗試失敗，因為連線對象有一段時間並未正確回應，或是連線建立失敗，因為連線的主機無法回應。?"
16ce006bcbf6d2b9,2019/08/30 8:57:12,2019/08/30 8:57:02,TCA,KGI,10527,add_long,1,6,7,normal,,"2019/08/30 08:57:02 【TCA】 ""10527"" 加碼多單，策略倉位 6 → 7 帳戶【KGI】(小型台指) 帳戶倉位 6 → 7 倍數 1，本次下單 1，下單後帳戶總倉位 7 TCA"
16cd5fe08fd25880,2019/08/28 10:11:30,2019/08/28 10:11:27,,,,,0,0,0,error,<發生錯誤> 2019/08/28 10:11:27 TCA 策略價格，超過 10 分鐘未跳動，請儘快處理。,<發生錯誤> 2019/08/28 10:11:27 TCA 策略價格，超過 10 分鐘未跳動，請儘快處理。
16cd5e7104a7921a,2019/08/28 9:46:24,2019/08/28 9:46:22,,,,,0,0,0,error,"凱基II API 錯誤,帳號 (全部) 2019/08/28 09:46:22 連線失敗-連線逾時:800 itrade.kgi.com.tw:8000","凱基II API 錯誤,帳號 (全部) 2019/08/28 09:46:22 連線失敗-連線逾時:800 itrade.kgi.com.tw:8000"
16cd5e6df939b0e6,2019/08/28 9:46:11,2019/08/28 9:46:09,,,,,0,0,0,error,"凱基II API 錯誤,帳號 (全部) 2019/08/28 09:46:09 斷線-P:ReceiveThread_EntryPoint CALL :無法從傳輸連接讀取資料: 連線嘗試失敗，因為連線對象有一段時間並未正確回應，或是連線建立失敗，因為連線的主機無法回應。?","凱基II API 錯誤,帳號 (全部) 2019/08/28 09:46:09 斷線-P:ReceiveThread_EntryPoint CALL :無法從傳輸連接讀取資料: 連線嘗試失敗，因為連線對象有一段時間並未正確回應，或是連線建立失敗，因為連線的主機無法回應。?"
16cd5d8215e91b2a,2019/08/28 9:30:06,2019/08/28 9:30:03,,,,,0,0,0,error,"凱基II API 錯誤,帳號 (全部) 2019/08/28 09:30:03 連線失敗-連線逾時:800 itrade.kgi.com.tw:8000","凱基II API 錯誤,帳號 (全部) 2019/08/28 09:30:03 連線失敗-連線逾時:800 itrade.kgi.com.tw:8000"
16cd5d7f656429c9,2019/08/28 9:29:54,2019/08/28 9:29:51,,,,,0,0,0,error,"凱基II API 錯誤,帳號 (全部) 2019/08/28 09:29:51 斷線-P:ReceiveThread_EntryPoint CALL :無法從傳輸連接讀取資料: 連線嘗試失敗，因為連線對象有一段時間並未正確回應，或是連線建立失敗，因為連線的主機無法回應。?","凱基II API 錯誤,帳號 (全部) 2019/08/28 09:29:51 斷線-P:ReceiveThread_EntryPoint CALL :無法從傳輸連接讀取資料: 連線嘗試失敗，因為連線對象有一段時間並未正確回應，或是連線建立失敗，因為連線的主機無法回應。?"
16ccb7370282ba1e,2019/08/26 9:03:54,2019/08/26 9:03:44,TCA,KGI,10331,reduce_long,-1,7,6,normal,,"2019/08/26 09:03:44 【TCA】 ""10331"" 減碼多單，策略倉位 7 → 6 帳戶【KGI】(小型台指) 帳戶倉位 7 → 6 倍數 1，本次下單 -1，下單後帳戶總倉位 6 TCA"
16cb6c8d4723bf45,2019/08/22 8:45:09,2019/08/22 8:45:00,TCA,KGI,10539,,7,0,7,normal,,"2019/08/22 08:45:00 【TCA】 ""10539"" 多單進場，策略倉位 0 → 7 帳戶【KGI】(小型台指) 帳戶倉位 7 → 7 倍數 1，本次下單 0，下單後帳戶總倉位 7 TCA"
16cb6c79e0a8e90c,2019/08/22 8:43:50,2019/08/22 8:43:47,,,,,0,0,0,error,<警告/提醒> 2019/08/22 08:43:47 以下帳戶倉位不同步，請確認是否故意不同步，以免下單錯誤： 【KGI-TCA】 (策略倉位×倍數) 0×1 ≠ 7 (帳戶倉位) 【模擬用-TEST】 (策略倉位×倍數) 0×1 ≠ 7 (帳戶倉位),<警告/提醒> 2019/08/22 08:43:47 以下帳戶倉位不同步，請確認是否故意不同步，以免下單錯誤： 【KGI-TCA】 (策略倉位×倍數) 0×1 ≠ 7 (帳戶倉位) 【模擬用-TEST】 (策略倉位×倍數) 0×1 ≠ 7 (帳戶倉位)
16cb6c78f235aef7,2019/08/22 8:43:46,2019/08/22 8:43:43,TEST,,,,0,0,0,normal,,<警告/提醒> 2019/08/22 08:43:43 【TEST】策略倉位已自動和訊號源同步：由【7】-->【0】
16cb6c783f4bd190,2019/08/22 8:43:43,2019/08/22 8:43:39,TCA,,,,0,0,0,normal,,<警告/提醒> 2019/08/22 08:43:39 【TCA】策略倉位已自動和訊號源同步：由【7】-->【0】
16cb2a198be315b9,2019/08/21 13:23:49,2019/08/21 13:23:45,,,,,0,0,0,error,帳戶【KGI】開始進行【定時自動轉倉換月】 2019/08/21 13:23:45 KGI-小型台指7口 開始自動轉倉至2019/09。,帳戶【KGI】開始進行【定時自動轉倉換月】 2019/08/21 13:23:45 KGI-小型台指7口 開始自動轉倉至2019/09。
16ca760c128a1509,2019/08/19 8:57:10,2019/08/19 8:57:00,TCA,KGI,10437,add_long,1,6,7,normal,,"2019/08/19 08:57:00 【TCA】 ""10437"" 加碼多單，策略倉位 6 → 7 帳戶【KGI】(小型台指) 帳戶倉位 6 → 7 倍數 1，本次下單 1，下單後帳戶總倉位 7 TCA"
16c98ea5a63a54d6,2019/08/16 13:33:09,2019/08/16 13:33:00,TCA,KGI,10408,reduce_long,-1,7,6,normal,,"2019/08/16 13:33:00 【TCA】 ""10408"" 減碼多單，策略倉位 7 → 6 帳戶【KGI】(小型台指) 帳戶倉位 7 → 6 倍數 1，本次下單 -1，下單後帳戶總倉位 6 TCA"
16c98de7a277a26c,2019/08/16 13:20:11,2019/08/16 13:20:01,TCA,KGI,10420,add_long,1,6,7,normal,,"2019/08/16 13:20:01 【TCA】 ""10420"" 加碼多單，策略倉位 6 → 7 帳戶【KGI】(小型台指) 帳戶倉位 6 → 7 倍數 1，本次下單 1，下單後帳戶總倉位 7 TCA"
16c92c74d59f3961,2019/08/15 8:57:09,2019/08/15 8:56:59,TCA,KGI,10296,reduce_long,-1,7,6,normal,,"2019/08/15 08:56:59 【TCA】 ""10296"" 減碼多單，策略倉位 7 → 6 帳戶【KGI】(小型台指) 帳戶倉位 7 → 6 倍數 1，本次下單 -1，下單後帳戶總倉位 6 TCA"
16c8da721c3f9ae4,2019/08/14 9:03:54,2019/08/14 9:03:45,TCA,KGI,10473,add_long,1,6,7,normal,,"2019/08/14 09:03:45 【TCA】 ""10473"" 加碼多單，策略倉位 6 → 7 帳戶【KGI】(小型台指) 帳戶倉位 6 → 7 倍數 1，本次下單 1，下單後帳戶總倉位 7 TCA"
16c8880c41cebaee,2019/08/13 9:03:55,2019/08/13 9:03:46,TCA,KGI,10399,reduce_long,-1,7,6,normal,,"2019/08/13 09:03:46 【TCA】 ""10399"" 減碼多單，策略倉位 7 → 6 帳戶【KGI】(小型台指) 帳戶倉位 7 → 6 倍數 1，本次下單 -1，下單後帳戶總倉位 6 TCA"
16c836b8fc573fdb,2019/08/12 9:22:38,2019/08/12 9:22:29,TCA,KGI,10430,add_long,1,6,7,normal,,"2019/08/12 09:22:29 【TCA】 ""10430"" 加碼多單，策略倉位 6 → 7 帳戶【KGI】(小型台指) 帳戶倉位 6 → 7 倍數 1，本次下單 1，下單後帳戶總倉位 7 TCA"
16c835a64b96d7fa,2019/08/12 9:03:53,2019/08/12 9:03:44,TCA,KGI,10405,reduce_long,-1,7,6,normal,,"2019/08/12 09:03:44 【TCA】 ""10405"" 減碼多單，策略倉位 7 → 6 帳戶【KGI】(小型台指) 帳戶倉位 2 → 6 倍數 1，本次下單 4，下單後帳戶總倉位 6 TCA"
16c6f549872880a0,2019/08/08 11:45:09,2019/08/08 11:45:01,TCA,KGI,10419,add_long,1,6,7,normal,,"2019/08/08 11:45:01 【TCA】 ""10419"" 加碼多單，策略倉位 6 → 7 帳戶【KGI】(小型台指) 帳戶倉位 2 → 2 倍數 1，本次下單 0，下單後帳戶總倉位 2 TCA"
16c6f5485d50aaf3,2019/08/08 11:45:04,2019/08/08 11:45:01,,,,,0,0,0,error,<下單失敗> 2019/08/08 11:45:01 凱基II API 下單發生錯誤，本次下單已取消，請由手動補單。,<下單失敗> 2019/08/08 11:45:01 凱基II API 下單發生錯誤，本次下單已取消，請由手動補單。
16c6f223d02f16dd,2019/08/08 10:50:09,2019/08/08 10:50:00,TCA,KGI,10401,reduce_long,-1,7,6,normal,,"2019/08/08 10:50:00 【TCA】 ""10401"" 減碼多單，策略倉位 7 → 6 帳戶【KGI】(小型台指) 帳戶倉位 2 → 2 倍數 1，本次下單 0，下單後帳戶總倉位 2 TCA"
16c6f222752c2ae3,2019/08/08 10:50:03,2019/08/08 10:50:01,,,,,0,0,0,error,<下單失敗> 2019/08/08 10:50:01 凱基II API 下單發生錯誤，本次下單已取消，請由手動補單。,<下單失敗> 2019/08/08 10:50:01 凱基II API 下單發生錯誤，本次下單已取消，請由手動補單。
16c6ee74f08c01ed,2019/08/08 9:45:47,2019/08/08 9:45:45,,KGI,,,0,0,0,normal,,"凱基II 下單失敗,帳號 6523704-0120 2019/08/08 09:45:45 3309後檯:留倉口數不足!不可下平倉單"
16c6ee35409f68ae,2019/08/08 9:41:26,2019/08/08 9:41:17,TCA,KGI,10424,add_long,1,6,7,normal,,"2019/08/08 09:41:17 【TCA】 ""10424"" 加碼多單，策略倉位 6 → 7 帳戶【KGI】(小型台指) 帳戶倉位 2 → 2 倍數 1，本次下單 0，下單後帳戶總倉位 2 TCA"
16c6ee33f39d09d7,2019/08/08 9:41:20,2019/08/08 9:41:18,,,,,0,0,0,error,<下單失敗> 2019/08/08 09:41:18 凱基II API 下單發生錯誤，本次下單已取消，請由手動補單。,<下單失敗> 2019/08/08 09:41:18 凱基II API 下單發生錯誤，本次下單已取消，請由手動補單。
16c5f80aeddabf65,2019/08/05 9:59:23,2019/08/05 9:59:20,,KGI,,,0,0,0,normal,,"凱基II 下單失敗,帳號 6523704-0120 2019/08/05 09:59:20 3309後檯:留倉口數不足!不可下平倉單"
16c5f6a7b74e1390,2019/08/05 9:35:08,2019/08/05 9:35:00,TCA,KGI,10413,reduce_long,-1,7,6,normal,,"2019/08/05 09:35:00 【TCA】 ""10413"" 減碼多單，策略倉位 7 → 6 帳戶【KGI】(小型台指) 帳戶倉位 2 → 2 倍數 1，本次下單 0，下單後帳戶總倉位 2 TCA"
16c5f6a6798a6478,2019/08/05 9:35:03,2019/08/05 9:35:00,,,,,0,0,0,error,<下單失敗> 2019/08/05 09:35:00 凱基II API 下單發生錯誤，本次下單已取消，請由手動補單。,<下單失敗> 2019/08/05 09:35:00 凱基II API 下單發生錯誤，本次下單已取消，請由手動補單。
16c4fc570d4543ae,2019/08/02 8:40:34,2019/08/02 8:40:30,,,,,0,0,0,error,<警告/提醒> 2019/08/02 08:40:30 因升級專業版，請將【帳戶管理】中所有帳戶總倉位之【最大口數限制】取消，以免下單錯誤 !,<警告/提醒> 2019/08/02 08:40:30 因升級專業版，請將【帳戶管理】中所有帳戶總倉位之【最大口數限制】取消，以免下單錯誤 !
16c4ab5b0482611c,2019/08/01 9:05:15,2019/08/01 9:05:12,,KGI,,,0,0,0,normal,,"凱基II 下單失敗,帳號 6523704-0120 2019/08/01 09:05:12 3309後檯:留倉口數不足!不可下平倉單"
16c4aae482504144,2019/08/01 8:57:09,2019/08/01 8:57:01,TCA,KGI,10647,reduce_long,-1,8,7,normal,,"2019/08/01 08:57:01 【TCA】 ""10647"" 減碼多單，策略倉位 8 → 7 帳戶【KGI】(小型台指) 帳戶倉位 2 → 2 倍數 1，本次下單 0，下單後帳戶總倉位 2 TCA"
16c4642a6acc53d1,2019/07/31 12:21:07,2019/07/31 12:21:00,TCA,KGI,10740,add_long,1,7,8,normal,,"2019/07/31 12:21:00 【TCA】 ""10740"" 加碼多單，策略倉位 7 → 8 帳戶【KGI】(小型台指) 帳戶倉位 2 → 2 倍數 1，本次下單 0，下單後帳戶總倉位 2 TCA"
16c45bedaad2128b,2019/07/31 9:57:10,2019/07/31 9:57:03,TCA,KGI,10720,reduce_long,-1,8,7,normal,,"2019/07/31 09:57:03 【TCA】 ""10720"" 減碼多單，策略倉位 8 → 7 帳戶【KGI】(小型台指) 帳戶倉位 2 → 2 倍數 1，本次下單 0，下單後帳戶總倉位 2 TCA"
16c45b06b81bebe4,2019/07/31 9:41:24,2019/07/31 9:41:16,TCA,KGI,10734,add_long,1,7,8,normal,,"2019/07/31 09:41:16 【TCA】 ""10734"" 加碼多單，策略倉位 7 → 8 帳戶【KGI】(小型台指) 帳戶倉位 2 → 2 倍數 1，本次下單 0，下單後帳戶總倉位 2 TCA"
16c4593c8b1cd337,2019/07/31 9:10:07,2019/07/31 9:10:00,TCA,KGI,10725,reduce_long,-1,8,7,normal,,"2019/07/31 09:10:00 【TCA】 ""10725"" 減碼多單，策略倉位 8 → 7 帳戶【KGI】(小型台指) 帳戶倉位 2 → 2 倍數 1，本次下單 0，下單後帳戶總倉位 2 TCA"
16c4592e8ac1440b,2019/07/31 9:09:10,2019/07/31 9:09:03,TCA,KGI,10726,add_long,1,7,8,normal,,"2019/07/31 09:09:03 【TCA】 ""10726"" 加碼多單，策略倉位 7 → 8 帳戶【KGI】(小型台指) 帳戶倉位 2 → 2 倍數 1，本次下單 0，下單後帳戶總倉位 2 TCA"
16c458e14e720105,2019/07/31 9:03:53,2019/07/31 9:03:45,TCA,KGI,10727,reduce_long,-1,8,7,normal,,"2019/07/31 09:03:45 【TCA】 ""10727"" 減碼多單，策略倉位 8 → 7 帳戶【KGI】(小型台指) 帳戶倉位 2 → 2 倍數 1，本次下單 0，下單後帳戶總倉位 2 TCA"
16c07c215cebc2d7,2019/07/19 9:04:13,2019/07/19 9:04:10,,KGI,,,0,0,0,normal,,"凱基II 下單失敗,帳號 6523704-0120 2019/07/19 09:04:10 3309後檯:留倉口數不足!不可下平倉單"
16c07c1c496b84f2,2019/07/19 9:03:53,2019/07/19 9:03:44,TCA,KGI,10765,add_long,1,7,8,normal,,"2019/07/19 09:03:44 【TCA】 ""10765"" 加碼多單，策略倉位 7 → 8 帳戶【KGI】(小型台指) 帳戶倉位 2 → 2 倍數 1，本次下單 0，下單後帳戶總倉位 2 TCA"
16c028a3cae54d2b,2019/07/18 8:45:08,2019/07/18 8:45:00,TCA,KGI,10625,,7,0,7,normal,,"2019/07/18 08:45:00 【TCA】 ""10625"" 多單進場，策略倉位 0 → 7 帳戶【KGI】(小型台指) 帳戶倉位 2 → 2 倍數 1，本次下單 0，下單後帳戶總倉位 2 TCA"
16c0285ed3d41c39,2019/07/18 8:40:25,2019/07/18 8:40:22,,,,,0,0,0,normal,,<警告/提醒> 2019/07/18 08:40:22 TEST 策略倉位已由7自動同步為文字檔內倉位0 請檢查下單大師實際倉位是否需進行同步!
16c0285ec8c5e822,2019/07/18 8:40:25,2019/07/18 8:40:22,,,,,0,0,0,normal,,<警告/提醒> 2019/07/18 08:40:22 TCA 策略倉位已由7自動同步為文字檔內倉位0 請檢查下單大師實際倉位是否需進行同步!
16bfe632cf7be9e0,2019/07/17 13:24:00,2019/07/17 13:23:58,,,,,0,0,0,error,<下單失敗> 2019/07/17 13:23:58 凱基II API 下單發生錯誤，本次下單已取消，請由手動補單。,<下單失敗> 2019/07/17 13:23:58 凱基II API 下單發生錯誤，本次下單已取消，請由手動補單。
16bfe63219c2325a,2019/07/17 13:23:56,2019/07/17 13:23:55,,,,,0,0,0,error,<下單失敗> 2019/07/17 13:23:55 凱基II API 下單發生錯誤，本次下單已取消，請由手動補單。,<下單失敗> 2019/07/17 13:23:55 凱基II API 下單發生錯誤，本次下單已取消，請由手動補單。
16bfe6300653dad5,2019/07/17 13:23:48,2019/07/17 13:23:45,,,,,0,0,0,error,帳戶【KGI】開始進行【定時自動轉倉換月】 2019/07/17 13:23:45 KGI-小型台指2口 開始自動轉倉至2019/08。,帳戶【KGI】開始進行【定時自動轉倉換月】 2019/07/17 13:23:45 KGI-小型台指2口 開始自動轉倉至2019/08。
16bdf765dffb148f,2019/07/11 13:16:43,2019/07/11 13:16:40,,,,,0,0,0,error,"凱基II API 錯誤,帳號 (全部) 2019/07/11 13:16:40 斷線-P:ReceiveThread_EntryPoint CALL :無法從傳輸連接讀取資料: 連線嘗試失敗，因為連線對象有一段時間並未正確回應，或是連線建立失敗，因為連線的主機無法回應。?","凱基II API 錯誤,帳號 (全部) 2019/07/11 13:16:40 斷線-P:ReceiveThread_EntryPoint CALL :無法從傳輸連接讀取資料: 連線嘗試失敗，因為連線對象有一段時間並未正確回應，或是連線建立失敗，因為連線的主機無法回應。?"
16bab0f4f03b2b27,2019/07/01 9:03:53,2019/07/01 9:03:45,TCA,KGI,10719,add_long,1,6,7,normal,,"2019/07/01 09:03:45 【TCA】 ""10719"" 加碼多單，策略倉位 6 → 7 帳戶【KGI】(小型台指) 帳戶倉位 2 → 2 倍數 1，本次下單 0，下單後帳戶總倉位 2 TCA"
16b9ba1eea81543d,2019/06/28 9:10:08,2019/06/28 9:09:59,TCA,KGI,10607,reduce_long,-1,7,6,normal,,"2019/06/28 09:09:59 【TCA】 ""10607"" 減碼多單，策略倉位 7 → 6 帳戶【KGI】(小型台指) 帳戶倉位 2 → 2 倍數 1，本次下單 0，下單後帳戶總倉位 2 TCA"
16b96983672914e1,2019/06/27 9:41:25,2019/06/27 9:41:16,TCA,KGI,10624,add_long,1,6,7,normal,,"2019/06/27 09:41:16 【TCA】 ""10624"" 加碼多單，策略倉位 6 → 7 帳戶【KGI】(小型台指) 帳戶倉位 2 → 2 倍數 1，本次下單 0，下單後帳戶總倉位 2 TCA"
16b8c3a4f297f58d,2019/06/25 9:22:38,2019/06/25 9:22:30,TCA,KGI,10609,reduce_long,-1,7,6,normal,,"2019/06/25 09:22:30 【TCA】 ""10609"" 減碼多單，策略倉位 7 → 6 帳戶【KGI】(小型台指) 帳戶倉位 2 → 2 倍數 1，本次下單 0，下單後帳戶總倉位 2 TCA"
16b8764197d58fff,2019/06/24 10:50:08,2019/06/24 10:49:59,TCA,KGI,10631,add_long,1,6,7,normal,,"2019/06/24 10:49:59 【TCA】 ""10631"" 加碼多單，策略倉位 6 → 7 帳戶【KGI】(小型台指) 帳戶倉位 2 → 2 倍數 1，本次下單 0，下單後帳戶總倉位 2 TCA"
16b77f0f73735d0d,2019/06/21 10:50:07,2019/06/21 10:49:59,TCA,KGI,10608,reduce_long,-1,7,6,normal,,"2019/06/21 10:49:59 【TCA】 ""10608"" 減碼多單，策略倉位 7 → 6 帳戶【KGI】(小型台指) 帳戶倉位 2 → 2 倍數 1，本次下單 0，下單後帳戶總倉位 2 TCA"
16b77da15ddf557e,2019/06/21 10:25:08,2019/06/21 10:25:00,TCA,KGI,10625,add_long,1,6,7,normal,,"2019/06/21 10:25:00 【TCA】 ""10625"" 加碼多單，策略倉位 6 → 7 帳戶【KGI】(小型台指) 帳戶倉位 2 → 2 倍數 1，本次下單 0，下單後帳戶總倉位 2 TCA"
16b77c338b7e5c3e,2019/06/21 10:00:09,2019/06/21 10:00:01,TCA,KGI,10602,reduce_long,-1,7,6,normal,,"2019/06/21 10:00:01 【TCA】 ""10602"" 減碼多單，策略倉位 7 → 6 帳戶【KGI】(小型台指) 帳戶倉位 2 → 2 倍數 1，本次下單 0，下單後帳戶總倉位 2 TCA"
16b778fb58755ce0,2019/06/21 9:03:53,2019/06/21 9:03:45,TCA,KGI,10632,add_long,1,6,7,normal,,"2019/06/21 09:03:45 【TCA】 ""10632"" 加碼多單，策略倉位 6 → 7 帳戶【KGI】(小型台指) 帳戶倉位 2 → 2 倍數 1，本次下單 0，下單後帳戶總倉位 2 TCA"
16b7258290713e79,2019/06/20 8:45:08,2019/06/20 8:44:59,TCA,KGI,10574,,6,0,6,normal,,"2019/06/20 08:44:59 【TCA】 ""10574"" 多單進場，策略倉位 0 → 6 帳戶【KGI】(小型台指) 帳戶倉位 2 → 2 倍數 1，本次下單 0，下單後帳戶總倉位 2 TCA"
16b7253a86ac61b7,2019/06/20 8:40:12,2019/06/20 8:40:08,,,,,0,0,0,normal,,<警告/提醒> 2019/06/20 08:40:08 TCA 策略倉位已由6自動同步為文字檔內倉位0 請檢查下單大師實際倉位是否需進行同步!
16b7253a63a041c4,2019/06/20 8:40:12,2019/06/20 8:40:08,,,,,0,0,0,normal,,<警告/提醒> 2019/06/20 08:40:08 TEST 策略倉位已由6自動同步為文字檔內倉位0 請檢查下單大師實際倉位是否需進行同步!
16b6e31218bd33d8,2019/06/19 13:24:00,2019/06/19 13:23:57,,,,,0,0,0,error,<下單失敗> 2019/06/19 13:23:57 凱基II API 下單發生錯誤，本次下單已取消，請由手動補單。,<下單失敗> 2019/06/19 13:23:57 凱基II API 下單發生錯誤，本次下單已取消，請由手動補單。
16b6e3114b8e70fe,2019/06/19 13:23:57,2019/06/19 13:23:54,,,,,0,0,0,error,<下單失敗> 2019/06/19 13:23:54 凱基II API 下單發生錯誤，本次下單已取消，請由手動補單。,<下單失敗> 2019/06/19 13:23:54 凱基II API 下單發生錯誤，本次下單已取消，請由手動補單。
16b6e30f68bb11b8,2019/06/19 13:23:49,2019/06/19 13:23:45,,,,,0,0,0,error,帳戶【KGI】開始進行【定時自動轉倉換月】 2019/06/19 13:23:45 KGI-小型台指2口 開始自動轉倉至2019/07。,帳戶【KGI】開始進行【定時自動轉倉換月】 2019/06/19 13:23:45 KGI-小型台指2口 開始自動轉倉至2019/07。
16b63076e00c51a3,2019/06/17 9:22:39,2019/06/17 9:22:29,TCA,KGI,10506,add_long,1,5,6,normal,,"2019/06/17 09:22:29 【TCA】 ""10506"" 加碼多單，策略倉位 5 → 6 帳戶【KGI】(小型台指) 帳戶倉位 2 → 2 倍數 1，本次下單 0，下單後帳戶總倉位 2 TCA"
16b62f644addc2ad,2019/06/17 9:03:53,2019/06/17 9:03:44,TCA,KGI,10474,reduce_long,-1,6,5,normal,,"2019/06/17 09:03:44 【TCA】 ""10474"" 減碼多單，策略倉位 6 → 5 帳戶【KGI】(小型台指) 帳戶倉位 2 → 2 倍數 1，本次下單 0，下單後帳戶總倉位 2 TCA"
16b3f1d3f135582c,2019/06/10 10:00:08,2019/06/10 10:00:00,TCA,KGI,10516,add_long,1,5,6,normal,,"2019/06/10 10:00:00 【TCA】 ""10516"" 加碼多單，策略倉位 5 → 6 帳戶【KGI】(小型台指) 帳戶倉位 2 → 2 倍數 1，本次下單 0，下單後帳戶總倉位 2 TCA"
16b2f8b1715bfb02,2019/06/07 9:26:11,2019/06/07 9:26:08,,,,,0,0,0,error,<發生錯誤> 2019/06/07 09:26:08 TCA 策略價格，超過 10 分鐘未跳動，請儘快處理。,<發生錯誤> 2019/06/07 09:26:08 TCA 策略價格，超過 10 分鐘未跳動，請儘快處理。
16b253b1fb9d5253,2019/06/05 9:22:38,2019/06/05 9:22:30,TCA,KGI,10482,reduce_long,-1,6,5,normal,,"2019/06/05 09:22:30 【TCA】 ""10482"" 減碼多單，策略倉位 6 → 5 帳戶【KGI】(小型台指) 帳戶倉位 2 → 2 倍數 1，本次下單 0，下單後帳戶總倉位 2 TCA"
16b252fb1ba2fc7f,2019/06/05 9:10:09,2019/06/05 9:10:00,TCA,KGI,10484,add_long,1,5,6,normal,,"2019/06/05 09:10:00 【TCA】 ""10484"" 加碼多單，策略倉位 5 → 6 帳戶【KGI】(小型台指) 帳戶倉位 2 → 2 倍數 1，本次下單 0，下單後帳戶總倉位 2 TCA"
16b1ff21719fdaa0,2019/06/04 8:44:47,2019/06/04 8:44:43,,KGI,,,0,0,0,normal,,"凱基II 下單失敗,帳號 6523704-0120 2019/06/04 08:44:43 9999不可刪改單期間，退回刪改單"
16b1ff1fecbf6fc5,2019/06/04 8:44:40,2019/06/04 8:44:37,,KGI,,,0,0,0,normal,,"凱基II 下單失敗,帳號 6523704-0120 2019/06/04 08:44:37 9999不可刪改單期間，退回刪改單"
16b1ff1e427a980d,2019/06/04 8:44:34,2019/06/04 8:44:30,,KGI,,,0,0,0,normal,,"凱基II 下單失敗,帳號 6523704-0120 2019/06/04 08:44:30 9999不可刪改單期間，退回刪改單"
16b1ff1d93f479dd,2019/06/04 8:44:30,2019/06/04 8:44:26,,KGI,,,0,0,0,normal,,"凱基II 下單失敗,帳號 6523704-0120 2019/06/04 08:44:26 9999不可刪改單期間，退回刪改單"
16b1ff1cad055890,2019/06/04 8:44:27,2019/06/04 8:44:22,,KGI,,,0,0,0,normal,,"凱基II 下單失敗,帳號 6523704-0120 2019/06/04 08:44:22 9999不可刪改單期間，退回刪改單"
16b1142bfefd53fe,2019/06/01 12:18:33,2019/06/01 12:18:28,,,,,0,0,0,error,<發生錯誤> 2019/06/01 12:18:28 TCA 策略價格，超過 10 分鐘未跳動，請儘快處理。,<發生錯誤> 2019/06/01 12:18:28 TCA 策略價格，超過 10 分鐘未跳動，請儘快處理。
16adddb78f483fa0,2019/05/22 12:45:08,2019/05/22 12:45:00,KGI,KGI,10485,reduce_long,-1,6,5,normal,,"2019/05/22 12:45:00 ""10485"" 減碼多單策略倉位 6 → 5 帳戶【KGI】(小型台指) 帳戶倉位 5 → 2 倍數 1，本次下單 0，下單後帳戶總倉位 2 TCA"
16adda007c03ff22,2019/05/22 11:40:12,2019/05/22 11:40:04,KGI,KGI,10493,add_long,1,5,6,normal,,"2019/05/22 11:40:04 ""10493"" 加碼多單策略倉位 5 → 6 帳戶【KGI】(小型台指) 帳戶倉位 5 → 2 倍數 1，本次下單 0，下單後帳戶總倉位 2 TCA"
16add66be22976bc,2019/05/22 10:37:37,2019/05/22 10:37:29,KGI,KGI,10487,reduce_long,-1,6,5,normal,,"2019/05/22 10:37:29 ""10487"" 減碼多單策略倉位 6 → 5 帳戶【KGI】(小型台指) 帳戶倉位 5 → 2 倍數 1，本次下單 0，下單後帳戶總倉位 2 TCA"
16add4ca9fa82a9c,2019/05/22 10:09:08,2019/05/22 10:09:00,KGI,KGI,10494,add_long,1,5,6,normal,,"2019/05/22 10:09:00 ""10494"" 加碼多單策略倉位 5 → 6 帳戶【KGI】(小型台指) 帳戶倉位 5 → 2 倍數 1，本次下單 0，下單後帳戶總倉位 2 TCA"
16ac3add50fbadc3,2019/05/17 10:45:09,2019/05/17 10:44:59,KGI,KGI,10487,reduce_long,-1,6,5,normal,,"2019/05/17 10:44:59 ""10487"" 減碼多單策略倉位 6 → 5 帳戶【KGI】(小型台指) 帳戶倉位 5 → 2 倍數 1，本次下單 0，下單後帳戶總倉位 2 TCA"
16ac34af0cb02f5b,2019/05/17 8:57:08,2019/05/17 8:57:00,KGI,KGI,10555,add_long,1,5,6,normal,,"2019/05/17 08:57:00 ""10555"" 加碼多單策略倉位 5 → 6 帳戶【KGI】(小型台指) 帳戶倉位 5 → 2 倍數 1，本次下單 0，下單後帳戶總倉位 2 TCA"
16ac347ff283783d,2019/05/17 8:53:55,2019/05/17 8:53:50,,,,,0,0,0,normal,,<警告/提醒> 2019/05/17 08:53:50 TEST 策略倉位已由6自動同步為文字檔內倉位5 請檢查下單大師實際倉位是否需進行同步!
16ac347fc6960a37,2019/05/17 8:53:55,2019/05/17 8:53:50,,,,,0,0,0,normal,,<警告/提醒> 2019/05/17 08:53:50 TCA 策略倉位已由6自動同步為文字檔內倉位5 請檢查下單大師實際倉位是否需進行同步!
16abe1992badf182,2019/05/16 8:45:07,2019/05/16 8:44:59,KGI,KGI,10537,,6,0,6,normal,,"2019/05/16 08:44:59 ""10537"" 多單進場策略倉位 0 → 6 帳戶【KGI】(小型台指) 帳戶倉位 5 → 2 倍數 1，本次下單 0，下單後帳戶總倉位 2 TCA"
16abe15670a6af78,2019/05/16 8:40:33,2019/05/16 8:40:29,,,,,0,0,0,normal,,<警告/提醒> 2019/05/16 08:40:29 TCA 策略倉位已由6自動同步為文字檔內倉位0 請檢查下單大師實際倉位是否需進行同步!
16abe15666bc839a,2019/05/16 8:40:33,2019/05/16 8:40:29,,,,,0,0,0,normal,,<警告/提醒> 2019/05/16 08:40:29 TEST 策略倉位已由6自動同步為文字檔內倉位0 請檢查下單大師實際倉位是否需進行同步!
16ab9f28260596e0,2019/05/15 13:23:58,2019/05/15 13:23:55,,,,,0,0,0,error,<下單失敗> 2019/05/15 13:23:55 凱基II API 下單發生錯誤，本次下單已取消，請由手動補單。,<下單失敗> 2019/05/15 13:23:55 凱基II API 下單發生錯誤，本次下單已取消，請由手動補單。
16ab9f27943854e3,2019/05/15 13:23:56,2019/05/15 13:23:53,,,,,0,0,0,error,<下單失敗> 2019/05/15 13:23:53 凱基II API 下單發生錯誤，本次下單已取消，請由手動補單。,<下單失敗> 2019/05/15 13:23:53 凱基II API 下單發生錯誤，本次下單已取消，請由手動補單。
16ab9f25cba45b46,2019/05/15 13:23:48,2019/05/15 13:23:45,,,,,0,0,0,error,【KGI】開始自動轉倉 2019/05/15 13:23:45 KGI-小型台指2口 開始自動轉倉至2019/06。,【KGI】開始自動轉倉 2019/05/15 13:23:45 KGI-小型台指2口 開始自動轉倉至2019/06。
16ab904692738ceb,2019/05/15 9:03:53,2019/05/15 9:03:45,KGI,KGI,10545,add_long,1,5,6,normal,,"2019/05/15 09:03:45 ""10545"" 加碼多單策略倉位 5 → 6 帳戶【KGI】(小型台指) 帳戶倉位 5 → 2 倍數 1，本次下單 0，下單後帳戶總倉位 2 TCA"
16ab8fe407230d4b,2019/05/15 8:57:09,2019/05/15 8:57:01,KGI,KGI,10520,reduce_long,-1,6,5,normal,,"2019/05/15 08:57:01 ""10520"" 減碼多單策略倉位 6 → 5 帳戶【KGI】(小型台指) 帳戶倉位 5 → 2 倍數 1，本次下單 0，下單後帳戶總倉位 2 TCA"
16ab466afc2d7de4,2019/05/14 11:33:08,2019/05/14 11:33:01,KGI,KGI,10543,add_long,1,5,6,normal,,"2019/05/14 11:33:01 ""10543"" 加碼多單策略倉位 5 → 6 帳戶【KGI】(小型台指) 帳戶倉位 5 → 2 倍數 1，本次下單 0，下單後帳戶總倉位 2 TCA"
16ab45bb7c6fb0c2,2019/05/14 11:21:09,2019/05/14 11:21:01,KGI,KGI,10522,reduce_long,-1,6,5,normal,,"2019/05/14 11:21:01 ""10522"" 減碼多單策略倉位 6 → 5 帳戶【KGI】(小型台指) 帳戶倉位 5 → 2 倍數 1，本次下單 0，下單後帳戶總倉位 2 TCA"
16ab4118c5f11c4e,2019/05/14 10:00:08,2019/05/14 10:00:00,KGI,KGI,10533,add_long,1,5,6,normal,,"2019/05/14 10:00:00 ""10533"" 加碼多單策略倉位 5 → 6 帳戶【KGI】(小型台指) 帳戶倉位 5 → 2 倍數 1，本次下單 0，下單後帳戶總倉位 2 TCA"
16ab3de0da57110d,2019/05/14 9:03:53,2019/05/14 9:03:45,KGI,KGI,10412,reduce_long,-1,6,5,normal,,"2019/05/14 09:03:45 ""10412"" 減碼多單策略倉位 6 → 5 帳戶【KGI】(小型台指) 帳戶倉位 5 → 2 倍數 1，本次下單 0，下單後帳戶總倉位 2 TCA"
16a9f8941387c6c0,2019/05/10 10:18:52,2019/05/10 10:18:44,KGI,KGI,10816,reduce_long,-1,7,6,normal,,"2019/05/10 10:18:44 ""10816"" 減碼多單策略倉位 7 → 6 帳戶【KGI】(小型台指) 帳戶倉位 5 → 2 倍數 1，本次下單 0，下單後帳戶總倉位 2 TCA"
16a9f781f8d70014,2019/05/10 10:00:08,2019/05/10 10:00:00,KGI,KGI,10846,add_long,1,6,7,normal,,"2019/05/10 10:00:00 ""10846"" 加碼多單策略倉位 6 → 7 帳戶【KGI】(小型台指) 帳戶倉位 5 → 2 倍數 1，本次下單 0，下單後帳戶總倉位 2 TCA"
16a9a2f6ef8cb562,2019/05/09 9:22:39,2019/05/09 9:22:30,KGI,KGI,10831,reduce_long,-1,7,6,normal,,"2019/05/09 09:22:30 ""10831"" 減碼多單策略倉位 7 → 6 帳戶【KGI】(小型台指) 帳戶倉位 5 → 2 倍數 1，本次下單 0，下單後帳戶總倉位 2 TCA"
16a8b49de183907d,2019/05/06 11:57:14,2019/05/06 11:57:06,KGI,KGI,10844,add_long,1,6,7,normal,,"2019/05/06 11:57:06 ""10844"" 加碼多單策略倉位 6 → 7 帳戶【KGI】(小型台指) 帳戶倉位 5 → 2 倍數 1，本次下單 0，下單後帳戶總倉位 2 TCA"
16a8b3a3e8b272a8,2019/05/06 11:40:09,2019/05/06 11:40:02,KGI,KGI,10839,reduce_long,-1,7,6,normal,,"2019/05/06 11:40:02 ""10839"" 減碼多單策略倉位 7 → 6 帳戶【KGI】(小型台指) 帳戶倉位 5 → 2 倍數 1，本次下單 0，下單後帳戶總倉位 2 TCA"
16a8b234fc9f5baf,2019/05/06 11:15:07,2019/05/06 11:15:00,KGI,KGI,10853,add_long,1,6,7,normal,,"2019/05/06 11:15:00 ""10853"" 加碼多單策略倉位 6 → 7 帳戶【KGI】(小型台指) 帳戶倉位 5 → 2 倍數 1，本次下單 0，下單後帳戶總倉位 2 TCA"
16a8b122bedf4fd7,2019/05/06 10:56:23,2019/05/06 10:56:15,KGI,KGI,10835,reduce_long,-1,7,6,normal,,"2019/05/06 10:56:15 ""10835"" 減碼多單策略倉位 7 → 6 帳戶【KGI】(小型台指) 帳戶倉位 5 → 2 倍數 1，本次下單 0，下單後帳戶總倉位 2 TCA"
16a2de786b423768,2019/04/18 8:45:08,2019/04/18 8:44:59,KGI,KGI,11021,,7,0,7,normal,,"2019/04/18 08:44:59 ""11021"" 多單進場策略倉位 0 → 7 帳戶【KGI】(小型台指) 帳戶倉位 5 → 2 倍數 1，本次下單 0，下單後帳戶總倉位 2 TCA"
16a2de19572cec0e,2019/04/18 8:38:38,2019/04/18 8:38:34,,,,,0,0,0,normal,,<警告/提醒> 2019/04/18 08:38:34 TCA 策略倉位已由7自動同步為文字檔內倉位0 請檢查下單大師實際倉位是否需進行同步!
16a2de194146f622,2019/04/18 8:38:38,2019/04/18 8:38:34,,,,,0,0,0,normal,,<警告/提醒> 2019/04/18 08:38:34 TEST 策略倉位已由7自動同步為文字檔內倉位0 請檢查下單大師實際倉位是否需進行同步!
16a29c0767555e1b,2019/04/17 13:23:59,2019/04/17 13:23:57,,,,,0,0,0,error,<下單失敗> 2019/04/17 13:23:57 凱基II API 下單發生錯誤，本次下單已取消，請由手動補單。,<下單失敗> 2019/04/17 13:23:57 凱基II API 下單發生錯誤，本次下單已取消，請由手動補單。
16a29c06b13284ae,2019/04/17 13:23:56,2019/04/17 13:23:54,,,,,0,0,0,error,<下單失敗> 2019/04/17 13:23:54 凱基II API 下單發生錯誤，本次下單已取消，請由手動補單。,<下單失敗> 2019/04/17 13:23:54 凱基II API 下單發生錯誤，本次下單已取消，請由手動補單。
16a29c04f9b3e8e0,2019/04/17 13:23:48,2019/04/17 13:23:45,,,,,0,0,0,error,【KGI】開始自動轉倉 2019/04/17 13:23:45 KGI-小型台指2口 開始自動轉倉至2019/05。,【KGI】開始自動轉倉 2019/04/17 13:23:45 KGI-小型台指2口 開始自動轉倉至2019/05。
16a1e7f6ecccaf75,2019/04/15 8:57:07,2019/04/15 8:57:01,KGI,KGI,10876,add_long,1,6,7,normal,,"2019/04/15 08:57:01 ""10876"" 加碼多單策略倉位 6 → 7 帳戶【KGI】(小型台指) 帳戶倉位 5 → 2 倍數 1，本次下單 0，下單後帳戶總倉位 2 TCA"
16a1e73d153b3277,2019/04/15 8:44:27,2019/04/15 8:44:25,,KGI,,,0,0,0,normal,,"凱基II 下單失敗,帳號 6523704-0120 2019/04/15 08:44:25 9999不可刪改單期間，退回刪改單"
16a1e73bbb62d486,2019/04/15 8:44:20,2019/04/15 8:44:18,,KGI,,,0,0,0,normal,,"凱基II 下單失敗,帳號 6523704-0120 2019/04/15 08:44:18 9999不可刪改單期間，退回刪改單"
16a0f5cf35144edb,2019/04/12 10:25:09,2019/04/12 10:25:02,KGI,KGI,10813,reduce_long,-1,7,6,normal,,"2019/04/12 10:25:02 ""10813"" 減碼多單策略倉位 7 → 6 帳戶【KGI】(小型台指) 帳戶倉位 5 → 2 倍數 1，本次下單 0，下單後帳戶總倉位 2 TCA"
16a0f460a95ef66f,2019/04/12 10:00:08,2019/04/12 10:00:01,KGI,KGI,10818,add_long,1,6,7,normal,,"2019/04/12 10:00:01 ""10818"" 加碼多單策略倉位 6 → 7 帳戶【KGI】(小型台指) 帳戶倉位 5 → 2 倍數 1，本次下單 0，下單後帳戶總倉位 2 TCA"
16a0a645a78697ec,2019/04/11 11:15:08,2019/04/11 11:15:00,KGI,KGI,10804,reduce_long,-1,7,6,normal,,"2019/04/11 11:15:00 ""10804"" 減碼多單策略倉位 7 → 6 帳戶【KGI】(小型台指) 帳戶倉位 5 → 2 倍數 1，本次下單 0，下單後帳戶總倉位 2 TCA"
16a0017a17c38b8d,2019/04/09 11:15:08,2019/04/09 11:15:00,KGI,KGI,10828,add_long,1,6,7,normal,,"2019/04/09 11:15:00 ""10828"" 加碼多單策略倉位 6 → 7 帳戶【KGI】(小型台指) 帳戶倉位 5 → 2 倍數 1，本次下單 0，下單後帳戶總倉位 2 TCA"
169ffe04d9748851,2019/04/09 10:14:42,2019/04/09 10:14:39,,,,,0,0,0,error,"凱基II API 錯誤,帳號 (全部) 2019/04/09 10:14:39 斷線-P:ReceiveThread_EntryPoint CALL :無法從傳輸連接讀取資料: 遠端主機已強制關閉一個現存的連線。?","凱基II API 錯誤,帳號 (全部) 2019/04/09 10:14:39 斷線-P:ReceiveThread_EntryPoint CALL :無法從傳輸連接讀取資料: 遠端主機已強制關閉一個現存的連線。?"
169c740419ce5289,2019/03/29 10:21:09,2019/03/29 10:21:02,TCA,KGI,10519,add_long,1,5,6,normal,,"2019/03/29 10:21:02 ""10519"" 加碼多單目前倉位：+6 之前倉位：5 KGI(小型台指) 倍數：1, 本次下單：0 , 帳戶實際倉位：2 , 總倉位：2 TCA"
169c70aac33805c4,2019/03/29 9:22:37,2019/03/29 9:22:30,TCA,KGI,10484,reduce_long,-1,6,5,normal,,"2019/03/29 09:22:30 ""10484"" 減碼多單目前倉位：+5 之前倉位：6 KGI(小型台指) 倍數：1, 本次下單：0 , 帳戶實際倉位：2 , 總倉位：2 TCA"
169c6f3558459aec,2019/03/29 8:57:07,2019/03/29 8:57:00,TCA,KGI,10556,add_long,1,5,6,normal,,"2019/03/29 08:57:00 ""10556"" 加碼多單目前倉位：+6 之前倉位：5 KGI(小型台指) 倍數：1, 本次下單：0 , 帳戶實際倉位：2 , 總倉位：2 TCA"
169c6e7ec2ce7d74,2019/03/29 8:44:40,2019/03/29 8:44:37,,KGI,,,0,0,0,normal,,"凱基II 下單失敗,帳號 6523704-0120 2019/03/29 08:44:37 9999不可刪改單期間，退回刪改單"
169c2b250edfde52,2019/03/28 13:07:38,2019/03/28 13:07:29,TCA,KGI,10498,reduce_long,-1,6,5,normal,,"2019/03/28 13:07:29 ""10498"" 減碼多單目前倉位：+5 之前倉位：6 KGI(小型台指) 倍數：1, 本次下單：0 , 帳戶實際倉位：2 , 總倉位：2 TCA"
169c27ed30f9e01a,2019/03/28 12:11:24,2019/03/28 12:11:14,TCA,KGI,10509,add_long,1,5,6,normal,,"2019/03/28 12:11:14 ""10509"" 加碼多單目前倉位：+6 之前倉位：5 KGI(小型台指) 倍數：1, 本次下單：0 , 帳戶實際倉位：2 , 總倉位：2 TCA"
169c1ccfd64dec28,2019/03/28 8:57:09,2019/03/28 8:57:00,TCA,KGI,10460,reduce_long,-1,6,5,normal,,"2019/03/28 08:57:00 ""10460"" 減碼多單目前倉位：+5 之前倉位：6 KGI(小型台指) 倍數：1, 本次下單：0 , 帳戶實際倉位：2 , 總倉位：2 TCA"
169bd02a94516105,2019/03/27 10:37:41,2019/03/27 10:37:33,TCA,KGI,10510,add_long,1,5,6,normal,,"2019/03/27 10:37:33 ""10510"" 加碼多單目前倉位：+6 之前倉位：5 KGI(小型台指) 倍數：1, 本次下單：0 , 帳戶實際倉位：2 , 總倉位：2 TCA"
169bcaccb9c15634,2019/03/27 9:03:53,2019/03/27 9:03:45,TCA,KGI,10496,reduce_long,-1,6,5,normal,,"2019/03/27 09:03:45 ""10496"" 減碼多單目前倉位：+5 之前倉位：6 KGI(小型台指) 倍數：1, 本次下單：0 , 帳戶實際倉位：2 , 總倉位：2 TCA"
169b78c29b6f139c,2019/03/26 9:10:08,2019/03/26 9:09:59,TCA,KGI,10524,add_long,1,5,6,normal,,"2019/03/26 09:09:59 ""10524"" 加碼多單目前倉位：+6 之前倉位：5 KGI(小型台指) 倍數：1, 本次下單：0 , 帳戶實際倉位：2 , 總倉位：2 TCA"
169b2601397f5306,2019/03/25 9:03:53,2019/03/25 9:03:50,TCA,KGI,10455,reduce_long,-1,6,5,normal,,"2019/03/25 09:03:50 ""10455"" 減碼多單目前倉位：+5 之前倉位：6 KGI(小型台指) 倍數：1, 本次下單：0 , 帳戶實際倉位：2 , 總倉位：2 TCA"
1699db574d586d5f,2019/03/21 8:45:07,2019/03/21 8:44:59,TCA,KGI,10539,,6,0,6,normal,,"2019/03/21 08:44:59 ""10539"" 多單進場目前倉位：+6 之前倉位：0 KGI(小型台指) 倍數：1, 本次下單：0 , 帳戶實際倉位：2 , 總倉位：2 TCA"
1699daf9339c6dd4,2019/03/21 8:38:41,2019/03/21 8:38:37,,,,,0,0,0,normal,,<警告/提醒> 2019/03/21 08:38:37 TEST 策略倉位已由6自動同步為文字檔內倉位0 請檢查下單大師實際倉位是否需進行同步!
1699daf92726cbab,2019/03/21 8:38:41,2019/03/21 8:38:37,,,,,0,0,0,normal,,<警告/提醒> 2019/03/21 08:38:37 TCA 策略倉位已由6自動同步為文字檔內倉位0 請檢查下單大師實際倉位是否需進行同步!
169998e644bd4d34,2019/03/20 13:23:59,2019/03/20 13:23:57,,,,,0,0,0,error,<下單失敗> 2019/03/20 13:23:57 凱基II API 下單發生錯誤，本次下單已取消，請由手動補單。,<下單失敗> 2019/03/20 13:23:57 凱基II API 下單發生錯誤，本次下單已取消，請由手動補單。
169998e5b0e85f90,2019/03/20 13:23:56,2019/03/20 13:23:54,,,,,0,0,0,error,<下單失敗> 2019/03/20 13:23:54 凱基II API 下單發生錯誤，本次下單已取消，請由手動補單。,<下單失敗> 2019/03/20 13:23:54 凱基II API 下單發生錯誤，本次下單已取消，請由手動補單。
169998e389b206a2,2019/03/20 13:23:47,2019/03/20 13:23:45,,,,,0,0,0,error,KGI 開始自動轉倉 2019/03/20 13:23:45 KGI-小型台指2口 開始自動轉倉至2019/04。,KGI 開始自動轉倉 2019/03/20 13:23:45 KGI-小型台指2口 開始自動轉倉至2019/04。
16998eab72f8c0a8,2019/03/20 10:25:11,2019/03/20 10:25:04,TCA,KGI,10509,add_long,1,5,6,normal,,"2019/03/20 10:25:04 ""10509"" 加碼多單目前倉位：+6 之前倉位：5 KGI(小型台指) 倍數：1, 本次下單：0 , 帳戶實際倉位：2 , 總倉位：2 TCA"
16998d3c9e6bb9b0,2019/03/20 10:00:08,2019/03/20 10:00:01,TCA,KGI,10504,reduce_long,-1,6,5,normal,,"2019/03/20 10:00:01 ""10504"" 減碼多單目前倉位：+5 之前倉位：6 KGI(小型台指) 倍數：1, 本次下單：0 , 帳戶實際倉位：2 , 總倉位：2 TCA"
16998a04c8e7d661,2019/03/20 9:03:54,2019/03/20 9:03:46,TCA,KGI,10521,add_long,1,5,6,normal,,"2019/03/20 09:03:46 ""10521"" 加碼多單目前倉位：+6 之前倉位：5 KGI(小型台指) 倍數：1, 本次下單：0 , 帳戶實際倉位：2 , 總倉位：2 TCA"
1698e893da5b1f2e,2019/03/18 10:02:31,2019/03/18 10:02:28,,,,,0,0,0,error,<發生錯誤> 2019/03/18 10:02:28 TCA 策略價格，超過 10 分鐘未跳動，請儘快處理。,<發生錯誤> 2019/03/18 10:02:28 TCA 策略價格，超過 10 分鐘未跳動，請儘快處理。
1696a58372d7eeea,2019/03/11 9:22:38,2019/03/11 9:22:30,TCA,KGI,10205,add_long,1,4,5,normal,,"2019/03/11 09:22:30 ""10205"" 加碼多單目前倉位：+5 之前倉位：4 KGI(小型台指) 倍數：1, 本次下單：0 , 帳戶實際倉位：2 , 總倉位：2 TCA"
1696a40e7774b917,2019/03/11 8:57:10,2019/03/11 8:57:02,TCA,KGI,10176,reduce_long,-1,5,4,normal,,"2019/03/11 08:57:02 ""10176"" 減碼多單目前倉位：+4 之前倉位：5 KGI(小型台指) 倍數：1, 本次下單：0 , 帳戶實際倉位：2 , 總倉位：2 TCA"
1695b29cfb7a0679,2019/03/08 10:37:39,2019/03/08 10:37:30,TCA,KGI,10203,add_long,1,4,5,normal,,"2019/03/08 10:37:30 ""10203"" 加碼多單目前倉位：+5 之前倉位：4 KGI(小型台指) 倍數：1, 本次下單：0 , 帳戶實際倉位：2 , 總倉位：2 TCA"
1695aeec00db3ced,2019/03/08 9:33:09,2019/03/08 9:32:59,TCA,KGI,10177,reduce_long,-1,5,4,normal,,"2019/03/08 09:32:59 ""10177"" 減碼多單目前倉位：+4 之前倉位：5 KGI(小型台指) 倍數：1, 本次下單：0 , 帳戶實際倉位：2 , 總倉位：2 TCA"
1690e4f8b0ecce33,2019/02/21 12:28:07,,,,,,0,0,0,normal,,"阿政：多策略整合之比例式部位實作 多策略整合之比例式部位實作 Posted: 20 Feb 2019 06:30 PM PST 前文：多策略部位整合（http://www.yctseng.net/2018/12/blog-post.html）的文末說到改造成比例式下單是很容易的，這篇我們就來實作一下吧。 由於我們不會直接連結到下單命令的執行，稱為比例式""下單""不大適當，所以文章"
1690d83653f2fd57,2019/02/21 8:45:07,2019/02/21 8:44:58,TCA,KGI,10255,,5,0,5,normal,,"2019/02/21 08:44:58 ""10255"" 多單進場目前倉位：+5 之前倉位：0 KGI(小型台指) 倍數：1, 本次下單：0 , 帳戶實際倉位：2 , 總倉位：2 TCA"
1690d802b78a2728,2019/02/21 8:41:35,2019/02/21 8:41:30,,,,,0,0,0,normal,,<警告/提醒> 2019/02/21 08:41:30 TCA 策略倉位已由5自動同步為文字檔內倉位0 請檢查下單大師實際倉位是否需進行同步!
1690d80288c445f6,2019/02/21 8:41:35,2019/02/21 8:41:30,,,,,0,0,0,normal,,<警告/提醒> 2019/02/21 08:41:30 TEST 策略倉位已由5自動同步為文字檔內倉位0 請檢查下單大師實際倉位是否需進行同步!
169095c682e521a5,2019/02/20 13:24:04,2019/02/20 13:23:59,,,,,0,0,0,error,<下單失敗> 2019/02/20 13:23:59 凱基II API 下單發生錯誤，本次下單已取消，請由手動補單。,<下單失敗> 2019/02/20 13:23:59 凱基II API 下單發生錯誤，本次下單已取消，請由手動補單。
169095c5b82db51b,2019/02/20 13:24:00,2019/02/20 13:23:56,,,,,0,0,0,error,<下單失敗> 2019/02/20 13:23:56 凱基II API 下單發生錯誤，本次下單已取消，請由手動補單。,<下單失敗> 2019/02/20 13:23:56 凱基II API 下單發生錯誤，本次下單已取消，請由手動補單。
169095c39f6dbe1f,2019/02/20 13:23:51,2019/02/20 13:23:47,,,,,0,0,0,error,KGI 開始自動轉倉 2019/02/20 13:23:47 KGI-小型台指2口 開始自動轉倉至2019/03。,KGI 開始自動轉倉 2019/02/20 13:23:47 KGI-小型台指2口 開始自動轉倉至2019/03。
16908730adb3e52a,2019/02/20 9:09:09,2019/02/20 9:08:59,TCA,KGI,10209,add_long,1,4,5,normal,,"2019/02/20 09:08:59 ""10209"" 加碼多單目前倉位：+5 之前倉位：4 KGI(小型台指) 倍數：1, 本次下單：0 , 帳戶實際倉位：2 , 總倉位：2 TCA"
169033664fe19d8c,2019/02/19 8:44:49,2019/02/19 8:44:45,,KGI,,,0,0,0,normal,,"凱基II 下單失敗,帳號 6523704-0120 2019/02/19 08:44:45 9999不可刪改單期間，退回刪改單"
16903361c2d09ed4,2019/02/19 8:44:30,2019/02/19 8:44:26,,KGI,,,0,0,0,normal,,"凱基II 下單失敗,帳號 6523704-0120 2019/02/19 08:44:26 9999不可刪改單期間，退回刪改單"
1690335e510a702f,2019/02/19 8:44:16,2019/02/19 8:44:11,,KGI,,,0,0,0,normal,,"凱基II 下單失敗,帳號 6523704-0120 2019/02/19 08:44:11 9999不可刪改單期間，退回刪改單"
1690335be655c112,2019/02/19 8:44:05,2019/02/19 8:44:00,,KGI,,,0,0,0,normal,,"凱基II 下單失敗,帳號 6523704-0120 2019/02/19 08:44:00 9999不可刪改單期間，退回刪改單"
16892010c097d961,2019/01/28 9:09:27,2019/01/28 9:09:21,,,,,0,0,0,error,<發生錯誤> 2019/01/28 09:09:21 TCA 策略價格，超過 10 分鐘未跳動，請儘快處理。,<發生錯誤> 2019/01/28 09:09:21 TCA 策略價格，超過 10 分鐘未跳動，請儘快處理。
1688282b7516ee0a,2019/01/25 8:57:10,2019/01/25 8:56:59,TCA,KGI,9938,add_long,1,3,4,normal,,"2019/01/25 08:56:59 ""9938"" 加碼多單目前倉位：+4 之前倉位：3 KGI(小型台指) 倍數：1, 本次下單：0 , 帳戶實際倉位：2 , 總倉位：2 TCA"
1687304a45f32924,2019/01/22 8:45:09,2019/01/22 8:44:59,TCA,KGI,9841,reduce_long,-1,4,3,normal,,"2019/01/22 08:44:59 ""9841"" 減碼多單目前倉位：+3 之前倉位：4 KGI(小型台指) 倍數：1, 本次下單：0 , 帳戶實際倉位：2 , 總倉位：2 TCA"
1686e11c10a3bff8,2019/01/21 9:41:22,2019/01/21 9:41:14,TCA,KGI,9898,add_long,1,3,4,normal,,"2019/01/21 09:41:14 ""9898"" 加碼多單目前倉位：+4 之前倉位：3 KGI(小型台指) 倍數：1, 本次下單：0 , 帳戶實際倉位：2 , 總倉位：2 TCA"
1686e009416d590f,2019/01/21 9:22:37,2019/01/21 9:22:29,TCA,KGI,9861,reduce_long,-1,4,3,normal,,"2019/01/21 09:22:29 ""9861"" 減碼多單目前倉位：+3 之前倉位：4 KGI(小型台指) 倍數：1, 本次下單：0 , 帳戶實際倉位：2 , 總倉位：2 TCA"
1686df52dbfa7395,2019/01/21 9:10:09,2019/01/21 9:09:59,TCA,KGI,9878,add_long,1,3,4,normal,,"2019/01/21 09:09:59 ""9878"" 加碼多單目前倉位：+4 之前倉位：3 KGI(小型台指) 倍數：1, 本次下單：0 , 帳戶實際倉位：2 , 總倉位：2 TCA"
1685ea82fe4c486c,2019/01/18 9:51:45,2019/01/18 9:51:41,,KGI,,,0,0,0,normal,,"凱基II 下單失敗,帳號 6523704-0120 2019/01/18 09:51:41 3296後檯:原幣保證金不足，不足33658.00元"
1685e6aff8486fd8,2019/01/18 8:44:55,2019/01/18 8:44:50,,KGI,,,0,0,0,normal,,"凱基II 下單失敗,帳號 6523704-0120 2019/01/18 08:44:50 3296後檯:原幣保證金不足，不足33658.00元"
1685944e52d92cb2,2019/01/17 8:45:12,2019/01/17 8:45:00,TCA,KGI,9778,,3,0,3,normal,,"2019/01/17 08:45:00 ""9778"" 多單進場目前倉位：+3 之前倉位：0 KGI(小型台指) 倍數：1, 本次下單：0 , 帳戶實際倉位：2 , 總倉位：2 TCA"
1685942dbd4be66c,2019/01/17 8:42:58,2019/01/17 8:42:48,,,,,0,0,0,normal,,<警告/提醒> 2019/01/17 08:42:48 TEST 策略倉位已由3自動同步為文字檔內倉位0 請檢查下單大師實際倉位是否需進行同步!
1685942db462bdbc,2019/01/17 8:42:58,2019/01/17 8:42:48,,,,,0,0,0,normal,,<警告/提醒> 2019/01/17 08:42:48 TCA 策略倉位已由3自動同步為文字檔內倉位0 請檢查下單大師實際倉位是否需進行同步!
168551dd1da8d8c5,2019/01/16 13:24:03,2019/01/16 13:23:58,,KGI,,,0,0,0,normal,,"凱基II 下單失敗,帳號 6523704 2019/01/16 13:23:58 Unknow Code:5062"
168551dc3cdbea53,2019/01/16 13:23:59,2019/01/16 13:23:55,,KGI,,,0,0,0,normal,,"凱基II 下單失敗,帳號 6523704 2019/01/16 13:23:55 Unknow Code:5062"
168551da0ac54fe7,2019/01/16 13:23:50,2019/01/16 13:23:45,,,,,0,0,0,error,KGI 開始自動轉倉 2019/01/16 13:23:45 KGI-小型台指2口 開始自動轉倉至2019/02。,KGI 開始自動轉倉 2019/01/16 13:23:45 KGI-小型台指2口 開始自動轉倉至2019/02。
168301cf6be313b4,2019/01/09 8:57:10,2019/01/09 8:57:01,TCA,KGI,9626,add_long,1,2,3,normal,,"2019/01/09 08:57:01 ""9626"" 加碼多單目前倉位：+3 之前倉位：2 KGI(小型台指) 倍數：1, 本次下單：0 , 帳戶實際倉位：2 , 總倉位：2 TCA"
1683011f87f4a286,2019/01/09 8:45:09,2019/01/09 8:44:59,TCA,KGI,9610,reduce_long,-1,3,2,normal,,"2019/01/09 08:44:59 ""9610"" 減碼多單目前倉位：+2 之前倉位：3 KGI(小型台指) 倍數：1, 本次下單：0 , 帳戶實際倉位：2 , 總倉位：2 TCA"
1682bd07a2e44dba,2019/01/08 12:55:08,2019/01/08 12:54:58,TCA,KGI,9568,add_long,1,2,3,normal,,"2019/01/08 12:54:58 ""9568"" 加碼多單目前倉位：+3 之前倉位：2 KGI(小型台指) 倍數：1, 本次下單：0 , 帳戶實際倉位：2 , 總倉位：2 TCA"
1682b646fbb81d13,2019/01/08 10:57:08,2019/01/08 10:56:59,TCA,KGI,9564,reduce_long,-1,3,2,normal,,"2019/01/08 10:56:59 ""9564"" 減碼多單目前倉位：+2 之前倉位：3 KGI(小型台指) 倍數：1, 本次下單：0 , 帳戶實際倉位：2 , 總倉位：2 TCA"
1682b63c18b7b6d4,2019/01/08 10:56:23,2019/01/08 10:56:13,TCA,KGI,9565,add_long,1,2,3,normal,,"2019/01/08 10:56:13 ""9565"" 加碼多單目前倉位：+3 之前倉位：2 KGI(小型台指) 倍數：1, 本次下單：0 , 帳戶實際倉位：2 , 總倉位：2 TCA"
1682b0ded3dad79f,2019/01/08 9:22:38,2019/01/08 9:22:29,TCA,KGI,9552,reduce_long,-1,3,2,normal,,"2019/01/08 09:22:29 ""9552"" 減碼多單目前倉位：+2 之前倉位：3 KGI(小型台指) 倍數：1, 本次下單：0 , 帳戶實際倉位：2 , 總倉位：2 TCA"
1682af6923c5dfe2,2019/01/08 8:57:07,2019/01/08 8:56:58,TCA,KGI,9605,add_long,1,2,3,normal,,"2019/01/08 08:56:58 ""9605"" 加碼多單目前倉位：+3 之前倉位：2 KGI(小型台指) 倍數：1, 本次下單：0 , 帳戶實際倉位：2 , 總倉位：2 TCA"
1682aeb9b7a1ce75,2019/01/08 8:45:08,2019/01/08 8:44:59,TCA,KGI,9598,reduce_long,-1,3,2,normal,,"2019/01/08 08:44:59 ""9598"" 減碼多單目前倉位：+2 之前倉位：3 KGI(小型台指) 倍數：1, 本次下單：0 , 帳戶實際倉位：2 , 總倉位：2 TCA"
16826800482dc8c8,2019/01/07 12:09:08,2019/01/07 12:08:58,TCA,KGI,9568,add_long,1,2,3,normal,,"2019/01/07 12:08:58 ""9568"" 加碼多單目前倉位：+3 之前倉位：2 KGI(小型台指) 倍數：1, 本次下單：0 , 帳戶實際倉位：2 , 總倉位：2 TCA"
168263e12d6684fa,2019/01/07 10:57:08,2019/01/07 10:56:57,TCA,KGI,9569,reduce_long,-1,3,2,normal,,"2019/01/07 10:56:57 ""9569"" 減碼多單目前倉位：+2 之前倉位：3 KGI(小型台指) 倍數：1, 本次下單：0 , 帳戶實際倉位：2 , 總倉位：2 TCA"
168263d6cb0fc26f,2019/01/07 10:56:24,2019/01/07 10:56:13,TCA,KGI,9567,add_long,1,2,3,normal,,"2019/01/07 10:56:13 ""9567"" 加碼多單目前倉位：+3 之前倉位：2 KGI(小型台指) 倍數：1, 本次下單：0 , 帳戶實際倉位：2 , 總倉位：2 TCA"
1680c8943ac96d26,2019/01/02 11:09:07,2019/01/02 11:09:02,TCA,KGI,9527,reduce_long,-1,3,2,normal,,"2019/01/02 11:09:02 ""9527"" 減碼多單目前倉位：+2 之前倉位：3 KGI(小型台指) 倍數：1, 本次下單：0 , 帳戶實際倉位：2 , 總倉位：2 TCA"
1680c7d99dba0761,2019/01/02 10:56:22,2019/01/02 10:56:17,TCA,KGI,9573,add_long,1,2,3,normal,,"2019/01/02 10:56:17 ""9573"" 加碼多單目前倉位：+3 之前倉位：2 KGI(小型台指) 倍數：1, 本次下單：0 , 帳戶實際倉位：2 , 總倉位：2 TCA"
1680c6c7c447ca33,2019/01/02 10:37:41,2019/01/02 10:37:34,TCA,KGI,9559,reduce_long,-1,3,2,normal,,"2019/01/02 10:37:34 ""9559"" 減碼多單目前倉位：+2 之前倉位：3 KGI(小型台指) 倍數：1, 本次下單：0 , 帳戶實際倉位：2 , 總倉位：2 TCA"
1680c0605eff168a,2019/01/02 8:45:46,2019/01/02 8:45:44,,KGI,,,0,0,0,normal,,"凱基II 下單失敗,帳號 6523704-0120 2019/01/02 08:45:44 3309後檯:留倉口數不足!不可下平倉單"
167ed363817d4b1b,2018/12/27 9:10:11,2018/12/27 9:09:58,TCA,KGI,9589,add_long,1,2,3,normal,,"2018/12/27 09:09:58 ""9589"" 加碼多單目前倉位：+3 之前倉位：2 KGI(小型台指) 倍數：1, 本次下單：0 , 帳戶實際倉位：2 , 總倉位：2 TCA"
167e2e3bf72ab83d,2018/12/25 9:03:54,2018/12/25 9:03:43,TCA,KGI,9446,reduce_long,-1,3,2,normal,,"2018/12/25 09:03:43 ""9446"" 減碼多單目前倉位：+2 之前倉位：3 KGI(小型台指) 倍數：1, 本次下單：-3 , 帳戶實際倉位：2 , 總倉位：2 TCA"
167ce72203b2c6d3,2018/12/21 9:47:23,2018/12/21 9:47:18,,,,,0,0,0,normal,,<警告/提醒> 2018/12/21 09:47:18 TEST 策略倉位已由0自動同步為文字檔內倉位3 請檢查下單大師實際倉位是否需進行同步!
167ce6285cbd1252,2018/12/21 9:30:21,2018/12/21 9:30:16,,,,,0,0,0,normal,,<警告/提醒> 2018/12/21 09:30:16 TCA 策略倉位已由8自動同步為文字檔內倉位3 請檢查下單大師實際倉位是否需進行同步!
167ce5cceb77bf90,2018/12/21 9:24:06,2018/12/21 9:24:02,,,,,0,0,0,error,<發生錯誤> 2018/12/21 09:24:02 TEST 策略價格，超過 30 分鐘未跳動，請儘快處理。,<發生錯誤> 2018/12/21 09:24:02 TEST 策略價格，超過 30 分鐘未跳動，請儘快處理。
167ce53935ca4782,2018/12/21 9:14:01,2018/12/21 9:13:56,,,,,0,0,0,error,<發生錯誤> 2018/12/21 09:13:56 TEST 策略價格，超過 20 分鐘未跳動，請儘快處理。,<發生錯誤> 2018/12/21 09:13:56 TEST 策略價格，超過 20 分鐘未跳動，請儘快處理。
167ce4a50fe7a13f,2018/12/21 9:03:55,2018/12/21 9:03:49,,,,,0,0,0,error,<發生錯誤> 2018/12/21 09:03:49 TEST 策略價格，超過 10 分鐘未跳動，請儘快處理。,<發生錯誤> 2018/12/21 09:03:49 TEST 策略價格，超過 10 分鐘未跳動，請儘快處理。
167c9405c5687444,2018/12/20 9:34:56,2018/12/20 9:34:51,,,,,0,0,0,error,"凱基II 下單失敗,帳號 6523704-0120 2018/12/20 09:34:51 3312後檯:有留倉部位!不可下新單","凱基II 下單失敗,帳號 6523704-0120 2018/12/20 09:34:51 3312後檯:有留倉部位!不可下新單"
167c92b52f6d0a6c,2018/12/20 9:11:57,2018/12/20 9:11:53,,,,,0,0,0,error,<發生錯誤> 2018/12/20 09:11:53 TEST 策略價格，超過 30 分鐘未跳動，請儘快處理。,<發生錯誤> 2018/12/20 09:11:53 TEST 策略價格，超過 30 分鐘未跳動，請儘快處理。
167c92211dc7972d,2018/12/20 9:01:50,2018/12/20 9:01:46,,,,,0,0,0,error,<發生錯誤> 2018/12/20 09:01:46 TEST 策略價格，超過 20 分鐘未跳動，請儘快處理。,<發生錯誤> 2018/12/20 09:01:46 TEST 策略價格，超過 20 分鐘未跳動，請儘快處理。
167c918c85aa2d94,2018/12/20 8:51:43,2018/12/20 8:51:39,,,,,0,0,0,error,<發生錯誤> 2018/12/20 08:51:39 TEST 策略價格，超過 10 分鐘未跳動，請儘快處理。,<發生錯誤> 2018/12/20 08:51:39 TEST 策略價格，超過 10 分鐘未跳動，請儘快處理。
167c912c87b7a2e9,2018/12/20 8:45:09,2018/12/20 8:45:00,TCA,KGI,9639,,3,0,3,normal,,"2018/12/20 08:45:00 ""9639"" 多單進場目前倉位：+3 之前倉位：0 KGI(小型台指) 倍數：1, 本次下單：0 , 帳戶實際倉位：2 , 總倉位：2 TCA"
167c90fb5ecc2a24,2018/12/20 8:41:48,2018/12/20 8:41:43,,,,,0,0,0,normal,,<警告/提醒> 2018/12/20 08:41:43 TCA 策略倉位已由3自動同步為文字檔內倉位0 請檢查下單大師實際倉位是否需進行同步!
167c4eb952b9384e,2018/12/19 13:23:51,2018/12/19 13:23:47,,,,,0,0,0,error,KGI 開始自動轉倉 2018/12/19 13:23:47 KGI-小型台指2口 開始自動轉倉至2019/01。,KGI 開始自動轉倉 2018/12/19 13:23:47 KGI-小型台指2口 開始自動轉倉至2019/01。
167c4046f189f08f,2018/12/19 9:11:23,2018/12/19 9:11:19,,,,,0,0,0,error,<發生錯誤> 2018/12/19 09:11:19 TEST 策略價格，超過 30 分鐘未跳動，請儘快處理。,<發生錯誤> 2018/12/19 09:11:19 TEST 策略價格，超過 30 分鐘未跳動，請儘快處理。
167c3fb307e34a72,2018/12/19 9:01:16,2018/12/19 9:01:09,,,,,0,0,0,error,<發生錯誤> 2018/12/19 09:01:09 TEST 策略價格，超過 20 分鐘未跳動，請儘快處理。,<發生錯誤> 2018/12/19 09:01:09 TEST 策略價格，超過 20 分鐘未跳動，請儘快處理。
167c3f1e648a9df5,2018/12/19 8:51:07,2018/12/19 8:51:03,,,,,0,0,0,error,<發生錯誤> 2018/12/19 08:51:03 TEST 策略價格，超過 10 分鐘未跳動，請儘快處理。,<發生錯誤> 2018/12/19 08:51:03 TEST 策略價格，超過 10 分鐘未跳動，請儘快處理。
167bedfcd0df0df1,2018/12/18 9:13:16,2018/12/18 9:13:13,,,,,0,0,0,error,<發生錯誤> 2018/12/18 09:13:13 TEST 策略價格，超過 30 分鐘未跳動，請儘快處理。,<發生錯誤> 2018/12/18 09:13:13 TEST 策略價格，超過 30 分鐘未跳動，請儘快處理。
167bed68fcb63c31,2018/12/18 9:03:10,2018/12/18 9:03:07,,,,,0,0,0,error,<發生錯誤> 2018/12/18 09:03:07 TEST 策略價格，超過 20 分鐘未跳動，請儘快處理。,<發生錯誤> 2018/12/18 09:03:07 TEST 策略價格，超過 20 分鐘未跳動，請儘快處理。
167becd5284d91aa,2018/12/18 8:53:04,2018/12/18 8:53:00,,,,,0,0,0,error,<發生錯誤> 2018/12/18 08:53:00 TEST 策略價格，超過 10 分鐘未跳動，請儘快處理。,<發生錯誤> 2018/12/18 08:53:00 TEST 策略價格，超過 10 分鐘未跳動，請儘快處理。
167b9b9282d18700,2018/12/17 9:12:57,2018/12/17 9:12:53,,,,,0,0,0,error,<發生錯誤> 2018/12/17 09:12:53 TEST 策略價格，超過 30 分鐘未跳動，請儘快處理。,<發生錯誤> 2018/12/17 09:12:53 TEST 策略價格，超過 30 分鐘未跳動，請儘快處理。
167b9afeb94326ec,2018/12/17 9:02:51,2018/12/17 9:02:47,,,,,0,0,0,error,<發生錯誤> 2018/12/17 09:02:47 TEST 策略價格，超過 20 分鐘未跳動，請儘快處理。,<發生錯誤> 2018/12/17 09:02:47 TEST 策略價格，超過 20 分鐘未跳動，請儘快處理。
167b9a6abe7c5288,2018/12/17 8:52:45,2018/12/17 8:52:40,,,,,0,0,0,error,<發生錯誤> 2018/12/17 08:52:40 TEST 策略價格，超過 10 分鐘未跳動，請儘快處理。,<發生錯誤> 2018/12/17 08:52:40 TEST 策略價格，超過 10 分鐘未跳動，請儘快處理。
167aab5f1880af5b,2018/12/14 11:15:07,2018/12/14 11:14:58,TCA,KGI,9717,add_long,1,2,3,normal,,"2018/12/14 11:14:58 ""9717"" 加碼多單目前倉位：+3 之前倉位：2 KGI(小型台指) 倍數：1, 本次下單：-1 , 帳戶實際倉位：2 , 總倉位：2 TCA"
167aa9a7419821d5,2018/12/14 10:45:07,2018/12/14 10:44:58,TCA,KGI,9687,reduce_long,-1,3,2,normal,,"2018/12/14 10:44:58 ""9687"" 減碼多單目前倉位：+2 之前倉位：3 KGI(小型台指) 倍數：1, 本次下單：-1 , 帳戶實際倉位：2 , 總倉位：2 TCA"
167aa939dfd4952d,2018/12/14 10:37:38,2018/12/14 10:37:28,TCA,KGI,9694,add_long,1,2,3,normal,,"2018/12/14 10:37:28 ""9694"" 加碼多單目前倉位：+3 之前倉位：2 KGI(小型台指) 倍數：1, 本次下單：-1 , 帳戶實際倉位：2 , 總倉位：2 TCA"
167aa82703dd615e,2018/12/14 10:18:53,2018/12/14 10:18:44,TCA,KGI,9683,reduce_long,-1,3,2,normal,,"2018/12/14 10:18:44 ""9683"" 減碼多單目前倉位：+2 之前倉位：3 KGI(小型台指) 倍數：1, 本次下單：-1 , 帳戶實際倉位：2 , 總倉位：2 TCA"
167aa6fa003a724f,2018/12/14 9:58:20,2018/12/14 9:58:16,,,,,0,0,0,error,"凱基II 下單失敗,帳號 6523704-0120 2018/12/14 09:58:16 3309後檯:留倉口數不足!不可下平倉單","凱基II 下單失敗,帳號 6523704-0120 2018/12/14 09:58:16 3309後檯:留倉口數不足!不可下平倉單"
167aa6ecf3913a9e,2018/12/14 9:57:27,2018/12/14 9:57:22,,,,,0,0,0,error,"凱基II 下單失敗,帳號 6523704-0120 2018/12/14 09:57:22 3309後檯:留倉口數不足!不可下平倉單","凱基II 下單失敗,帳號 6523704-0120 2018/12/14 09:57:22 3309後檯:留倉口數不足!不可下平倉單"
167aa6e84d36f6c3,2018/12/14 9:57:07,2018/12/14 9:56:58,TCA,KGI,9704,add_long,1,2,3,normal,,"2018/12/14 09:56:58 ""9704"" 加碼多單目前倉位：+3 之前倉位：2 KGI(小型台指) 倍數：1, 本次下單：-1 , 帳戶實際倉位：2 , 總倉位：2 TCA"
167aa638afe670a3,2018/12/14 9:45:07,2018/12/14 9:44:58,TCA,KGI,9686,reduce_long,-1,3,2,normal,,"2018/12/14 09:44:58 ""9686"" 減碼多單目前倉位：+2 之前倉位：3 KGI(小型台指) 倍數：1, 本次下單：-1 , 帳戶實際倉位：2 , 總倉位：2 TCA"
167aa456c7e1e51c,2018/12/14 9:12:15,2018/12/14 9:12:10,,,,,0,0,0,error,<發生錯誤> 2018/12/14 09:12:10 TEST 策略價格，超過 30 分鐘未跳動，請儘快處理。,<發生錯誤> 2018/12/14 09:12:10 TEST 策略價格，超過 30 分鐘未跳動，請儘快處理。
167aa3c314a244fd,2018/12/14 9:02:09,2018/12/14 9:02:05,,,,,0,0,0,error,<發生錯誤> 2018/12/14 09:02:05 TEST 策略價格，超過 20 分鐘未跳動，請儘快處理。,<發生錯誤> 2018/12/14 09:02:05 TEST 策略價格，超過 20 分鐘未跳動，請儘快處理。
167aa32f3dc0fd22,2018/12/14 8:52:03,2018/12/14 8:51:58,,,,,0,0,0,error,<發生錯誤> 2018/12/14 08:51:58 TEST 策略價格，超過 10 分鐘未跳動，請儘快處理。,<發生錯誤> 2018/12/14 08:51:58 TEST 策略價格，超過 10 分鐘未跳動，請儘快處理。
167a53b2920ab2dc,2018/12/13 9:42:56,2018/12/13 9:42:52,,,,,0,0,0,error,<發生錯誤> 2018/12/13 09:42:52 TEST 策略價格，超過 30 分鐘未跳動，請儘快處理。,<發生錯誤> 2018/12/13 09:42:52 TEST 策略價格，超過 30 分鐘未跳動，請儘快處理。
167a531eb00be167,2018/12/13 9:32:50,2018/12/13 9:32:46,,,,,0,0,0,error,<發生錯誤> 2018/12/13 09:32:46 TEST 策略價格，超過 20 分鐘未跳動，請儘快處理。,<發生錯誤> 2018/12/13 09:32:46 TEST 策略價格，超過 20 分鐘未跳動，請儘快處理。
167a528ad261a664,2018/12/13 9:22:44,2018/12/13 9:22:38,,,,,0,0,0,error,<發生錯誤> 2018/12/13 09:22:38 TEST 策略價格，超過 10 分鐘未跳動，請儘快處理。,<發生錯誤> 2018/12/13 09:22:38 TEST 策略價格，超過 10 分鐘未跳動，請儘快處理。
1679feaef6dc733b,2018/12/12 8:57:12,2018/12/12 8:57:02,TCA,KGI,9777,add_long,1,2,3,normal,,"2018/12/12 08:57:02 ""9777"" 加碼多單目前倉位：+3 之前倉位：2 KGI(小型台指) 倍數：1, 本次下單：1 , 帳戶實際倉位：3 , 總倉位：3 TCA"
1679fe7c09ed494d,2018/12/12 8:53:43,2018/12/12 8:53:38,,,,,0,0,0,error,<發生錯誤> 2018/12/12 08:53:38 TEST 策略價格，超過 10 分鐘未跳動，請儘快處理。,<發生錯誤> 2018/12/12 08:53:38 TEST 策略價格，超過 10 分鐘未跳動，請儘快處理。
1679b42ddd6655ee,2018/12/11 11:15:08,2018/12/11 11:14:58,TCA,KGI,9686,add_long,1,1,2,normal,,"2018/12/11 11:14:58 ""9686"" 加碼多單目前倉位：+2 之前倉位：1 KGI(小型台指) 倍數：1, 本次下單：1 , 帳戶實際倉位：2 , 總倉位：2 TCA"
1679ad28c3016a6c,2018/12/11 9:12:28,2018/12/11 9:12:23,,,,,0,0,0,error,<發生錯誤> 2018/12/11 09:12:23 TEST 策略價格，超過 30 分鐘未跳動，請儘快處理。,<發生錯誤> 2018/12/11 09:12:23 TEST 策略價格，超過 30 分鐘未跳動，請儘快處理。
1679ac94f65298fc,2018/12/11 9:02:22,2018/12/11 9:02:17,,,,,0,0,0,error,<發生錯誤> 2018/12/11 09:02:17 TEST 策略價格，超過 20 分鐘未跳動，請儘快處理。,<發生錯誤> 2018/12/11 09:02:17 TEST 策略價格，超過 20 分鐘未跳動，請儘快處理。
1679ac00e277a63f,2018/12/11 8:52:16,2018/12/11 8:52:08,,,,,0,0,0,error,<發生錯誤> 2018/12/11 08:52:08 TEST 策略價格，超過 10 分鐘未跳動，請儘快處理。,<發生錯誤> 2018/12/11 08:52:08 TEST 策略價格，超過 10 分鐘未跳動，請儘快處理。
1679abd306a8e8ee,2018/12/11 8:49:08,2018/12/11 8:48:57,TCA,KGI,9641,reduce_long,-1,2,1,normal,,"2018/12/11 08:48:57 ""9641"" 減碼多單目前倉位：+1 之前倉位：2 KGI(小型台指) 倍數：1, 本次下單：-1 , 帳戶實際倉位：1 , 總倉位：1 TCA"
16795a9aa2c0d6fc,2018/12/10 9:09:42,2018/12/10 9:09:46,,,,,0,0,0,error,<發生錯誤> 2018/12/10 09:09:46 TEST 策略價格，超過 30 分鐘未跳動，請儘快處理。,<發生錯誤> 2018/12/10 09:09:46 TEST 策略價格，超過 30 分鐘未跳動，請儘快處理。
16795a4566a6e747,2018/12/10 9:03:53,2018/12/10 9:03:51,TCA,KGI,9630,reduce_long,-1,3,2,normal,,"2018/12/10 09:03:51 ""9630"" 減碼多單目前倉位：+2 之前倉位：3 KGI(小型台指) 倍數：1, 本次下單：-1 , 帳戶實際倉位：2 , 總倉位：2 TCA"
16795a06cfbdf92e,2018/12/10 8:59:37,2018/12/10 8:59:41,,,,,0,0,0,error,<發生錯誤> 2018/12/10 08:59:41 TEST 策略價格，超過 20 分鐘未跳動，請儘快處理。,<發生錯誤> 2018/12/10 08:59:41 TEST 策略價格，超過 20 分鐘未跳動，請儘快處理。
16795972d07d576c,2018/12/10 8:49:31,2018/12/10 8:49:35,,,,,0,0,0,error,<發生錯誤> 2018/12/10 08:49:35 TEST 策略價格，超過 10 分鐘未跳動，請儘快處理。,<發生錯誤> 2018/12/10 08:49:35 TEST 策略價格，超過 10 分鐘未跳動，請儘快處理。
1679596d9f032bd4,2018/12/10 8:49:08,2018/12/10 8:49:06,TCA,KGI,9592,,3,0,3,normal,,"2018/12/10 08:49:06 ""9592"" 多單進場目前倉位：+3 之前倉位：0 KGI(小型台指) 倍數：1, 本次下單：3 , 帳戶實際倉位：3 , 總倉位：3 TCA"
167863b355609276,2018/12/07 9:14:45,2018/12/07 9:14:41,,,,,0,0,0,error,<發生錯誤> 2018/12/07 09:14:41 TEST 策略價格，超過 30 分鐘未跳動，請儘快處理。,<發生錯誤> 2018/12/07 09:14:41 TEST 策略價格，超過 30 分鐘未跳動，請儘快處理。
1678631f72b87258,2018/12/07 9:04:39,2018/12/07 9:04:35,,,,,0,0,0,error,<發生錯誤> 2018/12/07 09:04:35 TEST 策略價格，超過 20 分鐘未跳動，請儘快處理。,<發生錯誤> 2018/12/07 09:04:35 TEST 策略價格，超過 20 分鐘未跳動，請儘快處理。
1678628b96323787,2018/12/07 8:54:33,2018/12/07 8:54:29,,,,,0,0,0,error,<發生錯誤> 2018/12/07 08:54:29 TEST 策略價格，超過 10 分鐘未跳動，請儘快處理。,<發生錯誤> 2018/12/07 08:54:29 TEST 策略價格，超過 10 分鐘未跳動，請儘快處理。
1678623c8a6bdc84,2018/12/07 8:49:09,2018/12/07 8:49:00,TCA,KGI,9725,close_long,-2,2,0,normal,,"2018/12/07 08:49:00 ""9725"" 多單平倉目前倉位：0 之前倉位：2 KGI(小型台指) 倍數：1, 本次下單：-2 , 帳戶實際倉位：0 , 總倉位：0 TCA"
1678151a78149325,2018/12/06 10:21:09,2018/12/06 10:20:59,TCA,KGI,9687,reduce_long,-1,3,2,normal,,"2018/12/06 10:20:59 ""9687"" 減碼多單目前倉位：+2 之前倉位：3 KGI(小型台指) 倍數：1, 本次下單：-1 , 帳戶實際倉位：2 , 總倉位：2 TCA"
1678110fa96f0171,2018/12/06 9:10:31,2018/12/06 9:10:27,,,,,0,0,0,error,<發生錯誤> 2018/12/06 09:10:27 TEST 策略價格，超過 30 分鐘未跳動，請儘快處理。,<發生錯誤> 2018/12/06 09:10:27 TEST 策略價格，超過 30 分鐘未跳動，請儘快處理。
1678107bb65f0fef,2018/12/06 9:00:25,2018/12/06 9:00:21,,,,,0,0,0,error,<發生錯誤> 2018/12/06 09:00:21 TEST 策略價格，超過 20 分鐘未跳動，請儘快處理。,<發生錯誤> 2018/12/06 09:00:21 TEST 策略價格，超過 20 分鐘未跳動，請儘快處理。
16780febdd11f1e3,2018/12/06 8:50:36,2018/12/06 8:50:31,,,,,0,0,0,error,<發生錯誤> 2018/12/06 08:50:31 凱基II API 斷線一分鐘以上，無法登入下單，請儘快處理。,<發生錯誤> 2018/12/06 08:50:31 凱基II API 斷線一分鐘以上，無法登入下單，請儘快處理。
1677bf09c6dfadb5,2018/12/05 9:17:04,2018/12/05 9:16:57,,,,,0,0,0,error,<發生錯誤> 2018/12/05 09:16:57 TEST 策略價格，超過 30 分鐘未跳動，請儘快處理。,<發生錯誤> 2018/12/05 09:16:57 TEST 策略價格，超過 30 分鐘未跳動，請儘快處理。
1677be754f18d977,2018/12/05 9:06:56,2018/12/05 9:06:52,,,,,0,0,0,error,<發生錯誤> 2018/12/05 09:06:52 TEST 策略價格，超過 20 分鐘未跳動，請儘快處理。,<發生錯誤> 2018/12/05 09:06:52 TEST 策略價格，超過 20 分鐘未跳動，請儘快處理。
1677be494454189b,2018/12/05 9:03:55,2018/12/05 9:03:43,TCA,KGI,9901,reduce_long,-1,4,3,normal,,"2018/12/05 09:03:43 ""9901"" 減碼多單目前倉位：+3 之前倉位：4 KGI(小型台指) 倍數：1, 本次下單：-1 , 帳戶實際倉位：3 , 總倉位：3 TCA"
1677bdf90d4dbbf2,2018/12/05 8:58:27,2018/12/05 8:58:23,,,,,0,0,0,error,"凱基II 下單失敗,帳號 6523704-0120 2018/12/05 08:58:23 3309後檯:留倉口數不足!不可下平倉單","凱基II 下單失敗,帳號 6523704-0120 2018/12/05 08:58:23 3309後檯:留倉口數不足!不可下平倉單"
1677bdf059ace0f1,2018/12/05 8:57:51,2018/12/05 8:57:47,,,,,0,0,0,error,"凱基II 下單失敗,帳號 6523704-0120 2018/12/05 08:57:47 3309後檯:留倉口數不足!不可下平倉單","凱基II 下單失敗,帳號 6523704-0120 2018/12/05 08:57:47 3309後檯:留倉口數不足!不可下平倉單"
1677bde16a4bbffe,2018/12/05 8:56:50,2018/12/05 8:56:46,,,,,0,0,0,error,<發生錯誤> 2018/12/05 08:56:46 TEST 策略價格，超過 10 分鐘未跳動，請儘快處理。,<發生錯誤> 2018/12/05 08:56:46 TEST 策略價格，超過 10 分鐘未跳動，請儘快處理。
1677bdda1eaebad5,2018/12/05 8:56:20,2018/12/05 8:56:15,,,,,0,0,0,error,"凱基II 下單失敗,帳號 6523704-0120 2018/12/05 08:56:15 3309後檯:留倉口數不足!不可下平倉單","凱基II 下單失敗,帳號 6523704-0120 2018/12/05 08:56:15 3309後檯:留倉口數不足!不可下平倉單"
16776de6cb0de686,2018/12/04 9:39:06,2018/12/04 9:39:04,,,,,0,0,0,error,<發生錯誤> 2018/12/04 09:39:04 TEST 策略價格，超過 30 分鐘未跳動，請儘快處理。,<發生錯誤> 2018/12/04 09:39:04 TEST 策略價格，超過 30 分鐘未跳動，請儘快處理。
16776d52fae07d13,2018/12/04 9:29:00,2018/12/04 9:28:58,,,,,0,0,0,error,<發生錯誤> 2018/12/04 09:28:58 TEST 策略價格，超過 20 分鐘未跳動，請儘快處理。,<發生錯誤> 2018/12/04 09:28:58 TEST 策略價格，超過 20 分鐘未跳動，請儘快處理。
16776cbeeb219253,2018/12/04 9:18:54,2018/12/04 9:18:52,,,,,0,0,0,error,<發生錯誤> 2018/12/04 09:18:52 TEST 策略價格，超過 10 分鐘未跳動，請儘快處理。,<發生錯誤> 2018/12/04 09:18:52 TEST 策略價格，超過 10 分鐘未跳動，請儘快處理。
16776bc30b4a29d7,2018/12/04 9:01:43,2018/12/04 9:01:40,,,,,0,0,0,error,<發生錯誤> 2018/12/04 09:01:40 TEST 策略價格，超過 20 分鐘未跳動，請儘快處理。,<發生錯誤> 2018/12/04 09:01:40 TEST 策略價格，超過 20 分鐘未跳動，請儘快處理。
16776b2f088200f1,2018/12/04 8:51:37,2018/12/04 8:51:34,,,,,0,0,0,error,<發生錯誤> 2018/12/04 08:51:34 TEST 策略價格，超過 10 分鐘未跳動，請儘快處理。,<發生錯誤> 2018/12/04 08:51:34 TEST 策略價格，超過 10 分鐘未跳動，請儘快處理。
16776b0ad5c3d158,2018/12/04 8:49:08,2018/12/04 8:49:00,TCA,KGI,10066,,4,0,4,normal,,"2018/12/04 08:49:00 ""10066"" 多單進場目前倉位：+4 之前倉位：0 KGI(小型台指) 倍數：1, 本次下單：3 , 帳戶實際倉位：4 , 總倉位：4 TCA"
16771ddbb53c7e76,2018/12/03 10:20:14,2018/12/03 10:20:12,,,,,0,0,0,error,<發生錯誤> 2018/12/03 10:20:12 TEST 策略價格，超過 30 分鐘未跳動，請儘快處理。,<發生錯誤> 2018/12/03 10:20:12 TEST 策略價格，超過 30 分鐘未跳動，請儘快處理。
16771d47a08a3c7c,2018/12/03 10:10:08,2018/12/03 10:10:06,,,,,0,0,0,error,<發生錯誤> 2018/12/03 10:10:06 TEST 策略價格，超過 20 分鐘未跳動，請儘快處理。,<發生錯誤> 2018/12/03 10:10:06 TEST 策略價格，超過 20 分鐘未跳動，請儘快處理。
16771cb3cc09f27f,2018/12/03 10:00:03,2018/12/03 10:00:00,,,,,0,0,0,error,<發生錯誤> 2018/12/03 10:00:00 TEST 策略價格，超過 10 分鐘未跳動，請儘快處理。,<發生錯誤> 2018/12/03 10:00:00 TEST 策略價格，超過 10 分鐘未跳動，請儘快處理。
16771ad9aa6adf92,2018/12/03 9:27:40,2018/12/03 9:27:37,,,,,0,0,0,normal,,<警告/提醒> 2018/12/03 09:27:37 TCA 策略倉位已由1自動同步為文字檔內倉位0 請檢查下單大師實際倉位是否需進行同步!
1676314de8dc70ac,2018/11/30 13:26:10,2018/11/30 13:26:02,TCA,KGI,9868,,1,0,1,normal,,"2018/11/30 13:26:02 ""9868"" 多單進場目前倉位：+1 之前倉位：0 KGI(小型台指) 倍數：1, 本次下單：1 , 帳戶實際倉位：1 , 總倉位：1 TCA"
167627302a3d3292,2018/11/30 10:29:22,2018/11/30 10:29:15,TCA,KGI,9872,close_long,-1,1,0,normal,,"2018/11/30 10:29:15 ""9872"" 多單平倉目前倉位：0 之前倉位：1 KGI(小型台指) 倍數：1, 本次下單：-1 , 帳戶實際倉位：0 , 總倉位：0 TCA"
167625eb3434e515,2018/11/30 10:07:11,2018/11/30 10:07:04,TCA,KGI,9897,,1,0,1,normal,,"2018/11/30 10:07:04 ""9897"" 多單進場目前倉位：+1 之前倉位：0 KGI(小型台指) 倍數：1, 本次下單：1 , 帳戶實際倉位：1 , 總倉位：1 TCA"
16762504f2fcb49e,2018/11/30 9:51:27,2018/11/30 9:51:20,TCA,KGI,9919,close_long,-1,1,0,normal,,"2018/11/30 09:51:20 ""9919"" 多單平倉目前倉位：0 之前倉位：1 KGI(小型台指) 倍數：1, 本次下單：-1 , 帳戶實際倉位：0 , 總倉位：0 TCA"
16762239b9aa1e88,2018/11/30 9:02:38,2018/11/30 9:02:35,,,,,0,0,0,normal,,<警告/提醒> 2018/11/30 09:02:35 TCA 策略倉位已由0自動同步為文字檔內倉位1 請檢查下單大師實際倉位是否需進行同步!
16762076de422717,2018/11/30 8:31:51,2018/11/30 8:31:49,,,,,0,0,0,normal,,<警告/提醒> 2018/11/30 08:31:49 TCA 策略倉位已由1自動同步為文字檔內倉位0 請檢查下單大師實際倉位是否需進行同步!
1675dedcdd364d0e,2018/11/29 13:25:22,2018/11/29 13:25:15,TCA,KGI,9889,reduce_long,-1,2,1,normal,,"2018/11/29 13:25:15 ""9889"" 減碼多單目前倉位：+1 之前倉位：2 KGI(小型台指) 倍數：1, 本次下單：-2 , 帳戶實際倉位：1 , 總倉位：1 TCA"
1675d1019e2f968c,2018/11/29 9:23:14,2018/11/29 9:23:12,,,,,0,0,0,error,<發生錯誤> 2018/11/29 09:23:12 TEST 策略價格，超過 30 分鐘未跳動，請儘快處理。,<發生錯誤> 2018/11/29 09:23:12 TEST 策略價格，超過 30 分鐘未跳動，請儘快處理。
1675d06dbec21cc6,2018/11/29 9:13:08,2018/11/29 9:13:06,,,,,0,0,0,error,<發生錯誤> 2018/11/29 09:13:06 TEST 策略價格，超過 20 分鐘未跳動，請儘快處理。,<發生錯誤> 2018/11/29 09:13:06 TEST 策略價格，超過 20 分鐘未跳動，請儘快處理。
1675cfd9de0a4077,2018/11/29 9:03:02,2018/11/29 9:03:00,,,,,0,0,0,error,<發生錯誤> 2018/11/29 09:03:00 TEST 策略價格，超過 10 分鐘未跳動，請儘快處理。,<發生錯誤> 2018/11/29 09:03:00 TEST 策略價格，超過 10 分鐘未跳動，請儘快處理。
1675cf2ea1227a84,2018/11/29 8:51:21,2018/11/29 8:51:18,,,,,0,0,0,normal,,<警告/提醒> 2018/11/29 08:51:18 TCA 策略倉位已由3自動同步為文字檔內倉位2 請檢查下單大師實際倉位是否需進行同步!
167533a72e63d6b9,2018/11/27 11:33:16,2018/11/27 11:33:01,TCA,KGI,9718,add_long,1,2,3,normal,,"2018/11/27 11:33:01 ""9718"" 加碼多單目前倉位：+3 之前倉位：2 KGI(小型台指) 倍數：1, 本次下單：1 , 帳戶實際倉位：3 , 總倉位：3 TCA"
1675318a4c807f67,2018/11/27 10:56:22,2018/11/27 10:56:15,TCA,KGI,9683,reduce_long,-1,3,2,normal,,"2018/11/27 10:56:15 ""9683"" 減碼多單目前倉位：+2 之前倉位：3 KGI(小型台指) 倍數：1, 本次下單：-1 , 帳戶實際倉位：2 , 總倉位：2 TCA"
1675312f526fb849,2018/11/27 10:50:09,2018/11/27 10:50:02,TCA,KGI,9691,add_long,1,2,3,normal,,"2018/11/27 10:50:02 ""9691"" 加碼多單目前倉位：+3 之前倉位：2 KGI(小型台指) 倍數：1, 本次下單：1 , 帳戶實際倉位：3 , 總倉位：3 TCA"
167530e6528b6a70,2018/11/27 10:45:10,2018/11/27 10:45:02,TCA,KGI,9692,reduce_long,-1,3,2,normal,,"2018/11/27 10:45:02 ""9692"" 減碼多單目前倉位：+2 之前倉位：3 KGI(小型台指) 倍數：1, 本次下單：-1 , 帳戶實際倉位：2 , 總倉位：2 TCA"
167530788d2bd075,2018/11/27 10:37:40,2018/11/27 10:37:33,TCA,KGI,9695,add_long,1,2,3,normal,,"2018/11/27 10:37:33 ""9695"" 加碼多單目前倉位：+3 之前倉位：2 KGI(小型台指) 倍數：1, 本次下單：0 , 帳戶實際倉位：3 , 總倉位：3 TCA"
16752f4b3a4a855a,2018/11/27 10:17:06,2018/11/27 10:17:04,,,,,0,0,0,error,<發生錯誤> 2018/11/27 10:17:04 TEST 策略價格，超過 30 分鐘未跳動，請儘快處理。,<發生錯誤> 2018/11/27 10:17:04 TEST 策略價格，超過 30 分鐘未跳動，請儘快處理。
16752eb751708594,2018/11/27 10:07:00,2018/11/27 10:06:58,,,,,0,0,0,error,<發生錯誤> 2018/11/27 10:06:58 TEST 策略價格，超過 20 分鐘未跳動，請儘快處理。,<發生錯誤> 2018/11/27 10:06:58 TEST 策略價格，超過 20 分鐘未跳動，請儘快處理。
16752e235175418c,2018/11/27 9:56:54,2018/11/27 9:56:52,,,,,0,0,0,error,<發生錯誤> 2018/11/27 09:56:52 TEST 策略價格，超過 10 分鐘未跳動，請儘快處理。,<發生錯誤> 2018/11/27 09:56:52 TEST 策略價格，超過 10 分鐘未跳動，請儘快處理。
16752d82ed7cda78,2018/11/27 9:45:58,2018/11/27 9:45:55,,,,,0,0,0,normal,,<警告/提醒> 2018/11/27 09:45:55 TCA 策略倉位已由3自動同步為文字檔內倉位2 請檢查下單大師實際倉位是否需進行同步!
16752d585c665224,2018/11/27 9:43:02,2018/11/27 9:42:58,,,,,0,0,0,normal,,<警告/提醒> 2018/11/27 09:42:58 TCA 策略倉位已由3自動同步為文字檔內倉位2 請檢查下單大師實際倉位是否需進行同步!
16752b1900126c9c,2018/11/27 9:03:46,2018/11/27 9:03:40,,,,,0,0,0,error,<發生錯誤> 2018/11/27 09:03:40 TEST 策略價格，超過 10 分鐘未跳動，請儘快處理。,<發生錯誤> 2018/11/27 09:03:40 TEST 策略價格，超過 10 分鐘未跳動，請儘快處理。
16752a95f01da82f,2018/11/27 8:54:49,2018/11/27 8:54:46,,,,,0,0,0,error,<發生錯誤> 2018/11/27 08:54:46 TCA 策略價格，超過 10 分鐘未跳動，請儘快處理。,<發生錯誤> 2018/11/27 08:54:46 TCA 策略價格，超過 10 分鐘未跳動，請儘快處理。
1674d9093e8e8a03,2018/11/26 9:09:38,2018/11/26 9:09:36,,,,,0,0,0,error,<發生錯誤> 2018/11/26 09:09:36 TEST 策略價格，超過 30 分鐘未跳動，請儘快處理。,<發生錯誤> 2018/11/26 09:09:36 TEST 策略價格，超過 30 分鐘未跳動，請儘快處理。
1674d90182d91961,2018/11/26 9:09:07,2018/11/26 9:09:00,TCA,KGI,9814,add_long,1,2,3,normal,,"2018/11/26 09:09:00 ""9814"" 加碼多單目前倉位：+3 之前倉位：2 KGI(小型台指) 倍數：1, 本次下單：1 , 帳戶實際倉位：3 , 總倉位：3 TCA"
1674d87544be582a,2018/11/26 8:59:32,2018/11/26 8:59:30,,,,,0,0,0,error,<發生錯誤> 2018/11/26 08:59:30 TEST 策略價格，超過 20 分鐘未跳動，請儘快處理。,<發生錯誤> 2018/11/26 08:59:30 TEST 策略價格，超過 20 分鐘未跳動，請儘快處理。
1674d7e15b853ea1,2018/11/26 8:49:26,2018/11/26 8:49:23,,,,,0,0,0,error,<發生錯誤> 2018/11/26 08:49:23 TEST 策略價格，超過 10 分鐘未跳動，請儘快處理。,<發生錯誤> 2018/11/26 08:49:23 TEST 策略價格，超過 10 分鐘未跳動，請儘快處理。
1673e3aa7adf2dc3,2018/11/23 9:41:29,2018/11/23 9:41:15,TCA,KGI,9678,reduce_long,-1,3,2,normal,,"2018/11/23 09:41:15 ""9678"" 減碼多單目前倉位：+2 之前倉位：3 KGI(小型台指) 倍數：1, 本次下單：-2 , 帳戶實際倉位：2 , 總倉位：2 TCA"
1673e14dd7052f94,2018/11/23 9:00:12,2018/11/23 9:00:09,,,,,0,0,0,error,<發生錯誤> 2018/11/23 09:00:09 TCA 策略價格，超過 10 分鐘未跳動，請儘快處理。,<發生錯誤> 2018/11/23 09:00:09 TCA 策略價格，超過 10 分鐘未跳動，請儘快處理。
167395e24b5e6247,2018/11/22 11:02:08,2018/11/22 11:02:06,,,,,0,0,0,error,"凱基II 下單失敗,帳號 6523704-0120 2018/11/22 11:02:06 3309後檯:留倉口數不足!不可下平倉單","凱基II 下單失敗,帳號 6523704-0120 2018/11/22 11:02:06 3309後檯:留倉口數不足!不可下平倉單"
1673936e0652c25a,2018/11/22 10:19:15,2018/11/22 10:19:13,,,,,0,0,0,normal,,<警告/提醒> 2018/11/22 10:19:13 TCA 策略倉位已由8自動同步為文字檔內倉位3 請檢查下單大師實際倉位是否需進行同步!
167392cac7ef962f,2018/11/22 10:08:07,2018/11/22 10:07:59,TCA,KGI,9736,add_long,4,4,8,normal,,"2018/11/22 10:07:59 ""9736"" 加碼多單目前倉位：+8 之前倉位：4 KGI(小型台指) 倍數：1, 本次下單：4 , 帳戶實際倉位：8 , 總倉位：8 TCA"
16738e12d3141ab6,2018/11/22 8:45:38,2018/11/22 8:45:34,,,,,0,0,0,normal,,<警告/提醒> 2018/11/22 08:45:34 TCA 策略倉位已由0自動同步為文字檔內倉位4 請檢查下單大師實際倉位是否需進行同步!
16734b9779bb7de3,2018/11/21 13:23:47,2018/11/21 13:23:45,,,,,0,0,0,error,KGI 開始自動轉倉 2018/11/21 13:23:45 KGI-小型台指-7口 開始自動轉倉至2018/12。,KGI 開始自動轉倉 2018/11/21 13:23:45 KGI-小型台指-7口 開始自動轉倉至2018/12。
1672f23d46fdc6ef,2018/11/20 11:22:15,2018/11/20 11:22:07,TCA,KGI,9741,add_long,1,2,3,normal,,"2018/11/20 11:22:07 ""9741"" 加碼多單目前倉位：+3 之前倉位：2 KGI(小型台指) 倍數：1, 本次下單：0 , 帳戶實際倉位：-7 , 總倉位：-7 TCA"
1672f23c445d6cab,2018/11/20 11:22:10,2018/11/20 11:22:08,,,,,0,0,0,error,<下單失敗> 2018/11/20 11:22:08 凱基II API 下單發生錯誤，本次下單已取消，請由手動補單。,<下單失敗> 2018/11/20 11:22:08 凱基II API 下單發生錯誤，本次下單已取消，請由手動補單。
1672ec165e5cd8bf,2018/11/20 9:34:44,2018/11/20 9:34:34,TCA,KGI,9786,reduce_long,-2,4,2,normal,,"2018/11/20 09:34:34 ""9786"" 減碼多單目前倉位：+2 之前倉位：4 KGI(小型台指) 倍數：1, 本次下單：0 , 帳戶實際倉位：-7 , 總倉位：-7 TCA"
1672ec15beab3200,2018/11/20 9:34:41,2018/11/20 9:34:39,,,,,0,0,0,error,<下單失敗> 2018/11/20 09:34:39 凱基II API 下單發生錯誤，本次下單已取消，請由手動補單。,<下單失敗> 2018/11/20 09:34:39 凱基II API 下單發生錯誤，本次下單已取消，請由手動補單。
1672eb900d1ff6f9,2018/11/20 9:25:33,2018/11/20 9:25:30,,,,,0,0,0,error,<發生錯誤> 2018/11/20 09:25:30 TCA 策略價格，超過 10 分鐘未跳動，請儘快處理。,<發生錯誤> 2018/11/20 09:25:30 TCA 策略價格，超過 10 分鐘未跳動，請儘快處理。
1672a571c72e024f,2018/11/19 13:00:10,2018/11/19 13:00:02,TCA,KGI,9806,reduce_long,-4,8,4,normal,,"2018/11/19 13:00:02 ""9806"" 減碼多單目前倉位：+4 之前倉位：8 KGI(小型台指) 倍數：1, 本次下單：0 , 帳戶實際倉位：-7 , 總倉位：-7 TCA"
1672a522459a513e,2018/11/19 12:54:44,2018/11/19 12:54:38,,,,,0,0,0,error,<發生錯誤> 2018/11/19 12:54:38 TCA 策略價格，超過 10 分鐘未跳動，請儘快處理。,<發生錯誤> 2018/11/19 12:54:38 TCA 策略價格，超過 10 分鐘未跳動，請儘快處理。
1671a1a4cc677b47,2018/11/16 9:19:49,2018/11/16 9:19:47,,,,,0,0,0,error,<發生錯誤> 2018/11/16 09:19:47 TEST 策略價格，超過 30 分鐘未跳動，請儘快處理。,<發生錯誤> 2018/11/16 09:19:47 TEST 策略價格，超過 30 分鐘未跳動，請儘快處理。
1671a110e13610e2,2018/11/16 9:09:43,2018/11/16 9:09:40,,,,,0,0,0,error,<發生錯誤> 2018/11/16 09:09:40 TEST 策略價格，超過 20 分鐘未跳動，請儘快處理。,<發生錯誤> 2018/11/16 09:09:40 TEST 策略價格，超過 20 分鐘未跳動，請儘快處理。
1671a07ce0db635e,2018/11/16 8:59:37,2018/11/16 8:59:33,,,,,0,0,0,error,<發生錯誤> 2018/11/16 08:59:33 TEST 策略價格，超過 10 分鐘未跳動，請儘快處理。,<發生錯誤> 2018/11/16 08:59:33 TEST 策略價格，超過 10 分鐘未跳動，請儘快處理。
16714f4a9863b72a,2018/11/15 9:20:36,2018/11/15 9:20:34,,,,,0,0,0,error,<發生錯誤> 2018/11/15 09:20:34 TEST 策略價格，超過 30 分鐘未跳動，請儘快處理。,<發生錯誤> 2018/11/15 09:20:34 TEST 策略價格，超過 30 分鐘未跳動，請儘快處理。
16714eb680aa0105,2018/11/15 9:10:30,2018/11/15 9:10:28,,,,,0,0,0,error,<發生錯誤> 2018/11/15 09:10:28 TEST 策略價格，超過 20 分鐘未跳動，請儘快處理。,<發生錯誤> 2018/11/15 09:10:28 TEST 策略價格，超過 20 分鐘未跳動，請儘快處理。
16714e22c0845c9b,2018/11/15 9:00:24,2018/11/15 9:00:20,,,,,0,0,0,error,<發生錯誤> 2018/11/15 09:00:20 TEST 策略價格，超過 10 分鐘未跳動，請儘快處理。,<發生錯誤> 2018/11/15 09:00:20 TEST 策略價格，超過 10 分鐘未跳動，請儘快處理。
1670ae28885d5d89,2018/11/13 10:24:35,2018/11/13 10:24:32,,,,,0,0,0,error,<發生錯誤> 2018/11/13 10:24:32 TEST 策略價格，超過 10 分鐘未跳動，請儘快處理。,<發生錯誤> 2018/11/13 10:24:32 TEST 策略價格，超過 10 分鐘未跳動，請儘快處理。
1670ac2bd7987ba2,2018/11/13 9:49:53,2018/11/13 9:49:39,TCA,KGI,9638,reduce_long,-7,8,1,normal,,"2018/11/13 09:49:39 ""9638"" 減碼多單目前倉位：+1 之前倉位：8 KGI(小型台指) 倍數：1, 本次下單：-7 , 帳戶實際倉位：1 , 總倉位：1 TCA"
166e165c5fd0f036,2018/11/05 9:03:53,2018/11/05 9:03:45,TCA,KGI,9782,reduce_long,-1,9,8,normal,,"2018/11/05 09:03:45 ""9782"" 減碼多單目前倉位：+8 之前倉位：9 KGI(小型台指) 倍數：1, 本次下單：-1 , 帳戶實際倉位：8 , 總倉位：8 TCA"
166d2c0adcd5541a,2018/11/02 12:48:52,2018/11/02 12:48:45,TCA,KGI,9835,add_long,1,8,9,normal,,"2018/11/02 12:48:45 ""9835"" 加碼多單目前倉位：+9 之前倉位：8 KGI(小型台指) 倍數：1, 本次下單：1 , 帳戶實際倉位：9 , 總倉位：9 TCA"
166d281be79366fe,2018/11/02 11:40:09,2018/11/02 11:40:00,TCA,KGI,9806,reduce_long,-1,9,8,normal,,"2018/11/02 11:40:00 ""9806"" 減碼多單目前倉位：+8 之前倉位：9 KGI(小型台指) 倍數：1, 本次下單：-1 , 帳戶實際倉位：8 , 總倉位：8 TCA"
166d2262acaccb5c,2018/11/02 10:00:07,2018/11/02 9:59:59,TCA,KGI,9843,add_long,1,8,9,normal,,"2018/11/02 09:59:59 ""9843"" 加碼多單目前倉位：+9 之前倉位：8 KGI(小型台指) 倍數：1, 本次下單：1 , 帳戶實際倉位：9 , 總倉位：9 TCA"
166d21500a67cebd,2018/11/02 9:41:22,2018/11/02 9:41:15,TCA,KGI,9821,reduce_long,-1,9,8,normal,,"2018/11/02 09:41:15 ""9821"" 減碼多單目前倉位：+8 之前倉位：9 KGI(小型台指) 倍數：1, 本次下單：-1 , 帳戶實際倉位：8 , 總倉位：8 TCA"
166d20f4a469375a,2018/11/02 9:35:08,2018/11/02 9:35:00,TCA,KGI,9815,add_long,1,8,9,normal,,"2018/11/02 09:35:00 ""9815"" 加碼多單目前倉位：+9 之前倉位：8 KGI(小型台指) 倍數：1, 本次下單：1 , 帳戶實際倉位：9 , 總倉位：9 TCA"
166d1f779c3e3324,2018/11/02 9:09:07,2018/11/02 9:09:00,TCA,KGI,9804,reduce_long,-1,9,8,normal,,"2018/11/02 09:09:00 ""9804"" 減碼多單目前倉位：+8 之前倉位：9 KGI(小型台指) 倍數：1, 本次下單：-1 , 帳戶實際倉位：8 , 總倉位：8 TCA"
166d1f2b1eedf83c,2018/11/02 9:03:53,2018/11/02 9:03:45,TCA,KGI,9833,add_long,1,8,9,normal,,"2018/11/02 09:03:45 ""9833"" 加碼多單目前倉位：+9 之前倉位：8 KGI(小型台指) 倍數：1, 本次下單：1 , 帳戶實際倉位：9 , 總倉位：9 TCA"
166807b01040c007,2018/10/17 13:23:56,2018/10/17 13:23:53,,,,,0,0,0,error,"凱基II 下單失敗,帳號 6523704 2018/10/17 13:23:53 3296後檯:原幣保證金不足，不足60403.00元","凱基II 下單失敗,帳號 6523704 2018/10/17 13:23:53 3296後檯:原幣保證金不足，不足60403.00元"
166807ae339b7e4f,2018/10/17 13:23:47,2018/10/17 13:23:45,,,,,0,0,0,error,KGI 開始自動轉倉 2018/10/17 13:23:45 KGI-小型台指8口 開始自動轉倉至2018/11。,KGI 開始自動轉倉 2018/10/17 13:23:45 KGI-小型台指8口 開始自動轉倉至2018/11。
1667fffaffd756b8,2018/10/17 11:09:13,2018/10/17 11:09:05,TCA,KGI,10065,reduce_long,-1,9,8,normal,,"2018/10/17 11:09:05 ""10065"" 減碼多單目前倉位：+8 之前倉位：9 KGI(小型台指) 倍數：1, 本次下單：-1 , 帳戶實際倉位：8 , 總倉位：8 TCA"
1667fd74e7cf6e25,2018/10/17 10:25:07,2018/10/17 10:25:00,TCA,KGI,10077,add_long,1,8,9,normal,,"2018/10/17 10:25:00 ""10077"" 加碼多單目前倉位：+9 之前倉位：8 KGI(小型台指) 倍數：1, 本次下單：1 , 帳戶實際倉位：9 , 總倉位：9 TCA"
1667fa98a1d5f349,2018/10/17 9:35:08,2018/10/17 9:35:00,TCA,KGI,10064,reduce_long,-1,9,8,normal,,"2018/10/17 09:35:00 ""10064"" 減碼多單目前倉位：+8 之前倉位：9 KGI(小型台指) 倍數：1, 本次下單：-1 , 帳戶實際倉位：8 , 總倉位：8 TCA"
1667f92a595a077e,2018/10/17 9:10:07,2018/10/17 9:10:00,TCA,KGI,10087,add_long,1,8,9,normal,,"2018/10/17 09:10:00 ""10087"" 加碼多單目前倉位：+9 之前倉位：8 KGI(小型台指) 倍數：1, 本次下單：1 , 帳戶實際倉位：9 , 總倉位：9 TCA"
1667f7f718d26aa8,2018/10/17 8:49:08,2018/10/17 8:49:00,TCA,KGI,10097,reduce_long,-1,9,8,normal,,"2018/10/17 08:49:00 ""10097"" 減碼多單目前倉位：+8 之前倉位：9 KGI(小型台指) 倍數：1, 本次下單：-1 , 帳戶實際倉位：8 , 總倉位：8 TCA"
1667b4de35f44bea,2018/10/16 13:16:32,2018/10/16 13:16:24,TCA,KGI,9946,add_long,1,8,9,normal,,"2018/10/16 13:16:24 ""9946"" 加碼多單目前倉位：+9 之前倉位：8 KGI(小型台指) 倍數：1, 本次下單：1 , 帳戶實際倉位：9 , 總倉位：9 TCA"
1667aea2ee6341e0,2018/10/16 11:27:38,2018/10/16 11:27:30,TCA,KGI,9903,reduce_long,-1,9,8,normal,,"2018/10/16 11:27:30 ""9903"" 減碼多單目前倉位：+8 之前倉位：9 KGI(小型台指) 倍數：1, 本次下單：-1 , 帳戶實際倉位：8 , 總倉位：8 TCA"
1667a765e0b8c664,2018/10/16 9:21:08,2018/10/16 9:21:00,TCA,KGI,9893,add_long,1,8,9,normal,,"2018/10/16 09:21:00 ""9893"" 加碼多單目前倉位：+9 之前倉位：8 KGI(小型台指) 倍數：1, 本次下單：1 , 帳戶實際倉位：9 , 總倉位：9 TCA"
166758a961422b95,2018/10/15 10:25:07,2018/10/15 10:25:00,TCA,KGI,9876,reduce_long,-1,9,8,normal,,"2018/10/15 10:25:00 ""9876"" 減碼多單目前倉位：+8 之前倉位：9 KGI(小型台指) 倍數：1, 本次下單：-1 , 帳戶實際倉位：8 , 總倉位：8 TCA"
16675515c02b66f8,2018/10/15 9:22:37,2018/10/15 9:22:30,TCA,KGI,9913,add_long,1,8,9,normal,,"2018/10/15 09:22:30 ""9913"" 加碼多單目前倉位：+9 之前倉位：8 KGI(小型台指) 倍數：1, 本次下單：1 , 帳戶實際倉位：9 , 總倉位：9 TCA"
1667545ef9b24373,2018/10/15 9:10:08,2018/10/15 9:10:00,TCA,KGI,9871,reduce_long,-1,9,8,normal,,"2018/10/15 09:10:00 ""9871"" 減碼多單目前倉位：+8 之前倉位：9 KGI(小型台指) 倍數：1, 本次下單：-1 , 帳戶實際倉位：8 , 總倉位：8 TCA"
1667532c8cb0dd3f,2018/10/15 8:49:13,2018/10/15 8:49:06,TCA,KGI,9892,add_long,1,8,9,normal,,"2018/10/15 08:49:06 ""9892"" 加碼多單目前倉位：+9 之前倉位：8 KGI(小型台指) 倍數：1, 本次下單：1 , 帳戶實際倉位：9 , 總倉位：9 TCA"
1667532b761039d9,2018/10/15 8:49:08,2018/10/15 8:49:00,TCA,KGI,9892,add_long,1,7,8,normal,,"2018/10/15 08:49:00 ""9892"" 加碼多單目前倉位：+8 之前倉位：7 KGI(小型台指) 倍數：1, 本次下單：2 , 帳戶實際倉位：8 , 總倉位：8 TCA"
16666ce9ccf55d34,2018/10/12 13:45:07,2018/10/12 13:44:59,TCA,KGI,9955,add_long,1,6,7,normal,,"2018/10/12 13:44:59 ""9955"" 加碼多單目前倉位：+7 之前倉位：6 KGI(小型台指) 倍數：1, 本次下單：-1 , 帳戶實際倉位：6 , 總倉位：6 TCA"
16666ce09c2e842e,2018/10/12 13:44:29,2018/10/12 13:44:21,TCA,KGI,9962,reduce_long,-1,7,6,normal,,"2018/10/12 13:44:21 ""9962"" 減碼多單目前倉位：+6 之前倉位：7 KGI(小型台指) 倍數：1, 本次下單：-1 , 帳戶實際倉位：6 , 總倉位：6 TCA"
16666cde5f07c759,2018/10/12 13:44:20,2018/10/12 13:44:12,TCA,KGI,9975,reduce_long,-2,9,7,normal,,"2018/10/12 13:44:12 ""9975"" 減碼多單目前倉位：+7 之前倉位：9 KGI(小型台指) 倍數：1, 本次下單：-2 , 帳戶實際倉位：7 , 總倉位：7 TCA"
1666667a1239a314,2018/10/12 11:52:38,2018/10/12 11:52:30,TCA,KGI,9931,add_long,1,8,9,normal,,"2018/10/12 11:52:30 ""9931"" 加碼多單目前倉位：+9 之前倉位：8 KGI(小型台指) 倍數：1, 本次下單：1 , 帳戶實際倉位：9 , 總倉位：9 TCA"
16665bf9d4f7c3a3,2018/10/12 8:49:07,2018/10/12 8:49:00,TCA,KGI,9730,add_long,4,4,8,normal,,"2018/10/12 08:49:00 ""9730"" 加碼多單目前倉位：+8 之前倉位：4 KGI(小型台指) 倍數：1, 本次下單：4 , 帳戶實際倉位：8 , 總倉位：8 TCA"
16665bf915c6dfb8,2018/10/12 8:49:04,2018/10/12 8:49:00,,,,,0,0,0,error,"凱基II 下單失敗,帳號 6523704 2018/10/12 08:49:00 3296後檯:原幣保證金不足，不足18177.00元","凱基II 下單失敗,帳號 6523704 2018/10/12 08:49:00 3296後檯:原幣保證金不足，不足18177.00元"
166619c512b4718e,2018/10/11 13:32:05,2018/10/11 13:31:57,TCA,KGI,9647,add_long,1,3,4,normal,,"2018/10/11 13:31:57 ""9647"" 加碼多單目前倉位：+4 之前倉位：3 KGI(小型台指) 倍數：1, 本次下單：1 , 帳戶實際倉位：4 , 總倉位：4 TCA"
16660a6c74658618,2018/10/11 9:03:53,2018/10/11 9:03:45,TCA,KGI,9963,reduce_long,-1,4,3,normal,,"2018/10/11 09:03:45 ""9963"" 減碼多單目前倉位：+3 之前倉位：4 KGI(小型台指) 倍數：1, 本次下單：-1 , 帳戶實際倉位：3 , 總倉位：3 TCA"
166574f1595e6b54,2018/10/09 13:31:31,2018/10/09 13:31:23,TCA,KGI,10463,add_long,1,3,4,normal,,"2018/10/09 13:31:23 ""10463"" 加碼多單目前倉位：+4 之前倉位：3 KGI(小型台指) 倍數：1, 本次下單：1 , 帳戶實際倉位：4 , 總倉位：4 TCA"
166567f08d00388c,2018/10/09 9:44:16,2018/10/09 9:44:08,TCA,KGI,10463,reduce_long,-1,4,3,normal,,"2018/10/09 09:44:08 ""10463"" 減碼多單目前倉位：+3 之前倉位：4 KGI(小型台指) 倍數：1, 本次下單：-1 , 帳戶實際倉位：3 , 總倉位：3 TCA"
166564c8e22e21d3,2018/10/09 8:49:08,2018/10/09 8:49:00,TCA,KGI,10505,add_long,1,3,4,normal,,"2018/10/09 08:49:00 ""10505"" 加碼多單目前倉位：+4 之前倉位：3 KGI(小型台指) 倍數：1, 本次下單：1 , 帳戶實際倉位：4 , 總倉位：4 TCA"
16651a955434048e,2018/10/08 11:12:23,2018/10/08 11:12:15,TCA,KGI,10488,reduce_long,-1,4,3,normal,,"2018/10/08 11:12:15 ""10488"" 減碼多單目前倉位：+3 之前倉位：4 KGI(小型台指) 倍數：1, 本次下單：-1 , 帳戶實際倉位：3 , 總倉位：3 TCA"
16651a69766bf722,2018/10/08 11:09:22,2018/10/08 11:09:14,TCA,KGI,10480,add_long,1,3,4,normal,,"2018/10/08 11:09:14 ""10480"" 加碼多單目前倉位：+4 之前倉位：3 KGI(小型台指) 倍數：1, 本次下單：-2 , 帳戶實際倉位：4 , 總倉位：4 TCA"
166376664d61661b,2018/10/03 8:49:08,2018/10/03 8:49:00,TCA,KGI,10889,reduce_long,-1,7,6,normal,,"2018/10/03 08:49:00 ""10889"" 減碼多單目前倉位：+6 之前倉位：7 KGI(小型台指) 倍數：1, 本次下單：-1 , 帳戶實際倉位：6 , 總倉位：6 TCA"
166331cfc9b75ff3,2018/10/02 12:50:28,2018/10/02 12:50:24,,,,,0,0,0,error,"凱基II API 錯誤,帳號 (全部) 2018/10/02 12:50:24 斷線-P:ReceiveThread_EntryPoint CALL :無法從傳輸連接讀取資料: 連線嘗試失敗，因為連線對象有一段時間並未正確回應，或是連線建立失敗，因為連線的主機無法回應。?","凱基II API 錯誤,帳號 (全部) 2018/10/02 12:50:24 斷線-P:ReceiveThread_EntryPoint CALL :無法從傳輸連接讀取資料: 連線嘗試失敗，因為連線對象有一段時間並未正確回應，或是連線建立失敗，因為連線的主機無法回應。?"
1662e20805b4c948,2018/10/01 13:36:13,2018/10/01 13:36:10,,,,,0,0,0,error,<發生錯誤> 2018/10/01 13:36:10 TEST 策略價格，超過 20 分鐘未跳動，請儘快處理。,<發生錯誤> 2018/10/01 13:36:10 TEST 策略價格，超過 20 分鐘未跳動，請儘快處理。
1662e174212f94a3,2018/10/01 13:26:07,2018/10/01 13:26:03,,,,,0,0,0,error,<發生錯誤> 2018/10/01 13:26:03 TEST 策略價格，超過 10 分鐘未跳動，請儘快處理。,<發生錯誤> 2018/10/01 13:26:03 TEST 策略價格，超過 10 分鐘未跳動，請儘快處理。
165f048d24537262,2018/09/19 13:23:48,2018/09/19 13:23:45,,,,,0,0,0,error,KGI 開始自動轉倉 2018/09/19 13:23:45 KGI-小型台指7口 開始自動轉倉至2018/10。,KGI 開始自動轉倉 2018/09/19 13:23:45 KGI-小型台指7口 開始自動轉倉至2018/10。
165ef54b4c408541,2018/09/19 8:57:09,2018/09/19 8:57:02,TCA,KGI,10837,add_long,1,6,7,normal,,"2018/09/19 08:57:02 ""10837"" 加碼多單目前倉位：+7 之前倉位：6 KGI(小型台指) 倍數：1, 本次下單：1 , 帳戶實際倉位：7 , 總倉位：7 TCA"
165ef49b5c07da48,2018/09/19 8:45:08,2018/09/19 8:45:00,TCA,KGI,10836,reduce_long,-1,7,6,normal,,"2018/09/19 08:45:00 ""10836"" 減碼多單目前倉位：+6 之前倉位：7 KGI(小型台指) 倍數：1, 本次下單：-1 , 帳戶實際倉位：6 , 總倉位：6 TCA"
165eb083ff0dc48a,2018/09/18 12:55:09,2018/09/18 12:55:01,TCA,KGI,10784,add_long,1,6,7,normal,,"2018/09/18 12:55:01 ""10784"" 加碼多單目前倉位：+7 之前倉位：6 KGI(小型台指) 倍數：1, 本次下單：1 , 帳戶實際倉位：7 , 總倉位：7 TCA"
165eabdd353b9319,2018/09/18 11:33:52,2018/09/18 11:33:44,TCA,KGI,10776,reduce_long,-1,7,6,normal,,"2018/09/18 11:33:44 ""10776"" 減碼多單目前倉位：+6 之前倉位：7 KGI(小型台指) 倍數：1, 本次下單：-1 , 帳戶實際倉位：6 , 總倉位：6 TCA"
165eaacae3a1dbec,2018/09/18 11:15:08,2018/09/18 11:15:00,TCA,KGI,10786,add_long,1,6,7,normal,,"2018/09/18 11:15:00 ""10786"" 加碼多單目前倉位：+7 之前倉位：6 KGI(小型台指) 倍數：1, 本次下單：1 , 帳戶實際倉位：7 , 總倉位：7 TCA"
165ea8a5dca18030,2018/09/18 10:37:39,2018/09/18 10:37:31,TCA,KGI,10764,reduce_long,-1,7,6,normal,,"2018/09/18 10:37:31 ""10764"" 減碼多單目前倉位：+6 之前倉位：7 KGI(小型台指) 倍數：1, 本次下單：-1 , 帳戶實際倉位：6 , 總倉位：6 TCA"
165ea45a83205d58,2018/09/18 9:22:37,2018/09/18 9:22:30,TCA,KGI,10792,add_long,1,6,7,normal,,"2018/09/18 09:22:30 ""10792"" 加碼多單目前倉位：+7 之前倉位：6 KGI(小型台指) 倍數：1, 本次下單：1 , 帳戶實際倉位：7 , 總倉位：7 TCA"
165ea3a41d106e30,2018/09/18 9:10:09,2018/09/18 9:10:00,TCA,KGI,10777,reduce_long,-1,7,6,normal,,"2018/09/18 09:10:00 ""10777"" 減碼多單目前倉位：+6 之前倉位：7 KGI(小型台指) 倍數：1, 本次下單：-1 , 帳戶實際倉位：6 , 總倉位：6 TCA"
165d5d1ec16a1d7e,2018/09/14 10:03:48,2018/09/14 10:03:39,TCA,KGI,10824,add_long,1,6,7,normal,,"2018/09/14 10:03:39 ""10824"" 加碼多單目前倉位：+7 之前倉位：6 KGI(小型台指) 倍數：1, 本次下單：8 , 帳戶實際倉位：7 , 總倉位：7 TCA"
165c135217aa1c9d,2018/09/10 10:00:07,2018/09/10 10:00:00,TCA,KGI,10776,reduce_long,-1,7,6,normal,,"2018/09/10 10:00:00 ""10776"" 減碼多單目前倉位：+6 之前倉位：7 KGI(小型台指) 倍數：1, 本次下單：-1 , 帳戶實際倉位：6 , 總倉位：6 TCA"
165c113fef81ee3f,2018/09/10 9:23:57,2018/09/10 9:23:54,,,,,0,0,0,error,<發生錯誤> 2018/09/10 09:23:54 TEST 策略價格，超過 30 分鐘未跳動，請儘快處理。,<發生錯誤> 2018/09/10 09:23:54 TEST 策略價格，超過 30 分鐘未跳動，請儘快處理。
165c10ac07f24770,2018/09/10 9:13:51,2018/09/10 9:13:49,,,,,0,0,0,error,<發生錯誤> 2018/09/10 09:13:49 TEST 策略價格，超過 20 分鐘未跳動，請儘快處理。,<發生錯誤> 2018/09/10 09:13:49 TEST 策略價格，超過 20 分鐘未跳動，請儘快處理。
165c10185b7b31de,2018/09/10 9:03:45,2018/09/10 9:03:42,,,,,0,0,0,error,<發生錯誤> 2018/09/10 09:03:42 TEST 策略價格，超過 10 分鐘未跳動，請儘快處理。,<發生錯誤> 2018/09/10 09:03:42 TEST 策略價格，超過 10 分鐘未跳動，請儘快處理。
1659d441c806750c,2018/09/03 10:30:10,2018/09/03 10:30:02,TCA,KGI,10948,reduce_long,-1,8,7,normal,,"2018/09/03 10:30:02 ""10948"" 減碼多單目前倉位：+7 之前倉位：8 KGI(小型台指) 倍數：1, 本次下單：-1 , 帳戶實際倉位：7 , 總倉位：7 TCA"
1659ce79ed23ce8d,2018/09/03 8:49:08,2018/09/03 8:49:00,TCA,KGI,11037,add_long,1,7,8,normal,,"2018/09/03 08:49:00 ""11037"" 加碼多單目前倉位：+8 之前倉位：7 KGI(小型台指) 倍數：1, 本次下單：1 , 帳戶實際倉位：8 , 總倉位：8 TCA"
1658e669d9a8b98a,2018/08/31 13:13:33,2018/08/31 13:13:23,TCA,KGI,11007,reduce_long,-1,8,7,normal,,"2018/08/31 13:13:23 ""11007"" 減碼多單目前倉位：+7 之前倉位：8 KGI(小型台指) 倍數：1, 本次下單：-1 , 帳戶實際倉位：7 , 總倉位：7 TCA"
16583bdfbfabfdcc,2018/08/29 11:33:09,2018/08/29 11:33:01,TCA,KGI,11039,add_long,1,7,8,normal,,"2018/08/29 11:33:01 ""11039"" 加碼多單目前倉位：+8 之前倉位：7 KGI(小型台指) 倍數：1, 本次下單：1 , 帳戶實際倉位：8 , 總倉位：8 TCA"
16583ad7b2dcde27,2018/08/29 11:15:08,2018/08/29 11:15:00,TCA,KGI,11031,reduce_long,-1,8,7,normal,,"2018/08/29 11:15:00 ""11031"" 減碼多單目前倉位：+7 之前倉位：8 KGI(小型台指) 倍數：1, 本次下單：-1 , 帳戶實際倉位：7 , 總倉位：7 TCA"
16583969cdd7df32,2018/08/29 10:50:09,2018/08/29 10:50:00,TCA,KGI,11037,add_long,1,7,8,normal,,"2018/08/29 10:50:00 ""11037"" 加碼多單目前倉位：+8 之前倉位：7 KGI(小型台指) 倍數：1, 本次下單：1 , 帳戶實際倉位：8 , 總倉位：8 TCA"
16578d77174f9fe2,2018/08/27 8:45:08,2018/08/27 8:45:00,TCA,KGI,10830,add_long,1,6,7,normal,,"2018/08/27 08:45:00 ""10830"" 加碼多單目前倉位：+7 之前倉位：6 KGI(小型台指) 倍數：1, 本次下單：1 , 帳戶實際倉位：7 , 總倉位：7 TCA"
1656a65d9ed8efc9,2018/08/24 13:26:23,2018/08/24 13:26:15,TCA,KGI,10778,reduce_long,-1,7,6,normal,,"2018/08/24 13:26:15 ""10778"" 減碼多單目前倉位：+6 之前倉位：7 KGI(小型台指) 倍數：1, 本次下單：-1 , 帳戶實際倉位：6 , 總倉位：6 TCA"
1656a560fb365b99,2018/08/24 13:09:08,2018/08/24 13:09:00,TCA,KGI,10787,add_long,1,6,7,normal,,"2018/08/24 13:09:00 ""10787"" 加碼多單目前倉位：+7 之前倉位：6 KGI(小型台指) 倍數：1, 本次下單：1 , 帳戶實際倉位：7 , 總倉位：7 TCA"
1656997dc17771c7,2018/08/24 9:41:23,2018/08/24 9:41:15,TCA,KGI,10743,reduce_long,-1,7,6,normal,,"2018/08/24 09:41:15 ""10743"" 減碼多單目前倉位：+6 之前倉位：7 KGI(小型台指) 倍數：1, 本次下單：-1 , 帳戶實際倉位：6 , 總倉位：6 TCA"
16564e9a68ad500c,2018/08/23 11:52:37,2018/08/23 11:52:29,TCA,KGI,10786,add_long,1,6,7,normal,,"2018/08/23 11:52:29 ""10786"" 加碼多單目前倉位：+7 之前倉位：6 KGI(小型台指) 倍數：1, 本次下單：1 , 帳戶實際倉位：7 , 總倉位：7 TCA"
16564c753af0aad4,2018/08/23 11:15:08,2018/08/23 11:15:00,TCA,KGI,10783,reduce_long,-1,7,6,normal,,"2018/08/23 11:15:00 ""10783"" 減碼多單目前倉位：+6 之前倉位：7 KGI(小型台指) 倍數：1, 本次下單：-1 , 帳戶實際倉位：6 , 總倉位：6 TCA"
16564b6dcebd4509,2018/08/23 10:57:09,2018/08/23 10:57:01,TCA,KGI,10783,add_long,1,6,7,normal,,"2018/08/23 10:57:01 ""10783"" 加碼多單目前倉位：+7 之前倉位：6 KGI(小型台指) 倍數：1, 本次下單：1 , 帳戶實際倉位：7 , 總倉位：7 TCA"
1656482a7bc58cff,2018/08/23 10:00:07,2018/08/23 10:00:00,TCA,KGI,10767,reduce_long,-1,7,6,normal,,"2018/08/23 10:00:00 ""10767"" 減碼多單目前倉位：+6 之前倉位：7 KGI(小型台指) 倍數：1, 本次下單：-1 , 帳戶實際倉位：6 , 總倉位：6 TCA"
16564608898f097a,2018/08/23 9:22:51,2018/08/23 9:22:49,,,,,0,0,0,error,<發生錯誤> 2018/08/23 09:22:49 TEST 策略價格，超過 30 分鐘未跳動，請儘快處理。,<發生錯誤> 2018/08/23 09:22:49 TEST 策略價格，超過 30 分鐘未跳動，請儘快處理。
16564574804bcd15,2018/08/23 9:12:45,2018/08/23 9:12:37,,,,,0,0,0,error,<發生錯誤> 2018/08/23 09:12:37 TEST 策略價格，超過 20 分鐘未跳動，請儘快處理。,<發生錯誤> 2018/08/23 09:12:37 TEST 策略價格，超過 20 分鐘未跳動，請儘快處理。
165644f3c60e0508,2018/08/23 9:03:58,2018/08/23 9:03:46,TCA,KGI,10804,add_long,1,6,7,normal,,"2018/08/23 09:03:46 ""10804"" 加碼多單目前倉位：+7 之前倉位：6 KGI(小型台指) 倍數：1, 本次下單：1 , 帳戶實際倉位：7 , 總倉位：7 TCA"
165644df1b9d5d27,2018/08/23 9:02:33,2018/08/23 9:02:23,,,,,0,0,0,error,<發生錯誤> 2018/08/23 09:02:23 TEST 策略價格，超過 10 分鐘未跳動，請儘快處理。,<發生錯誤> 2018/08/23 09:02:23 TEST 策略價格，超過 10 分鐘未跳動，請儘快處理。
1655ff6ed73b0001,2018/08/22 12:49:01,2018/08/22 12:48:47,TCA,KGI,10778,reduce_long,-1,7,6,normal,,"2018/08/22 12:48:47 ""10778"" 減碼多單目前倉位：+6 之前倉位：7 KGI(小型台指) 倍數：1, 本次下單：-1 , 帳戶實際倉位：6 , 總倉位：6 TCA"
1655fb221811e49e,2018/08/22 11:33:53,2018/08/22 11:33:45,TCA,KGI,10787,add_long,1,6,7,normal,,"2018/08/22 11:33:45 ""10787"" 加碼多單目前倉位：+7 之前倉位：6 KGI(小型台指) 倍數：1, 本次下單：1 , 帳戶實際倉位：7 , 總倉位：7 TCA"
1655f43b7d291d99,2018/08/22 9:33:16,2018/08/22 9:33:01,TCA,KGI,10758,reduce_long,-1,7,6,normal,,"2018/08/22 09:33:01 ""10758"" 減碼多單目前倉位：+6 之前倉位：7 KGI(小型台指) 倍數：1, 本次下單：-1 , 帳戶實際倉位：6 , 總倉位：6 TCA"
1655f2e8879251b5,2018/08/22 9:10:08,2018/08/22 9:10:00,TCA,KGI,10785,add_long,1,6,7,normal,,"2018/08/22 09:10:00 ""10785"" 加碼多單目前倉位：+7 之前倉位：6 KGI(小型台指) 倍數：1, 本次下單：1 , 帳戶實際倉位：7 , 總倉位：7 TCA"
165407e635898ba9,2018/08/16 10:09:08,2018/08/16 10:08:49,TCA,KGI,10701,add_long,1,5,6,normal,,"2018/08/16 10:08:49 ""10701"" 加碼多單目前倉位：+6 之前倉位：5 KGI(小型台指) 倍數：1, 本次下單：1 , 帳戶實際倉位：6 , 總倉位：6 TCA"
1653c0a3edbf9899,2018/08/15 13:23:47,2018/08/15 13:23:45,,,,,0,0,0,error,KGI 開始自動轉倉 2018/08/15 13:23:45 KGI-小型台指5口 開始自動轉倉至2018/09。,KGI 開始自動轉倉 2018/08/15 13:23:45 KGI-小型台指5口 開始自動轉倉至2018/09。
1653be870997041d,2018/08/15 12:46:52,2018/08/15 12:46:43,TCA,KGI,10729,reduce_long,-1,6,5,normal,,"2018/08/15 12:46:43 ""10729"" 減碼多單目前倉位：+5 之前倉位：6 KGI(小型台指) 倍數：1, 本次下單：-1 , 帳戶實際倉位：5 , 總倉位：5 TCA"
16531c3cf51700dc,2018/08/13 13:30:39,2018/08/13 13:30:32,TCA,KGI,10752,add_long,1,5,6,normal,,"2018/08/13 13:30:32 ""10752"" 加碼多單目前倉位：+6 之前倉位：5 KGI(小型台指) 倍數：1, 本次下單：1 , 帳戶實際倉位：6 , 總倉位：6 TCA"
165318bfbe538d9e,2018/08/13 12:29:40,2018/08/13 12:29:33,TCA,KGI,10727,reduce_long,-1,6,5,normal,,"2018/08/13 12:29:33 ""10727"" 減碼多單目前倉位：+5 之前倉位：6 KGI(小型台指) 倍數：1, 本次下單：-1 , 帳戶實際倉位：5 , 總倉位：5 TCA"
16530cf9227c2e8e,2018/08/13 9:03:53,2018/08/13 9:03:45,TCA,KGI,10874,reduce_long,-1,7,6,normal,,"2018/08/13 09:03:45 ""10874"" 減碼多單目前倉位：+6 之前倉位：7 KGI(小型台指) 倍數：1, 本次下單：-1 , 帳戶實際倉位：6 , 總倉位：6 TCA"
164fd7d8ce64501d,2018/08/03 9:53:40,2018/08/03 9:53:33,TCA,KGI,10958,add_long,1,6,7,normal,,"2018/08/03 09:53:33 ""10958"" 加碼多單目前倉位：+7 之前倉位：6 KGI(小型台指) 倍數：1, 本次下單：1 , 帳戶實際倉位：7 , 總倉位：7 TCA"
164fd438b8e40fa2,2018/08/03 8:50:18,2018/08/03 8:50:15,,,,,0,0,0,error,"凱基II API 錯誤,帳號 (全部) 2018/08/03 08:50:15 斷線-P:ReceiveThread_EntryPoint CALL :無法從傳輸連接讀取資料: 連線嘗試失敗，因為連線對象有一段時間並未正確回應，或是連線建立失敗，因為連線的主機無法回應。?","凱基II API 錯誤,帳號 (全部) 2018/08/03 08:50:15 斷線-P:ReceiveThread_EntryPoint CALL :無法從傳輸連接讀取資料: 連線嘗試失敗，因為連線對象有一段時間並未正確回應，或是連線建立失敗，因為連線的主機無法回應。?"
164f8c41ccc09b19,2018/08/02 11:52:38,2018/08/02 11:52:30,TCA,KGI,10897,reduce_long,-1,7,6,normal,,"2018/08/02 11:52:30 ""10897"" 減碼多單目前倉位：+6 之前倉位：7 KGI(小型台指) 倍數：1, 本次下單：-1 , 帳戶實際倉位：6 , 總倉位：6 TCA"
164d4fdaad846fbc,2018/07/26 13:09:10,2018/07/26 13:09:02,TCA,KGI,10906,add_long,1,6,7,normal,,"2018/07/26 13:09:02 ""10906"" 加碼多單目前倉位：+7 之前倉位：6 KGI(小型台指) 倍數：1, 本次下單：1 , 帳戶實際倉位：7 , 總倉位：7 TCA"
164d450955ab0c10,2018/07/26 10:00:07,2018/07/26 10:00:00,TCA,KGI,10895,reduce_long,-1,7,6,normal,,"2018/07/26 10:00:00 ""10895"" 減碼多單目前倉位：+6 之前倉位：7 KGI(小型台指) 倍數：1, 本次下單：-1 , 帳戶實際倉位：6 , 總倉位：6 TCA"
164d43f1b8c3ce2a,2018/07/26 9:41:01,2018/07/26 9:40:53,TCA,KGI,10897,add_long,1,6,7,normal,,"2018/07/26 09:40:53 ""10897"" 加碼多單目前倉位：+7 之前倉位：6 KGI(小型台指) 倍數：1, 本次下單：1 , 帳戶實際倉位：7 , 總倉位：7 TCA"
164c4c23455ad4c2,2018/07/23 9:30:18,2018/07/23 9:29:52,,,,,0,0,0,error,"凱基II API 錯誤,帳號 (全部) 2018/07/23 09:29:52 連線失敗-連線失敗:itrade.kgi.com.tw 800 itrade.kgi.com.tw:8000","凱基II API 錯誤,帳號 (全部) 2018/07/23 09:29:52 連線失敗-連線失敗:itrade.kgi.com.tw 800 itrade.kgi.com.tw:8000"
164c4c0affed7637,2018/07/23 9:28:38,2018/07/23 9:28:36,,,,,0,0,0,error,"凱基II API 錯誤,帳號 (全部) 2018/07/23 09:28:36 斷線-P:ReceiveThread_EntryPoint CALL :無法從傳輸連接讀取資料: 連線嘗試失敗，因為連線對象有一段時間並未正確回應，或是連線建立失敗，因為連線的主機無法回應。?","凱基II API 錯誤,帳號 (全部) 2018/07/23 09:28:36 斷線-P:ReceiveThread_EntryPoint CALL :無法從傳輸連接讀取資料: 連線嘗試失敗，因為連線對象有一段時間並未正確回應，或是連線建立失敗，因為連線的主機無法回應。?"
164c4b1df0986d4a,2018/07/23 9:12:28,2018/07/23 9:12:25,,,,,0,0,0,error,<發生錯誤> 2018/07/23 09:12:25 TEST 策略價格，超過 30 分鐘未跳動，請儘快處理。,<發生錯誤> 2018/07/23 09:12:25 TEST 策略價格，超過 30 分鐘未跳動，請儘快處理。
164c4a8a2c748ce7,2018/07/23 9:02:22,2018/07/23 9:02:20,,,,,0,0,0,error,<發生錯誤> 2018/07/23 09:02:20 TEST 策略價格，超過 20 分鐘未跳動，請儘快處理。,<發生錯誤> 2018/07/23 09:02:20 TEST 策略價格，超過 20 分鐘未跳動，請儘快處理。
164c49f653a38e6d,2018/07/23 8:52:16,2018/07/23 8:52:13,,,,,0,0,0,error,<發生錯誤> 2018/07/23 08:52:13 TEST 策略價格，超過 10 分鐘未跳動，請儘快處理。,<發生錯誤> 2018/07/23 08:52:13 TEST 策略價格，超過 10 分鐘未跳動，請儘快處理。
164b5574bd49546a,2018/07/20 9:39:13,2018/07/20 9:39:05,TCA,KGI,10781,add_long,1,5,6,normal,,"2018/07/20 09:39:05 ""10781"" 加碼多單目前倉位：+6 之前倉位：5 KGI(小型台指) 倍數：1, 本次下單：1 , 帳戶實際倉位：6 , 總倉位：6 TCA"
164b52974c822d88,2018/07/20 8:49:09,2018/07/20 8:49:00,TCA,KGI,10793,reduce_long,-1,6,5,normal,,"2018/07/20 08:49:00 ""10793"" 減碼多單目前倉位：+5 之前倉位：6 KGI(小型台指) 倍數：1, 本次下單：0 , 帳戶實際倉位：5 , 總倉位：5 TCA"
164abd82da881c8b,2018/07/18 13:23:47,2018/07/18 13:23:45,,,,,0,0,0,error,KGI 開始自動轉倉 2018/07/18 13:23:45 KGI-小型台指5口 開始自動轉倉至2018/08。,KGI 開始自動轉倉 2018/07/18 13:23:45 KGI-小型台指5口 開始自動轉倉至2018/08。
164abc2d4f1f04d4,2018/07/18 13:00:29,2018/07/18 13:00:21,TCA,KGI,10826,reduce_long,-1,6,5,normal,,"2018/07/18 13:00:21 ""10826"" 減碼多單目前倉位：+5 之前倉位：6 KGI(小型台指) 倍數：1, 本次下單：-1 , 帳戶實際倉位：5 , 總倉位：5 TCA"
164abc2be492e92b,2018/07/18 13:00:23,2018/07/18 13:00:15,TCA,KGI,10824,add_long,1,5,6,normal,,"2018/07/18 13:00:15 ""10824"" 加碼多單目前倉位：+6 之前倉位：5 KGI(小型台指) 倍數：1, 本次下單：1 , 帳戶實際倉位：6 , 總倉位：6 TCA"
164abbe32d7a2f46,2018/07/18 12:55:25,2018/07/18 12:55:17,TCA,KGI,10814,reduce_long,-1,6,5,normal,,"2018/07/18 12:55:17 ""10814"" 減碼多單目前倉位：+5 之前倉位：6 KGI(小型台指) 倍數：1, 本次下單：-1 , 帳戶實際倉位：5 , 總倉位：5 TCA"
164ab2b20c8c1204,2018/07/18 10:14:46,2018/07/18 10:14:38,TCA,KGI,10855,add_long,1,5,6,normal,,"2018/07/18 10:14:38 ""10855"" 加碼多單目前倉位：+6 之前倉位：5 KGI(小型台指) 倍數：1, 本次下單：1 , 帳戶實際倉位：6 , 總倉位：6 TCA"
164a5b65e4021491,2018/07/17 8:49:09,2018/07/17 8:49:01,TCA,KGI,10808,reduce_long,-1,6,5,normal,,"2018/07/17 08:49:01 ""10808"" 減碼多單目前倉位：+5 之前倉位：6 KGI(小型台指) 倍數：1, 本次下單：-1 , 帳戶實際倉位：5 , 總倉位：5 TCA"
164a090031378457,2018/07/16 8:49:08,2018/07/16 8:49:01,TCA,KGI,10849,add_long,1,5,6,normal,,"2018/07/16 08:49:01 ""10849"" 加碼多單目前倉位：+6 之前倉位：5 KGI(小型台指) 倍數：1, 本次下單：1 , 帳戶實際倉位：6 , 總倉位：6 TCA"
164911cef0c4c342,2018/07/13 8:49:08,2018/07/13 8:49:01,TCA,KGI,10801,add_long,1,4,5,normal,,"2018/07/13 08:49:01 ""10801"" 加碼多單目前倉位：+5 之前倉位：4 KGI(小型台指) 倍數：1, 本次下單：1 , 帳戶實際倉位：5 , 總倉位：5 TCA"
16487b9c1385021b,2018/07/11 13:04:14,2018/07/11 13:04:06,TCA,KGI,10609,reduce_long,-1,5,4,normal,,"2018/07/11 13:04:06 ""10609"" 減碼多單目前倉位：+4 之前倉位：5 KGI(小型台指) 倍數：1, 本次下單：-1 , 帳戶實際倉位：4 , 總倉位：4 TCA"
16486d034d945da7,2018/07/11 8:49:08,2018/07/11 8:49:00,TCA,KGI,10614,add_long,1,4,5,normal,,"2018/07/11 08:49:00 ""10614"" 加碼多單目前倉位：+5 之前倉位：4 KGI(小型台指) 倍數：1, 本次下單：1 , 帳戶實際倉位：5 , 總倉位：5 TCA"
16481a963bf25bfc,2018/07/10 8:48:38,2018/07/10 8:48:35,,,,,0,0,0,error,"凱基II API 錯誤,帳號 (全部) 2018/07/10 08:48:35 斷線-P:ReceiveThread_EntryPoint CALL :無法從傳輸連接讀取資料: 連線嘗試失敗，因為連線對象有一段時間並未正確回應，或是連線建立失敗，因為連線的主機無法回應。?","凱基II API 錯誤,帳號 (全部) 2018/07/10 08:48:35 斷線-P:ReceiveThread_EntryPoint CALL :無法從傳輸連接讀取資料: 連線嘗試失敗，因為連線對象有一段時間並未正確回應，或是連線建立失敗，因為連線的主機無法回應。?"
1647d84c5e655be1,2018/07/09 13:30:09,2018/07/09 13:30:01,TCA,KGI,10653,add_long,1,3,4,normal,,"2018/07/09 13:30:01 ""10653"" 加碼多單目前倉位：+4 之前倉位：3 KGI(小型台指) 倍數：1, 本次下單：1 , 帳戶實際倉位：4 , 總倉位：4 TCA"
1646d106bf315695,2018/07/06 8:49:08,2018/07/06 8:49:00,TCA,KGI,10534,reduce_long,-1,4,3,normal,,"2018/07/06 08:49:00 ""10534"" 減碼多單目前倉位：+3 之前倉位：4 KGI(小型台指) 倍數：1, 本次下單：-1 , 帳戶實際倉位：3 , 總倉位：3 TCA"
1645d9d5c861a84c,2018/07/03 8:49:10,2018/07/03 8:49:02,TCA,KGI,10657,reduce_long,-1,5,4,normal,,"2018/07/03 08:49:02 ""10657"" 減碼多單目前倉位：+4 之前倉位：5 KGI(小型台指) 倍數：1, 本次下單：-1 , 帳戶實際倉位：4 , 總倉位：4 TCA"
164587d5d2c3864a,2018/07/02 8:56:07,2018/07/02 8:56:05,,,,,0,0,0,error,"凱基II API 錯誤,帳號 (全部) 2018/07/02 08:56:05 斷線-P:ReceiveThread_EntryPoint CALL :無法從傳輸連接讀取資料: 連線嘗試失敗，因為連線對象有一段時間並未正確回應，或是連線建立失敗，因為連線的主機無法回應。?","凱基II API 錯誤,帳號 (全部) 2018/07/02 08:56:05 斷線-P:ReceiveThread_EntryPoint CALL :無法從傳輸連接讀取資料: 連線嘗試失敗，因為連線對象有一段時間並未正確回應，或是連線建立失敗，因為連線的主機無法回應。?"
1645876f666cbc1a,2018/07/02 8:49:08,2018/07/02 8:49:00,TCA,KGI,10667,add_long,1,4,5,normal,,"2018/07/02 08:49:00 ""10667"" 加碼多單目前倉位：+5 之前倉位：4 KGI(小型台指) 倍數：1, 本次下單：1 , 帳戶實際倉位：5 , 總倉位：5 TCA"
16434b4623109086,2018/06/25 10:09:53,2018/06/25 10:09:45,TCA,KGI,10606,reduce_long,-1,5,4,normal,,"2018/06/25 10:09:45 ""10606"" 減碼多單目前倉位：+4 之前倉位：5 KGI(小型台指) 倍數：1, 本次下單：-1 , 帳戶實際倉位：4 , 總倉位：4 TCA"
164346a7350b6494,2018/06/25 8:49:08,2018/06/25 8:49:00,TCA,KGI,10618,add_long,1,4,5,normal,,"2018/06/25 08:49:00 ""10618"" 加碼多單目前倉位：+5 之前倉位：4 KGI(小型台指) 倍數：1, 本次下單：1 , 帳戶實際倉位：5 , 總倉位：5 TCA"
1642575740918fd4,2018/06/22 11:06:50,2018/06/22 11:06:42,TCA,KGI,10679,reduce_long,-1,5,4,normal,,"2018/06/22 11:06:42 ""10679"" 減碼多單目前倉位：+4 之前倉位：5 KGI(小型台指) 倍數：1, 本次下單：-1 , 帳戶實際倉位：4 , 總倉位：4 TCA"
1641ba61f3f0c3f3,2018/06/20 13:23:48,2018/06/20 13:23:45,,,,,0,0,0,error,KGI 開始自動轉倉 2018/06/20 13:23:45 KGI-小型台指5口 開始自動轉倉至2018/07。,KGI 開始自動轉倉 2018/06/20 13:23:45 KGI-小型台指5口 開始自動轉倉至2018/07。
16415c2884f448b4,2018/06/19 9:57:07,2018/06/19 9:57:00,TCA,KGI,10906,reduce_long,-1,6,5,normal,,"2018/06/19 09:57:00 ""10906"" 減碼多單目前倉位：+5 之前倉位：6 KGI(小型台指) 倍數：1, 本次下單：-1 , 帳戶實際倉位：5 , 總倉位：5 TCA"
16415ac9066b3855,2018/06/19 9:33:07,2018/06/19 9:33:00,TCA,KGI,10955,add_long,1,5,6,normal,,"2018/06/19 09:33:00 ""10955"" 加碼多單目前倉位：+6 之前倉位：5 KGI(小型台指) 倍數：1, 本次下單：1 , 帳戶實際倉位：6 , 總倉位：6 TCA"
16415a19882d7bae,2018/06/19 9:21:08,2018/06/19 9:21:00,TCA,KGI,10934,reduce_long,-1,6,5,normal,,"2018/06/19 09:21:00 ""10934"" 減碼多單目前倉位：+5 之前倉位：6 KGI(小型台指) 倍數：1, 本次下單：-1 , 帳戶實際倉位：5 , 總倉位：5 TCA"
16410b693fcbc43f,2018/06/18 10:25:56,2018/06/18 10:25:54,,,,,0,0,0,error,"凱基II API 錯誤,帳號 (全部) 2018/06/18 10:25:54 斷線-P:ReceiveThread_EntryPoint CALL :無法從傳輸連接讀取資料: 遠端主機已強制關閉一個現存的連線。?","凱基II API 錯誤,帳號 (全部) 2018/06/18 10:25:54 斷線-P:ReceiveThread_EntryPoint CALL :無法從傳輸連接讀取資料: 遠端主機已強制關閉一個現存的連線。?"
16401e7945f84042,2018/06/15 13:25:10,2018/06/15 13:25:02,TCA,KGI,11051,add_long,1,5,6,normal,,"2018/06/15 13:25:02 ""11051"" 加碼多單目前倉位：+6 之前倉位：5 KGI(小型台指) 倍數：1, 本次下單：1 , 帳戶實際倉位：6 , 總倉位：6 TCA"
163fcd0b45713e56,2018/06/14 13:42:04,2018/06/14 13:41:56,TCA,KGI,10987,reduce_long,-1,6,5,normal,,"2018/06/14 13:41:56 ""10987"" 減碼多單目前倉位：+5 之前倉位：6 KGI(小型台指) 倍數：1, 本次下單：-1 , 帳戶實際倉位：5 , 總倉位：5 TCA"
163fbcfbcaa78a7a,2018/06/14 9:01:24,2018/06/14 9:01:21,,,,,0,0,0,error,"凱基II API 錯誤,帳號 (全部) 2018/06/14 09:01:21 斷線-P:ReceiveThread_EntryPoint CALL :無法從傳輸連接讀取資料: 遠端主機已強制關閉一個現存的連線。?","凱基II API 錯誤,帳號 (全部) 2018/06/14 09:01:21 斷線-P:ReceiveThread_EntryPoint CALL :無法從傳輸連接讀取資料: 遠端主機已強制關閉一個現存的連線。?"
163f75f74be8321b,2018/06/13 12:20:17,2018/06/13 12:20:14,,,,,0,0,0,error,<發生錯誤> 2018/06/13 12:20:14 TEST 策略價格，超過 30 分鐘未跳動，請儘快處理。,<發生錯誤> 2018/06/13 12:20:14 TEST 策略價格，超過 30 分鐘未跳動，請儘快處理。
163f75635ab99e1f,2018/06/13 12:10:11,2018/06/13 12:10:08,,,,,0,0,0,error,<發生錯誤> 2018/06/13 12:10:08 TEST 策略價格，超過 20 分鐘未跳動，請儘快處理。,<發生錯誤> 2018/06/13 12:10:08 TEST 策略價格，超過 20 分鐘未跳動，請儘快處理。
163f74cf46eb571e,2018/06/13 12:00:05,2018/06/13 12:00:01,,,,,0,0,0,error,<發生錯誤> 2018/06/13 12:00:01 TEST 策略價格，超過 10 分鐘未跳動，請儘快處理。,<發生錯誤> 2018/06/13 12:00:01 TEST 策略價格，超過 10 分鐘未跳動，請儘快處理。
163dd0e2bbc927f9,2018/06/08 9:41:22,2018/06/08 9:41:14,TCA,KGI,11188,reduce_long,-1,7,6,normal,,"2018/06/08 09:41:14 ""11188"" 減碼多單目前倉位：+6 之前倉位：7 KGI(小型台指) 倍數：1, 本次下單：-1 , 帳戶實際倉位：6 , 總倉位：6 TCA"
163dcfba1dea599f,2018/06/08 9:21:07,2018/06/08 9:21:00,TCA,KGI,11203,add_long,1,6,7,normal,,"2018/06/08 09:21:00 ""11203"" 加碼多單目前倉位：+7 之前倉位：6 KGI(小型台指) 倍數：1, 本次下單：1 , 帳戶實際倉位：7 , 總倉位：7 TCA"
163dcf1925551d6a,2018/06/08 9:10:08,2018/06/08 9:10:00,TCA,KGI,11186,reduce_long,-1,7,6,normal,,"2018/06/08 09:10:00 ""11186"" 減碼多單目前倉位：+6 之前倉位：7 KGI(小型台指) 倍數：1, 本次下單：-1 , 帳戶實際倉位：6 , 總倉位：6 TCA"
163d871225d08ea4,2018/06/07 12:11:22,2018/06/07 12:11:14,TCA,KGI,11192,add_long,1,6,7,normal,,"2018/06/07 12:11:14 ""11192"" 加碼多單目前倉位：+7 之前倉位：6 KGI(小型台指) 倍數：1, 本次下單：1 , 帳戶實際倉位：7 , 總倉位：7 TCA"
163d85ff83d12d5b,2018/06/07 11:52:37,2018/06/07 11:52:29,TCA,KGI,11181,reduce_long,-1,7,6,normal,,"2018/06/07 11:52:29 ""11181"" 減碼多單目前倉位：+6 之前倉位：7 KGI(小型台指) 倍數：1, 本次下單：-1 , 帳戶實際倉位：6 , 總倉位：6 TCA"
163d83da71fb4c20,2018/06/07 11:15:08,2018/06/07 11:14:59,TCA,KGI,11191,add_long,1,6,7,normal,,"2018/06/07 11:14:59 ""11191"" 加碼多單目前倉位：+7 之前倉位：6 KGI(小型台指) 倍數：1, 本次下單：1 , 帳戶實際倉位：7 , 總倉位：7 TCA"
163d81b5110aaf05,2018/06/07 10:37:38,2018/06/07 10:37:30,TCA,KGI,11183,reduce_long,-1,7,6,normal,,"2018/06/07 10:37:30 ""11183"" 減碼多單目前倉位：+6 之前倉位：7 KGI(小型台指) 倍數：1, 本次下單：-1 , 帳戶實際倉位：6 , 總倉位：6 TCA"
163d7c3bf4ae0562,2018/06/07 9:01:59,2018/06/07 9:01:56,,,,,0,0,0,error,"凱基II API 錯誤,帳號 (全部) 2018/06/07 09:01:56 斷線-P:ReceiveThread_EntryPoint CALL :無法從傳輸連接讀取資料: 連線嘗試失敗，因為連線對象有一段時間並未正確回應，或是連線建立失敗，因為連線的主機無法回應。?","凱基II API 錯誤,帳號 (全部) 2018/06/07 09:01:56 斷線-P:ReceiveThread_EntryPoint CALL :無法從傳輸連接讀取資料: 連線嘗試失敗，因為連線對象有一段時間並未正確回應，或是連線建立失敗，因為連線的主機無法回應。?"
163d37e4b68e8ccf,2018/06/06 13:07:38,2018/06/06 13:07:29,TCA,KGI,11202,add_long,1,6,7,normal,,"2018/06/06 13:07:29 ""11202"" 加碼多單目前倉位：+7 之前倉位：6 KGI(小型台指) 倍數：1, 本次下單：1 , 帳戶實際倉位：7 , 總倉位：7 TCA"
163cd6b42819c7cc,2018/06/05 8:49:08,2018/06/05 8:49:00,TCA,KGI,11115,add_long,1,5,6,normal,,"2018/06/05 08:49:00 ""11115"" 加碼多單目前倉位：+6 之前倉位：5 KGI(小型台指) 倍數：1, 本次下單：1 , 帳戶實際倉位：6 , 總倉位：6 TCA"
163c94b93deb9c57,2018/06/04 13:36:02,2018/06/04 13:35:59,,,,,0,0,0,error,<發生錯誤> 2018/06/04 13:35:59 TEST 策略價格，超過 10 分鐘未跳動，請儘快處理。,<發生錯誤> 2018/06/04 13:35:59 TEST 策略價格，超過 10 分鐘未跳動，請儘快處理。
163b4b403d49b950,2018/05/31 13:38:05,2018/05/31 13:37:56,TCA,KGI,10862,add_long,1,4,5,normal,,"2018/05/31 13:37:56 ""10862"" 加碼多單目前倉位：+5 之前倉位：4 KGI(小型台指) 倍數：1, 本次下單：1 , 帳戶實際倉位：5 , 總倉位：5 TCA"
163b43d58aa2ae78,2018/05/31 11:28:28,2018/05/31 11:28:21,TCA,KGI,10832,reduce_long,-1,5,4,normal,,"2018/05/31 11:28:21 ""10832"" 減碼多單目前倉位：+4 之前倉位：5 KGI(小型台指) 倍數：1, 本次下單：-1 , 帳戶實際倉位：4 , 總倉位：4 TCA"
163b3ccc76ec900a,2018/05/31 9:25:31,2018/05/31 9:25:23,TCA,KGI,10829,add_long,1,4,5,normal,,"2018/05/31 09:25:23 ""10829"" 加碼多單目前倉位：+5 之前倉位：4 KGI(小型台指) 倍數：1, 本次下單：1 , 帳戶實際倉位：5 , 總倉位：5 TCA"
163b3ab7db3405d7,2018/05/31 8:49:09,2018/05/31 8:49:00,TCA,KGI,10841,reduce_long,-1,5,4,normal,,"2018/05/31 08:49:00 ""10841"" 減碼多單目前倉位：+4 之前倉位：5 KGI(小型台指) 倍數：1, 本次下單：-1 , 帳戶實際倉位：4 , 總倉位：4 TCA"
1638594a075f74bc,2018/05/22 10:01:39,2018/05/22 10:01:31,TCA,KGI,10941,reduce_long,-1,6,5,normal,,"2018/05/22 10:01:31 ""10941"" 減碼多單目前倉位：+5 之前倉位：6 KGI(小型台指) 倍數：1, 本次下單：-1 , 帳戶實際倉位：5 , 總倉位：5 TCA"
163857545d499825,2018/05/22 9:27:23,2018/05/22 9:27:15,TCA,KGI,10974,add_long,1,5,6,normal,,"2018/05/22 09:27:15 ""10974"" 加碼多單目前倉位：+6 之前倉位：5 KGI(小型台指) 倍數：1, 本次下單：1 , 帳戶實際倉位：6 , 總倉位：6 TCA"
1636767a68e58d17,2018/05/16 13:23:54,2018/05/16 13:23:45,,,,,0,0,0,error,KGI 開始自動轉倉 2018/05/16 13:23:45 KGI-小型台指5口 開始自動轉倉至2018/06。,KGI 開始自動轉倉 2018/05/16 13:23:45 KGI-小型台指5口 開始自動轉倉至2018/06。
16363e24b2ee4715,2018/05/15 20:59:25,,,,,,0,0,0,normal,,您好 我想請問的是奇狐可以收你們報價來看盤嗎？？ 怎設定？？ 謝謝 TOUCHANCE 會員中心 <tccc@touchance.com> 於 2018年5月15日 週二 上午10:53寫道： 您好 請參考使用手冊，XBridge設定說明 http://tc26.touchance.com.tw/download_file/broker/TOUCHANCE%E6%93%8D%E4%BD%
16361d66bf2ef26f,2018/05/15 11:27:11,2018/05/15 11:26:59,TCA,KGI,10890,reduce_long,-1,6,5,normal,,"2018/05/15 11:26:59 ""10890"" 減碼多單目前倉位：+5 之前倉位：6 KGI(小型台指) 倍數：1, 本次下單：-1 , 帳戶實際倉位：5 , 總倉位：5 TCA"
16361b735a71b65f,2018/05/15 10:53:05,,,,,,0,0,0,normal,,您好 請參考使用手冊，XBridge設定說明 http://tc26.touchance.com.tw/download_file/broker/TOUCHANCE%E6%93%8D%E4%BD%9C%E6%89%8B%E5%86%8A.pdf Reco <reco.fu@gmail.com> 於 2018年5月15日 上午10:30 寫道： 您好： 不好意思，我想問TOUCHANCE訊
16361a2b0360ac9d,2018/05/15 10:30:46,,,,,,0,0,0,normal,,您好： 不好意思，我想問TOUCHANCE訊源是如何餵給奇狐接收的呢，有沒設定說明? 謝謝 TOUCHANCE 會員中心 <tccc@touchance.com> 於 2018年5月15日 週二 上午8:26寫道： 您好 TOUCHANCE 2.6提供台灣期貨交易所報價，外期報價授權由合作券商開通。 您指的是奇狐嗎?我們提供文字檔輸出下單，請參考使用手冊XBridge設定，謝謝。
1636145b8f3210ca,2018/05/15 8:49:08,2018/05/15 8:48:56,TCA,KGI,10949,add_long,1,5,6,normal,,"2018/05/15 08:48:56 ""10949"" 加碼多單目前倉位：+6 之前倉位：5 KGI(小型台指) 倍數：1, 本次下單：1 , 帳戶實際倉位：6 , 總倉位：6 TCA"
163613089c285023,2018/05/15 8:25:59,,,,,,0,0,0,normal,,您好 TOUCHANCE 2.6提供台灣期貨交易所報價，外期報價授權由合作券商開通。 您指的是奇狐嗎?我們提供文字檔輸出下單，請參考使用手冊XBridge設定，謝謝。 TOUCHANCE 客服中心 <tccc@touchance.com> 於 2018年5月14日 下午9:42 寫道： TOUCHANCE 線上諮詢 提問時間：2018-05-14 21:42:58 真實姓名：reco
1635c3d1e8f32db3,2018/05/14 9:21:38,2018/05/14 9:21:35,,,,,0,0,0,error,<發生錯誤> 2018/05/14 09:21:35 TEST 策略價格，超過 30 分鐘未跳動，請儘快處理。,<發生錯誤> 2018/05/14 09:21:35 TEST 策略價格，超過 30 分鐘未跳動，請儘快處理。
1635c3974819a75b,2018/05/14 9:17:38,2018/05/14 9:17:30,TCA,KGI,10923,reduce_long,-3,8,5,normal,,"2018/05/14 09:17:30 ""10923"" 減碼多單目前倉位：+5 之前倉位：8 KGI(小型台指) 倍數：1, 本次下單：0 , 帳戶實際倉位：5 , 總倉位：5 TCA"
1635c33e25830b4e,2018/05/14 9:11:33,2018/05/14 9:11:30,,,,,0,0,0,error,<發生錯誤> 2018/05/14 09:11:30 TEST 策略價格，超過 20 分鐘未跳動，請儘快處理。,<發生錯誤> 2018/05/14 09:11:30 TEST 策略價格，超過 20 分鐘未跳動，請儘快處理。
1635c2aa59e019b6,2018/05/14 9:01:27,2018/05/14 9:01:22,,,,,0,0,0,error,<發生錯誤> 2018/05/14 09:01:22 TEST 策略價格，超過 10 分鐘未跳動，請儘快處理。,<發生錯誤> 2018/05/14 09:01:22 TEST 策略價格，超過 10 分鐘未跳動，請儘快處理。
16358524e04287c7,2018/05/13 15:06:18,2018/05/13 15:06:15,TCA,,8765,,2,-1,1,normal,,"2018/05/13 15:06:15.746 ""8765"" 多單進場目前倉位：1 之前倉位：-1 帳戶 (台指12345) 倍數：2, 本次下單：4 , 帳戶實際倉位：2 , 總倉位：-5 帳戶 (台指67890) 倍數：1, 本次下單：2 , 帳戶實際倉位：1 , 總倉位：2 TCA"
1631bf6e5467f8b1,2018/05/01 21:49:15,,,,,,0,0,0,normal,,下單大師 - 下載專區 瀏覽 自動下單機 下單大師更新補丁 各家期貨-外掛套件 萬用 API 及範例 自動下單機 含最新「安裝程式」 ć 下單大師Telegram傳訊.ppsx 檢視 下載 1621k 第 2 版 2016年11月22日 上午9:30 下單大師客服 ć 下單大師Telegram傳訊.ppt 檢視 下載 2226k 第 1 版 2017年9月28日 上午11:15 下單大師客服 ċ 
1630b2efacf90575,2018/04/28 15:36:57,2018/04/28 15:36:54,TCA,,8765,,2,-1,1,normal,,"2018/04/28 15:36:54.950 ""8765"" 多單進場目前倉位：1 之前倉位：-1 帳戶 (台指12345) 倍數：2, 本次下單：4 , 帳戶實際倉位：2 , 總倉位：-5 帳戶 (台指67890) 倍數：1, 本次下單：2 , 帳戶實際倉位：1 , 總倉位：2 TCA"
15b0d5205b57917d,2017/03/27 9:12:02,2017/03/27 9:11:57,,,,,0,0,0,error,<發生錯誤> 2017/03/27 09:11:57 TEST 策略價格，超過 10 分鐘未跳動，請儘快處理。,<發生錯誤> 2017/03/27 09:11:57 TEST 策略價格，超過 10 分鐘未跳動，請儘快處理。
15b031d5e2385f74,2017/03/25 9:38:23,2017/03/25 9:38:19,,,,,0,0,0,error,"凱基II API 錯誤,帳號 (全部) 2017/03/25 09:38:19 連線失敗-連線失敗:itrade.kgi.com.tw 800 itrade.kgi.com.tw:8000","凱基II API 錯誤,帳號 (全部) 2017/03/25 09:38:19 連線失敗-連線失敗:itrade.kgi.com.tw 800 itrade.kgi.com.tw:8000"
15b031cd177ab039,2017/03/25 9:37:48,2017/03/25 9:37:44,,,,,0,0,0,error,"凱基II API 錯誤,帳號 (全部) 2017/03/25 09:37:44 連線失敗-連線失敗:itrade.kgi.com.tw 800 itrade.kgi.com.tw:8000","凱基II API 錯誤,帳號 (全部) 2017/03/25 09:37:44 連線失敗-連線失敗:itrade.kgi.com.tw 800 itrade.kgi.com.tw:8000"
15b031c4c5b45dfb,2017/03/25 9:37:13,2017/03/25 9:37:09,,,,,0,0,0,error,"凱基II API 錯誤,帳號 (全部) 2017/03/25 09:37:09 連線失敗-連線失敗:itrade.kgi.com.tw 800 itrade.kgi.com.tw:8000","凱基II API 錯誤,帳號 (全部) 2017/03/25 09:37:09 連線失敗-連線失敗:itrade.kgi.com.tw 800 itrade.kgi.com.tw:8000"
15b031bc39fbcbe0,2017/03/25 9:36:38,2017/03/25 9:36:34,,,,,0,0,0,error,"凱基II API 錯誤,帳號 (全部) 2017/03/25 09:36:34 連線失敗-連線失敗:itrade.kgi.com.tw 800 itrade.kgi.com.tw:8000","凱基II API 錯誤,帳號 (全部) 2017/03/25 09:36:34 連線失敗-連線失敗:itrade.kgi.com.tw 800 itrade.kgi.com.tw:8000"
15b031b9c267c913,2017/03/25 9:36:29,2017/03/25 9:36:25,,,,,0,0,0,error,<發生錯誤> 2017/03/25 09:36:25 凱基II API 斷線一分鐘以上，無法登入下單，請儘快處理。,<發生錯誤> 2017/03/25 09:36:25 凱基II API 斷線一分鐘以上，無法登入下單，請儘快處理。
15b031b19ed6a8ae,2017/03/25 9:35:55,2017/03/25 9:35:51,,,,,0,0,0,error,"凱基II API 錯誤,帳號 (全部) 2017/03/25 09:35:51 連線失敗-連線失敗:itrade.kgi.com.tw 800 itrade.kgi.com.tw:8000","凱基II API 錯誤,帳號 (全部) 2017/03/25 09:35:51 連線失敗-連線失敗:itrade.kgi.com.tw 800 itrade.kgi.com.tw:8000"
15b031a5429ac386,2017/03/25 9:35:04,2017/03/25 9:35:00,,,,,0,0,0,error,"凱基II API 錯誤,帳號 (全部) 2017/03/25 09:35:00 連線失敗-連線失敗:itrade.kgi.com.tw 800 itrade.kgi.com.tw:8000","凱基II API 錯誤,帳號 (全部) 2017/03/25 09:35:00 連線失敗-連線失敗:itrade.kgi.com.tw 800 itrade.kgi.com.tw:8000"
15b0319b5c394563,2017/03/25 9:34:24,2017/03/25 9:34:20,,,,,0,0,0,error,"凱基II API 錯誤,帳號 (全部) 2017/03/25 09:34:20 連線失敗-連線失敗:itrade.kgi.com.tw 800 itrade.kgi.com.tw:8000","凱基II API 錯誤,帳號 (全部) 2017/03/25 09:34:20 連線失敗-連線失敗:itrade.kgi.com.tw 800 itrade.kgi.com.tw:8000"
15b031918f3f1bce,2017/03/25 9:33:45,2017/03/25 9:33:40,,,,,0,0,0,error,"凱基II API 錯誤,帳號 (全部) 2017/03/25 09:33:40 連線失敗-連線失敗:itrade.kgi.com.tw 800 itrade.kgi.com.tw:8000","凱基II API 錯誤,帳號 (全部) 2017/03/25 09:33:40 連線失敗-連線失敗:itrade.kgi.com.tw 800 itrade.kgi.com.tw:8000"
15b0318f8ab4f3ae,2017/03/25 9:33:35,2017/03/25 9:33:30,,,,,0,0,0,error,<發生錯誤> 2017/03/25 09:33:30 凱基II API 斷線一分鐘以上，無法登入下單，請儘快處理。,<發生錯誤> 2017/03/25 09:33:30 凱基II API 斷線一分鐘以上，無法登入下單，請儘快處理。
15b031848c8fef2e,2017/03/25 9:32:51,2017/03/25 9:32:46,,,,,0,0,0,error,"凱基II API 錯誤,帳號 (全部) 2017/03/25 09:32:46 連線失敗-連線失敗:itrade.kgi.com.tw 800 itrade.kgi.com.tw:8000","凱基II API 錯誤,帳號 (全部) 2017/03/25 09:32:46 連線失敗-連線失敗:itrade.kgi.com.tw 800 itrade.kgi.com.tw:8000"
15b0317ace410ed0,2017/03/25 9:32:10,2017/03/25 9:32:06,,,,,0,0,0,error,"凱基II API 錯誤,帳號 (全部) 2017/03/25 09:32:06 連線失敗-連線失敗:itrade.kgi.com.tw 800 itrade.kgi.com.tw:8000","凱基II API 錯誤,帳號 (全部) 2017/03/25 09:32:06 連線失敗-連線失敗:itrade.kgi.com.tw 800 itrade.kgi.com.tw:8000"
15b0317107200b06,2017/03/25 9:31:30,2017/03/25 9:31:26,,,,,0,0,0,error,"凱基II API 錯誤,帳號 (全部) 2017/03/25 09:31:26 連線失敗-連線失敗:itrade.kgi.com.tw 800 itrade.kgi.com.tw:8000","凱基II API 錯誤,帳號 (全部) 2017/03/25 09:31:26 連線失敗-連線失敗:itrade.kgi.com.tw 800 itrade.kgi.com.tw:8000"
15b03168f2a47958,2017/03/25 9:30:52,2017/03/25 9:30:46,,,,,0,0,0,error,"凱基II API 錯誤,帳號 (全部) 2017/03/25 09:30:46 連線失敗-連線失敗:itrade.kgi.com.tw 800 itrade.kgi.com.tw:8000","凱基II API 錯誤,帳號 (全部) 2017/03/25 09:30:46 連線失敗-連線失敗:itrade.kgi.com.tw 800 itrade.kgi.com.tw:8000"
15b0316505ef659a,2017/03/25 9:30:41,2017/03/25 9:30:37,,,,,0,0,0,error,<發生錯誤> 2017/03/25 09:30:37 凱基II API 斷線一分鐘以上，無法登入下單，請儘快處理。,<發生錯誤> 2017/03/25 09:30:37 凱基II API 斷線一分鐘以上，無法登入下單，請儘快處理。
15b0315cd1932438,2017/03/25 9:30:07,2017/03/25 9:30:03,,,,,0,0,0,error,"凱基II API 錯誤,帳號 (全部) 2017/03/25 09:30:03 連線失敗-連線失敗:itrade.kgi.com.tw 800 itrade.kgi.com.tw:8000","凱基II API 錯誤,帳號 (全部) 2017/03/25 09:30:03 連線失敗-連線失敗:itrade.kgi.com.tw 800 itrade.kgi.com.tw:8000"
15b031542cd0c932,2017/03/25 9:29:32,2017/03/25 9:29:28,,,,,0,0,0,error,"凱基II API 錯誤,帳號 (全部) 2017/03/25 09:29:28 連線失敗-連線失敗:itrade.kgi.com.tw 800 itrade.kgi.com.tw:8000","凱基II API 錯誤,帳號 (全部) 2017/03/25 09:29:28 連線失敗-連線失敗:itrade.kgi.com.tw 800 itrade.kgi.com.tw:8000"
15b0314bb16370ec,2017/03/25 9:28:58,2017/03/25 9:28:53,,,,,0,0,0,error,"凱基II API 錯誤,帳號 (全部) 2017/03/25 09:28:53 連線失敗-連線失敗:itrade.kgi.com.tw 800 itrade.kgi.com.tw:8000","凱基II API 錯誤,帳號 (全部) 2017/03/25 09:28:53 連線失敗-連線失敗:itrade.kgi.com.tw 800 itrade.kgi.com.tw:8000"
15b031422e9fbade,2017/03/25 9:28:17,2017/03/25 9:28:13,,,,,0,0,0,error,"凱基II API 錯誤,帳號 (全部) 2017/03/25 09:28:13 連線失敗-連線失敗:itrade.kgi.com.tw 800 itrade.kgi.com.tw:8000","凱基II API 錯誤,帳號 (全部) 2017/03/25 09:28:13 連線失敗-連線失敗:itrade.kgi.com.tw 800 itrade.kgi.com.tw:8000"
15b0313f6bbe4b33,2017/03/25 9:28:08,2017/03/25 9:28:04,,,,,0,0,0,error,<發生錯誤> 2017/03/25 09:28:04 凱基II API 斷線一分鐘以上，無法登入下單，請儘快處理。,<發生錯誤> 2017/03/25 09:28:04 凱基II API 斷線一分鐘以上，無法登入下單，請儘快處理。
15b03137610f7af1,2017/03/25 9:27:34,2017/03/25 9:27:30,,,,,0,0,0,error,"凱基II API 錯誤,帳號 (全部) 2017/03/25 09:27:30 連線失敗-連線失敗:itrade.kgi.com.tw 800 itrade.kgi.com.tw:8000","凱基II API 錯誤,帳號 (全部) 2017/03/25 09:27:30 連線失敗-連線失敗:itrade.kgi.com.tw 800 itrade.kgi.com.tw:8000"
15b0312b3e77ad88,2017/03/25 9:26:44,2017/03/25 9:26:39,,,,,0,0,0,error,"凱基II API 錯誤,帳號 (全部) 2017/03/25 09:26:39 連線失敗-連線失敗:itrade.kgi.com.tw 800 itrade.kgi.com.tw:8000","凱基II API 錯誤,帳號 (全部) 2017/03/25 09:26:39 連線失敗-連線失敗:itrade.kgi.com.tw 800 itrade.kgi.com.tw:8000"
15b03120e896a9ba,2017/03/25 9:26:03,2017/03/25 9:25:59,,,,,0,0,0,error,"凱基II API 錯誤,帳號 (全部) 2017/03/25 09:25:59 連線失敗-連線失敗:itrade.kgi.com.tw 800 itrade.kgi.com.tw:8000","凱基II API 錯誤,帳號 (全部) 2017/03/25 09:25:59 連線失敗-連線失敗:itrade.kgi.com.tw 800 itrade.kgi.com.tw:8000"
15b0311776f25bed,2017/03/25 9:25:23,2017/03/25 9:25:19,,,,,0,0,0,error,"凱基II API 錯誤,帳號 (全部) 2017/03/25 09:25:19 連線失敗-連線失敗:itrade.kgi.com.tw 800 itrade.kgi.com.tw:8000","凱基II API 錯誤,帳號 (全部) 2017/03/25 09:25:19 連線失敗-連線失敗:itrade.kgi.com.tw 800 itrade.kgi.com.tw:8000"
15b0311555537478,2017/03/25 9:25:15,2017/03/25 9:25:10,,,,,0,0,0,error,<發生錯誤> 2017/03/25 09:25:10 凱基II API 斷線一分鐘以上，無法登入下單，請儘快處理。,<發生錯誤> 2017/03/25 09:25:10 凱基II API 斷線一分鐘以上，無法登入下單，請儘快處理。
15b0310cab3d48de,2017/03/25 9:24:35,2017/03/25 9:24:31,,,,,0,0,0,error,"凱基II API 錯誤,帳號 (全部) 2017/03/25 09:24:31 連線失敗-連線失敗:itrade.kgi.com.tw 800 itrade.kgi.com.tw:8000","凱基II API 錯誤,帳號 (全部) 2017/03/25 09:24:31 連線失敗-連線失敗:itrade.kgi.com.tw 800 itrade.kgi.com.tw:8000"
15b03101ed25e313,2017/03/25 9:23:55,2017/03/25 9:23:51,,,,,0,0,0,error,"凱基II API 錯誤,帳號 (全部) 2017/03/25 09:23:51 連線失敗-連線失敗:itrade.kgi.com.tw 800 itrade.kgi.com.tw:8000","凱基II API 錯誤,帳號 (全部) 2017/03/25 09:23:51 連線失敗-連線失敗:itrade.kgi.com.tw 800 itrade.kgi.com.tw:8000"
15b030f96a4e6b23,2017/03/25 9:23:21,2017/03/25 9:23:16,,,,,0,0,0,error,"凱基II API 錯誤,帳號 (全部) 2017/03/25 09:23:16 連線失敗-連線失敗:itrade.kgi.com.tw 800 itrade.kgi.com.tw:8000","凱基II API 錯誤,帳號 (全部) 2017/03/25 09:23:16 連線失敗-連線失敗:itrade.kgi.com.tw 800 itrade.kgi.com.tw:8000"
15b030f0b3f20f3d,2017/03/25 9:22:45,2017/03/25 9:22:41,,,,,0,0,0,error,"凱基II API 錯誤,帳號 (全部) 2017/03/25 09:22:41 連線失敗-連線失敗:itrade.kgi.com.tw 800 itrade.kgi.com.tw:8000","凱基II API 錯誤,帳號 (全部) 2017/03/25 09:22:41 連線失敗-連線失敗:itrade.kgi.com.tw 800 itrade.kgi.com.tw:8000"
15b030ee67c0de4f,2017/03/25 9:22:36,2017/03/25 9:22:32,,,,,0,0,0,error,<發生錯誤> 2017/03/25 09:22:32 凱基II API 斷線一分鐘以上，無法登入下單，請儘快處理。,<發生錯誤> 2017/03/25 09:22:32 凱基II API 斷線一分鐘以上，無法登入下單，請儘快處理。
15b030e4efb7695b,2017/03/25 9:21:57,2017/03/25 9:21:53,,,,,0,0,0,error,"凱基II API 錯誤,帳號 (全部) 2017/03/25 09:21:53 連線失敗-連線失敗:itrade.kgi.com.tw 800 itrade.kgi.com.tw:8000","凱基II API 錯誤,帳號 (全部) 2017/03/25 09:21:53 連線失敗-連線失敗:itrade.kgi.com.tw 800 itrade.kgi.com.tw:8000"
15b030d9e9f3618d,2017/03/25 9:21:12,2017/03/25 9:21:08,,,,,0,0,0,error,"凱基II API 錯誤,帳號 (全部) 2017/03/25 09:21:08 連線失敗-連線失敗:itrade.kgi.com.tw 800 itrade.kgi.com.tw:8000","凱基II API 錯誤,帳號 (全部) 2017/03/25 09:21:08 連線失敗-連線失敗:itrade.kgi.com.tw 800 itrade.kgi.com.tw:8000"
15b030cfe039d7f4,2017/03/25 9:20:31,2017/03/25 9:20:27,,,,,0,0,0,error,"凱基II API 錯誤,帳號 (全部) 2017/03/25 09:20:27 連線失敗-連線失敗:itrade.kgi.com.tw 800 itrade.kgi.com.tw:8000","凱基II API 錯誤,帳號 (全部) 2017/03/25 09:20:27 連線失敗-連線失敗:itrade.kgi.com.tw 800 itrade.kgi.com.tw:8000"
15b030c6b2913328,2017/03/25 9:19:51,2017/03/25 9:19:47,,,,,0,0,0,error,"凱基II API 錯誤,帳號 (全部) 2017/03/25 09:19:47 連線失敗-連線失敗:itrade.kgi.com.tw 800 itrade.kgi.com.tw:8000","凱基II API 錯誤,帳號 (全部) 2017/03/25 09:19:47 連線失敗-連線失敗:itrade.kgi.com.tw 800 itrade.kgi.com.tw:8000"
15b030c3f55cbaaf,2017/03/25 9:19:42,2017/03/25 9:19:38,,,,,0,0,0,error,<發生錯誤> 2017/03/25 09:19:38 凱基II API 斷線一分鐘以上，無法登入下單，請儘快處理。,<發生錯誤> 2017/03/25 09:19:38 凱基II API 斷線一分鐘以上，無法登入下單，請儘快處理。
15b030ba69a3fdc2,2017/03/25 9:19:03,2017/03/25 9:18:59,,,,,0,0,0,error,"凱基II API 錯誤,帳號 (全部) 2017/03/25 09:18:59 連線失敗-連線失敗:itrade.kgi.com.tw 800 itrade.kgi.com.tw:8000","凱基II API 錯誤,帳號 (全部) 2017/03/25 09:18:59 連線失敗-連線失敗:itrade.kgi.com.tw 800 itrade.kgi.com.tw:8000"
15b030b0bf9e4543,2017/03/25 9:18:23,2017/03/25 9:18:19,,,,,0,0,0,error,"凱基II API 錯誤,帳號 (全部) 2017/03/25 09:18:19 連線失敗-連線失敗:itrade.kgi.com.tw 800 itrade.kgi.com.tw:8000","凱基II API 錯誤,帳號 (全部) 2017/03/25 09:18:19 連線失敗-連線失敗:itrade.kgi.com.tw 800 itrade.kgi.com.tw:8000"
15b030a6f36882c9,2017/03/25 9:17:43,2017/03/25 9:17:39,,,,,0,0,0,error,"凱基II API 錯誤,帳號 (全部) 2017/03/25 09:17:39 連線失敗-連線失敗:itrade.kgi.com.tw 800 itrade.kgi.com.tw:8000","凱基II API 錯誤,帳號 (全部) 2017/03/25 09:17:39 連線失敗-連線失敗:itrade.kgi.com.tw 800 itrade.kgi.com.tw:8000"
15b0309e55e1a19d,2017/03/25 9:17:08,2017/03/25 9:17:04,,,,,0,0,0,error,"凱基II API 錯誤,帳號 (全部) 2017/03/25 09:17:04 連線失敗-連線失敗:itrade.kgi.com.tw 800 itrade.kgi.com.tw:8000","凱基II API 錯誤,帳號 (全部) 2017/03/25 09:17:04 連線失敗-連線失敗:itrade.kgi.com.tw 800 itrade.kgi.com.tw:8000"
15b0309c2e261101,2017/03/25 9:16:59,2017/03/25 9:16:55,,,,,0,0,0,error,<發生錯誤> 2017/03/25 09:16:55 凱基II API 斷線一分鐘以上，無法登入下單，請儘快處理。,<發生錯誤> 2017/03/25 09:16:55 凱基II API 斷線一分鐘以上，無法登入下單，請儘快處理。
15b03093d8afc101,2017/03/25 9:16:25,2017/03/25 9:16:21,,,,,0,0,0,error,"凱基II API 錯誤,帳號 (全部) 2017/03/25 09:16:21 連線失敗-連線失敗:itrade.kgi.com.tw 800 itrade.kgi.com.tw:8000","凱基II API 錯誤,帳號 (全部) 2017/03/25 09:16:21 連線失敗-連線失敗:itrade.kgi.com.tw 800 itrade.kgi.com.tw:8000"
15b0308b58b87728,2017/03/25 9:15:45,2017/03/25 9:15:41,,,,,0,0,0,error,"凱基II API 錯誤,帳號 (全部) 2017/03/25 09:15:41 連線失敗-連線失敗:itrade.kgi.com.tw 800 itrade.kgi.com.tw:8000","凱基II API 錯誤,帳號 (全部) 2017/03/25 09:15:41 連線失敗-連線失敗:itrade.kgi.com.tw 800 itrade.kgi.com.tw:8000"
15b0307e77d0eef4,2017/03/25 9:14:55,2017/03/25 9:14:50,,,,,0,0,0,error,"凱基II API 錯誤,帳號 (全部) 2017/03/25 09:14:50 連線失敗-連線失敗:itrade.kgi.com.tw 800 itrade.kgi.com.tw:8000","凱基II API 錯誤,帳號 (全部) 2017/03/25 09:14:50 連線失敗-連線失敗:itrade.kgi.com.tw 800 itrade.kgi.com.tw:8000"
15b03073fd12f4f5,2017/03/25 9:14:14,2017/03/25 9:14:10,,,,,0,0,0,error,"凱基II API 錯誤,帳號 (全部) 2017/03/25 09:14:10 連線失敗-連線失敗:itrade.kgi.com.tw 800 itrade.kgi.com.tw:8000","凱基II API 錯誤,帳號 (全部) 2017/03/25 09:14:10 連線失敗-連線失敗:itrade.kgi.com.tw 800 itrade.kgi.com.tw:8000"
15b03071ef677ab3,2017/03/25 9:14:06,2017/03/25 9:14:02,,,,,0,0,0,error,<發生錯誤> 2017/03/25 09:14:02 凱基II API 斷線一分鐘以上，無法登入下單，請儘快處理。,<發生錯誤> 2017/03/25 09:14:02 凱基II API 斷線一分鐘以上，無法登入下單，請儘快處理。
15b03069c981b141,2017/03/25 9:13:32,2017/03/25 9:13:28,,,,,0,0,0,error,"凱基II API 錯誤,帳號 (全部) 2017/03/25 09:13:28 連線失敗-連線失敗:itrade.kgi.com.tw 800 itrade.kgi.com.tw:8000","凱基II API 錯誤,帳號 (全部) 2017/03/25 09:13:28 連線失敗-連線失敗:itrade.kgi.com.tw 800 itrade.kgi.com.tw:8000"
15b0305dbf92b9f9,2017/03/25 9:12:42,2017/03/25 9:12:37,,,,,0,0,0,error,"凱基II API 錯誤,帳號 (全部) 2017/03/25 09:12:37 連線失敗-連線失敗:itrade.kgi.com.tw 800 itrade.kgi.com.tw:8000","凱基II API 錯誤,帳號 (全部) 2017/03/25 09:12:37 連線失敗-連線失敗:itrade.kgi.com.tw 800 itrade.kgi.com.tw:8000"
15b03053b867baa8,2017/03/25 9:12:01,2017/03/25 9:11:57,,,,,0,0,0,error,"凱基II API 錯誤,帳號 (全部) 2017/03/25 09:11:57 連線失敗-連線失敗:itrade.kgi.com.tw 800 itrade.kgi.com.tw:8000","凱基II API 錯誤,帳號 (全部) 2017/03/25 09:11:57 連線失敗-連線失敗:itrade.kgi.com.tw 800 itrade.kgi.com.tw:8000"
15b03049fe3cbdcd,2017/03/25 9:11:21,2017/03/25 9:11:17,,,,,0,0,0,error,"凱基II API 錯誤,帳號 (全部) 2017/03/25 09:11:17 連線失敗-連線失敗:itrade.kgi.com.tw 800 itrade.kgi.com.tw:8000","凱基II API 錯誤,帳號 (全部) 2017/03/25 09:11:17 連線失敗-連線失敗:itrade.kgi.com.tw 800 itrade.kgi.com.tw:8000"
15b03047be87fb07,2017/03/25 9:11:12,2017/03/25 9:11:08,,,,,0,0,0,error,<發生錯誤> 2017/03/25 09:11:08 凱基II API 斷線一分鐘以上，無法登入下單，請儘快處理。,<發生錯誤> 2017/03/25 09:11:08 凱基II API 斷線一分鐘以上，無法登入下單，請儘快處理。
15b0303e23eed99c,2017/03/25 9:10:33,2017/03/25 9:10:29,,,,,0,0,0,error,"凱基II API 錯誤,帳號 (全部) 2017/03/25 09:10:29 連線失敗-連線失敗:itrade.kgi.com.tw 800 itrade.kgi.com.tw:8000","凱基II API 錯誤,帳號 (全部) 2017/03/25 09:10:29 連線失敗-連線失敗:itrade.kgi.com.tw 800 itrade.kgi.com.tw:8000"
15b0303575e7bfe0,2017/03/25 9:09:58,2017/03/25 9:09:54,,,,,0,0,0,error,"凱基II API 錯誤,帳號 (全部) 2017/03/25 09:09:54 連線失敗-連線失敗:itrade.kgi.com.tw 800 itrade.kgi.com.tw:8000","凱基II API 錯誤,帳號 (全部) 2017/03/25 09:09:54 連線失敗-連線失敗:itrade.kgi.com.tw 800 itrade.kgi.com.tw:8000"
15b0302d10562600,2017/03/25 9:09:23,2017/03/25 9:09:19,,,,,0,0,0,error,"凱基II API 錯誤,帳號 (全部) 2017/03/25 09:09:19 連線失敗-連線失敗:itrade.kgi.com.tw 800 itrade.kgi.com.tw:8000","凱基II API 錯誤,帳號 (全部) 2017/03/25 09:09:19 連線失敗-連線失敗:itrade.kgi.com.tw 800 itrade.kgi.com.tw:8000"
15b0302446e7eeba,2017/03/25 9:08:48,2017/03/25 9:08:44,,,,,0,0,0,error,"凱基II API 錯誤,帳號 (全部) 2017/03/25 09:08:44 連線失敗-連線失敗:itrade.kgi.com.tw 800 itrade.kgi.com.tw:8000","凱基II API 錯誤,帳號 (全部) 2017/03/25 09:08:44 連線失敗-連線失敗:itrade.kgi.com.tw 800 itrade.kgi.com.tw:8000"
15b0302212258e06,2017/03/25 9:08:39,2017/03/25 9:08:35,,,,,0,0,0,error,<發生錯誤> 2017/03/25 09:08:35 凱基II API 斷線一分鐘以上，無法登入下單，請儘快處理。,<發生錯誤> 2017/03/25 09:08:35 凱基II API 斷線一分鐘以上，無法登入下單，請儘快處理。
15b03018d6610fb0,2017/03/25 9:08:00,2017/03/25 9:07:56,,,,,0,0,0,error,"凱基II API 錯誤,帳號 (全部) 2017/03/25 09:07:56 連線失敗-連線失敗:itrade.kgi.com.tw 800 itrade.kgi.com.tw:8000","凱基II API 錯誤,帳號 (全部) 2017/03/25 09:07:56 連線失敗-連線失敗:itrade.kgi.com.tw 800 itrade.kgi.com.tw:8000"
15b030101208b5f2,2017/03/25 9:07:25,2017/03/25 9:07:21,,,,,0,0,0,error,"凱基II API 錯誤,帳號 (全部) 2017/03/25 09:07:21 連線失敗-連線失敗:itrade.kgi.com.tw 800 itrade.kgi.com.tw:8000","凱基II API 錯誤,帳號 (全部) 2017/03/25 09:07:21 連線失敗-連線失敗:itrade.kgi.com.tw 800 itrade.kgi.com.tw:8000"
15b030076dfe9108,2017/03/25 9:06:50,2017/03/25 9:06:46,,,,,0,0,0,error,"凱基II API 錯誤,帳號 (全部) 2017/03/25 09:06:46 連線失敗-連線失敗:itrade.kgi.com.tw 800 itrade.kgi.com.tw:8000","凱基II API 錯誤,帳號 (全部) 2017/03/25 09:06:46 連線失敗-連線失敗:itrade.kgi.com.tw 800 itrade.kgi.com.tw:8000"
15b02ffee22a7fad,2017/03/25 9:06:15,2017/03/25 9:06:11,,,,,0,0,0,error,"凱基II API 錯誤,帳號 (全部) 2017/03/25 09:06:11 連線失敗-連線失敗:itrade.kgi.com.tw 800 itrade.kgi.com.tw:8000","凱基II API 錯誤,帳號 (全部) 2017/03/25 09:06:11 連線失敗-連線失敗:itrade.kgi.com.tw 800 itrade.kgi.com.tw:8000"
15b02ffca0b6eb06,2017/03/25 9:06:06,2017/03/25 9:06:02,,,,,0,0,0,error,<發生錯誤> 2017/03/25 09:06:02 凱基II API 斷線一分鐘以上，無法登入下單，請儘快處理。,<發生錯誤> 2017/03/25 09:06:02 凱基II API 斷線一分鐘以上，無法登入下單，請儘快處理。
15b02ff4a3e6d62b,2017/03/25 9:05:33,2017/03/25 9:05:28,,,,,0,0,0,error,"凱基II API 錯誤,帳號 (全部) 2017/03/25 09:05:28 連線失敗-連線失敗:itrade.kgi.com.tw 800 itrade.kgi.com.tw:8000","凱基II API 錯誤,帳號 (全部) 2017/03/25 09:05:28 連線失敗-連線失敗:itrade.kgi.com.tw 800 itrade.kgi.com.tw:8000"
15b02feab5f555c8,2017/03/25 9:04:52,2017/03/25 9:04:48,,,,,0,0,0,error,"凱基II API 錯誤,帳號 (全部) 2017/03/25 09:04:48 連線失敗-連線失敗:itrade.kgi.com.tw 800 itrade.kgi.com.tw:8000","凱基II API 錯誤,帳號 (全部) 2017/03/25 09:04:48 連線失敗-連線失敗:itrade.kgi.com.tw 800 itrade.kgi.com.tw:8000"
15b02fdfaa452f54,2017/03/25 9:04:07,2017/03/25 9:04:02,,,,,0,0,0,error,"凱基II API 錯誤,帳號 (全部) 2017/03/25 09:04:02 連線失敗-連線失敗:itrade.kgi.com.tw 800 itrade.kgi.com.tw:8000","凱基II API 錯誤,帳號 (全部) 2017/03/25 09:04:02 連線失敗-連線失敗:itrade.kgi.com.tw 800 itrade.kgi.com.tw:8000"
15b02fd5e2e10598,2017/03/25 9:03:27,2017/03/25 9:03:22,,,,,0,0,0,error,"凱基II API 錯誤,帳號 (全部) 2017/03/25 09:03:22 連線失敗-連線失敗:itrade.kgi.com.tw 800 itrade.kgi.com.tw:8000","凱基II API 錯誤,帳號 (全部) 2017/03/25 09:03:22 連線失敗-連線失敗:itrade.kgi.com.tw 800 itrade.kgi.com.tw:8000"
15b02fd3ba7ea6f4,2017/03/25 9:03:17,2017/03/25 9:03:12,,,,,0,0,0,error,<發生錯誤> 2017/03/25 09:03:12 凱基II API 斷線一分鐘以上，無法登入下單，請儘快處理。,<發生錯誤> 2017/03/25 09:03:12 凱基II API 斷線一分鐘以上，無法登入下單，請儘快處理。
15b02fc78ee58a96,2017/03/25 9:02:28,2017/03/25 9:02:23,,,,,0,0,0,error,"凱基II API 錯誤,帳號 (全部) 2017/03/25 09:02:23 連線失敗-連線失敗:itrade.kgi.com.tw 800 itrade.kgi.com.tw:8000","凱基II API 錯誤,帳號 (全部) 2017/03/25 09:02:23 連線失敗-連線失敗:itrade.kgi.com.tw 800 itrade.kgi.com.tw:8000"
15b02fbdd8ae2805,2017/03/25 9:01:47,2017/03/25 9:01:43,,,,,0,0,0,error,"凱基II API 錯誤,帳號 (全部) 2017/03/25 09:01:43 連線失敗-連線失敗:itrade.kgi.com.tw 800 itrade.kgi.com.tw:8000","凱基II API 錯誤,帳號 (全部) 2017/03/25 09:01:43 連線失敗-連線失敗:itrade.kgi.com.tw 800 itrade.kgi.com.tw:8000"
15b02fb3bea638d9,2017/03/25 9:01:07,2017/03/25 9:01:03,,,,,0,0,0,error,"凱基II API 錯誤,帳號 (全部) 2017/03/25 09:01:03 連線失敗-連線失敗:itrade.kgi.com.tw 800 itrade.kgi.com.tw:8000","凱基II API 錯誤,帳號 (全部) 2017/03/25 09:01:03 連線失敗-連線失敗:itrade.kgi.com.tw 800 itrade.kgi.com.tw:8000"
15b02faa3223d264,2017/03/25 9:00:27,2017/03/25 9:00:23,,,,,0,0,0,error,"凱基II API 錯誤,帳號 (全部) 2017/03/25 09:00:23 連線失敗-連線失敗:itrade.kgi.com.tw 800 itrade.kgi.com.tw:8000","凱基II API 錯誤,帳號 (全部) 2017/03/25 09:00:23 連線失敗-連線失敗:itrade.kgi.com.tw 800 itrade.kgi.com.tw:8000"
15b02fa840902378,2017/03/25 9:00:18,2017/03/25 9:00:14,,,,,0,0,0,error,<發生錯誤> 2017/03/25 09:00:14 凱基II API 斷線一分鐘以上，無法登入下單，請儘快處理。,<發生錯誤> 2017/03/25 09:00:14 凱基II API 斷線一分鐘以上，無法登入下單，請儘快處理。
15b02f9ffec37108,2017/03/25 8:59:44,2017/03/25 8:59:40,,,,,0,0,0,error,"凱基II API 錯誤,帳號 (全部) 2017/03/25 08:59:40 連線失敗-連線失敗:itrade.kgi.com.tw 800 itrade.kgi.com.tw:8000","凱基II API 錯誤,帳號 (全部) 2017/03/25 08:59:40 連線失敗-連線失敗:itrade.kgi.com.tw 800 itrade.kgi.com.tw:8000"
15b02f97349358b8,2017/03/25 8:59:09,2017/03/25 8:59:05,,,,,0,0,0,error,"凱基II API 錯誤,帳號 (全部) 2017/03/25 08:59:05 連線失敗-連線失敗:itrade.kgi.com.tw 800 itrade.kgi.com.tw:8000","凱基II API 錯誤,帳號 (全部) 2017/03/25 08:59:05 連線失敗-連線失敗:itrade.kgi.com.tw 800 itrade.kgi.com.tw:8000"
15b02f8e706a2611,2017/03/25 8:58:34,2017/03/25 8:58:30,,,,,0,0,0,error,"凱基II API 錯誤,帳號 (全部) 2017/03/25 08:58:30 連線失敗-連線失敗:itrade.kgi.com.tw 800 itrade.kgi.com.tw:8000","凱基II API 錯誤,帳號 (全部) 2017/03/25 08:58:30 連線失敗-連線失敗:itrade.kgi.com.tw 800 itrade.kgi.com.tw:8000"
15b02f861204f88e,2017/03/25 8:57:59,2017/03/25 8:57:55,,,,,0,0,0,error,"凱基II API 錯誤,帳號 (全部) 2017/03/25 08:57:55 連線失敗-連線失敗:itrade.kgi.com.tw 800 itrade.kgi.com.tw:8000","凱基II API 錯誤,帳號 (全部) 2017/03/25 08:57:55 連線失敗-連線失敗:itrade.kgi.com.tw 800 itrade.kgi.com.tw:8000"
15b02f83a4607ded,2017/03/25 8:57:49,2017/03/25 8:57:45,,,,,0,0,0,error,<發生錯誤> 2017/03/25 08:57:45 凱基II API 斷線一分鐘以上，無法登入下單，請儘快處理。,<發生錯誤> 2017/03/25 08:57:45 凱基II API 斷線一分鐘以上，無法登入下單，請儘快處理。
15b02f7ac1a30ada,2017/03/25 8:57:14,2017/03/25 8:57:07,,,,,0,0,0,error,"凱基II API 錯誤,帳號 (全部) 2017/03/25 08:57:07 連線失敗-連線失敗:itrade.kgi.com.tw 800 itrade.kgi.com.tw:8000","凱基II API 錯誤,帳號 (全部) 2017/03/25 08:57:07 連線失敗-連線失敗:itrade.kgi.com.tw 800 itrade.kgi.com.tw:8000"
15b02f70437c3971,2017/03/25 8:56:30,2017/03/25 8:56:26,,,,,0,0,0,error,"凱基II API 錯誤,帳號 (全部) 2017/03/25 08:56:26 連線失敗-連線失敗:itrade.kgi.com.tw 800 itrade.kgi.com.tw:8000","凱基II API 錯誤,帳號 (全部) 2017/03/25 08:56:26 連線失敗-連線失敗:itrade.kgi.com.tw 800 itrade.kgi.com.tw:8000"
15b02f678c8cdfad,2017/03/25 8:55:55,2017/03/25 8:55:51,,,,,0,0,0,error,"凱基II API 錯誤,帳號 (全部) 2017/03/25 08:55:51 連線失敗-連線失敗:itrade.kgi.com.tw 800 itrade.kgi.com.tw:8000","凱基II API 錯誤,帳號 (全部) 2017/03/25 08:55:51 連線失敗-連線失敗:itrade.kgi.com.tw 800 itrade.kgi.com.tw:8000"
15b02f5f809dab66,2017/03/25 8:55:20,2017/03/25 8:55:16,,,,,0,0,0,error,"凱基II API 錯誤,帳號 (全部) 2017/03/25 08:55:16 連線失敗-連線失敗:itrade.kgi.com.tw 800 itrade.kgi.com.tw:8000","凱基II API 錯誤,帳號 (全部) 2017/03/25 08:55:16 連線失敗-連線失敗:itrade.kgi.com.tw 800 itrade.kgi.com.tw:8000"
15b02f5ccdf7ba75,2017/03/25 8:55:11,2017/03/25 8:55:07,,,,,0,0,0,error,<發生錯誤> 2017/03/25 08:55:07 凱基II API 斷線一分鐘以上，無法登入下單，請儘快處理。,<發生錯誤> 2017/03/25 08:55:07 凱基II API 斷線一分鐘以上，無法登入下單，請儘快處理。
15b02f550550fff8,2017/03/25 8:54:37,2017/03/25 8:54:33,,,,,0,0,0,error,"凱基II API 錯誤,帳號 (全部) 2017/03/25 08:54:33 連線失敗-連線失敗:itrade.kgi.com.tw 800 itrade.kgi.com.tw:8000","凱基II API 錯誤,帳號 (全部) 2017/03/25 08:54:33 連線失敗-連線失敗:itrade.kgi.com.tw 800 itrade.kgi.com.tw:8000"
15b02f4c2e4b8e11,2017/03/25 8:54:02,2017/03/25 8:53:58,,,,,0,0,0,error,"凱基II API 錯誤,帳號 (全部) 2017/03/25 08:53:58 連線失敗-連線失敗:itrade.kgi.com.tw 800 itrade.kgi.com.tw:8000","凱基II API 錯誤,帳號 (全部) 2017/03/25 08:53:58 連線失敗-連線失敗:itrade.kgi.com.tw 800 itrade.kgi.com.tw:8000"
15b02f3fcd75559e,2017/03/25 8:53:12,2017/03/25 8:53:07,,,,,0,0,0,error,"凱基II API 錯誤,帳號 (全部) 2017/03/25 08:53:07 連線失敗-連線失敗:itrade.kgi.com.tw 800 itrade.kgi.com.tw:8000","凱基II API 錯誤,帳號 (全部) 2017/03/25 08:53:07 連線失敗-連線失敗:itrade.kgi.com.tw 800 itrade.kgi.com.tw:8000"
15b02f35cd6370b8,2017/03/25 8:52:32,2017/03/25 8:52:27,,,,,0,0,0,error,"凱基II API 錯誤,帳號 (全部) 2017/03/25 08:52:27 連線失敗-連線失敗:itrade.kgi.com.tw 800 itrade.kgi.com.tw:8000","凱基II API 錯誤,帳號 (全部) 2017/03/25 08:52:27 連線失敗-連線失敗:itrade.kgi.com.tw 800 itrade.kgi.com.tw:8000"
15b02f33d713829d,2017/03/25 8:52:22,2017/03/25 8:52:18,,,,,0,0,0,error,<發生錯誤> 2017/03/25 08:52:18 凱基II API 斷線一分鐘以上，無法登入下單，請儘快處理。,<發生錯誤> 2017/03/25 08:52:18 凱基II API 斷線一分鐘以上，無法登入下單，請儘快處理。
15b02f2a473e1e95,2017/03/25 8:51:43,2017/03/25 8:51:39,,,,,0,0,0,error,"凱基II API 錯誤,帳號 (全部) 2017/03/25 08:51:39 連線失敗-連線失敗:itrade.kgi.com.tw 800 itrade.kgi.com.tw:8000","凱基II API 錯誤,帳號 (全部) 2017/03/25 08:51:39 連線失敗-連線失敗:itrade.kgi.com.tw 800 itrade.kgi.com.tw:8000"
15b02f2193aa4c6e,2017/03/25 8:51:08,2017/03/25 8:51:04,,,,,0,0,0,error,"凱基II API 錯誤,帳號 (全部) 2017/03/25 08:51:04 連線失敗-連線失敗:itrade.kgi.com.tw 800 itrade.kgi.com.tw:8000","凱基II API 錯誤,帳號 (全部) 2017/03/25 08:51:04 連線失敗-連線失敗:itrade.kgi.com.tw 800 itrade.kgi.com.tw:8000"
15b02f18f52daa6a,2017/03/25 8:50:33,2017/03/25 8:50:29,,,,,0,0,0,error,"凱基II API 錯誤,帳號 (全部) 2017/03/25 08:50:29 連線失敗-連線失敗:itrade.kgi.com.tw 800 itrade.kgi.com.tw:8000","凱基II API 錯誤,帳號 (全部) 2017/03/25 08:50:29 連線失敗-連線失敗:itrade.kgi.com.tw 800 itrade.kgi.com.tw:8000"
15b02f107dee95ef,2017/03/25 8:49:58,2017/03/25 8:49:54,,,,,0,0,0,error,"凱基II API 錯誤,帳號 (全部) 2017/03/25 08:49:54 連線失敗-連線失敗:itrade.kgi.com.tw 800 itrade.kgi.com.tw:8000","凱基II API 錯誤,帳號 (全部) 2017/03/25 08:49:54 連線失敗-連線失敗:itrade.kgi.com.tw 800 itrade.kgi.com.tw:8000"
15b02f0e36c90dd5,2017/03/25 8:49:48,2017/03/25 8:49:44,,,,,0,0,0,error,<發生錯誤> 2017/03/25 08:49:44 凱基II API 斷線一分鐘以上，無法登入下單，請儘快處理。,<發生錯誤> 2017/03/25 08:49:44 凱基II API 斷線一分鐘以上，無法登入下單，請儘快處理。
15b02f04fa4e6d70,2017/03/25 8:49:09,2017/03/25 8:49:05,,,,,0,0,0,error,"凱基II API 錯誤,帳號 (全部) 2017/03/25 08:49:05 連線失敗-連線失敗:itrade.kgi.com.tw 800 itrade.kgi.com.tw:8000","凱基II API 錯誤,帳號 (全部) 2017/03/25 08:49:05 連線失敗-連線失敗:itrade.kgi.com.tw 800 itrade.kgi.com.tw:8000"
15b02efbe79c33f9,2017/03/25 8:48:34,2017/03/25 8:48:30,,,,,0,0,0,error,"凱基II API 錯誤,帳號 (全部) 2017/03/25 08:48:30 連線失敗-連線失敗:itrade.kgi.com.tw 800 itrade.kgi.com.tw:8000","凱基II API 錯誤,帳號 (全部) 2017/03/25 08:48:30 連線失敗-連線失敗:itrade.kgi.com.tw 800 itrade.kgi.com.tw:8000"
15b02ef35e88ae63,2017/03/25 8:47:59,2017/03/25 8:47:55,,,,,0,0,0,error,"凱基II API 錯誤,帳號 (全部) 2017/03/25 08:47:55 連線失敗-連線失敗:itrade.kgi.com.tw 800 itrade.kgi.com.tw:8000","凱基II API 錯誤,帳號 (全部) 2017/03/25 08:47:55 連線失敗-連線失敗:itrade.kgi.com.tw 800 itrade.kgi.com.tw:8000"
15b02eeadb187bf8,2017/03/25 8:47:24,2017/03/25 8:47:20,,,,,0,0,0,error,"凱基II API 錯誤,帳號 (全部) 2017/03/25 08:47:20 連線失敗-連線失敗:itrade.kgi.com.tw 800 itrade.kgi.com.tw:8000","凱基II API 錯誤,帳號 (全部) 2017/03/25 08:47:20 連線失敗-連線失敗:itrade.kgi.com.tw 800 itrade.kgi.com.tw:8000"
15b02ee893450cbc,2017/03/25 8:47:15,2017/03/25 8:47:11,,,,,0,0,0,error,<發生錯誤> 2017/03/25 08:47:11 凱基II API 斷線一分鐘以上，無法登入下單，請儘快處理。,<發生錯誤> 2017/03/25 08:47:11 凱基II API 斷線一分鐘以上，無法登入下單，請儘快處理。
15b02ee049aeeb33,2017/03/25 8:46:41,2017/03/25 8:46:37,,,,,0,0,0,error,"凱基II API 錯誤,帳號 (全部) 2017/03/25 08:46:37 連線失敗-連線失敗:itrade.kgi.com.tw 800 itrade.kgi.com.tw:8000","凱基II API 錯誤,帳號 (全部) 2017/03/25 08:46:37 連線失敗-連線失敗:itrade.kgi.com.tw 800 itrade.kgi.com.tw:8000"
15b02ed50b1dd254,2017/03/25 8:45:56,2017/03/25 8:45:51,,,,,0,0,0,error,"凱基II API 錯誤,帳號 (全部) 2017/03/25 08:45:51 連線失敗-連線失敗:itrade.kgi.com.tw 800 itrade.kgi.com.tw:8000","凱基II API 錯誤,帳號 (全部) 2017/03/25 08:45:51 連線失敗-連線失敗:itrade.kgi.com.tw 800 itrade.kgi.com.tw:8000"
15b02eca8107bc76,2017/03/25 8:45:11,2017/03/25 8:45:06,,,,,0,0,0,error,"凱基II API 錯誤,帳號 (全部) 2017/03/25 08:45:06 連線失敗-連線失敗:itrade.kgi.com.tw 800 itrade.kgi.com.tw:8000","凱基II API 錯誤,帳號 (全部) 2017/03/25 08:45:06 連線失敗-連線失敗:itrade.kgi.com.tw 800 itrade.kgi.com.tw:8000"
15b02ec08d2be6d0,2017/03/25 8:44:30,2017/03/25 8:44:26,,,,,0,0,0,error,"凱基II API 錯誤,帳號 (全部) 2017/03/25 08:44:26 連線失敗-連線失敗:itrade.kgi.com.tw 800 itrade.kgi.com.tw:8000","凱基II API 錯誤,帳號 (全部) 2017/03/25 08:44:26 連線失敗-連線失敗:itrade.kgi.com.tw 800 itrade.kgi.com.tw:8000"
15b02eb97a9e11ff,2017/03/25 8:44:01,2017/03/25 8:43:56,,,,,0,0,0,error,"凱基II API 錯誤,帳號 (全部) 2017/03/25 08:43:56 連線失敗-連線失敗:itrade.kgi.com.tw 800 itrade.kgi.com.tw:8000","凱基II API 錯誤,帳號 (全部) 2017/03/25 08:43:56 連線失敗-連線失敗:itrade.kgi.com.tw 800 itrade.kgi.com.tw:8000"
15afed9c560f4762,2017/03/24 13:46:04,2017/03/24 13:46:00,,,,,0,0,0,error,"凱基II API 錯誤,帳號 (全部) 2017/03/24 13:46:00 斷線-","凱基II API 錯誤,帳號 (全部) 2017/03/24 13:46:00 斷線-"
15af9b36cc190201,2017/03/23 13:46:04,2017/03/23 13:46:00,,,,,0,0,0,error,"凱基II API 錯誤,帳號 (全部) 2017/03/23 13:46:00 斷線-","凱基II API 錯誤,帳號 (全部) 2017/03/23 13:46:00 斷線-"
15af48d0c73cc40c,2017/03/22 13:46:04,2017/03/22 13:46:00,,,,,0,0,0,error,"凱基II API 錯誤,帳號 (全部) 2017/03/22 13:46:00 斷線-","凱基II API 錯誤,帳號 (全部) 2017/03/22 13:46:00 斷線-"
15aef66b0b326612,2017/03/21 13:46:04,2017/03/21 13:46:00,,,,,0,0,0,error,"凱基II API 錯誤,帳號 (全部) 2017/03/21 13:46:00 斷線-","凱基II API 錯誤,帳號 (全部) 2017/03/21 13:46:00 斷線-"
15aea405834e8e8a,2017/03/20 13:46:04,2017/03/20 13:46:00,,,,,0,0,0,error,"凱基II API 錯誤,帳號 (全部) 2017/03/20 13:46:00 斷線-","凱基II API 錯誤,帳號 (全部) 2017/03/20 13:46:00 斷線-"
15adacd3d87388cf,2017/03/17 13:46:04,2017/03/17 13:46:00,,,,,0,0,0,error,"凱基II API 錯誤,帳號 (全部) 2017/03/17 13:46:00 斷線-","凱基II API 錯誤,帳號 (全部) 2017/03/17 13:46:00 斷線-"
15ad9d38ff8cb290,2017/03/17 9:13:19,2017/03/17 9:13:10,TCA,KGI,9861,add_long,1,3,4,normal,,"2017/03/17 09:13:10 ""9861"" 加碼多單目前倉位：+4 之前倉位：3 KGI(小型台指) 倍數：1, 本次下單：1 , 帳戶實際倉位：4 , 總倉位：4 TCA"
15ad5a6e8675cf6e,2017/03/16 13:46:04,2017/03/16 13:46:00,,,,,0,0,0,error,"凱基II API 錯誤,帳號 (全部) 2017/03/16 13:46:00 斷線-","凱基II API 錯誤,帳號 (全部) 2017/03/16 13:46:00 斷線-"
15ad08088fc032b9,2017/03/15 13:46:04,2017/03/15 13:46:00,,,,,0,0,0,error,"凱基II API 錯誤,帳號 (全部) 2017/03/15 13:46:00 斷線-","凱基II API 錯誤,帳號 (全部) 2017/03/15 13:46:00 斷線-"
15acb5a411911533,2017/03/14 13:46:04,2017/03/14 13:46:00,,,,,0,0,0,error,"凱基II API 錯誤,帳號 (全部) 2017/03/14 13:46:00 斷線-","凱基II API 錯誤,帳號 (全部) 2017/03/14 13:46:00 斷線-"
15ac633e180bf96f,2017/03/13 13:46:03,2017/03/13 13:46:00,,,,,0,0,0,error,"凱基II API 錯誤,帳號 (全部) 2017/03/13 13:46:00 斷線-","凱基II API 錯誤,帳號 (全部) 2017/03/13 13:46:00 斷線-"
15ac523fb3369f08,2017/03/13 8:49:09,2017/03/13 8:49:00,TCA,KGI,9653,add_long,1,2,3,normal,,"2017/03/13 08:49:00 ""9653"" 加碼多單目前倉位：+3 之前倉位：2 KGI(小型台指) 倍數：1, 本次下單：1 , 帳戶實際倉位：3 , 總倉位：3 TCA"
15ab6c0c5df08fec,2017/03/10 13:46:05,2017/03/10 13:46:00,,,,,0,0,0,error,"凱基II API 錯誤,帳號 (全部) 2017/03/10 13:46:00 斷線-","凱基II API 錯誤,帳號 (全部) 2017/03/10 13:46:00 斷線-"
15ab5d99d406a483,2017/03/10 9:33:36,2017/03/10 9:33:27,TCA,KGI,9580,reduce_long,-1,3,2,normal,,"2017/03/10 09:33:27 ""9580"" 減碼多單目前倉位：+2 之前倉位：3 KGI(小型台指) 倍數：1, 本次下單：-1 , 帳戶實際倉位：2 , 總倉位：2 TCA"
15ab19a6992e2b10,2017/03/09 13:46:04,2017/03/09 13:46:00,,,,,0,0,0,error,"凱基II API 錯誤,帳號 (全部) 2017/03/09 13:46:00 斷線-","凱基II API 錯誤,帳號 (全部) 2017/03/09 13:46:00 斷線-"
15aac740cf37372c,2017/03/08 13:46:04,2017/03/08 13:46:00,,,,,0,0,0,error,"凱基II API 錯誤,帳號 (全部) 2017/03/08 13:46:00 斷線-","凱基II API 錯誤,帳號 (全部) 2017/03/08 13:46:00 斷線-"
15aa74da9eb03bd6,2017/03/07 13:46:04,2017/03/07 13:46:00,,,,,0,0,0,error,"凱基II API 錯誤,帳號 (全部) 2017/03/07 13:46:00 斷線-","凱基II API 錯誤,帳號 (全部) 2017/03/07 13:46:00 斷線-"
15aa63dde082e925,2017/03/07 8:49:11,2017/03/07 8:49:02,TCA,KGI,9700,add_long,1,2,3,normal,,"2017/03/07 08:49:02 ""9700"" 加碼多單目前倉位：+3 之前倉位：2 KGI(小型台指) 倍數：1, 本次下單：1 , 帳戶實際倉位：3 , 總倉位：3 TCA"
15aa22754ff0a8f7,2017/03/06 13:46:04,2017/03/06 13:46:00,,,,,0,0,0,error,"凱基II API 錯誤,帳號 (全部) 2017/03/06 13:46:00 斷線-","凱基II API 錯誤,帳號 (全部) 2017/03/06 13:46:00 斷線-"
15aa1177be4b7657,2017/03/06 8:49:10,2017/03/06 8:49:00,TCA,KGI,9642,reduce_long,-1,3,2,normal,,"2017/03/06 08:49:00 ""9642"" 減碼多單目前倉位：+2 之前倉位：3 KGI(小型台指) 倍數：1, 本次下單：1 , 帳戶實際倉位：2 , 總倉位：2 TCA"
15a92b4400c2bd8e,2017/03/03 13:46:04,2017/03/03 13:46:00,,,,,0,0,0,error,"凱基II API 錯誤,帳號 (全部) 2017/03/03 13:46:00 斷線-","凱基II API 錯誤,帳號 (全部) 2017/03/03 13:46:00 斷線-"
15a8d8ddc9ff8cab,2017/03/02 13:46:04,2017/03/02 13:46:00,,,,,0,0,0,error,"凱基II API 錯誤,帳號 (全部) 2017/03/02 13:46:00 斷線-","凱基II API 錯誤,帳號 (全部) 2017/03/02 13:46:00 斷線-"
15a886780c942e6a,2017/03/01 13:46:04,2017/03/01 13:46:00,,,,,0,0,0,error,"凱基II API 錯誤,帳號 (全部) 2017/03/01 13:46:00 斷線-","凱基II API 錯誤,帳號 (全部) 2017/03/01 13:46:00 斷線-"
15a83412886ba023,2017/02/28 13:46:04,2017/02/28 13:46:00,,,,,0,0,0,error,"凱基II API 錯誤,帳號 (全部) 2017/02/28 13:46:00 斷線-","凱基II API 錯誤,帳號 (全部) 2017/02/28 13:46:00 斷線-"
15a7e1ad139adc43,2017/02/27 13:46:04,2017/02/27 13:46:00,,,,,0,0,0,error,"凱基II API 錯誤,帳號 (全部) 2017/02/27 13:46:00 斷線-","凱基II API 錯誤,帳號 (全部) 2017/02/27 13:46:00 斷線-"
15a6ea7dba86c227,2017/02/24 13:46:11,2017/02/24 13:46:00,,,,,0,0,0,error,"凱基II API 錯誤,帳號 (全部) 2017/02/24 13:46:00 斷線-","凱基II API 錯誤,帳號 (全部) 2017/02/24 13:46:00 斷線-"
15a698179e943d71,2017/02/23 13:46:11,2017/02/23 13:46:00,,,,,0,0,0,error,"凱基II API 錯誤,帳號 (全部) 2017/02/23 13:46:00 斷線-","凱基II API 錯誤,帳號 (全部) 2017/02/23 13:46:00 斷線-"
15a645b0812c02df,2017/02/22 13:46:05,2017/02/22 13:46:00,,,,,0,0,0,error,"凱基II API 錯誤,帳號 (全部) 2017/02/22 13:46:00 斷線-","凱基II API 錯誤,帳號 (全部) 2017/02/22 13:46:00 斷線-"
15a5f34a859898e2,2017/02/21 13:46:04,2017/02/21 13:46:00,,,,,0,0,0,error,"凱基II API 錯誤,帳號 (全部) 2017/02/21 13:46:00 斷線-","凱基II API 錯誤,帳號 (全部) 2017/02/21 13:46:00 斷線-"
15a5a0e4963ac949,2017/02/20 13:46:04,2017/02/20 13:46:00,,,,,0,0,0,error,"凱基II API 錯誤,帳號 (全部) 2017/02/20 13:46:00 斷線-","凱基II API 錯誤,帳號 (全部) 2017/02/20 13:46:00 斷線-"
15a4a9b35ad1b8c1,2017/02/17 13:46:04,2017/02/17 13:46:00,,,,,0,0,0,error,"凱基II API 錯誤,帳號 (全部) 2017/02/17 13:46:00 斷線-","凱基II API 錯誤,帳號 (全部) 2017/02/17 13:46:00 斷線-"
15a498b7276a8241,2017/02/17 8:49:09,2017/02/17 8:49:00,TCA,KGI,9770,reduce_long,-1,4,3,normal,,"2017/02/17 08:49:00 ""9770"" 減碼多單目前倉位：+3 之前倉位：4 KGI(小型台指) 倍數：1, 本次下單：-1 , 帳戶實際倉位：3 , 總倉位：3 TCA"
15a4574ec411b13c,2017/02/16 13:46:04,2017/02/16 13:46:00,,,,,0,0,0,error,"凱基II API 錯誤,帳號 (全部) 2017/02/16 13:46:00 斷線-","凱基II API 錯誤,帳號 (全部) 2017/02/16 13:46:00 斷線-"
15a4464fa771986b,2017/02/16 8:49:09,2017/02/16 8:49:00,TCA,KGI,9811,reduce_long,-3,7,4,normal,,"2017/02/16 08:49:00 ""9811"" 減碼多單目前倉位：+4 之前倉位：7 KGI(小型台指) 倍數：1, 本次下單：-3 , 帳戶實際倉位：4 , 總倉位：4 TCA"
15a446168c1edac4,2017/02/16 8:45:10,2017/02/16 8:45:00,TCA,KGI,9818,,7,0,7,normal,,"2017/02/16 08:45:00 ""9818"" 多單進場目前倉位：+7 之前倉位：0 KGI(小型台指) 倍數：1, 本次下單：0 , 帳戶實際倉位：7 , 總倉位：7 TCA"
15a404e802189e34,2017/02/15 13:46:06,2017/02/15 13:46:00,,,,,0,0,0,error,"凱基II API 錯誤,帳號 (全部) 2017/02/15 13:46:00 斷線-","凱基II API 錯誤,帳號 (全部) 2017/02/15 13:46:00 斷線-"
15a3fd05b1b106af,2017/02/15 11:28:14,2017/02/15 11:28:05,TCA,KGI,9787,add_long,1,6,7,normal,,"2017/02/15 11:28:05 ""9787"" 加碼多單目前倉位：+7 之前倉位：6 KGI(小型台指) 倍數：1, 本次下單：1 , 帳戶實際倉位：7 , 總倉位：7 TCA"
15a3b281c6b9e552,2017/02/14 13:46:04,2017/02/14 13:46:00,,,,,0,0,0,error,"凱基II API 錯誤,帳號 (全部) 2017/02/14 13:46:00 斷線-","凱基II API 錯誤,帳號 (全部) 2017/02/14 13:46:00 斷線-"
15a3601bcf030801,2017/02/13 13:46:04,2017/02/13 13:46:00,,,,,0,0,0,error,"凱基II API 錯誤,帳號 (全部) 2017/02/13 13:46:00 斷線-","凱基II API 錯誤,帳號 (全部) 2017/02/13 13:46:00 斷線-"
15a360036d445e7f,2017/02/13 13:44:15,2017/02/13 13:44:06,TCA,KGI,9705,add_long,1,5,6,normal,,"2017/02/13 13:44:06 ""9705"" 加碼多單目前倉位：+6 之前倉位：5 KGI(小型台指) 倍數：1, 本次下單：1 , 帳戶實際倉位：6 , 總倉位：6 TCA"
15a268eb1aad43f3,2017/02/10 13:46:04,2017/02/10 13:46:00,,,,,0,0,0,error,"凱基II API 錯誤,帳號 (全部) 2017/02/10 13:46:00 斷線-","凱基II API 錯誤,帳號 (全部) 2017/02/10 13:46:00 斷線-"
15a216854851f083,2017/02/09 13:46:04,2017/02/09 13:46:00,,,,,0,0,0,error,"凱基II API 錯誤,帳號 (全部) 2017/02/09 13:46:00 斷線-","凱基II API 錯誤,帳號 (全部) 2017/02/09 13:46:00 斷線-"
15a1c41f5f02e86c,2017/02/08 13:46:04,2017/02/08 13:46:00,,,,,0,0,0,error,"凱基II API 錯誤,帳號 (全部) 2017/02/08 13:46:00 斷線-","凱基II API 錯誤,帳號 (全部) 2017/02/08 13:46:00 斷線-"
15a171b9d09d12cb,2017/02/07 13:46:04,2017/02/07 13:46:00,,,,,0,0,0,error,"凱基II API 錯誤,帳號 (全部) 2017/02/07 13:46:00 斷線-","凱基II API 錯誤,帳號 (全部) 2017/02/07 13:46:00 斷線-"
15a11f5418cb43d6,2017/02/06 13:46:04,2017/02/06 13:46:00,,,,,0,0,0,error,"凱基II API 錯誤,帳號 (全部) 2017/02/06 13:46:00 斷線-","凱基II API 錯誤,帳號 (全部) 2017/02/06 13:46:00 斷線-"
15a11665228389b8,2017/02/06 11:09:55,2017/02/06 11:09:46,TCA,KGI,9522,add_long,1,4,5,normal,,"2017/02/06 11:09:46 ""9522"" 加碼多單目前倉位：+5 之前倉位：4 KGI(小型台指) 倍數：1, 本次下單：1 , 帳戶實際倉位：5 , 總倉位：5 TCA"
15a069dd318f2e27,2017/02/04 8:54:46,2017/02/04 8:54:39,,,,,0,0,0,error,"凱基II API 錯誤,帳號 (全部) 2017/02/04 08:54:39 連線失敗-連線失敗:itrade.kgi.com.tw 800 itrade.kgi.com.tw:8000","凱基II API 錯誤,帳號 (全部) 2017/02/04 08:54:39 連線失敗-連線失敗:itrade.kgi.com.tw 800 itrade.kgi.com.tw:8000"
15a069d36572ed56,2017/02/04 8:54:07,2017/02/04 8:54:03,,,,,0,0,0,error,"凱基II API 錯誤,帳號 (全部) 2017/02/04 08:54:03 連線失敗-連線失敗:itrade.kgi.com.tw 800 itrade.kgi.com.tw:8000","凱基II API 錯誤,帳號 (全部) 2017/02/04 08:54:03 連線失敗-連線失敗:itrade.kgi.com.tw 800 itrade.kgi.com.tw:8000"
15a069cb70daa2bf,2017/02/04 8:53:34,2017/02/04 8:53:28,,,,,0,0,0,error,"凱基II API 錯誤,帳號 (全部) 2017/02/04 08:53:28 連線失敗-連線失敗:itrade.kgi.com.tw 800 itrade.kgi.com.tw:8000","凱基II API 錯誤,帳號 (全部) 2017/02/04 08:53:28 連線失敗-連線失敗:itrade.kgi.com.tw 800 itrade.kgi.com.tw:8000"
15a069c25ab4cd69,2017/02/04 8:52:57,2017/02/04 8:52:53,,,,,0,0,0,error,"凱基II API 錯誤,帳號 (全部) 2017/02/04 08:52:53 連線失敗-連線失敗:itrade.kgi.com.tw 800 itrade.kgi.com.tw:8000","凱基II API 錯誤,帳號 (全部) 2017/02/04 08:52:53 連線失敗-連線失敗:itrade.kgi.com.tw 800 itrade.kgi.com.tw:8000"
15a069c03097d1ed,2017/02/04 8:52:47,2017/02/04 8:52:42,,,,,0,0,0,error,<發生錯誤> 2017/02/04 08:52:42 凱基II API 斷線一分鐘以上，無法登入下單，請儘快處理。,<發生錯誤> 2017/02/04 08:52:42 凱基II API 斷線一分鐘以上，無法登入下單，請儘快處理。
15a069b52510ce89,2017/02/04 8:52:03,2017/02/04 8:51:58,,,,,0,0,0,error,"凱基II API 錯誤,帳號 (全部) 2017/02/04 08:51:58 連線失敗-連線失敗:itrade.kgi.com.tw 800 itrade.kgi.com.tw:8000","凱基II API 錯誤,帳號 (全部) 2017/02/04 08:51:58 連線失敗-連線失敗:itrade.kgi.com.tw 800 itrade.kgi.com.tw:8000"
15a069ab70b7b4a2,2017/02/04 8:51:23,2017/02/04 8:51:18,,,,,0,0,0,error,"凱基II API 錯誤,帳號 (全部) 2017/02/04 08:51:18 連線失敗-連線失敗:itrade.kgi.com.tw 800 itrade.kgi.com.tw:8000","凱基II API 錯誤,帳號 (全部) 2017/02/04 08:51:18 連線失敗-連線失敗:itrade.kgi.com.tw 800 itrade.kgi.com.tw:8000"
15a069a172cb12f8,2017/02/04 8:50:42,2017/02/04 8:50:38,,,,,0,0,0,error,"凱基II API 錯誤,帳號 (全部) 2017/02/04 08:50:38 連線失敗-連線失敗:itrade.kgi.com.tw 800 itrade.kgi.com.tw:8000","凱基II API 錯誤,帳號 (全部) 2017/02/04 08:50:38 連線失敗-連線失敗:itrade.kgi.com.tw 800 itrade.kgi.com.tw:8000"
15a06998c1eedbf0,2017/02/04 8:50:08,2017/02/04 8:50:03,,,,,0,0,0,error,"凱基II API 錯誤,帳號 (全部) 2017/02/04 08:50:03 連線失敗-連線失敗:itrade.kgi.com.tw 800 itrade.kgi.com.tw:8000","凱基II API 錯誤,帳號 (全部) 2017/02/04 08:50:03 連線失敗-連線失敗:itrade.kgi.com.tw 800 itrade.kgi.com.tw:8000"
15a06996a943e433,2017/02/04 8:49:59,2017/02/04 8:49:54,,,,,0,0,0,error,<發生錯誤> 2017/02/04 08:49:54 凱基II API 斷線一分鐘以上，無法登入下單，請儘快處理。,<發生錯誤> 2017/02/04 08:49:54 凱基II API 斷線一分鐘以上，無法登入下單，請儘快處理。
15a0698d676632db,2017/02/04 8:49:20,2017/02/04 8:49:15,,,,,0,0,0,error,"凱基II API 錯誤,帳號 (全部) 2017/02/04 08:49:15 連線失敗-連線失敗:itrade.kgi.com.tw 800 itrade.kgi.com.tw:8000","凱基II API 錯誤,帳號 (全部) 2017/02/04 08:49:15 連線失敗-連線失敗:itrade.kgi.com.tw 800 itrade.kgi.com.tw:8000"
15a069835e56621b,2017/02/04 8:48:40,2017/02/04 8:48:35,,,,,0,0,0,error,"凱基II API 錯誤,帳號 (全部) 2017/02/04 08:48:35 連線失敗-連線失敗:itrade.kgi.com.tw 800 itrade.kgi.com.tw:8000","凱基II API 錯誤,帳號 (全部) 2017/02/04 08:48:35 連線失敗-連線失敗:itrade.kgi.com.tw 800 itrade.kgi.com.tw:8000"
15a0697b82467e19,2017/02/04 8:47:59,2017/02/04 8:47:55,,,,,0,0,0,error,"凱基II API 錯誤,帳號 (全部) 2017/02/04 08:47:55 連線失敗-連線失敗:itrade.kgi.com.tw 800 itrade.kgi.com.tw:8000","凱基II API 錯誤,帳號 (全部) 2017/02/04 08:47:55 連線失敗-連線失敗:itrade.kgi.com.tw 800 itrade.kgi.com.tw:8000"
15a06971008237e8,2017/02/04 8:47:24,2017/02/04 8:47:20,,,,,0,0,0,error,"凱基II API 錯誤,帳號 (全部) 2017/02/04 08:47:20 連線失敗-連線失敗:itrade.kgi.com.tw 800 itrade.kgi.com.tw:8000","凱基II API 錯誤,帳號 (全部) 2017/02/04 08:47:20 連線失敗-連線失敗:itrade.kgi.com.tw 800 itrade.kgi.com.tw:8000"
15a0696ecf7138dc,2017/02/04 8:47:15,2017/02/04 8:47:11,,,,,0,0,0,error,<發生錯誤> 2017/02/04 08:47:11 凱基II API 斷線一分鐘以上，無法登入下單，請儘快處理。,<發生錯誤> 2017/02/04 08:47:11 凱基II API 斷線一分鐘以上，無法登入下單，請儘快處理。
15a06966d3091a12,2017/02/04 8:46:41,2017/02/04 8:46:37,,,,,0,0,0,error,"凱基II API 錯誤,帳號 (全部) 2017/02/04 08:46:37 連線失敗-連線失敗:itrade.kgi.com.tw 800 itrade.kgi.com.tw:8000","凱基II API 錯誤,帳號 (全部) 2017/02/04 08:46:37 連線失敗-連線失敗:itrade.kgi.com.tw 800 itrade.kgi.com.tw:8000"
15a0695b4af09a42,2017/02/04 8:45:56,2017/02/04 8:45:51,,,,,0,0,0,error,"凱基II API 錯誤,帳號 (全部) 2017/02/04 08:45:51 連線失敗-連線失敗:itrade.kgi.com.tw 800 itrade.kgi.com.tw:8000","凱基II API 錯誤,帳號 (全部) 2017/02/04 08:45:51 連線失敗-連線失敗:itrade.kgi.com.tw 800 itrade.kgi.com.tw:8000"
15a06950979e549e,2017/02/04 8:45:11,2017/02/04 8:45:06,,,,,0,0,0,error,"凱基II API 錯誤,帳號 (全部) 2017/02/04 08:45:06 連線失敗-連線失敗:itrade.kgi.com.tw 800 itrade.kgi.com.tw:8000","凱基II API 錯誤,帳號 (全部) 2017/02/04 08:45:06 連線失敗-連線失敗:itrade.kgi.com.tw 800 itrade.kgi.com.tw:8000"
15a06946d388f3a0,2017/02/04 8:44:31,2017/02/04 8:44:26,,,,,0,0,0,error,"凱基II API 錯誤,帳號 (全部) 2017/02/04 08:44:26 連線失敗-連線失敗:itrade.kgi.com.tw 800 itrade.kgi.com.tw:8000","凱基II API 錯誤,帳號 (全部) 2017/02/04 08:44:26 連線失敗-連線失敗:itrade.kgi.com.tw 800 itrade.kgi.com.tw:8000"
15a0693faa3216b6,2017/02/04 8:44:02,2017/02/04 8:43:56,,,,,0,0,0,error,"凱基II API 錯誤,帳號 (全部) 2017/02/04 08:43:56 連線失敗-連線失敗:itrade.kgi.com.tw 800 itrade.kgi.com.tw:8000","凱基II API 錯誤,帳號 (全部) 2017/02/04 08:43:56 連線失敗-連線失敗:itrade.kgi.com.tw 800 itrade.kgi.com.tw:8000"
15a028230bb18e03,2017/02/03 13:46:04,2017/02/03 13:46:00,,,,,0,0,0,error,"凱基II API 錯誤,帳號 (全部) 2017/02/03 13:46:00 斷線-","凱基II API 錯誤,帳號 (全部) 2017/02/03 13:46:00 斷線-"
15a01c973b984c9a,2017/02/03 10:24:18,2017/02/03 10:24:05,TCA,KGI,9409,add_long,1,3,4,normal,,"2017/02/03 10:24:05 ""9409"" 加碼多單目前倉位：+4 之前倉位：3 KGI(小型台指) 倍數：1, 本次下單：1 , 帳戶實際倉位：4 , 總倉位：4 TCA"
159fd5bcd31d5bdb,2017/02/02 13:46:04,2017/02/02 13:46:00,,,,,0,0,0,error,"凱基II API 錯誤,帳號 (全部) 2017/02/02 13:46:00 斷線-","凱基II API 錯誤,帳號 (全部) 2017/02/02 13:46:00 斷線-"
159fd535c66bb8c8,2017/02/02 13:36:52,2017/02/02 13:36:41,TCA,KGI,9386,reduce_long,-1,4,3,normal,,"2017/02/02 13:36:41 ""9386"" 減碼多單目前倉位：+3 之前倉位：4 KGI(小型台指) 倍數：1, 本次下單：-1 , 帳戶實際倉位：3 , 總倉位：3 TCA"
159f83570625d556,2017/02/01 13:46:04,2017/02/01 13:46:00,,,,,0,0,0,error,"凱基II API 錯誤,帳號 (全部) 2017/02/01 13:46:00 斷線-","凱基II API 錯誤,帳號 (全部) 2017/02/01 13:46:00 斷線-"
159f30f189cd6dce,2017/01/31 13:46:05,2017/01/31 13:46:00,,,,,0,0,0,error,"凱基II API 錯誤,帳號 (全部) 2017/01/31 13:46:00 斷線-","凱基II API 錯誤,帳號 (全部) 2017/01/31 13:46:00 斷線-"
159ede8bdacdccb2,2017/01/30 13:46:04,2017/01/30 13:46:00,,,,,0,0,0,error,"凱基II API 錯誤,帳號 (全部) 2017/01/30 13:46:00 斷線-","凱基II API 錯誤,帳號 (全部) 2017/01/30 13:46:00 斷線-"
159de75a5fe60cc3,2017/01/27 13:46:04,2017/01/27 13:46:00,,,,,0,0,0,error,"凱基II API 錯誤,帳號 (全部) 2017/01/27 13:46:00 斷線-","凱基II API 錯誤,帳號 (全部) 2017/01/27 13:46:00 斷線-"
159d94f4d562ae1a,2017/01/26 13:46:04,2017/01/26 13:46:00,,,,,0,0,0,error,"凱基II API 錯誤,帳號 (全部) 2017/01/26 13:46:00 斷線-","凱基II API 錯誤,帳號 (全部) 2017/01/26 13:46:00 斷線-"
159d428ed84c6be8,2017/01/25 13:46:04,2017/01/25 13:46:00,,,,,0,0,0,error,"凱基II API 錯誤,帳號 (全部) 2017/01/25 13:46:00 斷線-","凱基II API 錯誤,帳號 (全部) 2017/01/25 13:46:00 斷線-"
159cf02a4625c4cc,2017/01/24 13:46:08,2017/01/24 13:46:00,,,,,0,0,0,error,"凱基II API 錯誤,帳號 (全部) 2017/01/24 13:46:00 斷線-","凱基II API 錯誤,帳號 (全部) 2017/01/24 13:46:00 斷線-"
159cedcc18782afa,2017/01/24 13:04:44,2017/01/24 13:04:35,TCA,KGI,9449,add_long,1,3,4,normal,,"2017/01/24 13:04:35 ""9449"" 加碼多單目前倉位：+4 之前倉位：3 KGI(小型台指) 倍數：1, 本次下單：1 , 帳戶實際倉位：4 , 總倉位：4 TCA"
159c9dc34c8a4a33,2017/01/23 13:46:04,2017/01/23 13:46:00,,,,,0,0,0,error,"凱基II API 錯誤,帳號 (全部) 2017/01/23 13:46:00 斷線-","凱基II API 錯誤,帳號 (全部) 2017/01/23 13:46:00 斷線-"
159c8f2c3afca3f7,2017/01/23 9:31:04,2017/01/23 9:31:00,,,,,0,0,0,error,"凱基II API 錯誤,帳號 (全部) 2017/01/23 09:31:00 斷線-無法從傳輸連接讀取資料: 遠端主機已強制關閉一個現存的連線。?","凱基II API 錯誤,帳號 (全部) 2017/01/23 09:31:00 斷線-無法從傳輸連接讀取資料: 遠端主機已強制關閉一個現存的連線。?"
159c8d392927e9c7,2017/01/23 8:57:02,2017/01/23 8:56:50,,,,,0,0,0,error,"凱基II API 錯誤,帳號 (全部) 2017/01/23 08:56:50 斷線-HB TimeOu","凱基II API 錯誤,帳號 (全部) 2017/01/23 08:56:50 斷線-HB TimeOu"
159c8cfcdac503d7,2017/01/23 8:52:55,2017/01/23 8:52:43,,,,,0,0,0,error,"凱基II API 錯誤,帳號 (全部) 2017/01/23 08:52:43 斷線-HB TimeOu","凱基II API 錯誤,帳號 (全部) 2017/01/23 08:52:43 斷線-HB TimeOu"
159c8ca5703540b5,2017/01/23 8:46:56,2017/01/23 8:46:51,,,,,0,0,0,error,"凱基II API 錯誤,帳號 (全部) 2017/01/23 08:46:51 斷線-HB TimeOu","凱基II API 錯誤,帳號 (全部) 2017/01/23 08:46:51 斷線-HB TimeOu"
159ba6924022a104,2017/01/20 13:46:04,2017/01/20 13:46:00,,,,,0,0,0,error,"凱基II API 錯誤,帳號 (全部) 2017/01/20 13:46:00 斷線-","凱基II API 錯誤,帳號 (全部) 2017/01/20 13:46:00 斷線-"
159b5430e024b024,2017/01/19 13:46:07,2017/01/19 13:46:00,,,,,0,0,0,error,"凱基II API 錯誤,帳號 (全部) 2017/01/19 13:46:00 斷線-","凱基II API 錯誤,帳號 (全部) 2017/01/19 13:46:00 斷線-"
159b432eb18880a0,2017/01/19 8:49:09,2017/01/19 8:49:00,TCA,KGI,9321,reduce_long,-1,4,3,normal,,"2017/01/19 08:49:00 ""9321"" 減碼多單目前倉位：+3 之前倉位：4 KGI(小型台指) 倍數：1, 本次下單：-1 , 帳戶實際倉位：3 , 總倉位：3 TCA"
159b42f4d68efea9,2017/01/19 8:45:09,2017/01/19 8:45:00,TCA,KGI,9337,,4,0,4,normal,,"2017/01/19 08:45:00 ""9337"" 多單進場目前倉位：+4 之前倉位：0 KGI(小型台指) 倍數：1, 本次下單：0 , 帳戶實際倉位：4 , 總倉位：4 TCA"
159b01c707252edc,2017/01/18 13:46:04,2017/01/18 13:46:00,,,,,0,0,0,error,"凱基II API 錯誤,帳號 (全部) 2017/01/18 13:46:00 斷線-","凱基II API 錯誤,帳號 (全部) 2017/01/18 13:46:00 斷線-"
159aaf60d80c9aab,2017/01/17 13:46:04,2017/01/17 13:46:00,,,,,0,0,0,error,"凱基II API 錯誤,帳號 (全部) 2017/01/17 13:46:00 斷線-","凱基II API 錯誤,帳號 (全部) 2017/01/17 13:46:00 斷線-"
159a9f500f0a5177,2017/01/17 9:05:19,2017/01/17 9:05:15,,,,,0,0,0,error,<發生錯誤> 2017/01/17 09:05:15 TEST 策略價格，超過 30 分鐘未跳動，請儘快處理。,<發生錯誤> 2017/01/17 09:05:15 TEST 策略價格，超過 30 分鐘未跳動，請儘快處理。
159a9ebac055398a,2017/01/17 8:55:08,2017/01/17 8:55:04,,,,,0,0,0,error,<發生錯誤> 2017/01/17 08:55:04 TEST 策略價格，超過 20 分鐘未跳動，請儘快處理。,<發生錯誤> 2017/01/17 08:55:04 TEST 策略價格，超過 20 分鐘未跳動，請儘快處理。
159a9e25b16af74e,2017/01/17 8:44:55,2017/01/17 8:44:50,,,,,0,0,0,error,<發生錯誤> 2017/01/17 08:44:50 TEST 策略價格，超過 10 分鐘未跳動，請儘快處理。,<發生錯誤> 2017/01/17 08:44:50 TEST 策略價格，超過 10 分鐘未跳動，請儘快處理。
159a5cfb000bdb55,2017/01/16 13:46:04,2017/01/16 13:46:00,,,,,0,0,0,error,"凱基II API 錯誤,帳號 (全部) 2017/01/16 13:46:00 斷線-","凱基II API 錯誤,帳號 (全部) 2017/01/16 13:46:00 斷線-"
159a4bfdba1f430e,2017/01/16 8:49:10,2017/01/16 8:49:00,TCA,KGI,9329,reduce_long,-1,5,4,normal,,"2017/01/16 08:49:00 ""9329"" 減碼多單目前倉位：+4 之前倉位：5 KGI(小型台指) 倍數：1, 本次下單：0 , 帳戶實際倉位：5 , 總倉位：5 TCA"
159a4bfcaed70254,2017/01/16 8:49:05,2017/01/16 8:49:00,,,,,0,0,0,error,<下單失敗> 2017/01/16 08:49:00 凱基II API 下單發生錯誤，本次下單已取消，請由手動補單。,<下單失敗> 2017/01/16 08:49:00 凱基II API 下單發生錯誤，本次下單已取消，請由手動補單。
15996806c504db56,2017/01/13 14:25:11,2017/01/13 14:25:07,,,,,0,0,0,error,"凱基II API 錯誤,帳號 (全部) 2017/01/13 14:25:07 斷線-","凱基II API 錯誤,帳號 (全部) 2017/01/13 14:25:07 斷線-"
159967feb1d430b4,2017/01/13 14:24:38,2017/01/13 14:24:34,,,,,0,0,0,error,<下單失敗> 2017/01/13 14:24:34 凱基II API 下單發生錯誤，本次下單已取消，請由手動補單。,<下單失敗> 2017/01/13 14:24:34 凱基II API 下單發生錯誤，本次下單已取消，請由手動補單。
159965ca11f35efd,2017/01/13 13:46:04,2017/01/13 13:46:00,,,,,0,0,0,error,"凱基II API 錯誤,帳號 (全部) 2017/01/13 13:46:00 斷線-","凱基II API 錯誤,帳號 (全部) 2017/01/13 13:46:00 斷線-"
159955fae0c3a876,2017/01/13 9:09:48,2017/01/13 9:09:44,,,,,0,0,0,error,<發生錯誤> 2017/01/13 09:09:44 TEST 策略價格，超過 30 分鐘未跳動，請儘快處理。,<發生錯誤> 2017/01/13 09:09:44 TEST 策略價格，超過 30 分鐘未跳動，請儘快處理。
15995565d33479ed,2017/01/13 8:59:37,2017/01/13 8:59:33,,,,,0,0,0,error,<發生錯誤> 2017/01/13 08:59:33 TEST 策略價格，超過 20 分鐘未跳動，請儘快處理。,<發生錯誤> 2017/01/13 08:59:33 TEST 策略價格，超過 20 分鐘未跳動，請儘快處理。
159954d05aae7aed,2017/01/13 8:49:27,2017/01/13 8:49:22,,,,,0,0,0,error,<發生錯誤> 2017/01/13 08:49:22 TEST 策略價格，超過 10 分鐘未跳動，請儘快處理。,<發生錯誤> 2017/01/13 08:49:22 TEST 策略價格，超過 10 分鐘未跳動，請儘快處理。
159954cd29557022,2017/01/13 8:49:10,2017/01/13 8:49:00,TCA,KGI,9385,add_long,1,4,5,normal,,"2017/01/13 08:49:00 ""9385"" 加碼多單目前倉位：+5 之前倉位：4 KGI(小型台指) 倍數：1, 本次下單：1 , 帳戶實際倉位：5 , 總倉位：5 TCA"
1599136444523918,2017/01/12 13:46:04,2017/01/12 13:46:00,,,,,0,0,0,error,"凱基II API 錯誤,帳號 (全部) 2017/01/12 13:46:00 斷線-","凱基II API 錯誤,帳號 (全部) 2017/01/12 13:46:00 斷線-"
159904676d0c5dbe,2017/01/12 9:24:10,2017/01/12 9:24:06,,,,,0,0,0,error,<發生錯誤> 2017/01/12 09:24:06 TEST 策略價格，超過 30 分鐘未跳動，請儘快處理。,<發生錯誤> 2017/01/12 09:24:06 TEST 策略價格，超過 30 分鐘未跳動，請儘快處理。
159903d27fc5da73,2017/01/12 9:13:59,2017/01/12 9:13:54,,,,,0,0,0,error,<發生錯誤> 2017/01/12 09:13:54 TEST 策略價格，超過 20 分鐘未跳動，請儘快處理。,<發生錯誤> 2017/01/12 09:13:54 TEST 策略價格，超過 20 分鐘未跳動，請儘快處理。
1599033cd3257854,2017/01/12 9:03:47,2017/01/12 9:03:43,,,,,0,0,0,error,<發生錯誤> 2017/01/12 09:03:43 TEST 策略價格，超過 10 分鐘未跳動，請儘快處理。,<發生錯誤> 2017/01/12 09:03:43 TEST 策略價格，超過 10 分鐘未跳動，請儘快處理。
159902af641d8cd9,2017/01/12 8:54:07,2017/01/12 8:54:02,,,,,0,0,0,error,"凱基II 下單失敗,帳號 6523704 2017/01/12 08:54:02 Unknow Code:9999","凱基II 下單失敗,帳號 6523704 2017/01/12 08:54:02 Unknow Code:9999"
15990247bacc12fc,2017/01/12 8:47:03,2017/01/12 8:46:58,,,,,0,0,0,error,"凱基II API 錯誤,帳號 (全部) 2017/01/12 08:46:58 斷線-","凱基II API 錯誤,帳號 (全部) 2017/01/12 08:46:58 斷線-"
15990238c9888a6e,2017/01/12 8:45:59,2017/01/12 8:45:54,,,,,0,0,0,error,"凱基II 下單失敗,帳號 6523704 2017/01/12 08:45:54 Unknow Code:9999","凱基II 下單失敗,帳號 6523704 2017/01/12 08:45:54 Unknow Code:9999"
1598c0fecd779288,2017/01/11 13:46:05,2017/01/11 13:46:00,,,,,0,0,0,error,"凱基II API 錯誤,帳號 (全部) 2017/01/11 13:46:00 斷線-","凱基II API 錯誤,帳號 (全部) 2017/01/11 13:46:00 斷線-"
1598b1b34291a785,2017/01/11 9:18:47,2017/01/11 9:18:43,,,,,0,0,0,error,<發生錯誤> 2017/01/11 09:18:43 TEST 策略價格，超過 30 分鐘未跳動，請儘快處理。,<發生錯誤> 2017/01/11 09:18:43 TEST 策略價格，超過 30 分鐘未跳動，請儘快處理。
1598b11dda2074e7,2017/01/11 9:08:37,2017/01/11 9:08:31,,,,,0,0,0,error,<發生錯誤> 2017/01/11 09:08:31 TEST 策略價格，超過 20 分鐘未跳動，請儘快處理。,<發生錯誤> 2017/01/11 09:08:31 TEST 策略價格，超過 20 分鐘未跳動，請儘快處理。
1598b0bab5f75a62,2017/01/11 9:01:51,2017/01/11 9:01:42,TCA,KGI,9377,reduce_long,-2,6,4,normal,,"2017/01/11 09:01:42 ""9377"" 減碼多單目前倉位：+4 之前倉位：6 KGI(小型台指) 倍數：1, 本次下單：-2 , 帳戶實際倉位：4 , 總倉位：4 TCA"
1598b088722a0699,2017/01/11 8:58:24,2017/01/11 8:58:20,,,,,0,0,0,error,<發生錯誤> 2017/01/11 08:58:20 TEST 策略價格，超過 10 分鐘未跳動，請儘快處理。,<發生錯誤> 2017/01/11 08:58:20 TEST 策略價格，超過 10 分鐘未跳動，請儘快處理。
1598b006044118ba,2017/01/11 8:49:30,2017/01/11 8:49:21,TCA,KGI,9390,add_long,2,4,6,normal,,"2017/01/11 08:49:21 ""9390"" 加碼多單目前倉位：+6 之前倉位：4 KGI(小型台指) 倍數：1, 本次下單：2 , 帳戶實際倉位：6 , 總倉位：6 TCA"
1598afce781f3e90,2017/01/11 8:45:43,2017/01/11 8:45:38,,,,,0,0,0,error,"凱基II API 錯誤,帳號 (全部) 2017/01/11 08:45:38 斷線-","凱基II API 錯誤,帳號 (全部) 2017/01/11 08:45:38 斷線-"
15986e9884830f2e,2017/01/10 13:46:04,2017/01/10 13:46:00,,,,,0,0,0,error,"凱基II API 錯誤,帳號 (全部) 2017/01/10 13:46:00 斷線-","凱基II API 錯誤,帳號 (全部) 2017/01/10 13:46:00 斷線-"
15985d9ab66d92f1,2017/01/10 8:49:10,2017/01/10 8:49:00,TCA,KGI,9330,reduce_long,-1,5,4,normal,,"2017/01/10 08:49:00 ""9330"" 減碼多單目前倉位：+4 之前倉位：5 KGI(小型台指) 倍數：1, 本次下單：-1 , 帳戶實際倉位：4 , 總倉位：4 TCA"
15980db232d718cb,2017/01/09 9:32:40,2017/01/09 9:32:30,TCA,KGI,9384,add_long,1,4,5,normal,,"2017/01/09 09:32:30 ""9384"" 加碼多單目前倉位：+5 之前倉位：4 KGI(小型台指) 倍數：1, 本次下單：1 , 帳戶實際倉位：5 , 總倉位：5 TCA"
1596d2816d7070d0,2017/01/05 13:44:16,2017/01/05 13:44:05,TCA,KGI,9347,short_to_long,8,-4,4,normal,,"2017/01/05 13:44:05 ""9347"" 空翻多目前倉位：+4 之前倉位：-4 KGI(小型台指) 倍數：1, 本次下單：-4 , 帳戶實際倉位：0 , 總倉位：0 TCA"
1594e3ff2c9a7e6e,2016/12/30 13:42:09,2016/12/30 13:41:59,TCA,KGI,9262,reduce_long,-1,5,4,normal,,"2016/12/30 13:41:59 ""9262"" 減碼多單目前倉位：+4 之前倉位：5 KGI(小型台指) 倍數：1, 本次下單：-1 , 帳戶實際倉位：4 , 總倉位：4 TCA"
1594d617e1d3eac4,2016/12/30 9:39:09,2016/12/30 9:39:00,TCA,KGI,9276,add_long,2,3,5,normal,,"2016/12/30 09:39:00 ""9276"" 加碼多單目前倉位：+5 之前倉位：3 KGI(小型台指) 倍數：1, 本次下單：2 , 帳戶實際倉位：5 , 總倉位：5 TCA"
1594809b0fe99cab,2016/12/29 8:45:10,2016/12/29 8:45:00,TCA,KGI,9189,add_long,1,2,3,normal,,"2016/12/29 08:45:00 ""9189"" 加碼多單目前倉位：+3 之前倉位：2 KGI(小型台指) 倍數：1, 本次下單：1 , 帳戶實際倉位：3 , 總倉位：3 TCA"
15938c8110ffb85a,2016/12/26 9:39:11,2016/12/26 9:39:01,TCA,KGI,9099,reduce_long,-1,3,2,normal,,"2016/12/26 09:39:01 ""9099"" 減碼多單目前倉位：+2 之前倉位：3 KGI(小型台指) 倍數：1, 本次下單：-1 , 帳戶實際倉位：2 , 總倉位：2 TCA"
15938a7c5a309711,2016/12/26 9:03:54,2016/12/26 9:03:44,TCA,KGI,9123,short_to_long,6,-3,3,normal,,"2016/12/26 09:03:44 ""9123"" 空翻多目前倉位：+3 之前倉位：-3 KGI(小型台指) 倍數：1, 本次下單：6 , 帳戶實際倉位：3 , 總倉位：3 TCA"
15938a19e0d6fd72,2016/12/26 8:57:10,2016/12/26 8:57:01,TCA,KGI,9113,reduce_short,1,-4,-3,normal,,"2016/12/26 08:57:01 ""9113"" 減碼空單目前倉位：-3 之前倉位：-4 KGI(小型台指) 倍數：1, 本次下單：1 , 帳戶實際倉位：-3 , 總倉位：-3 TCA"
159389a47e1f696b,2016/12/26 8:49:10,2016/12/26 8:49:00,TCA,KGI,9115,add_short,-1,-3,-4,normal,,"2016/12/26 08:49:00 ""9115"" 加碼空單目前倉位：-4 之前倉位：-3 KGI(小型台指) 倍數：1, 本次下單：-1 , 帳戶實際倉位：-4 , 總倉位：-4 TCA"
159159a023f020b2,2016/12/19 13:42:09,2016/12/19 13:41:59,TCA,KGI,9245,reduce_short,1,-4,-3,normal,,"2016/12/19 13:41:59 ""9245"" 減碼空單目前倉位：-3 之前倉位：-4 KGI(小型台指) 倍數：1, 本次下單：1 , 帳戶實際倉位：-3 , 總倉位：-3 TCA"
159157e8fa72ad4a,2016/12/19 13:12:09,2016/12/19 13:11:59,TCA,KGI,9254,add_short,-2,-2,-4,normal,,"2016/12/19 13:11:59 ""9254"" 加碼空單目前倉位：-4 之前倉位：-2 KGI(小型台指) 倍數：1, 本次下單：-2 , 帳戶實際倉位：-4 , 總倉位：-4 TCA"
15905904cac9603e,2016/12/16 10:57:37,2016/12/16 10:57:26,TCA,KGI,9352,add_short,-1,-1,-2,normal,,"2016/12/16 10:57:26 ""9352"" 加碼空單目前倉位：-2 之前倉位：-1 KGI(小型台指) 倍數：1, 本次下單：-1 , 帳戶實際倉位：-2 , 總倉位：-2 TCA"
1590048fa0da43e7,2016/12/15 10:21:37,2016/12/15 10:21:27,TCA,KGI,9308,add_short,-1,-1,-2,normal,,"2016/12/15 10:21:27 ""9308"" 加碼空單目前倉位：-2 之前倉位：-1 KGI(小型台指) 倍數：1, 本次下單：-1 , 帳戶實際倉位：-2 , 總倉位：-2 TCA"
158fae4d744b4b67,2016/12/14 9:14:07,2016/12/14 9:13:57,TCA,KGI,9383,reduce_short,2,-3,-1,normal,,"2016/12/14 09:13:57 ""9383"" 減碼空單目前倉位：-1 之前倉位：-3 KGI(小型台指) 倍數：1, 本次下單：2 , 帳戶實際倉位：-1 , 總倉位：-1 TCA"
158f5c266645c516,2016/12/13 9:18:25,2016/12/13 9:18:16,TCA,KGI,9364,reduce_short,1,-2,-1,normal,,"2016/12/13 09:18:16 ""9364"" 減碼空單目前倉位：-1 之前倉位：-2 KGI(小型台指) 倍數：1, 本次下單：1 , 帳戶實際倉位：-1 , 總倉位：-1 TCA"
158f0f93e8d7f3a3,2016/12/12 11:00:16,2016/12/12 11:00:07,TCA,KGI,9364,long_to_short,-4,2,-2,normal,,"2016/12/12 11:00:07 ""9364"" 多翻空目前倉位：-2 之前倉位：2 KGI(小型台指) 倍數：1, 本次下單：-4 , 帳戶實際倉位：-2 , 總倉位：-2 TCA"
158f0813e2bd96a6,2016/12/12 8:49:12,2016/12/12 8:49:02,TCA,KGI,9429,add_long,1,1,2,normal,,"2016/12/12 08:49:02 ""9429"" 加碼多單目前倉位：+2 之前倉位：1 KGI(小型台指) 倍數：1, 本次下單：1 , 帳戶實際倉位：2 , 總倉位：2 TCA"
158d1c35f7fda1c5,2016/12/06 9:33:11,2016/12/06 9:33:02,TCA,KGI,9279,,1,0,1,normal,,"2016/12/06 09:33:02 ""9279"" 多單進場目前倉位：+1 之前倉位：0 KGI(小型台指) 倍數：1, 本次下單：1 , 帳戶實際倉位：1 , 總倉位：1 TCA"
158d1ab10c4540fc,2016/12/06 9:06:38,2016/12/06 9:06:29,TCA,KGI,9260,close_short,1,-1,0,normal,,"2016/12/06 09:06:29 ""9260"" 空單平倉目前倉位：0 之前倉位：-1 KGI(小型台指) 倍數：1, 本次下單：1 , 帳戶實際倉位：0 , 總倉位：0 TCA"
158cd80f642a4468,2016/12/05 13:42:10,2016/12/05 13:42:01,TCA,KGI,9155,reduce_short,4,-5,-1,normal,,"2016/12/05 13:42:01 ""9155"" 減碼空單目前倉位：-1 之前倉位：-5 KGI(小型台指) 倍數：1, 本次下單：4 , 帳戶實際倉位：-1 , 總倉位：-1 TCA"
158cc9a4428302ce,2016/12/05 9:30:11,2016/12/05 9:30:01,TCA,KGI,9121,,-5,0,-5,normal,,"2016/12/05 09:30:01 ""9121"" 空單進場目前倉位：-5 之前倉位：0 KGI(小型台指) 倍數：1, 本次下單：-5 , 帳戶實際倉位：-5 , 總倉位：-5 TCA"
158bd27a1093c63a,2016/12/02 9:30:20,2016/12/02 9:29:55,TCA,KGI,9157,close_long,-1,1,0,normal,,"2016/12/02 09:29:55 ""9157"" 多單平倉目前倉位：0 之前倉位：1 KGI(小型台指) 倍數：1, 本次下單：-1 , 帳戶實際倉位：0 , 總倉位：0 TCA"
158b7e9f0b18e763,2016/12/01 9:05:11,2016/12/01 9:05:02,TCA,KGI,9255,,1,0,1,normal,,"2016/12/01 09:05:02 ""9255"" 多單進場目前倉位：+1 之前倉位：0 KGI(小型台指) 倍數：1, 本次下單：1 , 帳戶實際倉位：1 , 總倉位：1 TCA"
158b36f803c673e2,2016/11/30 12:12:58,2016/11/30 12:12:49,TCA,KGI,9181,close_long,-1,1,0,normal,,"2016/11/30 12:12:49 ""9181"" 多單平倉目前倉位：0 之前倉位：1 KGI(小型台指) 倍數：1, 本次下單：-1 , 帳戶實際倉位：0 , 總倉位：0 TCA"
1589936bc3c8b446,2016/11/25 10:00:51,2016/11/25 10:00:41,TCA,KGI,9188,,1,0,1,normal,,"2016/11/25 10:00:41 ""9188"" 多單進場目前倉位：+1 之前倉位：0 KGI(小型台指) 倍數：1, 本次下單：1 , 帳戶實際倉位：1 , 總倉位：1 TCA"
158992ae8cb69c33,2016/11/25 9:47:55,2016/11/25 9:47:46,TCA,KGI,9186,close_short,1,-1,0,normal,,"2016/11/25 09:47:46 ""9186"" 空單平倉目前倉位：0 之前倉位：-1 KGI(小型台指) 倍數：1, 本次下單：1 , 帳戶實際倉位：0 , 總倉位：0 TCA"
1588ea86a272e0c4,2016/11/23 8:49:11,2016/11/23 8:49:00,TCA,KGI,9157,reduce_short,1,-2,-1,normal,,"2016/11/23 08:49:00 ""9157"" 減碼空單目前倉位：-1 之前倉位：-2 KGI(小型台指) 倍數：1, 本次下單：1 , 帳戶實際倉位：-1 , 總倉位：-1 TCA"
1588a8e4fdde0c72,2016/11/22 13:42:11,2016/11/22 13:42:01,TCA,KGI,9139,long_to_short,-3,1,-2,normal,,"2016/11/22 13:42:01 ""9139"" 多翻空目前倉位：-2 之前倉位：1 KGI(小型台指) 倍數：1, 本次下單：-3 , 帳戶實際倉位：-2 , 總倉位：-2 TCA"
15889bd908140b17,2016/11/22 9:54:11,2016/11/22 9:54:01,TCA,KGI,9109,short_to_long,3,-2,1,normal,,"2016/11/22 09:54:01 ""9109"" 空翻多目前倉位：+1 之前倉位：-2 KGI(小型台指) 倍數：1, 本次下單：3 , 帳戶實際倉位：1 , 總倉位：1 TCA"
15875f4de58283a6,2016/11/18 13:42:10,2016/11/18 13:42:00,TCA,KGI,8989,,-2,0,-2,normal,,"2016/11/18 13:42:00 ""8989"" 空單進場目前倉位：-2 之前倉位：0 KGI(小型台指) 倍數：1, 本次下單：-2 , 帳戶實際倉位：-2 , 總倉位：-2 TCA"
158757ec5a8f0a3a,2016/11/18 11:33:10,2016/11/18 11:33:00,TCA,KGI,8988,close_short,2,-2,0,normal,,"2016/11/18 11:33:00 ""8988"" 空單平倉目前倉位：0 之前倉位：-2 KGI(小型台指) 倍數：1, 本次下單：2 , 帳戶實際倉位：0 , 總倉位：0 TCA"
1586fc554fa56f8b,2016/11/17 8:52:29,2016/11/17 8:52:19,TCA,KGI,8955,,-2,0,-2,normal,,"2016/11/17 08:52:19 ""8955"" 空單進場目前倉位：-2 之前倉位：0 KGI(小型台指) 倍數：1, 本次下單：0 , 帳戶實際倉位：-2 , 總倉位：-2 TCA"
1586b20506240c9f,2016/11/16 11:13:47,2016/11/16 11:13:38,TCA,KGI,9008,reduce_short,1,-3,-2,normal,,"2016/11/16 11:13:38 ""9008"" 減碼空單目前倉位：-2 之前倉位：-3 KGI(小型台指) 倍數：1, 本次下單：1 , 帳戶實際倉位：-2 , 總倉位：-2 TCA"
15865758fce8e40f,2016/11/15 8:49:10,2016/11/15 8:48:59,TCA,KGI,8912,reduce_short,1,-4,-3,normal,,"2016/11/15 08:48:59 ""8912"" 減碼空單目前倉位：-3 之前倉位：-4 KGI(小型台指) 倍數：1, 本次下單：1 , 帳戶實際倉位：-3 , 總倉位：-3 TCA"
15860e6098701a86,2016/11/14 11:33:56,2016/11/14 11:33:46,TCA,KGI,8966,add_short,-1,-3,-4,normal,,"2016/11/14 11:33:46 ""8966"" 加碼空單目前倉位：-4 之前倉位：-3 KGI(小型台指) 倍數：1, 本次下單：-1 , 帳戶實際倉位：-4 , 總倉位：-4 TCA"
15860d4db70bf1ce,2016/11/14 11:15:10,2016/11/14 11:15:01,TCA,KGI,8978,reduce_short,1,-4,-3,normal,,"2016/11/14 11:15:01 ""8978"" 減碼空單目前倉位：-3 之前倉位：-4 KGI(小型台指) 倍數：1, 本次下單：1 , 帳戶實際倉位：-3 , 總倉位：-3 TCA"
15860aedf3d2bbe9,2016/11/14 10:33:41,2016/11/14 10:33:31,TCA,KGI,8945,add_short,-1,-3,-4,normal,,"2016/11/14 10:33:31 ""8945"" 加碼空單目前倉位：-4 之前倉位：-3 KGI(小型台指) 倍數：1, 本次下單：-1 , 帳戶實際倉位：-4 , 總倉位：-4 TCA"
158605913c717edb,2016/11/14 8:59:57,2016/11/14 8:59:45,TCA,KGI,8955,reduce_short,1,-4,-3,normal,,"2016/11/14 08:59:45 ""8955"" 減碼空單目前倉位：-3 之前倉位：-4 KGI(小型台指) 倍數：1, 本次下單：1 , 帳戶實際倉位：-3 , 總倉位：-3 TCA"
158604f43ff91a1d,2016/11/14 8:49:15,2016/11/14 8:49:01,TCA,KGI,8939,add_short,-2,-2,-4,normal,,"2016/11/14 08:49:01 ""8939"" 加碼空單目前倉位：-4 之前倉位：-2 KGI(小型台指) 倍數：1, 本次下單：-2 , 帳戶實際倉位：-4 , 總倉位：-4 TCA"
15851e85e4967c52,2016/11/11 13:42:12,2016/11/11 13:42:02,TCA,KGI,8969,reduce_short,4,-6,-2,normal,,"2016/11/11 13:42:02 ""8969"" 減碼空單目前倉位：-2 之前倉位：-6 KGI(小型台指) 倍數：1, 本次下單：4 , 帳戶實際倉位：-2 , 總倉位：-2 TCA"
15851b79f2fedc9a,2016/11/11 12:48:57,2016/11/11 12:48:47,TCA,KGI,8962,add_short,-1,-5,-6,normal,,"2016/11/11 12:48:47 ""8962"" 加碼空單目前倉位：-6 之前倉位：-5 KGI(小型台指) 倍數：1, 本次下單：-1 , 帳戶實際倉位：-6 , 總倉位：-6 TCA"
1585161d556e049b,2016/11/11 11:15:15,2016/11/11 11:15:01,TCA,KGI,8982,reduce_short,1,-6,-5,normal,,"2016/11/11 11:15:01 ""8982"" 減碼空單目前倉位：-5 之前倉位：-6 KGI(小型台指) 倍數：1, 本次下單：1 , 帳戶實際倉位：-5 , 總倉位：-5 TCA"
158511d1b3ab2c44,2016/11/11 10:00:11,2016/11/11 10:00:02,TCA,KGI,8966,add_short,-1,-5,-6,normal,,"2016/11/11 10:00:02 ""8966"" 加碼空單目前倉位：-6 之前倉位：-5 KGI(小型台指) 倍數：1, 本次下單：-1 , 帳戶實際倉位：-6 , 總倉位：-6 TCA"
15850ddf00959ad8,2016/11/11 8:51:11,2016/11/11 8:51:01,TCA,KGI,9013,add_short,-3,-2,-5,normal,,"2016/11/11 08:51:01 ""9013"" 加碼空單目前倉位：-5 之前倉位：-2 KGI(小型台指) 倍數：1, 本次下單：-3 , 帳戶實際倉位：-5 , 總倉位：-5 TCA"
15850dc1f5e39f17,2016/11/11 8:49:11,2016/11/11 8:49:01,TCA,KGI,9016,reduce_short,1,-3,-2,normal,,"2016/11/11 08:49:01 ""9016"" 減碼空單目前倉位：-2 之前倉位：-3 KGI(小型台指) 倍數：1, 本次下單：1 , 帳戶實際倉位：-2 , 總倉位：-2 TCA"
1584bc344dfef540,2016/11/10 9:03:57,2016/11/10 9:03:46,TCA,KGI,9152,reduce_short,1,-4,-3,normal,,"2016/11/10 09:03:46 ""9152"" 減碼空單目前倉位：-3 之前倉位：-4 KGI(小型台指) 倍數：1, 本次下單：1 , 帳戶實際倉位：-3 , 總倉位：-3 TCA"
158479ba25bbb3b3,2016/11/9 13:42:11,2016/11/9 13:42:02,TCA,KGI,8928,reduce_short,2,-6,-4,normal,,"2016/11/09 13:42:02 ""8928"" 減碼空單目前倉位：-4 之前倉位：-6 KGI(小型台指) 倍數：1, 本次下單：2 , 帳戶實際倉位：-4 , 總倉位：-4 TCA"
15846e9b44109d59,2016/11/9 10:27:51,2016/11/9 10:27:41,TCA,KGI,9011,add_short,-1,-5,-6,normal,,"2016/11/09 10:27:41 ""9011"" 加碼空單目前倉位：-6 之前倉位：-5 KGI(小型台指) 倍數：1, 本次下單：-1 , 帳戶實際倉位：-6 , 總倉位：-6 TCA"
15846e89ffdd9846,2016/11/9 10:26:39,2016/11/9 10:26:30,TCA,KGI,9013,reduce_short,1,-6,-5,normal,,"2016/11/09 10:26:30 ""9013"" 減碼空單目前倉位：-5 之前倉位：-6 KGI(小型台指) 倍數：1, 本次下單：1 , 帳戶實際倉位：-5 , 總倉位：-5 TCA"
15846d4d5c56b2ef,2016/11/9 10:05:02,2016/11/9 10:04:52,TCA,KGI,9073,add_short,-1,-5,-6,normal,,"2016/11/09 10:04:52 ""9073"" 加碼空單目前倉位：-6 之前倉位：-5 KGI(小型台指) 倍數：1, 本次下單：-1 , 帳戶實際倉位：-6 , 總倉位：-6 TCA"
15846d0637a9f6d4,2016/11/9 10:00:11,2016/11/9 10:00:01,TCA,KGI,9143,add_short,-1,-4,-5,normal,,"2016/11/09 10:00:01 ""9143"" 加碼空單目前倉位：-5 之前倉位：-4 KGI(小型台指) 倍數：1, 本次下單：-1 , 帳戶實際倉位：-5 , 總倉位：-5 TCA"
158468f620b13385,2016/11/9 8:49:11,2016/11/9 8:49:01,TCA,KGI,9222,reduce_short,1,-5,-4,normal,,"2016/11/09 08:49:01 ""9222"" 減碼空單目前倉位：-4 之前倉位：-5 KGI(小型台指) 倍數：1, 本次下單：1 , 帳戶實際倉位：-4 , 總倉位：-4 TCA"
15841fd38f12f3da,2016/11/8 11:30:59,2016/11/8 11:30:49,TCA,KGI,9204,add_short,-1,-4,-5,normal,,"2016/11/08 11:30:49 ""9204"" 加碼空單目前倉位：-5 之前倉位：-4 KGI(小型台指) 倍數：1, 本次下單：-1 , 帳戶實際倉位：-5 , 總倉位：-5 TCA"
158416907860b3ab,2016/11/8 8:49:08,2016/11/8 8:48:58,TCA,KGI,9224,reduce_short,1,-5,-4,normal,,"2016/11/08 08:48:58 ""9224"" 減碼空單目前倉位：-4 之前倉位：-5 KGI(小型台指) 倍數：1, 本次下單：1 , 帳戶實際倉位：-4 , 總倉位：-4 TCA"
1583c61562ce04f2,2016/11/7 9:22:40,2016/11/7 9:22:30,TCA,KGI,9155,reduce_short,1,-6,-5,normal,,"2016/11/07 09:22:30 ""9155"" 減碼空單目前倉位：-5 之前倉位：-6 KGI(小型台指) 倍數：1, 本次下單：1 , 帳戶實際倉位：-5 , 總倉位：-5 TCA"
15827c7e6deecef0,2016/11/3 9:22:40,2016/11/3 9:22:30,TCA,KGI,9130,add_short,-1,-5,-6,normal,,"2016/11/03 09:22:30 ""9130"" 加碼空單目前倉位：-6 之前倉位：-5 KGI(小型台指) 倍數：1, 本次下單：-1 , 帳戶實際倉位：-6 , 總倉位：-6 TCA"
1582282df68a2467,2016/11/2 8:49:07,2016/11/2 8:48:57,TCA,KGI,9208,add_short,-1,-4,-5,normal,,"2016/11/02 08:48:57 ""9208"" 加碼空單目前倉位：-5 之前倉位：-4 KGI(小型台指) 倍數：1, 本次下單：-1 , 帳戶實際倉位：-5 , 總倉位：-5 TCA"
1581de48f0f4907b,2016/11/1 11:17:45,2016/11/1 11:17:30,TCA,KGI,9291,reduce_short,1,-5,-4,normal,,"2016/11/01 11:17:30 ""9291"" 減碼空單目前倉位：-4 之前倉位：-5 KGI(小型台指) 倍數：1, 本次下單：1 , 帳戶實際倉位：-4 , 總倉位：-4 TCA"
1581d6e1f16fa7e3,2016/11/1 9:08:23,2016/11/1 9:08:14,TCA,KGI,9236,add_short,-1,-4,-5,normal,,"2016/11/01 09:08:14 ""9236"" 加碼空單目前倉位：-5 之前倉位：-4 KGI(小型台指) 倍數：1, 本次下單：-1 , 帳戶實際倉位：-5 , 總倉位：-5 TCA"
15818bc04bebacaf,2016/10/31 11:15:22,2016/10/31 11:15:13,TCA,KGI,9277,reduce_short,1,-5,-4,normal,,"2016/10/31 11:15:13 ""9277"" 減碼空單目前倉位：-4 之前倉位：-5 KGI(小型台指) 倍數：1, 本次下單：1 , 帳戶實際倉位：-4 , 總倉位：-4 TCA"
15803e3656d895ac,2016/10/27 10:06:22,2016/10/27 10:06:13,TCA,KGI,9276,add_short,-1,-4,-5,normal,,"2016/10/27 10:06:13 ""9276"" 加碼空單目前倉位：-5 之前倉位：-4 KGI(小型台指) 倍數：1, 本次下單：-1 , 帳戶實際倉位：-5 , 總倉位：-5 TCA"
15803bd9501161a3,2016/10/27 9:25:04,2016/10/27 9:24:54,TCA,KGI,9319,add_short,-1,-3,-4,normal,,"2016/10/27 09:24:54 ""9319"" 加碼空單目前倉位：-4 之前倉位：-3 KGI(小型台指) 倍數：1, 本次下單：-1 , 帳戶實際倉位：-4 , 總倉位：-4 TCA"
157ff555484b445d,2016/10/26 12:52:42,2016/10/26 12:52:33,TCA,KGI,9332,add_short,-1,-2,-3,normal,,"2016/10/26 12:52:33 ""9332"" 加碼空單目前倉位：-3 之前倉位：-2 KGI(小型台指) 倍數：1, 本次下單：-1 , 帳戶實際倉位：-3 , 總倉位：-3 TCA"
157fe9bec8056653,2016/10/26 9:30:11,2016/10/26 9:30:02,TCA,KGI,9326,add_short,-1,-1,-2,normal,,"2016/10/26 09:30:02 ""9326"" 加碼空單目前倉位：-2 之前倉位：-1 KGI(小型台指) 倍數：1, 本次下單：-1 , 帳戶實際倉位：-2 , 總倉位：-2 TCA"
157fe765fd0a7965,2016/10/26 8:49:10,2016/10/26 8:49:00,TCA,KGI,9345,reduce_short,1,-2,-1,normal,,"2016/10/26 08:49:00 ""9345"" 減碼空單目前倉位：-1 之前倉位：-2 KGI(小型台指) 倍數：1, 本次下單：1 , 帳戶實際倉位：-1 , 總倉位：-1 TCA"
157fa5c3e3880a63,2016/10/25 13:42:07,2016/10/25 13:41:58,TCA,KGI,9376,add_short,-1,-1,-2,normal,,"2016/10/25 13:41:58 ""9376"" 加碼空單目前倉位：-2 之前倉位：-1 KGI(小型台指) 倍數：1, 本次下單：-1 , 帳戶實際倉位：-2 , 總倉位：-2 TCA"
157f9e2ab99743a2,2016/10/25 11:29:19,2016/10/25 11:29:10,TCA,KGI,9376,reduce_short,1,-2,-1,normal,,"2016/10/25 11:29:10 ""9376"" 減碼空單目前倉位：-1 之前倉位：-2 KGI(小型台指) 倍數：1, 本次下單：1 , 帳戶實際倉位：-1 , 總倉位：-1 TCA"
157f96e87109cc55,2016/10/25 9:22:28,2016/10/25 9:22:18,TCA,KGI,9311,reduce_short,1,-3,-2,normal,,"2016/10/25 09:22:18 ""9311"" 減碼空單目前倉位：-2 之前倉位：-3 KGI(小型台指) 倍數：1, 本次下單：1 , 帳戶實際倉位：-2 , 總倉位：-2 TCA"
157e4edd752a5927,2016/10/21 9:49:28,2016/10/21 9:49:19,TCA,KGI,9271,add_short,-1,-2,-3,normal,,"2016/10/21 09:49:19 ""9271"" 加碼空單目前倉位：-3 之前倉位：-2 KGI(小型台指) 倍數：1, 本次下單：-1 , 帳戶實際倉位：-3 , 總倉位：-3 TCA"
157e4cf0d9a36ab7,2016/10/21 9:15:50,2016/10/21 9:15:38,TCA,KGI,9307,reduce_short,1,-3,-2,normal,,"2016/10/21 09:15:38 ""9307"" 減碼空單目前倉位：-2 之前倉位：-3 KGI(小型台指) 倍數：1, 本次下單：1 , 帳戶實際倉位：-2 , 總倉位：-2 TCA"
157df8c8913df9f7,2016/10/20 8:45:08,2016/10/20 8:44:58,TCA,KGI,9269,,-3,0,-3,normal,,"2016/10/20 08:44:58 ""9269"" 空單進場目前倉位：-3 之前倉位：0 KGI(小型台指) 倍數：1, 本次下單：-1 , 帳戶實際倉位：-3 , 總倉位：-3 TCA"
157db501cfa70ef1,2016/10/19 13:00:40,2016/10/19 13:00:31,TCA,KGI,9281,reduce_short,1,-3,-2,normal,,"2016/10/19 13:00:31 ""9281"" 減碼空單目前倉位：-2 之前倉位：-3 KGI(小型台指) 倍數：1, 本次下單：1 , 帳戶實際倉位：-2 , 總倉位：-2 TCA"
157dae7443ba5ba5,2016/10/19 11:06:10,2016/10/19 11:06:00,TCA,KGI,9295,reduce_short,1,-4,-3,normal,,"2016/10/19 11:06:00 ""9295"" 減碼空單目前倉位：-3 之前倉位：-4 KGI(小型台指) 倍數：1, 本次下單：1 , 帳戶實際倉位：-3 , 總倉位：-3 TCA"
157d572addad032e,2016/10/18 9:40:32,2016/10/18 9:40:22,TCA,KGI,9209,reduce_short,1,-5,-4,normal,,"2016/10/18 09:40:22 ""9209"" 減碼空單目前倉位：-4 之前倉位：-5 KGI(小型台指) 倍數：1, 本次下單：1 , 帳戶實際倉位：-4 , 總倉位：-4 TCA"
157c115a6be51192,2016/10/14 10:46:39,2016/10/14 10:46:30,TCA,KGI,9163,long_to_short,-6,5,-1,normal,,"2016/10/14 10:46:30 ""9163"" 多翻空目前倉位：-1 之前倉位：5 KGI(小型台指) 倍數：1, 本次下單：-1 , 帳戶實際倉位：-2 , 總倉位：-2 TCA"
157b6d53623391bb,2016/10/12 11:00:03,2016/10/12 10:59:54,TCA,KGI,9243,reduce_short,1,-5,-4,normal,,"2016/10/12 10:59:54 ""9243"" 減碼空單目前倉位：-4 之前倉位：-5 KGI(小型台指) 倍數：1, 本次下單：1 , 帳戶實際倉位：-4 , 總倉位：-4 TCA"
157b65d53d7b9b2c,2016/10/12 8:49:07,2016/10/12 8:48:57,TCA,KGI,9174,add_short,-1,-4,-5,normal,,"2016/10/12 08:48:57 ""9174"" 加碼空單目前倉位：-5 之前倉位：-4 KGI(小型台指) 倍數：1, 本次下單：-1 , 帳戶實際倉位：-5 , 總倉位：-5 TCA"
157b6592105ef0ae,2016/10/12 8:44:31,2016/10/12 8:44:15,TCA,KGI,9191,long_to_short,-6,2,-4,normal,,"2016/10/12 08:44:15 ""9191"" 多翻空目前倉位：-4 之前倉位：2 KGI(小型台指) 倍數：1, 本次下單：0 , 帳戶實際倉位：2 , 總倉位：2 TCA"
157b1ac4b8e588c6,2016/10/11 10:57:16,2016/10/11 10:57:07,TCA,KGI,9206,long_to_short,-9,5,-4,normal,,"2016/10/11 10:57:07 ""9206"" 多翻空目前倉位：-4 之前倉位：5 KGI(小型台指) 倍數：1, 本次下單：-9 , 帳戶實際倉位：-4 , 總倉位：-4 TCA"
157b13e4b9604ca4,2016/10/11 8:57:08,2016/10/11 8:56:58,TCA,KGI,9320,add_long,3,2,5,normal,,"2016/10/11 08:56:58 ""9320"" 加碼多單目前倉位：+5 之前倉位：2 KGI(小型台指) 倍數：1, 本次下單：3 , 帳戶實際倉位：5 , 總倉位：5 TCA"
1578df4e2fb978ae,2016/10/4 12:30:16,2016/10/4 12:30:07,TCA,KGI,9231,reduce_long,-1,3,2,normal,,"2016/10/04 12:30:07 ""9231"" 減碼多單目前倉位：+2 之前倉位：3 KGI(小型台指) 倍數：1, 本次下單：-1 , 帳戶實際倉位：2 , 總倉位：2 TCA"
1578d94c87f3fefb,2016/10/4 10:45:19,2016/10/4 10:45:09,TCA,KGI,9243,add_long,1,2,3,normal,,"2016/10/04 10:45:09 ""9243"" 加碼多單目前倉位：+3 之前倉位：2 KGI(小型台指) 倍數：1, 本次下單：1 , 帳戶實際倉位：3 , 總倉位：3 TCA"
1578d94b6531ca81,2016/10/4 10:45:13,2016/10/4 10:45:03,TCA,KGI,9243,short_to_long,4,-2,2,normal,,"2016/10/04 10:45:03 ""9243"" 空翻多目前倉位：+2 之前倉位：-2 KGI(小型台指) 倍數：1, 本次下單：4 , 帳戶實際倉位：2 , 總倉位：2 TCA"
15788204bccd73c6,2016/10/3 9:20:00,2016/10/3 9:19:50,TCA,KGI,9218,reduce_short,1,-3,-2,normal,,"2016/10/03 09:19:50 ""9218"" 減碼空單目前倉位：-2 之前倉位：-3 KGI(小型台指) 倍數：1, 本次下單：1 , 帳戶實際倉位：-2 , 總倉位：-2 TCA"
15779930d9439b85,2016/9/30 13:30:59,2016/9/30 13:30:50,TCA,KGI,9139,add_short,-1,-2,-3,normal,,"2016/09/30 13:30:50 ""9139"" 加碼空單目前倉位：-3 之前倉位：-2 KGI(小型台指) 倍數：1, 本次下單：-1 , 帳戶實際倉位：-3 , 總倉位：-3 TCA"
15778b8c37faa37c,2016/9/30 9:32:33,2016/9/30 9:32:24,TCA,KGI,9170,add_short,-1,-1,-2,normal,,"2016/09/30 09:32:24 ""9170"" 加碼空單目前倉位：-2 之前倉位：-1 KGI(小型台指) 倍數：1, 本次下單：-1 , 帳戶實際倉位：-2 , 總倉位：-2 TCA"
1577476e7f1f75f7,2016/9/29 13:42:07,2016/9/29 13:41:58,TCA,KGI,9256,long_to_short,-2,1,-1,normal,,"2016/09/29 13:41:58 ""9256"" 多翻空目前倉位：-1 之前倉位：1 KGI(小型台指) 倍數：1, 本次下單：-2 , 帳戶實際倉位：-1 , 總倉位：-1 TCA"
15773c467bea0c89,2016/9/29 10:27:07,2016/9/29 10:26:58,TCA,KGI,9295,short_to_long,2,-1,1,normal,,"2016/09/29 10:26:58 ""9295"" 空翻多目前倉位：+1 之前倉位：-1 KGI(小型台指) 倍數：1, 本次下單：2 , 帳戶實際倉位：1 , 總倉位：1 TCA"
15773ae4766fe5be,2016/9/29 10:02:59,2016/9/29 10:02:49,TCA,KGI,9263,reduce_short,2,-3,-1,normal,,"2016/09/29 10:02:49 ""9263"" 減碼空單目前倉位：-1 之前倉位：-3 KGI(小型台指) 倍數：1, 本次下單：2 , 帳戶實際倉位：-1 , 總倉位：-1 TCA"
157643037c959bc0,2016/9/26 9:51:00,2016/9/26 9:50:50,TCA,KGI,9159,add_short,-1,-2,-3,normal,,"2016/09/26 09:50:50 ""9159"" 加碼空單目前倉位：-3 之前倉位：-2 KGI(小型台指) 倍數：1, 本次下單：-1 , 帳戶實際倉位：-3 , 總倉位：-3 TCA"
157640536053540d,2016/9/26 9:04:01,2016/9/26 9:03:52,TCA,KGI,9175,long_to_short,-5,3,-2,normal,,"2016/09/26 09:03:52 ""9175"" 多翻空目前倉位：-2 之前倉位：3 KGI(小型台指) 倍數：1, 本次下單：-5 , 帳戶實際倉位：-2 , 總倉位：-2 TCA"
15754c0ecd338c0a,2016/9/23 9:55:10,2016/9/23 9:55:01,TCA,KGI,9233,add_long,1,2,3,normal,,"2016/09/23 09:55:01 ""9233"" 加碼多單目前倉位：+3 之前倉位：2 KGI(小型台指) 倍數：1, 本次下單：1 , 帳戶實際倉位：3 , 總倉位：3 TCA"
157549d8d1c4c9c5,2016/9/23 9:16:32,2016/9/23 9:16:22,TCA,KGI,9194,reduce_long,-1,3,2,normal,,"2016/09/23 09:16:22 ""9194"" 減碼多單目前倉位：+2 之前倉位：3 KGI(小型台指) 倍數：1, 本次下單：-1 , 帳戶實際倉位：2 , 總倉位：2 TCA"
1574f854ff3f1cfb,2016/9/22 9:31:57,2016/9/22 9:31:47,TCA,KGI,9177,reduce_long,-1,4,3,normal,,"2016/09/22 09:31:47 ""9177"" 減碼多單目前倉位：+3 之前倉位：4 KGI(小型台指) 倍數：1, 本次下單：-1 , 帳戶實際倉位：3 , 總倉位：3 TCA"
1574f72538b58727,2016/9/22 9:11:14,2016/9/22 9:11:05,TCA,KGI,9189,add_long,1,3,4,normal,,"2016/09/22 09:11:05 ""9189"" 加碼多單目前倉位：+4 之前倉位：3 KGI(小型台指) 倍數：1, 本次下單：1 , 帳戶實際倉位：4 , 總倉位：4 TCA"
1574f69fbac97028,2016/9/22 9:02:06,2016/9/22 9:01:57,TCA,KGI,9243,reduce_long,-3,6,3,normal,,"2016/09/22 09:01:57 ""9243"" 減碼多單目前倉位：+3 之前倉位：6 KGI(小型台指) 倍數：1, 本次下單：-3 , 帳戶實際倉位：3 , 總倉位：3 TCA"
1574f5e23ad11336,2016/9/22 8:49:11,2016/9/22 8:49:01,TCA,KGI,9239,add_long,3,3,6,normal,,"2016/09/22 08:49:01 ""9239"" 加碼多單目前倉位：+6 之前倉位：3 KGI(小型台指) 倍數：1, 本次下單：2 , 帳戶實際倉位：6 , 總倉位：6 TCA"
1574af11d219f8e2,2016/9/21 12:11:36,2016/9/21 12:11:26,TCA,KGI,9174,add_long,1,3,4,normal,,"2016/09/21 12:11:26 ""9174"" 加碼多單目前倉位：+4 之前倉位：3 KGI(小型台指) 倍數：1, 本次下單：1 , 帳戶實際倉位：4 , 總倉位：4 TCA"
1574a37caa94677f,2016/9/21 8:49:10,2016/9/21 8:49:00,TCA,KGI,9126,reduce_long,-1,4,3,normal,,"2016/09/21 08:49:00 ""9126"" 減碼多單目前倉位：+3 之前倉位：4 KGI(小型台指) 倍數：1, 本次下單：-1 , 帳戶實際倉位：3 , 總倉位：3 TCA"
15745118662cd909,2016/9/20 8:49:15,2016/9/20 8:49:00,TCA,KGI,9133,add_long,1,3,4,normal,,"2016/09/20 08:49:00 ""9133"" 加碼多單目前倉位：+4 之前倉位：3 KGI(小型台指) 倍數：1, 本次下單：1 , 帳戶實際倉位：4 , 總倉位：4 TCA"
15740f74e2f43cb0,2016/9/19 13:42:09,2016/9/19 13:41:59,TCA,KGI,9150,reduce_long,-1,4,3,normal,,"2016/09/19 13:41:59 ""9150"" 減碼多單目前倉位：+3 之前倉位：4 KGI(小型台指) 倍數：1, 本次下單：-1 , 帳戶實際倉位：3 , 總倉位：3 TCA"
157407fa3bea2df4,2016/9/19 11:31:26,2016/9/19 11:31:16,TCA,KGI,9139,reduce_long,-1,5,4,normal,,"2016/09/19 11:31:16 ""9139"" 減碼多單目前倉位：+4 之前倉位：5 KGI(小型台指) 倍數：1, 本次下單：-1 , 帳戶實際倉位：4 , 總倉位：4 TCA"
1573ffebeb29ece0,2016/9/19 9:10:39,2016/9/19 9:10:30,TCA,KGI,9032,add_long,1,4,5,normal,,"2016/09/19 09:10:30 ""9032"" 加碼多單目前倉位：+5 之前倉位：4 KGI(小型台指) 倍數：1, 本次下單：1 , 帳戶實際倉位：5 , 總倉位：5 TCA"
1573ff98a73909a5,2016/9/19 9:04:58,2016/9/19 9:04:49,TCA,KGI,9020,add_long,2,2,4,normal,,"2016/09/19 09:04:49 ""9020"" 加碼多單目前倉位：+4 之前倉位：2 KGI(小型台指) 倍數：1, 本次下單：2 , 帳戶實際倉位：4 , 總倉位：4 TCA"
1573ff8918dcdd08,2016/9/19 9:03:54,2016/9/19 9:03:45,TCA,KGI,9009,short_to_long,3,-1,2,normal,,"2016/09/19 09:03:45 ""9009"" 空翻多目前倉位：+2 之前倉位：-1 KGI(小型台指) 倍數：1, 本次下單：3 , 帳戶實際倉位：2 , 總倉位：2 TCA"
157272887c50fa85,2016/9/14 13:25:46,2016/9/14 13:25:33,TCA,KGI,8897,,-1,0,-1,normal,,"2016/09/14 13:25:33 ""8897"" 空單進場目前倉位：-1 之前倉位：0 KGI(小型台指) 倍數：1, 本次下單：-1 , 帳戶實際倉位：-1 , 總倉位：-1 TCA"
1572685a36f7b892,2016/9/14 10:27:52,2016/9/14 10:27:43,TCA,KGI,8880,close_short,1,-1,0,normal,,"2016/09/14 10:27:43 ""8880"" 空單平倉目前倉位：0 之前倉位：-1 KGI(小型台指) 倍數：1, 本次下單：1 , 帳戶實際倉位：0 , 總倉位：0 TCA"
157264660a92c35c,2016/9/14 9:18:47,2016/9/14 9:18:38,TCA,KGI,8940,,-1,0,-1,normal,,"2016/09/14 09:18:38 ""8940"" 空單進場目前倉位：-1 之前倉位：0 KGI(小型台指) 倍數：1, 本次下單：-1 , 帳戶實際倉位：-1 , 總倉位：-1 TCA"
157262b4397bb836,2016/9/14 8:49:09,2016/9/14 8:49:00,TCA,KGI,8856,close_short,3,-3,0,normal,,"2016/09/14 08:49:00 ""8856"" 空單平倉目前倉位：0 之前倉位：-3 KGI(小型台指) 倍數：1, 本次下單：3 , 帳戶實際倉位：0 , 總倉位：0 TCA"
15721606d65b8921,2016/9/13 10:29:03,2016/9/13 10:28:54,TCA,KGI,8890,,-3,0,-3,normal,,"2016/09/13 10:28:54 ""8890"" 空單進場目前倉位：-3 之前倉位：0 KGI(小型台指) 倍數：1, 本次下單：-2 , 帳戶實際倉位：-3 , 總倉位：-3 TCA"
1571ce37f30a9f70,2016/9/12 13:34:03,2016/9/12 13:33:54,TCA,KGI,8904,reduce_long,-1,2,1,normal,,"2016/09/12 13:33:54 ""8904"" 減碼多單目前倉位：+1 之前倉位：2 KGI(小型台指) 倍數：1, 本次下單：-1 , 帳戶實際倉位：1 , 總倉位：1 TCA"
1571bde8b799965a,2016/9/12 8:49:02,2016/9/12 8:48:52,TCA,KGI,8988,reduce_long,-3,5,2,normal,,"2016/09/12 08:48:52 ""8988"" 減碼多單目前倉位：+2 之前倉位：5 KGI(小型台指) 倍數：1, 本次下單：-3 , 帳戶實際倉位：2 , 總倉位：2 TCA"
156f7d95b7af691a,2016/9/5 8:57:09,2016/9/5 8:56:59,TCA,KGI,9019,add_long,1,4,5,normal,,"2016/09/05 08:56:59 ""9019"" 加碼多單目前倉位：+5 之前倉位：4 KGI(小型台指) 倍數：1, 本次下單：1 , 帳戶實際倉位：5 , 總倉位：5 TCA"
156e34bccfbe1ccc,2016/9/1 9:10:09,2016/9/1 9:10:00,TCA,KGI,8957,reduce_long,-1,5,4,normal,,"2016/09/01 09:10:00 ""8957"" 減碼多單目前倉位：+4 之前倉位：5 KGI(小型台指) 倍數：1, 本次下單：-1 , 帳戶實際倉位：4 , 總倉位：4 TCA"
156d4624157ec1de,2016/8/29 11:40:18,2016/8/29 11:40:09,TCA,KGI,9027,add_long,1,4,5,normal,,"2016/08/29 11:40:09 ""9027"" 加碼多單目前倉位：+5 之前倉位：4 KGI(小型台指) 倍數：1, 本次下單：1 , 帳戶實際倉位：5 , 總倉位：5 TCA"
156d460dce69a85b,2016/8/29 11:38:47,2016/8/29 11:38:38,TCA,KGI,9025,add_long,2,2,4,normal,,"2016/08/29 11:38:38 ""9025"" 加碼多單目前倉位：+4 之前倉位：2 KGI(小型台指) 倍數：1, 本次下單：2 , 帳戶實際倉位：4 , 總倉位：4 TCA"
156d3f3469bc4f5b,2016/8/29 9:39:06,2016/8/29 9:38:56,TCA,KGI,8993,reduce_long,-1,3,2,normal,,"2016/08/29 09:38:56 ""8993"" 減碼多單目前倉位：+2 之前倉位：3 KGI(小型台指) 倍數：1, 本次下單：-1 , 帳戶實際倉位：2 , 總倉位：2 TCA"
156c03394f3a800c,2016/8/25 13:36:57,2016/8/25 13:36:48,TCA,KGI,9070,add_long,1,2,3,normal,,"2016/08/25 13:36:48 ""9070"" 加碼多單目前倉位：+3 之前倉位：2 KGI(小型台指) 倍數：1, 本次下單：1 , 帳戶實際倉位：3 , 總倉位：3 TCA"
156b50ff175d1d72,2016/8/23 9:42:13,2016/8/23 9:42:03,TCA,KGI,8946,short_to_long,5,-3,2,normal,,"2016/08/23 09:42:03 ""8946"" 空翻多目前倉位：+2 之前倉位：-3 KGI(小型台指) 倍數：1, 本次下單：5 , 帳戶實際倉位：2 , 總倉位：2 TCA"
156afb8ff7b64ad8,2016/8/22 8:49:09,2016/8/22 8:49:00,TCA,KGI,8933,add_short,-1,-2,-3,normal,,"2016/08/22 08:49:00 ""8933"" 加碼空單目前倉位：-3 之前倉位：-2 KGI(小型台指) 倍數：1, 本次下單：-1 , 帳戶實際倉位：-3 , 總倉位：-3 TCA"
1568bc39d8b4ac7c,2016/8/15 9:14:26,2016/8/15 9:14:16,TCA,KGI,9122,add_short,-1,-1,-2,normal,,"2016/08/15 09:14:16 ""9122"" 加碼空單目前倉位：-2 之前倉位：-1 KGI(小型台指) 倍數：1, 本次下單：-1 , 帳戶實際倉位：-2 , 總倉位：-2 TCA"
1568bac7ec9cc91b,2016/8/15 8:49:10,2016/8/15 8:49:01,TCA,KGI,9137,reduce_short,1,-2,-1,normal,,"2016/08/15 08:49:01 ""9137"" 減碼空單目前倉位：-1 之前倉位：-2 KGI(小型台指) 倍數：1, 本次下單：1 , 帳戶實際倉位：-1 , 總倉位：-1 TCA"
156781f47332a2ec,2016/8/11 13:42:06,2016/8/11 13:41:57,TCA,KGI,9084,reduce_short,2,-4,-2,normal,,"2016/08/11 13:41:57 ""9084"" 減碼空單目前倉位：-2 之前倉位：-4 KGI(小型台指) 倍數：1, 本次下單：2 , 帳戶實際倉位：-2 , 總倉位：-2 TCA"
15677e033cc2e4b7,2016/8/11 12:33:13,2016/8/11 12:32:57,TCA,KGI,9064,long_to_short,-5,1,-4,normal,,"2016/08/11 12:32:57 ""9064"" 多翻空目前倉位：-4 之前倉位：1 KGI(小型台指) 倍數：1, 本次下單：-5 , 帳戶實際倉位：-4 , 總倉位：-4 TCA"
156777d3b843058a,2016/8/11 10:45:07,2016/8/11 10:44:57,TCA,KGI,9053,reduce_long,-2,3,1,normal,,"2016/08/11 10:44:57 ""9053"" 減碼多單目前倉位：+1 之前倉位：3 KGI(小型台指) 倍數：1, 本次下單：-2 , 帳戶實際倉位：1 , 總倉位：1 TCA"
15672f8eb1e8e68b,2016/8/10 13:42:07,2016/8/10 13:41:58,TCA,KGI,9154,reduce_long,-1,4,3,normal,,"2016/08/10 13:41:58 ""9154"" 減碼多單目前倉位：+3 之前倉位：4 KGI(小型台指) 倍數：1, 本次下單：-1 , 帳戶實際倉位：3 , 總倉位：3 TCA"
156729e48966083f,2016/8/10 12:03:07,2016/8/10 12:02:58,TCA,KGI,9155,add_long,1,3,4,normal,,"2016/08/10 12:02:58 ""9155"" 加碼多單目前倉位：+4 之前倉位：3 KGI(小型台指) 倍數：1, 本次下單：1 , 帳戶實際倉位：4 , 總倉位：4 TCA"
156679ff64495029,2016/8/8 8:49:01,2016/8/8 8:48:51,TCA,KGI,9118,add_long,1,2,3,normal,,"2016/08/08 08:48:51 ""9118"" 加碼多單目前倉位：+3 之前倉位：2 KGI(小型台指) 倍數：1, 本次下單：1 , 帳戶實際倉位：3 , 總倉位：3 TCA"
15658449d23e2c59,2016/8/5 9:14:58,2016/8/5 9:14:49,TCA,KGI,8994,reduce_long,-1,3,2,normal,,"2016/08/05 09:14:49 ""8994"" 減碼多單目前倉位：+2 之前倉位：3 KGI(小型台指) 倍數：1, 本次下單：0 , 帳戶實際倉位：2 , 總倉位：2 TCA"
1564eec6aae54fc6,2016/8/3 13:42:07,2016/8/3 13:41:58,TCA,KGI,8935,,2,0,2,normal,,"2016/08/03 13:41:58 ""8935"" 多單進場目前倉位：+2 之前倉位：0 KGI(小型台指) 倍數：1, 本次下單：2 , 帳戶實際倉位：2 , 總倉位：2 TCA"
1564eccfd9da4ee9,2016/8/3 13:07:47,2016/8/3 13:07:38,TCA,KGI,8935,close_long,-1,1,0,normal,,"2016/08/03 13:07:38 ""8935"" 多單平倉目前倉位：0 之前倉位：1 KGI(小型台指) 倍數：1, 本次下單：-1 , 帳戶實際倉位：0 , 總倉位：0 TCA"
1564e2e2e1d7a031,2016/8/3 10:14:20,2016/8/3 10:14:11,TCA,KGI,8954,,1,0,1,normal,,"2016/08/03 10:14:11 ""8954"" 多單進場目前倉位：+1 之前倉位：0 KGI(小型台指) 倍數：1, 本次下單：1 , 帳戶實際倉位：1 , 總倉位：1 TCA"
1564de795e38cd60,2016/8/3 8:57:13,2016/8/3 8:56:58,TCA,KGI,8880,close_long,-2,2,0,normal,,"2016/08/03 08:56:58 ""8880"" 多單平倉目前倉位：0 之前倉位：2 KGI(小型台指) 倍數：1, 本次下單：-2 , 帳戶實際倉位：0 , 總倉位：0 TCA"
15643b8c56deaaba,2016/8/1 9:29:52,2016/8/1 9:29:42,TCA,KGI,8997,add_long,1,1,2,normal,,"2016/08/01 09:29:42 ""8997"" 加碼多單目前倉位：+2 之前倉位：1 KGI(小型台指) 倍數：1, 本次下單：1 , 帳戶實際倉位：2 , 總倉位：2 TCA"
15643a2a983ed884,2016/8/1 9:05:42,2016/8/1 9:05:32,TCA,KGI,8963,short_to_long,3,-2,1,normal,,"2016/08/01 09:05:32 ""8963"" 空翻多目前倉位：+1 之前倉位：-2 KGI(小型台指) 倍數：1, 本次下單：3 , 帳戶實際倉位：1 , 總倉位：1 TCA"
15634c4b7f0f497d,2016/7/29 11:48:36,2016/7/29 11:48:27,TCA,KGI,8935,add_short,-1,-1,-2,normal,,"2016/07/29 11:48:27 ""8935"" 加碼空單目前倉位：-2 之前倉位：-1 KGI(小型台指) 倍數：1, 本次下單：-1 , 帳戶實際倉位：-2 , 總倉位：-2 TCA"
156342063be00b58,2016/7/29 8:49:09,2016/7/29 8:49:00,TCA,KGI,9008,,-1,0,-1,normal,,"2016/07/29 08:49:00 ""9008"" 空單進場目前倉位：-1 之前倉位：0 KGI(小型台指) 倍數：1, 本次下單：-1 , 帳戶實際倉位：-1 , 總倉位：-1 TCA"
1562f5bfa1afa0c9,2016/7/28 10:36:08,2016/7/28 10:35:56,TCA,KGI,9016,close_short,1,-1,0,normal,,"2016/07/28 10:35:56 ""9016"" 空單平倉目前倉位：0 之前倉位：-1 KGI(小型台指) 倍數：1, 本次下單：1 , 帳戶實際倉位：0 , 總倉位：0 TCA"
15625bb399c1f707,2016/7/26 13:43:49,2016/7/26 13:43:40,TCA,KGI,8964,reduce_short,1,-2,-1,normal,,"2016/07/26 13:43:40 ""8964"" 減碼空單目前倉位：-1 之前倉位：-2 KGI(小型台指) 倍數：1, 本次下單：1 , 帳戶實際倉位：-1 , 總倉位：-1 TCA"
1562088235b34df1,2016/7/25 13:29:58,2016/7/25 13:29:47,TCA,KGI,8891,reduce_short,1,-3,-2,normal,,"2016/07/25 13:29:47 ""8891"" 減碼空單目前倉位：-2 之前倉位：-3 KGI(小型台指) 倍數：1, 本次下單：1 , 帳戶實際倉位：-2 , 總倉位：-2 TCA"
1561fc7f71e12178,2016/7/25 10:00:03,2016/7/25 9:59:53,TCA,KGI,8853,add_short,-1,-2,-3,normal,,"2016/07/25 09:59:53 ""8853"" 加碼空單目前倉位：-3 之前倉位：-2 KGI(小型台指) 倍數：1, 本次下單：-1 , 帳戶實際倉位：-3 , 總倉位：-3 TCA"
1561fb7ce25d8a93,2016/7/25 9:42:25,2016/7/25 9:42:15,TCA,KGI,8891,add_short,-1,-1,-2,normal,,"2016/07/25 09:42:15 ""8891"" 加碼空單目前倉位：-2 之前倉位：-1 KGI(小型台指) 倍數：1, 本次下單：-1 , 帳戶實際倉位：-2 , 總倉位：-2 TCA"
1561fa5d69ec74c6,2016/7/25 9:22:47,2016/7/25 9:22:38,TCA,KGI,8968,,-1,0,-1,normal,,"2016/07/25 09:22:38 ""8968"" 空單進場目前倉位：-1 之前倉位：0 KGI(小型台指) 倍數：1, 本次下單：-1 , 帳戶實際倉位：-1 , 總倉位：-1 TCA"
1561f948982620f6,2016/7/25 9:03:53,2016/7/25 9:03:44,TCA,KGI,9007,close_short,3,-3,0,normal,,"2016/07/25 09:03:44 ""9007"" 空單平倉目前倉位：0 之前倉位：-3 KGI(小型台指) 倍數：1, 本次下單：3 , 帳戶實際倉位：0 , 總倉位：0 TCA"
15610aa5cf1dfc79,2016/7/22 11:33:28,2016/7/22 11:33:18,TCA,KGI,8947,add_short,-1,-2,-3,normal,,"2016/07/22 11:33:18 ""8947"" 加碼空單目前倉位：-3 之前倉位：-2 KGI(小型台指) 倍數：1, 本次下單：-1 , 帳戶實際倉位：-3 , 總倉位：-3 TCA"
15610328d100d169,2016/7/22 9:22:37,2016/7/22 9:22:28,TCA,KGI,8974,reduce_short,1,-3,-2,normal,,"2016/07/22 09:22:28 ""8974"" 減碼空單目前倉位：-2 之前倉位：-3 KGI(小型台指) 倍數：1, 本次下單：1 , 帳戶實際倉位：-2 , 總倉位：-2 TCA"
15610228d98e8f41,2016/7/22 9:05:08,2016/7/22 9:04:58,TCA,KGI,8952,long_to_short,-4,1,-3,normal,,"2016/07/22 09:04:58 ""8952"" 多翻空目前倉位：-3 之前倉位：1 KGI(小型台指) 倍數：1, 本次下單：-4 , 帳戶實際倉位：-3 , 總倉位：-3 TCA"
1561013dc0747102,2016/7/22 8:49:06,2016/7/22 8:48:57,TCA,KGI,8966,,1,0,1,normal,,"2016/07/22 08:48:57 ""8966"" 多單進場目前倉位：+1 之前倉位：0 KGI(小型台指) 倍數：1, 本次下單：1 , 帳戶實際倉位：1 , 總倉位：1 TCA"
1560615750d3a799,2016/7/20 10:14:38,2016/7/20 10:14:29,TCA,KGI,9005,short_to_long,4,-3,1,normal,,"2016/07/20 10:14:29 ""9005"" 空翻多目前倉位：+1 之前倉位：-3 KGI(小型台指) 倍數：1, 本次下單：4 , 帳戶實際倉位：1 , 總倉位：1 TCA"
15605d558e2ab025,2016/7/20 9:04:37,2016/7/20 9:04:27,TCA,KGI,8990,long_to_short,-8,5,-3,normal,,"2016/07/20 09:04:27 ""8990"" 多翻空目前倉位：-3 之前倉位：5 KGI(小型台指) 倍數：1, 本次下單：-8 , 帳戶實際倉位：-3 , 總倉位：-3 TCA"
155fba4880bc2e89,2016/7/18 9:35:07,2016/7/18 9:34:57,TCA,KGI,8977,add_long,1,4,5,normal,,"2016/07/18 09:34:57 ""8977"" 加碼多單目前倉位：+5 之前倉位：4 KGI(小型台指) 倍數：1, 本次下單：1 , 帳戶實際倉位：5 , 總倉位：5 TCA"
155dc944274f1063,2016/7/12 8:49:08,2016/7/12 8:48:59,TCA,KGI,8754,add_long,1,3,4,normal,,"2016/07/12 08:48:59 ""8754"" 加碼多單目前倉位：+4 之前倉位：3 KGI(小型台指) 倍數：1, 本次下單：1 , 帳戶實際倉位：4 , 總倉位：4 TCA"
155d87a2a47744d9,2016/7/11 13:42:09,2016/7/11 13:42:00,TCA,KGI,8732,reduce_long,-1,4,3,normal,,"2016/07/11 13:42:00 ""8732"" 減碼多單目前倉位：+3 之前倉位：4 KGI(小型台指) 倍數：1, 本次下單：-1 , 帳戶實際倉位：3 , 總倉位：3 TCA"
155d78f7435e6df7,2016/7/11 9:25:47,2016/7/11 9:25:38,TCA,KGI,8724,add_long,1,3,4,normal,,"2016/07/11 09:25:38 ""8724"" 加碼多單目前倉位：+4 之前倉位：3 KGI(小型台指) 倍數：1, 本次下單：1 , 帳戶實際倉位：4 , 總倉位：4 TCA"
155d7753a3c0e3b3,2016/7/11 8:57:09,2016/7/11 8:57:00,TCA,KGI,8714,add_long,1,2,3,normal,,"2016/07/11 08:57:00 ""8714"" 加碼多單目前倉位：+3 之前倉位：2 KGI(小型台指) 倍數：1, 本次下單：1 , 帳戶實際倉位：3 , 總倉位：3 TCA"
155d76dea7c26602,2016/7/11 8:49:10,2016/7/11 8:49:00,TCA,KGI,8695,add_long,1,1,2,normal,,"2016/07/11 08:49:00 ""8695"" 加碼多單目前倉位：+2 之前倉位：1 KGI(小型台指) 倍數：1, 本次下單：1 , 帳戶實際倉位：2 , 總倉位：2 TCA"
155c2e1fc9fc6ec0,2016/7/7 9:03:53,2016/7/7 9:03:44,TCA,KGI,8541,,1,0,1,normal,,"2016/07/07 09:03:44 ""8541"" 多單進場目前倉位：+1 之前倉位：0 KGI(小型台指) 倍數：1, 本次下單：1 , 帳戶實際倉位：1 , 總倉位：1 TCA"
155c2d49f2cf3b35,2016/7/7 8:49:09,2016/7/7 8:49:00,TCA,KGI,8519,close_long,-1,1,0,normal,,"2016/07/07 08:49:00 ""8519"" 多單平倉目前倉位：0 之前倉位：1 KGI(小型台指) 倍數：1, 本次下單：-1 , 帳戶實際倉位：0 , 總倉位：0 TCA"
155bdc8a9eeaebcd,2016/7/6 9:18:09,2016/7/6 9:18:00,TCA,KGI,8468,reduce_long,-1,2,1,normal,,"2016/07/06 09:18:00 ""8468"" 減碼多單目前倉位：+1 之前倉位：2 KGI(小型台指) 倍數：1, 本次下單：-1 , 帳戶實際倉位：1 , 總倉位：1"
155bdbbacae7a2d2,2016/7/6 9:03:58,2016/7/6 9:03:49,TCA,KGI,8521,reduce_long,-1,3,2,normal,,"2016/07/06 09:03:49 ""8521"" 減碼多單目前倉位：+2 之前倉位：3 KGI(小型台指) 倍數：1, 本次下單：-1 , 帳戶實際倉位：2 , 總倉位：2"
155b8a66797fb201,2016/7/5 9:22:27,2016/7/5 9:22:18,TCA,KGI,8585,reduce_long,-1,4,3,normal,,"2016/07/05 09:22:18 ""8585"" 減碼多單目前倉位：+3 之前倉位：4 KGI(小型台指) 倍數：1, 本次下單：-1 , 帳戶實際倉位：3 , 總倉位：3 TCA"
155b361731535f28,2016/7/4 8:49:02,2016/7/4 8:48:49,TCA,KGI,8615,add_long,1,3,4,normal,,"2016/07/04 08:48:49 ""8615"" 加碼多單目前倉位：+4 之前倉位：3 KGI(小型台指) 倍數：1, 本次下單：1 , 帳戶實際倉位：4 , 總倉位：4 TCA"
155a3ee4e60249f4,2016/7/1 8:49:01,2016/7/1 8:48:52,TCA,KGI,8578,add_long,1,2,3,normal,,"2016/07/01 08:48:52 ""8578"" 加碼多單目前倉位：+3 之前倉位：2 KGI(小型台指) 倍數：1, 本次下單：1 , 帳戶實際倉位：3 , 總倉位：3 TCA"
1559f16ab682598d,2016/6/30 10:15:02,2016/6/30 10:14:53,TCA,KGI,8524,add_long,1,1,2,normal,,"2016/06/30 10:14:53 ""8524"" 加碼多單目前倉位：+2 之前倉位：1 KGI(小型台指) 倍數：1, 本次下單：1 , 帳戶實際倉位：2 , 總倉位：2 TCA"
15599f07b26d0e8f,2016/6/29 10:15:19,2016/6/29 10:15:10,TCA,KGI,8419,reduce_long,-1,2,1,normal,,"2016/06/29 10:15:10 ""8419"" 減碼多單目前倉位：+1 之前倉位：2 KGI(小型台指) 倍數：1, 本次下單：-1 , 帳戶實際倉位：1 , 總倉位：1 TCA"
15599af27f75a220,2016/6/29 9:03:59,2016/6/29 9:03:50,TCA,KGI,8419,add_long,1,1,2,normal,,"2016/06/29 09:03:50 ""8419"" 加碼多單目前倉位：+2 之前倉位：1 KGI(小型台指) 倍數：1, 本次下單：1 , 帳戶實際倉位：2 , 總倉位：2 TCA"
155947b3bf43422a,2016/6/28 8:49:04,2016/6/28 8:48:55,TCA,KGI,8286,,1,0,1,normal,,"2016/06/28 08:48:55 ""8286"" 多單進場目前倉位：+1 之前倉位：0 KGI(小型台指) 倍數：1, 本次下單：2 , 帳戶實際倉位：1 , 總倉位：1 TCA"
15580ee062263c26,2016/6/24 13:42:06,2016/6/24 13:41:57,TCA,KGI,8235,reduce_short,3,-4,-1,normal,,"2016/06/24 13:41:57 ""8235"" 減碼空單目前倉位：-1 之前倉位：-4 KGI(小型台指) 倍數：1, 本次下單：3 , 帳戶實際倉位：-1 , 總倉位：-1 TCA"
1558084c88c9ca87,2016/6/24 11:47:09,2016/6/24 11:46:57,TCA,KGI,8196,add_short,-2,-2,-4,normal,,"2016/06/24 11:46:57 ""8196"" 加碼空單目前倉位：-4 之前倉位：-2 KGI(小型台指) 倍數：1, 本次下單：-2 , 帳戶實際倉位：-4 , 總倉位：-4 TCA"
15580825de6caf00,2016/6/24 11:44:30,2016/6/24 11:44:18,TCA,KGI,8239,add_short,-1,-1,-2,normal,,"2016/06/24 11:44:18 ""8239"" 加碼空單目前倉位：-2 之前倉位：-1 KGI(小型台指) 倍數：1, 本次下單：-1 , 帳戶實際倉位：-2 , 總倉位：-2 TCA"
1557ff1c0d4bb550,2016/6/24 9:06:33,2016/6/24 9:06:24,TCA,KGI,8344,reduce_long,-1,3,2,normal,,"2016/06/24 09:06:24 ""8344"" 減碼多單目前倉位：+2 之前倉位：3 KGI(小型台指) 倍數：1, 本次下單：-1 , 帳戶實際倉位：2 , 總倉位：2 TCA"
1557fef862c90b2e,2016/6/24 9:04:07,2016/6/24 9:03:58,TCA,KGI,8445,reduce_long,-1,4,3,normal,,"2016/06/24 09:03:58 ""8445"" 減碼多單目前倉位：+3 之前倉位：4 KGI(小型台指) 倍數：1, 本次下單：-1 , 帳戶實際倉位：3 , 總倉位：3 TCA"
1557b2cdeddbd054,2016/6/23 10:53:02,2016/6/23 10:52:53,TCA,KGI,8508,add_long,2,2,4,normal,,"2016/06/23 10:52:53 ""8508"" 加碼多單目前倉位：+4 之前倉位：2 KGI(小型台指) 倍數：1, 本次下單：2 , 帳戶實際倉位：4 , 總倉位：4 TCA"
1557b2c60b16c160,2016/6/23 10:52:30,2016/6/23 10:52:22,TCA,KGI,8505,reduce_long,-1,3,2,normal,,"2016/06/23 10:52:22 ""8505"" 減碼多單目前倉位：+2 之前倉位：3 KGI(小型台指) 倍數：1, 本次下單：-1 , 帳戶實際倉位：2 , 總倉位：2 TCA"
1557ae5dad7f64d8,2016/6/23 9:35:29,2016/6/23 9:35:19,TCA,KGI,8488,reduce_long,-1,4,3,normal,,"2016/06/23 09:35:19 ""8488"" 減碼多單目前倉位：+3 之前倉位：4 KGI(小型台指) 倍數：1, 本次下單：-1 , 帳戶實際倉位：3 , 總倉位：3 TCA"
1557600511e7bcef,2016/6/22 10:46:18,2016/6/22 10:46:09,TCA,KGI,8500,add_long,1,3,4,normal,,"2016/06/22 10:46:09 ""8500"" 加碼多單目前倉位：+4 之前倉位：3 KGI(小型台指) 倍數：1, 本次下單：1 , 帳戶實際倉位：4 , 總倉位：4 TCA"
15575d224200101d,2016/6/22 9:55:52,2016/6/22 9:55:42,TCA,KGI,8466,reduce_long,-1,4,3,normal,,"2016/06/22 09:55:42 ""8466"" 減碼多單目前倉位：+3 之前倉位：4 KGI(小型台指) 倍數：1, 本次下單：-1 , 帳戶實際倉位：3 , 總倉位：3 TCA"
15570908bbcce20b,2016/6/21 9:26:00,2016/6/21 9:25:51,TCA,KGI,8468,add_long,2,2,4,normal,,"2016/06/21 09:25:51 ""8468"" 加碼多單目前倉位：+4 之前倉位：2 KGI(小型台指) 倍數：1, 本次下單：2 , 帳戶實際倉位：4 , 總倉位：4 TCA"
1556b485784c1cdc,2016/6/20 8:49:03,2016/6/20 8:48:54,TCA,KGI,8498,add_long,1,1,2,normal,,"2016/06/20 08:48:54 ""8498"" 加碼多單目前倉位：+2 之前倉位：1 KGI(小型台指) 倍數：1, 本次下單：1 , 帳戶實際倉位：2 , 總倉位：2 TCA"
1555c053896f8825,2016/6/17 9:41:29,2016/6/17 9:41:20,TCA,KGI,8425,reduce_long,-1,2,1,normal,,"2016/06/17 09:41:20 ""8425"" 減碼多單目前倉位：+1 之前倉位：2 KGI(小型台指) 倍數：1, 本次下單：-1 , 帳戶實際倉位：1 , 總倉位：1 TCA"
1555be2d1099031e,2016/6/17 9:03:53,2016/6/17 9:03:45,TCA,KGI,8381,short_to_long,6,-4,2,normal,,"2016/06/17 09:03:45 ""8381"" 空翻多目前倉位：+2 之前倉位：-4 KGI(小型台指) 倍數：1, 本次下單：6 , 帳戶實際倉位：2 , 總倉位：2 TCA"
15556be77bfbddec,2016/6/16 9:06:07,2016/6/16 9:05:58,TCA,KGI,8366,add_short,-3,-1,-4,normal,,"2016/06/16 09:05:58 ""8366"" 加碼空單目前倉位：-4 之前倉位：-1 KGI(小型台指) 倍數：1, 本次下單：-3 , 帳戶實際倉位：-4 , 總倉位：-4 TCA"
15556aeefa77cf0e,2016/6/16 8:49:08,2016/6/16 8:48:59,TCA,KGI,8389,reduce_short,1,-2,-1,normal,,"2016/06/16 08:48:59 ""8389"" 減碼空單目前倉位：-1 之前倉位：-2 KGI(小型台指) 倍數：1, 本次下單：1 , 帳戶實際倉位：-1 , 總倉位：-1 TCA"
1555197dc3a6503c,2016/6/15 9:05:53,2016/6/15 9:05:43,TCA,KGI,8590,reduce_short,2,-4,-2,normal,,"2016/06/15 09:05:43 ""8590"" 減碼空單目前倉位：-2 之前倉位：-4 KGI(小型台指) 倍數：1, 本次下單：2 , 帳戶實際倉位：-2 , 總倉位：-2 TCA"
15548481684c78ea,2016/6/13 13:42:03,2016/6/13 13:41:54,TCA,KGI,8526,reduce_short,1,-5,-4,normal,,"2016/06/13 13:41:54 ""8526"" 減碼空單目前倉位：-4 之前倉位：-5 KGI(小型台指) 倍數：1, 本次下單：1 , 帳戶實際倉位：-4 , 總倉位：-4 TCA"
1554753a94fa7447,2016/6/13 9:15:04,2016/6/13 9:14:54,TCA,KGI,8571,add_short,-1,-4,-5,normal,,"2016/06/13 09:14:54 ""8571"" 加碼空單目前倉位：-5 之前倉位：-4 KGI(小型台指) 倍數：1, 本次下單：-1 , 帳戶實際倉位：-5 , 總倉位：-5 TCA"
155474eec7f04978,2016/6/13 9:09:54,2016/6/13 9:09:45,TCA,KGI,8590,,-4,0,-4,normal,,"2016/06/13 09:09:45 ""8590"" 空單進場目前倉位：-4 之前倉位：0 KGI(小型台指) 倍數：1, 本次下單：-4 , 帳戶實際倉位：-4 , 總倉位：-4 TCA"
1554749593df5d10,2016/6/13 9:03:49,2016/6/13 9:03:40,TCA,KGI,8607,close_long,-3,3,0,normal,,"2016/06/13 09:03:40 ""8607"" 多單平倉目前倉位：0 之前倉位：3 KGI(小型台指) 倍數：1, 本次下單：-3 , 帳戶實際倉位：0 , 總倉位：0 TCA"
1552d9c492582938,2016/6/8 9:24:22,2016/6/8 9:24:13,TCA,KGI,8717,add_long,1,2,3,normal,,"2016/06/08 09:24:13 ""8717"" 加碼多單目前倉位：+3 之前倉位：2 KGI(小型台指) 倍數：1, 本次下單：1 , 帳戶實際倉位：3 , 總倉位：3 TCA"
1552d7c0b1fafd76,2016/6/8 8:49:09,2016/6/8 8:49:00,TCA,KGI,8680,add_long,1,1,2,normal,,"2016/06/08 08:49:00 ""8680"" 加碼多單目前倉位：+2 之前倉位：1 KGI(小型台指) 倍數：1, 本次下單：1 , 帳戶實際倉位：2 , 總倉位：2 TCA"
155289945c9a1390,2016/6/7 10:02:53,2016/6/7 10:02:44,TCA,KGI,8668,,1,0,1,normal,,"2016/06/07 10:02:44 ""8668"" 多單進場目前倉位：+1 之前倉位：0 KGI(小型台指) 倍數：1, 本次下單：1 , 帳戶實際倉位：1 , 總倉位：1 TCA"
15528657e2ce8fad,2016/6/7 9:06:19,2016/6/7 9:06:10,TCA,KGI,8624,close_short,4,-4,0,normal,,"2016/06/07 09:06:10 ""8624"" 空單平倉目前倉位：0 之前倉位：-4 KGI(小型台指) 倍數：1, 本次下單：4 , 帳戶實際倉位：0 , 總倉位：0 TCA"
1552855afb05229a,2016/6/7 8:49:03,2016/6/7 8:48:54,TCA,KGI,8610,reduce_short,1,-5,-4,normal,,"2016/06/07 08:48:54 ""8610"" 減碼空單目前倉位：-4 之前倉位：-5 KGI(小型台指) 倍數：1, 本次下單：1 , 帳戶實際倉位：-4 , 總倉位：-4 TCA"
1552383670b7ac16,2016/6/6 10:20:55,2016/6/6 10:20:46,TCA,KGI,8525,long_to_short,-9,4,-5,normal,,"2016/06/06 10:20:46 ""8525"" 多翻空目前倉位：-5 之前倉位：4 KGI(小型台指) 倍數：1, 本次下單：-9 , 帳戶實際倉位：-5 , 總倉位：-5 TCA"
15523817e4b4084e,2016/6/6 10:18:50,2016/6/6 10:18:41,TCA,KGI,8531,reduce_long,-1,5,4,normal,,"2016/06/06 10:18:41 ""8531"" 減碼多單目前倉位：+4 之前倉位：5 KGI(小型台指) 倍數：1, 本次下單：-1 , 帳戶實際倉位：4 , 總倉位：4 TCA"
155237895db5c22d,2016/6/6 10:09:05,2016/6/6 10:08:56,TCA,KGI,8582,add_long,1,4,5,normal,,"2016/06/06 10:08:56 ""8582"" 加碼多單目前倉位：+5 之前倉位：4 KGI(小型台指) 倍數：1, 本次下單：1 , 帳戶實際倉位：5 , 總倉位：5 TCA"
155235f31edd1edf,2016/6/6 9:41:22,2016/6/6 9:41:11,TCA,KGI,8577,reduce_long,-1,5,4,normal,,"2016/06/06 09:41:11 ""8577"" 減碼多單目前倉位：+4 之前倉位：5 KGI(小型台指) 倍數：1, 本次下單：-1 , 帳戶實際倉位：4 , 總倉位：4 TCA"
155098e33285c657,2016/6/1 9:22:38,2016/6/1 9:22:29,TCA,KGI,8526,add_long,1,4,5,normal,,"2016/06/01 09:22:29 ""8526"" 加碼多單目前倉位：+5 之前倉位：4 KGI(小型台指) 倍數：1, 本次下單：1 , 帳戶實際倉位：5 , 總倉位：5 TCA"
1550982bcd4a6375,2016/6/1 9:10:08,2016/6/1 9:09:59,TCA,KGI,8511,reduce_long,-1,5,4,normal,,"2016/06/01 09:09:59 ""8511"" 減碼多單目前倉位：+4 之前倉位：5 KGI(小型台指) 倍數：1, 本次下單：-1 , 帳戶實際倉位：4 , 總倉位：4 TCA"
155052a5fc927b48,2016/5/31 12:55:09,2016/5/31 12:55:00,TCA,KGI,8500,add_long,1,4,5,normal,,"2016/05/31 12:55:00 ""8500"" 加碼多單目前倉位：+5 之前倉位：4 KGI(小型台指) 倍數：1, 本次下單：1 , 帳戶實際倉位：5 , 總倉位：5 TCA"
155051380e8a6f8d,2016/5/31 12:30:09,2016/5/31 12:30:00,TCA,KGI,8486,reduce_long,-1,5,4,normal,,"2016/05/31 12:30:00 ""8486"" 減碼多單目前倉位：+4 之前倉位：5 KGI(小型台指) 倍數：1, 本次下單：1 , 帳戶實際倉位：5 , 總倉位：5 TCA"
15504e5c46c699db,2016/5/31 11:40:12,2016/5/31 11:40:04,TCA,KGI,8499,add_long,1,4,5,normal,,"2016/05/31 11:40:04 ""8499"" 加碼多單目前倉位：+5 之前倉位：4 KGI(小型台指) 倍數：1, 本次下單：1 , 帳戶實際倉位：5 , 總倉位：5 TCA"
15504d455b4e5a4f,2016/5/31 11:21:09,2016/5/31 11:21:01,TCA,KGI,8487,reduce_long,-1,5,4,normal,,"2016/05/31 11:21:01 ""8487"" 減碼多單目前倉位：+4 之前倉位：5 KGI(小型台指) 倍數：1, 本次下單：-1 , 帳戶實際倉位：4 , 總倉位：4 TCA"
15504ced77b50b27,2016/5/31 11:15:09,2016/5/31 11:15:01,TCA,KGI,8488,add_long,1,4,5,normal,,"2016/05/31 11:15:01 ""8488"" 加碼多單目前倉位：+5 之前倉位：4 KGI(小型台指) 倍數：1, 本次下單：1 , 帳戶實際倉位：5 , 總倉位：5 TCA"
15504b7eeaf94fc4,2016/5/31 10:50:09,2016/5/31 10:50:00,TCA,KGI,8463,reduce_long,-1,5,4,normal,,"2016/05/31 10:50:00 ""8463"" 減碼多單目前倉位：+4 之前倉位：5 KGI(小型台指) 倍數：1, 本次下單：-1 , 帳戶實際倉位：4 , 總倉位：4 TCA"
15504b35ee73c93f,2016/5/31 10:45:09,2016/5/31 10:45:00,TCA,KGI,8464,add_long,1,4,5,normal,,"2016/05/31 10:45:00 ""8464"" 加碼多單目前倉位：+5 之前倉位：4 KGI(小型台指) 倍數：1, 本次下單：1 , 帳戶實際倉位：5 , 總倉位：5 TCA"
155049d69e9ce66c,2016/5/31 10:21:11,2016/5/31 10:21:02,TCA,KGI,8491,reduce_long,-1,5,4,normal,,"2016/05/31 10:21:02 ""8491"" 減碼多單目前倉位：+4 之前倉位：5 KGI(小型台指) 倍數：1, 本次下單：-1 , 帳戶實際倉位：4 , 總倉位：4 TCA"
1550492652d4543c,2016/5/31 10:09:09,2016/5/31 10:09:00,TCA,KGI,8487,add_long,1,4,5,normal,,"2016/05/31 10:09:00 ""8487"" 加碼多單目前倉位：+5 之前倉位：4 KGI(小型台指) 倍數：1, 本次下單：1 , 帳戶實際倉位：5 , 總倉位：5 TCA"
1.55E+52,2016/5/31 10:06:31,2016/5/31 10:06:22,TCA,KGI,8491,reduce_long,-1,5,4,normal,,"2016/05/31 10:06:22 ""8491"" 減碼多單目前倉位：+4 之前倉位：5 KGI(小型台指) 倍數：1, 本次下單：-1 , 帳戶實際倉位：4 , 總倉位：4 TCA"
1550473480da9d7f,2016/5/31 9:35:09,2016/5/31 9:35:00,TCA,KGI,8517,add_long,1,4,5,normal,,"2016/05/31 09:35:00 ""8517"" 加碼多單目前倉位：+5 之前倉位：4 KGI(小型台指) 倍數：1, 本次下單：1 , 帳戶實際倉位：5 , 總倉位：5 TCA"
15504716f2824274,2016/5/31 9:33:09,2016/5/31 9:33:00,TCA,KGI,8517,reduce_long,-1,5,4,normal,,"2016/05/31 09:33:00 ""8517"" 減碼多單目前倉位：+4 之前倉位：5 KGI(小型台指) 倍數：1, 本次下單：-1 , 帳戶實際倉位：4 , 總倉位：4 TCA"
154fffe52aa696f6,2016/5/30 12:48:49,2016/5/30 12:48:40,TCA,KGI,8493,add_long,1,4,5,normal,,"2016/05/30 12:48:40 ""8493"" 加碼多單目前倉位：+5 之前倉位：4 KGI(小型台指) 倍數：1, 本次下單：1 , 帳戶實際倉位：5 , 總倉位：5 TCA"
154fffae33d3dfdf,2016/5/30 12:45:04,2016/5/30 12:44:55,TCA,KGI,8492,reduce_long,-1,5,4,normal,,"2016/05/30 12:44:55 ""8492"" 減碼多單目前倉位：+4 之前倉位：5 KGI(小型台指) 倍數：1, 本次下單：-1 , 帳戶實際倉位：4 , 總倉位：4 TCA"
154ffefe281d9b24,2016/5/30 12:33:03,2016/5/30 12:32:54,TCA,KGI,8481,add_long,1,4,5,normal,,"2016/05/30 12:32:54 ""8481"" 加碼多單目前倉位：+5 之前倉位：4 KGI(小型台指) 倍數：1, 本次下單：1 , 帳戶實際倉位：5 , 總倉位：5 TCA"
154ffed29d941be2,2016/5/30 12:30:04,2016/5/30 12:29:55,TCA,KGI,8486,reduce_long,-1,5,4,normal,,"2016/05/30 12:29:55 ""8486"" 減碼多單目前倉位：+4 之前倉位：5 KGI(小型台指) 倍數：1, 本次下單：-1 , 帳戶實際倉位：4 , 總倉位：4 TCA"
154ffdc009a2d372,2016/5/30 12:11:20,2016/5/30 12:11:12,TCA,KGI,8489,add_long,1,4,5,normal,,"2016/05/30 12:11:12 ""8489"" 加碼多單目前倉位：+5 之前倉位：4 KGI(小型台指) 倍數：1, 本次下單：1 , 帳戶實際倉位：5 , 總倉位：5 TCA"
154ffd6551d1ac65,2016/5/30 12:05:09,2016/5/30 12:05:00,TCA,KGI,8488,reduce_long,-1,5,4,normal,,"2016/05/30 12:05:00 ""8488"" 減碼多單目前倉位：+4 之前倉位：5 KGI(小型台指) 倍數：1, 本次下單：-1 , 帳戶實際倉位：4 , 總倉位：4 TCA"
154ffb9a123612a6,2016/5/30 11:33:48,2016/5/30 11:33:39,TCA,KGI,8496,add_long,1,4,5,normal,,"2016/05/30 11:33:39 ""8496"" 加碼多單目前倉位：+5 之前倉位：4 KGI(小型台指) 倍數：1, 本次下單：1 , 帳戶實際倉位：5 , 總倉位：5 TCA"
154ff821c58a2efa,2016/5/30 10:33:09,2016/5/30 10:33:00,TCA,KGI,8475,reduce_long,-1,5,4,normal,,"2016/05/30 10:33:00 ""8475"" 減碼多單目前倉位：+4 之前倉位：5 KGI(小型台指) 倍數：1, 本次下單：-1 , 帳戶實際倉位：4 , 總倉位：4 TCA"
154ff7ab7462fd74,2016/5/30 10:25:04,2016/5/30 10:24:54,TCA,KGI,8471,add_long,1,4,5,normal,,"2016/05/30 10:24:54 ""8471"" 加碼多單目前倉位：+5 之前倉位：4 KGI(小型台指) 倍數：1, 本次下單：1 , 帳戶實際倉位：5 , 總倉位：5 TCA"
154db46352a89131,2016/5/23 9:41:24,2016/5/23 9:41:15,TCA,KGI,8181,add_long,3,1,4,normal,,"2016/05/23 09:41:15 ""8181"" 加碼多單目前倉位：+4 之前倉位：1 KGI(小型台指) 倍數：1, 本次下單：3 , 帳戶實際倉位：4 , 總倉位：4 TCA"
154db441852e122e,2016/5/23 9:39:05,2016/5/23 9:38:57,TCA,KGI,8169,short_to_long,4,-3,1,normal,,"2016/05/23 09:38:57 ""8169"" 空翻多目前倉位：+1 之前倉位：-3 KGI(小型台指) 倍數：1, 本次下單：4 , 帳戶實際倉位：1 , 總倉位：1 TCA"
154db407829b3839,2016/5/23 9:35:07,2016/5/23 9:34:58,TCA,KGI,8141,reduce_short,1,-4,-3,normal,,"2016/05/23 09:34:58 ""8141"" 減碼空單目前倉位：-3 之前倉位：-4 KGI(小型台指) 倍數：1, 本次下單：1 , 帳戶實際倉位：-3 , 總倉位：-3 TCA"
154db3db5008a7b6,2016/5/23 9:32:07,2016/5/23 9:31:58,TCA,KGI,8117,add_short,-1,-3,-4,normal,,"2016/05/23 09:31:58 ""8117"" 加碼空單目前倉位：-4 之前倉位：-3 KGI(小型台指) 倍數：1, 本次下單：-1 , 帳戶實際倉位：-4 , 總倉位：-4 TCA"
154db33978deaf6e,2016/5/23 9:21:04,2016/5/23 9:20:55,TCA,KGI,8055,add_short,-1,-2,-3,normal,,"2016/05/23 09:20:55 ""8055"" 加碼空單目前倉位：-3 之前倉位：-2 KGI(小型台指) 倍數：1, 本次下單：-1 , 帳戶實際倉位：-3 , 總倉位：-3 TCA"
154db16464ca0bf9,2016/5/23 8:49:03,2016/5/23 8:48:54,TCA,KGI,8100,add_short,-1,-1,-2,normal,,"2016/05/23 08:48:54 ""8100"" 加碼空單目前倉位：-2 之前倉位：-1 KGI(小型台指) 倍數：1, 本次下單：-1 , 帳戶實際倉位：-2 , 總倉位：-2 TCA"
154cc08d7ec1d670,2016/5/20 10:40:07,2016/5/20 10:39:58,TCA,KGI,8104,reduce_short,3,-4,-1,normal,,"2016/05/20 10:39:58 ""8104"" 減碼空單目前倉位：-1 之前倉位：-4 KGI(小型台指) 倍數：1, 本次下單：3 , 帳戶實際倉位：-1 , 總倉位：-1 TCA"
154c6b00083baebd,2016/5/19 9:45:01,2016/5/19 9:44:52,TCA,KGI,8040,long_to_short,-6,2,-4,normal,,"2016/05/19 09:44:52 ""8040"" 多翻空目前倉位：-4 之前倉位：2 KGI(小型台指) 倍數：1, 本次下單：-6 , 帳戶實際倉位：-4 , 總倉位：-4 TCA"
154c6a6495c1b63d,2016/5/19 9:34:23,2016/5/19 9:34:14,TCA,KGI,8043,reduce_long,-1,3,2,normal,,"2016/05/19 09:34:14 ""8043"" 減碼多單目前倉位：+2 之前倉位：3 KGI(小型台指) 倍數：1, 本次下單：-1 , 帳戶實際倉位：2 , 總倉位：2 TCA"
154c67cd6dbc628d,2016/5/19 8:49:07,2016/5/19 8:48:58,TCA,KGI,8126,add_long,2,1,3,normal,,"2016/05/19 08:48:58 ""8126"" 加碼多單目前倉位：+3 之前倉位：1 KGI(小型台指) 倍數：1, 本次下單：2 , 帳戶實際倉位：3 , 總倉位：3 TCA"
154c22d420f07c70,2016/5/18 12:43:44,2016/5/18 12:43:35,TCA,KGI,8138,short_to_long,2,-1,1,normal,,"2016/05/18 12:43:35 ""8138"" 空翻多目前倉位：+1 之前倉位：-1 KGI(小型台指) 倍數：1, 本次下單：2 , 帳戶實際倉位：1 , 總倉位：1 TCA"
154c16452bcbc6ef,2016/5/18 9:04:15,2016/5/18 9:04:06,TCA,KGI,8077,long_to_short,-3,2,-1,normal,,"2016/05/18 09:04:06 ""8077"" 多翻空目前倉位：-1 之前倉位：2 KGI(小型台指) 倍數：1, 本次下單：-3 , 帳戶實際倉位：-1 , 總倉位：-1 TCA"
154c163fcb3a5eb0,2016/5/18 9:03:53,2016/5/18 9:03:45,TCA,KGI,8082,reduce_long,-2,4,2,normal,,"2016/05/18 09:03:45 ""8082"" 減碼多單目前倉位：+2 之前倉位：4 KGI(小型台指) 倍數：1, 本次下單：-2 , 帳戶實際倉位：2 , 總倉位：2 TCA"
154c15dd74de057e,2016/5/18 8:57:10,2016/5/18 8:57:00,TCA,KGI,8086,reduce_long,-1,5,4,normal,,"2016/05/18 08:57:00 ""8086"" 減碼多單目前倉位：+4 之前倉位：5 KGI(小型台指) 倍數：1, 本次下單：-1 , 帳戶實際倉位：4 , 總倉位：4 TCA"
154bd2df3320fdcf,2016/5/17 13:26:10,2016/5/17 13:26:01,TCA,KGI,8140,add_long,1,4,5,normal,,"2016/05/17 13:26:01 ""8140"" 加碼多單目前倉位：+5 之前倉位：4 KGI(小型台指) 倍數：1, 本次下單：1 , 帳戶實際倉位：5 , 總倉位：5 TCA"
154bc49bc5a49e8f,2016/5/17 9:16:53,2016/5/17 9:16:44,TCA,KGI,8084,short_to_long,6,-2,4,normal,,"2016/05/17 09:16:44 ""8084"" 空翻多目前倉位：+4 之前倉位：-2 KGI(小型台指) 倍數：1, 本次下單：6 , 帳戶實際倉位：4 , 總倉位：4 TCA"
154b7d89136c75f3,2016/5/16 12:34:48,2016/5/16 12:34:37,TCA,KGI,8081,reduce_short,1,-3,-2,normal,,"2016/05/16 12:34:37 ""8081"" 減碼空單目前倉位：-2 之前倉位：-3 KGI(小型台指) 倍數：1, 本次下單：1 , 帳戶實際倉位：-2 , 總倉位：-2 TCA"
154a7b3f56b3c6f6,2016/5/13 9:20:57,2016/5/13 9:20:47,TCA,KGI,8068,add_short,-1,-2,-3,normal,,"2016/05/13 09:20:47 ""8068"" 加碼空單目前倉位：-3 之前倉位：-2 KGI(小型台指) 倍數：1, 本次下單：-1 , 帳戶實際倉位：-3 , 總倉位：-3"
154a796ca2e7e165,2016/5/13 8:49:04,2016/5/13 8:48:55,TCA,KGI,8064,add_short,-1,-1,-2,normal,,"2016/05/13 08:48:55 ""8064"" 加碼空單目前倉位：-2 之前倉位：-1 KGI(小型台指) 倍數：1, 本次下單：-1 , 帳戶實際倉位：-2 , 總倉位：-2"
154a37ee9d837602,2016/5/12 13:44:31,2016/5/12 13:44:22,TCA,KGI,8081,,-1,0,-1,normal,,"2016/05/12 13:44:22 ""8081"" 空單進場目前倉位：-1 之前倉位：0 KGI(小型台指) 倍數：1, 本次下單：-1 , 帳戶實際倉位：-1 , 總倉位：-1"
154a270580b47832,2016/5/12 8:49:00,2016/5/12 8:48:51,TCA,KGI,8085,close_short,1,-1,0,normal,,"2016/05/12 08:48:51 ""8085"" 空單平倉目前倉位：0 之前倉位：-1 KGI(小型台指) 倍數：1, 本次下單：1 , 帳戶實際倉位：0 , 總倉位：0 TCA"
1549d95303479b39,2016/5/11 10:11:12,2016/5/11 10:11:03,TCA,KGI,8094,,-1,0,-1,normal,,"2016/05/11 10:11:03 ""8094"" 空單進場目前倉位：-1 之前倉位：0 KGI(小型台指) 倍數：1, 本次下單：-1 , 帳戶實際倉位：-1 , 總倉位：-1 TCA"
1549d951e1081278,2016/5/11 10:11:06,2016/5/11 10:10:56,TCA,KGI,8097,close_long,-2,2,0,normal,,"2016/05/11 10:10:56 ""8097"" 多單平倉目前倉位：0 之前倉位：2 KGI(小型台指) 倍數：1, 本次下單：-2 , 帳戶實際倉位：0 , 總倉位：0 TCA"
1549d7d4395b2c7b,2016/5/11 9:45:02,2016/5/11 9:44:53,TCA,KGI,8107,reduce_long,-1,3,2,normal,,"2016/05/11 09:44:53 ""8107"" 減碼多單目前倉位：+2 之前倉位：3 KGI(小型台指) 倍數：1, 本次下單：-1 , 帳戶實際倉位：2 , 總倉位：2"
1549d7a096608b01,2016/5/11 9:41:31,2016/5/11 9:41:22,TCA,KGI,8121,reduce_long,-2,5,3,normal,,"2016/05/11 09:41:22 ""8121"" 減碼多單目前倉位：+3 之前倉位：5 KGI(小型台指) 倍數：1, 本次下單：-2 , 帳戶實際倉位：3 , 總倉位：3 TCA"
154988748b5c6413,2016/5/10 10:37:54,2016/5/10 10:37:46,TCA,KGI,8167,short_to_long,6,-1,5,normal,,"2016/05/10 10:37:46 ""8167"" 空翻多目前倉位：+5 之前倉位：-1 KGI(小型台指) 倍數：1, 本次下單：6 , 帳戶實際倉位：5 , 總倉位：5 TCA"
154986779e239567,2016/5/10 10:03:09,2016/5/10 10:02:59,TCA,KGI,8154,reduce_short,4,-5,-1,normal,,"2016/05/10 10:02:59 ""8154"" 減碼空單目前倉位：-1 之前倉位：-5 KGI(小型台指) 倍數：1, 本次下單：4 , 帳戶實際倉位：-1 , 總倉位：-1"
1548a1ea3b866482,2016/5/7 15:28:58,2016/5/7 15:28:48,TCA,KGI,0,add_short,-4,-1,-5,normal,,"2016/05/07 15:28:48 ""0"" 加碼空單目前倉位：-5 之前倉位：-1 KGI(小型台指) 倍數：1, 本次下單：-4 , 帳戶實際倉位：-5 , 總倉位：-5"
15489b5edf3034a1,2016/5/7 13:34:36,2016/5/7 13:34:23,TCA,KGI,0,long_to_short,-8,3,-5,normal,,"2016/05/07 13:34:23 ""0"" 多翻空目前倉位：-5 之前倉位：3 KGI(小型台指) 倍數：1, 本次下單：-8 , 帳戶實際倉位：-13 , 總倉位：-13"
1545f7dae80fcefc,2016/4/29 8:49:07,2016/4/29 8:48:57,TCA,KGI,8382,long_to_short,-6,1,-5,normal,,"2016/04/29 08:48:57 ""8382"" 多翻空目前倉位：-5 之前倉位：1 KGI(小型台指) 倍數：1, 本次下單：-6 , 帳戶實際倉位：-5 , 總倉位：-5"
1545ad0f0c14c79c,2016/4/28 11:01:58,2016/4/28 11:01:49,TCA,KGI,8451,,1,0,1,normal,,"2016/04/28 11:01:49 ""8451"" 多單進場目前倉位：+1 之前倉位：0 KGI(小型台指) 倍數：1, 本次下單：1 , 帳戶實際倉位：1 , 總倉位：1 TCA"
1545a9cf2f3d9e0b,2016/4/28 10:05:11,2016/4/28 10:05:02,TCA,KGI,8520,close_long,-2,2,0,normal,,"2016/04/28 10:05:02 ""8520"" 多單平倉目前倉位：0 之前倉位：2 KGI(小型台指) 倍數：1, 本次下單：-2 , 帳戶實際倉位：0 , 總倉位：0 TCA"
1545a6615e97252d,2016/4/28 9:05:16,2016/4/28 9:05:05,TCA,KGI,8570,reduce_long,-3,5,2,normal,,"2016/04/28 09:05:05 ""8570"" 減碼多單目前倉位：+2 之前倉位：5 KGI(小型台指) 倍數：1, 本次下單：-3 , 帳戶實際倉位：2 , 總倉位：2 TCA"
15455986e2bc3175,2016/4/27 10:42:10,2016/4/27 10:42:01,TCA,KGI,8580,add_long,3,2,5,normal,,"2016/04/27 10:42:01 ""8580"" 加碼多單目前倉位：+5 之前倉位：2 KGI(小型台指) 倍數：1, 本次下單：3 , 帳戶實際倉位：5 , 總倉位：5 TCA"
154557996c78cb4d,2016/4/27 10:08:29,2016/4/27 10:08:10,TCA,KGI,8584,reduce_long,-1,3,2,normal,,"2016/04/27 10:08:10 ""8584"" 減碼多單目前倉位：+2 之前倉位：3 KGI(小型台指) 倍數：1, 本次下單：-1 , 帳戶實際倉位：2 , 總倉位：2"
154554a4cc89f9f4,2016/4/27 9:16:50,2016/4/27 9:16:41,TCA,KGI,8544,add_long,1,2,3,normal,,"2016/04/27 09:16:41 ""8544"" 加碼多單目前倉位：+3 之前倉位：2 KGI(小型台指) 倍數：1, 本次下單：1 , 帳戶實際倉位：3 , 總倉位：3 TCA"
1545530f387b7ce2,2016/4/27 8:49:09,2016/4/27 8:49:00,TCA,KGI,8552,add_long,1,1,2,normal,,"2016/04/27 08:49:00 ""8552"" 加碼多單目前倉位：+2 之前倉位：1 KGI(小型台指) 倍數：1, 本次下單：1 , 帳戶實際倉位：2 , 總倉位：2 TCA"
154505aa98ddf7a6,2016/4/26 10:16:29,2016/4/26 10:16:20,TCA,KGI,8550,reduce_long,-4,5,1,normal,,"2016/04/26 10:16:20 ""8550"" 減碼多單目前倉位：+1 之前倉位：5 KGI(小型台指) 倍數：1, 本次下單：-4 , 帳戶實際倉位：1 , 總倉位：1"
1545034b676072b7,2016/4/26 9:35:02,2016/4/26 9:34:53,TCA,KGI,8612,,5,0,5,normal,,"2016/04/26 09:34:53 ""8612"" 多單進場目前倉位：+5 之前倉位：0 KGI(小型台指) 倍數：1, 本次下單：5 , 帳戶實際倉位：5 , 總倉位：5 TCA"
1545018f091b979a,2016/4/26 9:03:53,2016/4/26 9:03:44,TCA,KGI,8548,close_short,2,-2,0,normal,,"2016/04/26 09:03:44 ""8548"" 空單平倉目前倉位：0 之前倉位：-2 KGI(小型台指) 倍數：1, 本次下單：2 , 帳戶實際倉位：0 , 總倉位：0 TCA"
1543c7d69a920c55,2016/4/22 13:42:06,2016/4/22 13:41:57,TCA,KGI,8501,reduce_short,2,-4,-2,normal,,"2016/04/22 13:41:57 ""8501"" 減碼空單目前倉位：-2 之前倉位：-4 KGI(小型台指) 倍數：1, 本次下單：2 , 帳戶實際倉位：-2 , 總倉位：-2"
1543c4bc8191bac4,2016/4/22 12:47:54,2016/4/22 12:47:45,TCA,KGI,8496,reduce_short,2,-6,-4,normal,,"2016/04/22 12:47:45 ""8496"" 減碼空單目前倉位：-4 之前倉位：-6 KGI(小型台指) 倍數：1, 本次下單：2 , 帳戶實際倉位：-4 , 總倉位：-4"
15431aa964f6fbe4,2016/4/20 11:15:08,2016/4/20 11:14:59,TCA,KGI,8524,reduce_long,-1,3,2,normal,,"2016/04/20 11:14:59 ""8524"" 減碼多單目前倉位：+2 之前倉位：3 KGI(小型台指) 倍數：1, 本次下單：-1 , 帳戶實際倉位：2 , 總倉位：2"
15431247ee990c28,2016/4/20 8:49:09,2016/4/20 8:49:00,TCA,KGI,8657,add_long,1,2,3,normal,,"2016/04/20 08:49:00 ""8657"" 加碼多單目前倉位：+3 之前倉位：2 KGI(小型台指) 倍數：1, 本次下單：1 , 帳戶實際倉位：3 , 總倉位：3 TCA"
1542c9aa3d0d6899,2016/4/19 11:40:05,2016/4/19 11:39:57,TCA,KGI,8613,reduce_long,-1,3,2,normal,,"2016/04/19 11:39:57 ""8613"" 減碼多單目前倉位：+2 之前倉位：3 KGI(小型台指) 倍數：1, 本次下單：-1 , 帳戶實際倉位：2 , 總倉位：2"
1542c613fa6cb8d1,2016/4/19 10:37:24,2016/4/19 10:37:15,TCA,KGI,8634,reduce_long,-1,4,3,normal,,"2016/04/19 10:37:15 ""8634"" 減碼多單目前倉位：+3 之前倉位：4 KGI(小型台指) 倍數：1, 本次下單：-1 , 帳戶實際倉位：3 , 總倉位：3"
1542c0e3159f8a22,2016/4/19 9:06:10,2016/4/19 9:06:01,TCA,KGI,8730,add_long,1,3,4,normal,,"2016/04/19 09:06:01 ""8730"" 加碼多單目前倉位：+4 之前倉位：3 KGI(小型台指) 倍數：1, 本次下單：1 , 帳戶實際倉位：4 , 總倉位：4 TCA"
1542701eaee1d19f,2016/4/18 9:35:13,2016/4/18 9:35:04,TCA,KGI,8636,reduce_long,-1,4,3,normal,,"2016/04/18 09:35:04 ""8636"" 減碼多單目前倉位：+3 之前倉位：4 KGI(小型台指) 倍數：1, 本次下單：-1 , 帳戶實際倉位：3 , 總倉位：3"
15426d7b834bba37,2016/4/18 8:49:08,2016/4/18 8:48:59,TCA,KGI,8666,add_long,1,3,4,normal,,"2016/04/18 08:48:59 ""8666"" 加碼多單目前倉位：+4 之前倉位：3 KGI(小型台指) 倍數：1, 本次下單：1 , 帳戶實際倉位：4 , 總倉位：4 TCA"
15417936739c407c,2016/4/15 9:40:12,2016/4/15 9:40:04,TCA,KGI,8657,short_to_long,4,-1,3,normal,,"2016/04/15 09:40:04 ""8657"" 空翻多目前倉位：+3 之前倉位：-1 KGI(小型台指) 倍數：1, 本次下單：4 , 帳戶實際倉位：3 , 總倉位：3 TCA"
154177fa426e46ad,2016/4/15 9:18:37,2016/4/15 9:18:29,TCA,KGI,8627,,-1,0,-1,normal,,"2016/04/15 09:18:29 ""8627"" 空單進場目前倉位：-1 之前倉位：0 KGI(小型台指) 倍數：1, 本次下單：-1 , 帳戶實際倉位：-1 , 總倉位：-1"
1541764a3cb2cba3,2016/4/15 8:49:07,2016/4/15 8:48:59,TCA,KGI,8619,close_short,1,-1,0,normal,,"2016/04/15 08:48:59 ""8619"" 空單平倉目前倉位：0 之前倉位：-1 KGI(小型台指) 倍數：1, 本次下單：1 , 帳戶實際倉位：0 , 總倉位：0 TCA"
154126ec67d7f1cf,2016/4/14 9:42:07,2016/4/14 9:41:59,TCA,KGI,8662,long_to_short,-5,4,-1,normal,,"2016/04/14 09:41:59 ""8662"" 多翻空目前倉位：-1 之前倉位：4 KGI(小型台指) 倍數：1, 本次下單：-4 , 帳戶實際倉位：-1 , 總倉位：-1"
15407f1af79e2618,2016/4/12 8:49:09,2016/4/12 8:49:00,TCA,KGI,8545,add_long,1,2,3,normal,,"2016/04/12 08:49:00 ""8545"" 加碼多單目前倉位：+3 之前倉位：2 KGI(小型台指) 倍數：1, 本次下單：1 , 帳戶實際倉位：3 , 總倉位：3 TCA"
15403397d086bb6b,2016/4/11 10:49:36,2016/4/11 10:49:27,TCA,KGI,8504,add_long,1,1,2,normal,,"2016/04/11 10:49:27 ""8504"" 加碼多單目前倉位：+2 之前倉位：1 KGI(小型台指) 倍數：1, 本次下單：1 , 帳戶實際倉位：2 , 總倉位：2 TCA"
15402f572147c131,2016/4/11 9:35:17,2016/4/11 9:35:08,TCA,KGI,8472,reduce_long,-1,2,1,normal,,"2016/04/11 09:35:08 ""8472"" 減碼多單目前倉位：+1 之前倉位：2 KGI(小型台指) 倍數：1, 本次下單：-1 , 帳戶實際倉位：1 , 總倉位：1"
153f3cb8795c62ad,2016/4/8 10:55:09,2016/4/8 10:55:00,TCA,KGI,8439,add_long,1,1,2,normal,,"2016/04/08 10:55:00 ""8439"" 加碼多單目前倉位：+2 之前倉位：1 KGI(小型台指) 倍數：1, 本次下單：1 , 帳戶實際倉位：2 , 總倉位：2 TCA"
153ee69c1bee6ea0,2016/4/7 9:50:17,2016/4/7 9:50:08,TCA,KGI,8425,reduce_long,-1,2,1,normal,,"2016/04/07 09:50:08 ""8425"" 減碼多單目前倉位：+1 之前倉位：2 KGI(小型台指) 倍數：1, 本次下單：-1 , 帳戶實際倉位：1 , 總倉位：1"
153ee3fd47f8924b,2016/4/7 9:04:30,2016/4/7 9:04:19,TCA,KGI,8452,add_long,1,1,2,normal,,"2016/04/07 09:04:19 ""8452"" 加碼多單目前倉位：+2 之前倉位：1 KGI(小型台指) 倍數：1, 本次下單：-1 , 帳戶實際倉位：2 , 總倉位：2"
153cf84f7a4c6c4d,2016/4/1 9:51:40,2016/4/1 9:51:31,TCA,KGI,8655,reduce_long,-1,4,3,normal,,"2016/04/01 09:51:31 ""8655"" 減碼多單目前倉位：+3 之前倉位：4 KGI(小型台指) 倍數：1, 本次下單：-1 , 帳戶實際倉位：3 , 總倉位：3"
153c5323026da48f,2016/3/30 9:45:01,2016/3/30 9:44:51,TCA,KGI,8704,short_to_long,6,-2,4,normal,,"2016/03/30 09:44:51 ""8704"" 空翻多目前倉位：+4 之前倉位：-2 KGI(小型台指) 倍數：1, 本次下單：6 , 帳戶實際倉位：4 , 總倉位：4 TCA"
153c0e4c60b8e8ec,2016/3/29 13:42:00,2016/3/29 13:41:51,TCA,KGI,8603,reduce_short,3,-5,-2,normal,,"2016/03/29 13:41:51 ""8603"" 減碼空單目前倉位：-2 之前倉位：-5 KGI(小型台指) 倍數：1, 本次下單：3 , 帳戶實際倉位：-2 , 總倉位：-2"
153c0350103b0755,2016/3/29 10:29:59,2016/3/29 10:29:51,TCA,KGI,8613,add_short,-3,-2,-5,normal,,"2016/03/29 10:29:51 ""8613"" 加碼空單目前倉位：-5 之前倉位：-2 KGI(小型台指) 倍數：1, 本次下單：-3 , 帳戶實際倉位：-5 , 總倉位：-5"
153c02bab0a4e832,2016/3/29 10:19:49,2016/3/29 10:19:40,TCA,KGI,8640,add_short,-1,-1,-2,normal,,"2016/03/29 10:19:40 ""8640"" 加碼空單目前倉位：-2 之前倉位：-1 KGI(小型台指) 倍數：1, 本次下單：-1 , 帳戶實際倉位：-2 , 總倉位：-2"
153abb109f1bb4ec,2016/3/25 10:53:37,2016/3/25 10:53:28,TCA,KGI,8686,long_to_short,-5,4,-1,normal,,"2016/03/25 10:53:28 ""8686"" 多翻空目前倉位：-1 之前倉位：4 KGI(小型台指) 倍數：1, 本次下單：-5 , 帳戶實際倉位：-1 , 總倉位：-1"
153a6d5fa1644d6f,2016/3/24 12:15:52,2016/3/24 12:15:43,TCA,KGI,8716,short_to_long,6,-2,4,normal,,"2016/03/24 12:15:43 ""8716"" 空翻多目前倉位：+4 之前倉位：-2 KGI(小型台指) 倍數：1, 本次下單：6 , 帳戶實際倉位：4 , 總倉位：4 TCA"
153a66fbe8beb52a,2016/3/24 10:24:11,2016/3/24 10:24:03,TCA,KGI,8732,add_short,-1,-1,-2,normal,,"2016/03/24 10:24:03 ""8732"" 加碼空單目前倉位：-2 之前倉位：-1 KGI(小型台指) 倍數：1, 本次下單：-1 , 帳戶實際倉位：-2 , 總倉位：-2"
153a666a1d9aa37a,2016/3/24 10:14:14,2016/3/24 10:14:05,TCA,KGI,8710,reduce_short,1,-2,-1,normal,,"2016/03/24 10:14:05 ""8710"" 減碼空單目前倉位：-1 之前倉位：-2 KGI(小型台指) 倍數：1, 本次下單：1 , 帳戶實際倉位：-1 , 總倉位：-1"
153a64b0625538e7,2016/3/24 9:43:23,2016/3/24 9:43:14,TCA,KGI,8669,add_short,-1,-1,-2,normal,,"2016/03/24 09:43:14 ""8669"" 加碼空單目前倉位：-2 之前倉位：-1 KGI(小型台指) 倍數：1, 本次下單：-1 , 帳戶實際倉位：-2 , 總倉位：-2"
153a142f4e74a049,2016/3/23 10:17:10,2016/3/23 10:17:01,TCA,KGI,8714,,-1,0,-1,normal,,"2016/03/23 10:17:01 ""8714"" 空單進場目前倉位：-1 之前倉位：0 KGI(小型台指) 倍數：1, 本次下單：-1 , 帳戶實際倉位：-1 , 總倉位：-1"
153a105a317722c3,2016/3/23 9:10:10,2016/3/23 9:10:01,TCA,KGI,8778,close_short,1,-1,0,normal,,"2016/03/23 09:10:01 ""8778"" 空單平倉目前倉位：0 之前倉位：-1 KGI(小型台指) 倍數：1, 本次下單：1 , 帳戶實際倉位：0 , 總倉位：0 TCA"
1539cb5d8406e6e2,2016/3/22 13:03:50,2016/3/22 13:03:42,TCA,KGI,8708,reduce_short,1,-2,-1,normal,,"2016/03/22 13:03:42 ""8708"" 減碼空單目前倉位：-1 之前倉位：-2 KGI(小型台指) 倍數：1, 本次下單：1 , 帳戶實際倉位：-1 , 總倉位：-1"
1539c7dcbb15906a,2016/3/22 12:02:35,2016/3/22 12:02:26,TCA,KGI,8666,add_short,-1,-1,-2,normal,,"2016/03/22 12:02:26 ""8666"" 加碼空單目前倉位：-2 之前倉位：-1 KGI(小型台指) 倍數：1, 本次下單：-1 , 帳戶實際倉位：-2 , 總倉位：-2"
15397b483e2609e1,2016/3/21 13:44:17,2016/3/21 13:44:09,TCA,KGI,8743,,-1,0,-1,normal,,"2016/03/21 13:44:09 ""8743"" 空單進場目前倉位：-1 之前倉位：0 KGI(小型台指) 倍數：1, 本次下單：-1 , 帳戶實際倉位：-1 , 總倉位：-1"
15396be0f1bd6748,2016/3/21 9:15:01,2016/3/21 9:14:52,TCA,KGI,8743,close_short,1,-1,0,normal,,"2016/03/21 09:14:52 ""8743"" 空單平倉目前倉位：0 之前倉位：-1 KGI(小型台指) 倍數：1, 本次下單：1 , 帳戶實際倉位：0 , 總倉位：0 TCA"
15396a5b056b37e8,2016/3/21 8:48:29,2016/3/21 8:48:19,TCA,KGI,8800,,-1,0,-1,normal,,"2016/03/21 08:48:19 ""8800"" 空單進場目前倉位：-1 之前倉位：0 KGI(小型台指) 倍數：1, 本次下單：-1 , 帳戶實際倉位：-1 , 總倉位：-1"
153877384bb65f8d,2016/3/18 9:59:26,2016/3/18 9:59:17,TCA,KGI,8739,close_short,1,-1,0,normal,,"2016/03/18 09:59:17 ""8739"" 空單平倉目前倉位：0 之前倉位：-1 KGI(小型台指) 倍數：1, 本次下單：1 , 帳戶實際倉位：0 , 總倉位：0 TCA"
15378cc578651644,2016/3/15 13:41:34,2016/3/15 13:41:25,TCA,KGI,8603,reduce_short,2,-6,-4,normal,,"2016/03/15 13:41:25 ""8603"" 減碼空單目前倉位：-4 之前倉位：-6 KGI(小型台指) 倍數：1, 本次下單：1 , 帳戶實際倉位：-6 , 總倉位：-6"
153787dc63befb83,2016/3/15 12:15:42,2016/3/15 12:15:33,TCA,KGI,8608,add_short,-1,-6,-7,normal,,"2016/03/15 12:15:33 ""8608"" 加碼空單目前倉位：-7 之前倉位：-6 KGI(小型台指) 倍數：1, 本次下單：-1 , 帳戶實際倉位：-7 , 總倉位：-7"
1537844e2b413204,2016/3/15 11:12:19,2016/3/15 11:12:10,TCA,KGI,8638,reduce_short,1,-7,-6,normal,,"2016/03/15 11:12:10 ""8638"" 減碼空單目前倉位：-6 之前倉位：-7 KGI(小型台指) 倍數：1, 本次下單：1 , 帳戶實際倉位：-6 , 總倉位：-6"
1537843b8ece75b2,2016/3/15 11:12:13,2016/3/15 11:12:04,TCA,KGI,8643,add_short,-1,-6,-7,normal,,"2016/03/15 11:12:04 ""8643"" 加碼空單目前倉位：-7 之前倉位：-6 KGI(小型台指) 倍數：1, 本次下單：-1 , 帳戶實際倉位：-7 , 總倉位：-7"
1537842ef4a0d3a4,2016/3/15 11:12:07,2016/3/15 11:11:58,TCA,KGI,8646,reduce_short,1,-7,-6,normal,,"2016/03/15 11:11:58 ""8646"" 減碼空單目前倉位：-6 之前倉位：-7 KGI(小型台指) 倍數：1, 本次下單：1 , 帳戶實際倉位：-6 , 總倉位：-6"
1537835ee0714b94,2016/3/15 10:57:03,2016/3/15 10:56:55,TCA,KGI,8655,,-7,0,-7,normal,,"2016/03/15 10:56:55 ""8655"" 空單進場目前倉位：-7 之前倉位：0 KGI(小型台指) 倍數：1, 本次下單：-7 , 帳戶實際倉位：-7 , 總倉位：-7"
153782ea7afdb0c5,2016/3/15 10:49:17,2016/3/15 10:49:08,TCA,KGI,8663,close_long,-1,1,0,normal,,"2016/03/15 10:49:08 ""8663"" 多單平倉目前倉位：0 之前倉位：1 KGI(小型台指) 倍數：1, 本次下單：-1 , 帳戶實際倉位：0 , 總倉位：0 TCA"
1537827ed76c4b97,2016/3/15 10:41:34,2016/3/15 10:41:25,TCA,KGI,8697,reduce_long,-1,2,1,normal,,"2016/03/15 10:41:25 ""8697"" 減碼多單目前倉位：+1 之前倉位：2 KGI(小型台指) 倍數：1, 本次下單：-1 , 帳戶實際倉位：1 , 總倉位：1"
153782612a6a2edf,2016/3/15 10:40:17,2016/3/15 10:40:09,TCA,KGI,8704,reduce_long,-3,5,2,normal,,"2016/03/15 10:40:09 ""8704"" 減碼多單目前倉位：+2 之前倉位：5 KGI(小型台指) 倍數：1, 本次下單：-3 , 帳戶實際倉位：2 , 總倉位：2"
15377e1338cf86b9,2016/3/15 9:24:40,2016/3/15 9:24:31,TCA,KGI,8717,reduce_long,-1,6,5,normal,,"2016/03/15 09:24:31 ""8717"" 減碼多單目前倉位：+5 之前倉位：6 KGI(小型台指) 倍數：1, 本次下單：-1 , 帳戶實際倉位：5 , 總倉位：5"
1537299bc52f70ae,2016/3/14 8:48:39,2016/3/14 8:48:29,TCA,KGI,8735,add_long,1,5,6,normal,,"2016/03/14 08:48:29 ""8735"" 加碼多單目前倉位：+6 之前倉位：5 KGI(小型台指) 倍數：1, 本次下單：1 , 帳戶實際倉位：6 , 總倉位：6 TCA"
15363f0bf293df27,2016/3/11 12:29:39,2016/3/11 12:29:30,TCA,KGI,8692,add_long,1,4,5,normal,,"2016/03/11 12:29:30 ""8692"" 加碼多單目前倉位：+5 之前倉位：4 KGI(小型台指) 倍數：1, 本次下單：1 , 帳戶實際倉位：5 , 總倉位：5 TCA"
1535e334eccbd6ab,2016/3/10 9:45:03,2016/3/10 9:44:53,TCA,KGI,8667,add_long,1,3,4,normal,,"2016/03/10 09:44:53 ""8667"" 加碼多單目前倉位：+4 之前倉位：3 KGI(小型台指) 倍數：1, 本次下單：1 , 帳戶實際倉位：4 , 總倉位：4 TCA"
15358ee4e9cbec08,2016/3/9 9:11:12,2016/3/9 9:11:04,TCA,KGI,8620,reduce_long,-1,3,2,normal,,"2016/03/09 09:11:04 ""8620"" 減碼多單目前倉位：+2 之前倉位：3 KGI(小型台指) 倍數：1, 本次下單：-1 , 帳戶實際倉位：2 , 總倉位：2"
15358ee11fa99208,2016/3/9 9:11:18,2016/3/9 9:11:10,TCA,KGI,8622,add_long,1,2,3,normal,,"2016/03/09 09:11:10 ""8622"" 加碼多單目前倉位：+3 之前倉位：2 KGI(小型台指) 倍數：1, 本次下單：1 , 帳戶實際倉位：3 , 總倉位：3 TCA"
15358da3bf31393c,2016/3/9 8:48:43,2016/3/9 8:48:34,TCA,KGI,8602,,2,0,2,normal,,"2016/03/09 08:48:34 ""8602"" 多單進場目前倉位：+2 之前倉位：0 KGI(小型台指) 倍數：1, 本次下單：2 , 帳戶實際倉位：2 , 總倉位：2 TCA"
15358d9765e63f85,2016/3/9 8:48:49,2016/3/9 8:48:40,TCA,KGI,8603,add_long,1,2,3,normal,,"2016/03/09 08:48:40 ""8603"" 加碼多單目前倉位：+3 之前倉位：2 KGI(小型台指) 倍數：1, 本次下單：1 , 帳戶實際倉位：3 , 總倉位：3 TCA"
15353f9a12314eb2,2016/3/8 10:05:52,2016/3/8 10:05:43,TCA,KGI,8526,close_long,-1,1,0,normal,,"2016/03/08 10:05:43 ""8526"" 多單平倉目前倉位：0 之前倉位：1 KGI(小型台指) 倍數：1, 本次下單：-1 , 帳戶實際倉位：0 , 總倉位：0 TCA"
15353e5412ee935f,2016/3/8 9:42:56,2016/3/8 9:42:48,TCA,KGI,8556,reduce_long,-3,4,1,normal,,"2016/03/08 09:42:48 ""8556"" 減碼多單目前倉位：+1 之前倉位：4 KGI(小型台指) 倍數：1, 本次下單：-3 , 帳戶實際倉位：1 , 總倉位：1"
15353ddbc3f8098b,2016/3/8 9:34:44,2016/3/8 9:34:36,TCA,KGI,8580,reduce_long,-1,5,4,normal,,"2016/03/08 09:34:36 ""8580"" 減碼多單目前倉位：+4 之前倉位：5 KGI(小型台指) 倍數：1, 本次下單：-1 , 帳戶實際倉位：4 , 總倉位：4"
1534f98e01053111,2016/3/7 13:41:43,2016/3/7 13:41:34,TCA,KGI,8607,reduce_long,-1,6,5,normal,,"2016/03/07 13:41:34 ""8607"" 減碼多單目前倉位：+5 之前倉位：6 KGI(小型台指) 倍數：1, 本次下單：-1 , 帳戶實際倉位：5 , 總倉位：5"
1534eba7f89df3a3,2016/3/7 9:38:43,2016/3/7 9:38:35,TCA,KGI,8669,add_long,1,5,6,normal,,"2016/03/07 09:38:35 ""8669"" 加碼多單目前倉位：+6 之前倉位：5 KGI(小型台指) 倍數：1, 本次下單：1 , 帳戶實際倉位：6 , 總倉位：6 TCA"
1534e8cad5c06a81,2016/3/7 8:48:43,2016/3/7 8:48:35,TCA,KGI,8610,add_long,1,4,5,normal,,"2016/03/07 08:48:35 ""8610"" 加碼多單目前倉位：+5 之前倉位：4 KGI(小型台指) 倍數：1, 本次下單：1 , 帳戶實際倉位：5 , 總倉位：5 TCA"
1533f35dc735e457,2016/3/4 9:19:13,2016/3/4 9:19:04,TCA,KGI,8583,add_long,1,3,4,normal,,"2016/03/04 09:19:04 ""8583"" 加碼多單目前倉位：+4 之前倉位：3 KGI(小型台指) 倍數：1, 本次下單：1 , 帳戶實際倉位：4 , 總倉位：4 TCA"
1533f2df72d52de6,2016/3/4 9:11:05,2016/3/4 9:10:56,TCA,KGI,8552,reduce_long,-1,4,3,normal,,"2016/03/04 09:10:56 ""8552"" 減碼多單目前倉位：+3 之前倉位：4 KGI(小型台指) 倍數：1, 本次下單：-1 , 帳戶實際倉位：3 , 總倉位：3"
1533aff9707a7c6a,2016/3/3 13:41:49,2016/3/3 13:41:40,TCA,KGI,8561,reduce_long,-2,6,4,normal,,"2016/03/03 13:41:40 ""8561"" 減碼多單目前倉位：+4 之前倉位：6 KGI(小型台指) 倍數：1, 本次下單：-2 , 帳戶實際倉位：4 , 總倉位：4"
1533a23b4a60fe38,2016/3/3 9:41:48,2016/3/3 9:41:40,TCA,KGI,8597,add_long,2,4,6,normal,,"2016/03/03 09:41:40 ""8597"" 加碼多單目前倉位：+6 之前倉位：4 KGI(小型台指) 倍數：1, 本次下單：2 , 帳戶實際倉位：6 , 總倉位：6 TCA"
1533a1d283443fd7,2016/3/3 9:34:03,2016/3/3 9:33:54,TCA,KGI,8579,add_long,3,1,4,normal,,"2016/03/03 09:33:54 ""8579"" 加碼多單目前倉位：+4 之前倉位：1 KGI(小型台指) 倍數：1, 本次下單：3 , 帳戶實際倉位：4 , 總倉位：4 TCA"
1533a08a447df6fe,2016/3/3 9:12:15,2016/3/3 9:12:06,TCA,KGI,8532,,1,0,1,normal,,"2016/03/03 09:12:06 ""8532"" 多單進場目前倉位：+1 之前倉位：0 KGI(小型台指) 倍數：1, 本次下單：1 , 帳戶實際倉位：1 , 總倉位：1 TCA"
15339f346e455337,2016/3/3 8:48:49,2016/3/3 8:48:40,TCA,KGI,8518,close_short,1,-1,0,normal,,"2016/03/03 08:48:40 ""8518"" 空單平倉目前倉位：0 之前倉位：-1 KGI(小型台指) 倍數：1, 本次下單：1 , 帳戶實際倉位：0 , 總倉位：0 TCA"
1533510be68f8295,2016/3/2 10:02:51,2016/3/2 10:02:41,TCA,KGI,8501,long_to_short,-6,5,-1,normal,,"2016/03/02 10:02:41 ""8501"" 多翻空目前倉位：-1 之前倉位：5 KGI(小型台指) 倍數：1, 本次下單：-6 , 帳戶實際倉位：-1 , 總倉位：-1"
1532ff8a805c6e75,2016/3/1 10:18:37,2016/3/1 10:18:28,TCA,KGI,8448,add_long,1,4,5,normal,,"2016/03/01 10:18:28 ""8448"" 加碼多單目前倉位：+5 之前倉位：4 KGI(小型台指) 倍數：1, 本次下單：1 , 帳戶實際倉位：5 , 總倉位：5 TCA"
153164d715969ab4,2016/2/25 10:41:12,2016/2/25 10:41:03,TCA,KGI,8339,add_long,2,2,4,normal,,"2016/02/25 10:41:03 ""8339"" 加碼多單目前倉位：+4 之前倉位：2 KGI(小型台指) 倍數：1, 本次下單：2 , 帳戶實際倉位：4 , 總倉位：4 TCA"
15316291ca8567f5,2016/2/25 10:01:31,2016/2/25 10:01:22,TCA,KGI,8332,add_long,1,1,2,normal,,"2016/02/25 10:01:22 ""8332"" 加碼多單目前倉位：+2 之前倉位：1 KGI(小型台指) 倍數：1, 本次下單：1 , 帳戶實際倉位：2 , 總倉位：2 TCA"
15315f28fe3ab783,2016/2/25 9:01:25,2016/2/25 9:01:16,TCA,KGI,8276,,1,0,1,normal,,"2016/02/25 09:01:16 ""8276"" 多單進場目前倉位：+1 之前倉位：0 KGI(小型台指) 倍數：1, 本次下單：1 , 帳戶實際倉位：1 , 總倉位：1 TCA"
15311cd7ebb02169,2016/2/24 13:41:58,2016/2/24 13:41:49,TCA,KGI,8248,close_short,2,-2,0,normal,,"2016/02/24 13:41:49 ""8248"" 空單平倉目前倉位：0 之前倉位：-2 KGI(小型台指) 倍數：1, 本次下單：2 , 帳戶實際倉位：0 , 總倉位：0 TCA"
153111536716d5c0,2016/2/24 10:21:41,2016/2/24 10:21:33,TCA,KGI,8234,add_short,-1,-1,-2,normal,,"2016/02/24 10:21:33 ""8234"" 加碼空單目前倉位：-2 之前倉位：-1 KGI(小型台指) 倍數：1, 本次下單：-1 , 帳戶實際倉位：-2 , 總倉位：-2"
1531112da3a874c4,2016/2/24 10:19:01,2016/2/24 10:18:53,TCA,KGI,8251,long_to_short,-2,1,-1,normal,,"2016/02/24 10:18:53 ""8251"" 多翻空目前倉位：-1 之前倉位：1 KGI(小型台指) 倍數：1, 本次下單：-2 , 帳戶實際倉位：-1 , 總倉位：-1"
153110fb07ea9ff2,2016/2/24 10:15:04,2016/2/24 10:14:55,TCA,KGI,8284,reduce_long,-1,2,1,normal,,"2016/02/24 10:14:55 ""8284"" 減碼多單目前倉位：+1 之前倉位：2 KGI(小型台指) 倍數：1, 本次下單：-1 , 帳戶實際倉位：1 , 總倉位：1"
153110f0f4f802b7,2016/2/24 10:14:58,2016/2/24 10:14:49,TCA,KGI,8285,reduce_long,-1,3,2,normal,,"2016/02/24 10:14:49 ""8285"" 減碼多單目前倉位：+2 之前倉位：3 KGI(小型台指) 倍數：1, 本次下單：-1 , 帳戶實際倉位：2 , 總倉位：2"
15310d896b696323,2016/2/24 9:15:09,2016/2/24 9:15:00,TCA,KGI,8374,add_long,1,2,3,normal,,"2016/02/24 09:15:00 ""8374"" 加碼多單目前倉位：+3 之前倉位：2 KGI(小型台指) 倍數：1, 本次下單：1 , 帳戶實際倉位：3 , 總倉位：3 TCA"
15310ce373d9523a,2016/2/24 9:03:43,2016/2/24 9:03:34,TCA,KGI,8349,add_long,1,1,2,normal,,"2016/02/24 09:03:34 ""8349"" 加碼多單目前倉位：+2 之前倉位：1 KGI(小型台指) 倍數：1, 本次下單：1 , 帳戶實際倉位：2 , 總倉位：2 TCA"
1530bd0ef1a7585b,2016/2/23 9:49:02,2016/2/23 9:48:53,TCA,KGI,8284,reduce_long,-1,2,1,normal,,"2016/02/23 09:48:53 ""8284"" 減碼多單目前倉位：+1 之前倉位：2 KGI(小型台指) 倍數：1, 本次下單：-1 , 帳戶實際倉位：1 , 總倉位：1"
153077fd8a1cfda1,2016/2/22 13:42:00,2016/2/22 13:41:51,TCA,KGI,8300,add_long,1,1,2,normal,,"2016/02/22 13:41:51 ""8300"" 加碼多單目前倉位：+2 之前倉位：1 KGI(小型台指) 倍數：1, 本次下單：1 , 帳戶實際倉位：2 , 總倉位：2 TCA"
153075a947cfd533,2016/2/22 13:01:17,2016/2/22 13:01:08,TCA,KGI,8290,,1,0,1,normal,,"2016/02/22 13:01:08 ""8290"" 多單進場目前倉位：+1 之前倉位：0 KGI(小型台指) 倍數：1, 本次下單：1 , 帳戶實際倉位：1 , 總倉位：1 TCA"
15306c9971573a1c,2016/2/22 10:22:56,2016/2/22 10:22:47,TCA,KGI,8277,close_long,-1,1,0,normal,,"2016/02/22 10:22:47 ""8277"" 多單平倉目前倉位：0 之前倉位：1 KGI(小型台指) 倍數：1, 本次下單：-1 , 帳戶實際倉位：0 , 總倉位：0 TCA"
15306c252c714b62,2016/2/22 10:15:00,2016/2/22 10:14:51,TCA,KGI,8314,reduce_long,-1,2,1,normal,,"2016/02/22 10:14:51 ""8314"" 減碼多單目前倉位：+1 之前倉位：2 KGI(小型台指) 倍數：1, 本次下單：-1 , 帳戶實際倉位：1 , 總倉位：1"
15306bfc60b642fd,2016/2/22 10:12:13,2016/2/22 10:12:04,TCA,KGI,8311,reduce_long,-2,4,2,normal,,"2016/02/22 10:12:04 ""8311"" 減碼多單目前倉位：+2 之前倉位：4 KGI(小型台指) 倍數：1, 本次下單：-2 , 帳戶實際倉位：2 , 總倉位：2"
15306b916ae046ca,2016/2/22 10:04:55,2016/2/22 10:04:46,TCA,KGI,8329,add_long,1,3,4,normal,,"2016/02/22 10:04:46 ""8329"" 加碼多單目前倉位：+4 之前倉位：3 KGI(小型台指) 倍數：1, 本次下單：1 , 帳戶實際倉位：4 , 總倉位：4 TCA"
1530687ef10234ae,2016/2/22 9:11:13,2016/2/22 9:11:04,TCA,KGI,8347,add_long,2,1,3,normal,,"2016/02/22 09:11:04 ""8347"" 加碼多單目前倉位：+3 之前倉位：1 KGI(小型台指) 倍數：1, 本次下單：2 , 帳戶實際倉位：3 , 總倉位：3 TCA"
152f731e663ff368,2016/2/19 9:42:05,2016/2/19 9:41:56,TCA,KGI,8312,,1,0,1,normal,,"2016/02/19 09:41:56 ""8312"" 多單進場目前倉位：+1 之前倉位：0 KGI(小型台指) 倍數：1, 本次下單：3 , 帳戶實際倉位：1 , 總倉位：1 TCA"
152f70e84963a898,2016/2/19 9:03:48,2016/2/19 9:03:40,TCA,KGI,8255,close_long,-1,1,0,normal,,"2016/02/19 09:03:40 ""8255"" 多單平倉目前倉位：0 之前倉位：1 KGI(小型台指) 倍數：1, 本次下單：-3 , 帳戶實際倉位：0 , 總倉位：0 TCA"
152f6ed59f93d4af,2016/2/19 8:27:21,2016/2/19 8:27:11,TCA,KGI,0,add_long,1,1,2,normal,,"2016/02/19 08:27:11 ""0"" 加碼多單目前倉位：+2 之前倉位：1 KGI(小型台指) 倍數：1, 本次下單：1 , 帳戶實際倉位：3 , 總倉位：3 TCA"
152ecb4943919f2a,2016/2/17 8:49:06,2016/2/17 8:48:57,TCA,KGI,8231,short_to_long,3,-1,2,normal,,"2016/02/17 08:48:57 ""8231"" 空翻多目前倉位：+2 之前倉位：-1 KGI(小型台指) 倍數：1, 本次下單：3 , 帳戶實際倉位：2 , 總倉位：2 TCA"
152e79bfde1b15c0,2016/2/16 9:03:59,2016/2/16 9:03:50,TCA,KGI,8097,reduce_short,1,-2,-1,normal,,"2016/02/16 09:03:50 ""8097"" 減碼空單目前倉位：-1 之前倉位：-2 KGI(小型台指) 倍數：1, 本次下單：1 , 帳戶實際倉位：-1 , 總倉位：-1"
152e29384fc2fcea,2016/2/15 9:37:41,2016/2/15 9:37:33,TCA,KGI,8030,reduce_short,1,-3,-2,normal,,"2016/02/15 09:37:33 ""8030"" 減碼空單目前倉位：-2 之前倉位：-3 KGI(小型台指) 倍數：1, 本次下單：1 , 帳戶實際倉位：-2 , 總倉位：-2"
152e27af10aca54b,2016/2/15 9:10:50,2016/2/15 9:10:40,TCA,KGI,7969,add_short,-1,-2,-3,normal,,"2016/02/15 09:10:40 ""7969"" 加碼空單目前倉位：-3 之前倉位：-2 KGI(小型台指) 倍數：1, 本次下單：-1 , 帳戶實際倉位：-3 , 總倉位：-3"
152a4bb828b3e2fe,2016/2/3 9:24:53,2016/2/3 9:24:44,TCA,KGI,8031,,-2,0,-2,normal,,"2016/02/03 09:24:44 ""8031"" 空單進場目前倉位：-2 之前倉位：0 KGI(小型台指) 倍數：1, 本次下單：-2 , 帳戶實際倉位：-2 , 總倉位：-2"
152a49ac6a12c805,2016/2/3 8:49:08,2016/2/3 8:48:59,TCA,KGI,8045,close_long,-1,1,0,normal,,"2016/02/03 08:48:59 ""8045"" 多單平倉目前倉位：0 之前倉位：1 KGI(小型台指) 倍數：1, 本次下單：-1 , 帳戶實際倉位：0 , 總倉位：0 TCA"
1529fc2d8e622686,2016/2/2 10:14:49,2016/2/2 10:14:41,TCA,KGI,8120,short_to_long,2,-1,1,normal,,"2016/02/02 10:14:41 ""8120"" 空翻多目前倉位：+1 之前倉位：-1 KGI(小型台指) 倍數：1, 本次下單：2 , 帳戶實際倉位：1 , 總倉位：1 TCA"
1529f74d28d85a89,2016/2/2 8:49:09,2016/2/2 8:49:00,TCA,KGI,8090,reduce_short,1,-2,-1,normal,,"2016/02/02 08:49:00 ""8090"" 減碼空單目前倉位：-1 之前倉位：-2 KGI(小型台指) 倍數：1, 本次下單：1 , 帳戶實際倉位：-1 , 總倉位：-1"
1529b387b902d80e,2016/2/1 13:05:14,2016/2/1 13:05:06,TCA,KGI,8117,reduce_short,2,-4,-2,normal,,"2016/02/01 13:05:06 ""8117"" 減碼空單目前倉位：-2 之前倉位：-4 KGI(小型台指) 倍數：1, 本次下單：2 , 帳戶實際倉位：-2 , 總倉位：-2"
1529ae0cb8f48b67,2016/2/1 11:29:26,2016/2/1 11:29:18,TCA,KGI,8086,long_to_short,-7,3,-4,normal,,"2016/02/01 11:29:18 ""8086"" 多翻空目前倉位：-4 之前倉位：3 KGI(小型台指) 倍數：1, 本次下單：-7 , 帳戶實際倉位：-4 , 總倉位：-4"
1529ad213f0d4c08,2016/2/1 11:13:23,2016/2/1 11:13:14,TCA,KGI,8087,add_long,1,2,3,normal,,"2016/02/01 11:13:14 ""8087"" 加碼多單目前倉位：+3 之前倉位：2 KGI(小型台指) 倍數：1, 本次下單：1 , 帳戶實際倉位：3 , 總倉位：3 TCA"
1529a64ff273021b,2016/2/1 9:14:14,2016/2/1 9:14:05,TCA,KGI,8104,reduce_long,-3,5,2,normal,,"2016/02/01 09:14:05 ""8104"" 減碼多單目前倉位：+2 之前倉位：5 KGI(小型台指) 倍數：1, 本次下單：-3 , 帳戶實際倉位：2 , 總倉位：2"
1529a5b8d36e3f41,2016/2/1 9:03:55,2016/2/1 9:03:46,TCA,KGI,8120,reduce_long,-1,6,5,normal,,"2016/02/01 09:03:46 ""8120"" 減碼多單目前倉位：+5 之前倉位：6 KGI(小型台指) 倍數：1, 本次下單：-1 , 帳戶實際倉位：5 , 總倉位：5"
1528b71d220f15da,2016/1/29 11:33:46,2016/1/29 11:33:37,TCA,KGI,8040,add_long,1,5,6,normal,,"2016/01/29 11:33:37 ""8040"" 加碼多單目前倉位：+6 之前倉位：5 KGI(小型台指) 倍數：1, 本次下單：1 , 帳戶實際倉位：6 , 總倉位：6 TCA"
15285f5edeced565,2016/1/28 10:00:01,2016/1/28 9:59:52,TCA,KGI,7897,add_long,1,4,5,normal,,"2016/01/28 09:59:52 ""7897"" 加碼多單目前倉位：+5 之前倉位：4 KGI(小型台指) 倍數：1, 本次下單：1 , 帳戶實際倉位：5 , 總倉位：5 TCA"
15285b49ad243d5d,2016/1/28 8:49:01,2016/1/28 8:48:52,TCA,KGI,7799,add_long,1,3,4,normal,,"2016/01/28 08:48:52 ""7799"" 加碼多單目前倉位：+4 之前倉位：3 KGI(小型台指) 倍數：1, 本次下單：1 , 帳戶實際倉位：4 , 總倉位：4 TCA"
152819c586f24b94,2016/1/27 13:44:04,2016/1/27 13:43:55,TCA,KGI,7841,reduce_long,-1,4,3,normal,,"2016/01/27 13:43:55 ""7841"" 減碼多單目前倉位：+3 之前倉位：4 KGI(小型台指) 倍數：1, 本次下單：-1 , 帳戶實際倉位：3 , 總倉位：3"
152818aab78a4ec1,2016/1/27 13:24:43,2016/1/27 13:24:35,TCA,KGI,7819,add_long,3,1,4,normal,,"2016/01/27 13:24:35 ""7819"" 加碼多單目前倉位：+4 之前倉位：1 KGI(小型台指) 倍數：1, 本次下單：3 , 帳戶實際倉位：4 , 總倉位：4 TCA"
1528181eb5c7eaba,2016/1/27 13:15:11,2016/1/27 13:15:03,TCA,KGI,7811,reduce_long,-1,2,1,normal,,"2016/01/27 13:15:03 ""7811"" 減碼多單目前倉位：+1 之前倉位：2 KGI(小型台指) 倍數：1, 本次下單：-1 , 帳戶實際倉位：1 , 總倉位：1"
152812f484d310e8,2016/1/27 11:44:56,2016/1/27 11:44:47,TCA,KGI,7788,add_long,1,1,2,normal,,"2016/01/27 11:44:47 ""7788"" 加碼多單目前倉位：+2 之前倉位：1 KGI(小型台指) 倍數：1, 本次下單：1 , 帳戶實際倉位：2 , 總倉位：2 TCA"
15280d4e81d516e6,2016/1/27 10:06:13,2016/1/27 10:06:05,TCA,KGI,7795,reduce_long,-2,3,1,normal,,"2016/01/27 10:06:05 ""7795"" 減碼多單目前倉位：+1 之前倉位：3 KGI(小型台指) 倍數：1, 本次下單：-2 , 帳戶實際倉位：1 , 總倉位：1"
1527bd76d4737e9f,2016/1/26 10:50:53,2016/1/26 10:50:44,TCA,KGI,7787,reduce_long,-1,4,3,normal,,"2016/01/26 10:50:44 ""7787"" 減碼多單目前倉位：+3 之前倉位：4 KGI(小型台指) 倍數：1, 本次下單：-1 , 帳戶實際倉位：3 , 總倉位：3"
1527bb001ddb0d1e,2016/1/26 10:07:49,2016/1/26 10:07:41,TCA,KGI,7750,reduce_long,-1,5,4,normal,,"2016/01/26 10:07:41 ""7750"" 減碼多單目前倉位：+4 之前倉位：5 KGI(小型台指) 倍數：1, 本次下單：-1 , 帳戶實際倉位：4 , 總倉位：4"
15276418ff844f2a,2016/1/25 8:49:06,2016/1/25 8:48:57,TCA,KGI,7780,add_long,1,4,5,normal,,"2016/01/25 08:48:57 ""7780"" 加碼多單目前倉位：+5 之前倉位：4 KGI(小型台指) 倍數：1, 本次下單：1 , 帳戶實際倉位：5 , 總倉位：5 TCA"
15267dab76b966be,2016/1/22 13:42:08,2016/1/22 13:41:59,TCA,KGI,7749,reduce_long,-2,6,4,normal,,"2016/01/22 13:41:59 ""7749"" 減碼多單目前倉位：+4 之前倉位：6 KGI(小型台指) 倍數：1, 本次下單：-2 , 帳戶實際倉位：4 , 總倉位：4"
15267d536e929a30,2016/1/22 13:36:07,2016/1/22 13:35:58,TCA,KGI,7749,add_long,2,4,6,normal,,"2016/01/22 13:35:58 ""7749"" 加碼多單目前倉位：+6 之前倉位：4 KGI(小型台指) 倍數：1, 本次下單：2 , 帳戶實際倉位：6 , 總倉位：6 TCA"
15267cd12fb83ea4,2016/1/22 13:27:10,2016/1/22 13:27:01,TCA,KGI,7739,add_long,3,1,4,normal,,"2016/01/22 13:27:01 ""7739"" 加碼多單目前倉位：+4 之前倉位：1 KGI(小型台指) 倍數：1, 本次下單：3 , 帳戶實際倉位：4 , 總倉位：4 TCA"
15267b5d618ea4d1,2016/1/22 13:01:51,2016/1/22 13:01:42,TCA,KGI,7718,,1,0,1,normal,,"2016/01/22 13:01:42 ""7718"" 多單進場目前倉位：+1 之前倉位：0 KGI(小型台指) 倍數：1, 本次下單：1 , 帳戶實際倉位：1 , 總倉位：1 TCA"
15261e0fdf06c135,2016/1/21 9:51:17,2016/1/21 9:51:08,TCA,KGI,7674,close_long,-1,1,0,normal,,"2016/01/21 09:51:08 ""7674"" 多單平倉目前倉位：0 之前倉位：1 KGI(小型台指) 倍數：1, 本次下單：-1 , 帳戶實際倉位：0 , 總倉位：0 TCA"
15261a473ae19116,2016/1/21 8:45:09,2016/1/21 8:45:01,TCA,KGI,7658,short_to_long,2,-1,1,normal,,"2016/01/21 08:45:01 ""7658"" 空翻多目前倉位：+1 之前倉位：-1 KGI(小型台指) 倍數：1, 本次下單：1 , 帳戶實際倉位：1 , 總倉位：1 TCA"
1525d665e2a33ebc,2016/1/20 12:58:44,2016/1/20 12:58:36,TCA,KGI,7699,close_short,1,-1,0,normal,,"2016/01/20 12:58:36 ""7699"" 空單平倉目前倉位：0 之前倉位：-1 KGI(小型台指) 倍數：1, 本次下單：1 , 帳戶實際倉位：0 , 總倉位：0 TCA"
1525d2b3397e4461,2016/1/20 11:54:00,2016/1/20 11:53:52,TCA,KGI,7692,long_to_short,-2,1,-1,normal,,"2016/01/20 11:53:52 ""7692"" 多翻空目前倉位：-1 之前倉位：1 KGI(小型台指) 倍數：1, 本次下單：-2 , 帳戶實際倉位：-1 , 總倉位：-1"
1525cb102f9dd212,2016/1/20 9:40:39,2016/1/20 9:40:31,TCA,KGI,7722,reduce_long,-1,2,1,normal,,"2016/01/20 09:40:31 ""7722"" 減碼多單目前倉位：+1 之前倉位：2 KGI(小型台指) 倍數：1, 本次下單：-1 , 帳戶實際倉位：1 , 總倉位：1"
1525ca05bb936d0c,2016/1/20 9:22:28,2016/1/20 9:22:20,TCA,KGI,7773,reduce_long,-2,4,2,normal,,"2016/01/20 09:22:20 ""7773"" 減碼多單目前倉位：+2 之前倉位：4 KGI(小型台指) 倍數：1, 本次下單：-2 , 帳戶實際倉位：2 , 總倉位：2"
1525c8f3c9211c73,2016/1/20 9:03:46,2016/1/20 9:03:37,TCA,KGI,7784,reduce_long,-1,5,4,normal,,"2016/01/20 09:03:37 ""7784"" 減碼多單目前倉位：+4 之前倉位：5 KGI(小型台指) 倍數：1, 本次下單：-1 , 帳戶實際倉位：4 , 總倉位：4"
15257fd656b6119f,2016/1/19 11:46:00,2016/1/19 11:45:51,TCA,KGI,7813,short_to_long,6,-1,5,normal,,"2016/01/19 11:45:51 ""7813"" 空翻多目前倉位：+5 之前倉位：-1 KGI(小型台指) 倍數：1, 本次下單：6 , 帳戶實際倉位：5 , 總倉位：5 TCA"
1525797d9ad9efe9,2016/1/19 9:55:05,2016/1/19 9:54:56,TCA,KGI,7817,,-1,0,-1,normal,,"2016/01/19 09:54:56 ""7817"" 空單進場目前倉位：-1 之前倉位：0 KGI(小型台指) 倍數：1, 本次下單：-1 , 帳戶實際倉位：-1 , 總倉位：-1"
152577c97b2017aa,2016/1/19 9:25:19,2016/1/19 9:25:11,TCA,KGI,7813,close_short,1,-1,0,normal,,"2016/01/19 09:25:11 ""7813"" 空單平倉目前倉位：0 之前倉位：-1 KGI(小型台指) 倍數：1, 本次下單：1 , 帳戶實際倉位：0 , 總倉位：0 TCA"
15257798d8ce029c,2016/1/19 9:21:59,2016/1/19 9:21:50,TCA,KGI,7806,,-1,0,-1,normal,,"2016/01/19 09:21:50 ""7806"" 空單進場目前倉位：-1 之前倉位：0 KGI(小型台指) 倍數：1, 本次下單：-1 , 帳戶實際倉位：-1 , 總倉位：-1"
152575b6395936e7,2016/1/19 8:49:03,2016/1/19 8:48:54,TCA,KGI,7804,close_short,2,-2,0,normal,,"2016/01/19 08:48:54 ""7804"" 空單平倉目前倉位：0 之前倉位：-2 KGI(小型台指) 倍數：1, 本次下單：2 , 帳戶實際倉位：0 , 總倉位：0 TCA"
15253040fb48c91e,2016/1/18 12:35:11,2016/1/18 12:35:03,TCA,KGI,7784,reduce_short,1,-3,-2,normal,,"2016/01/18 12:35:03 ""7784"" 減碼空單目前倉位：-2 之前倉位：-3 KGI(小型台指) 倍數：1, 本次下單：1 , 帳戶實際倉位：-2 , 總倉位：-2"
152526cc652efef1,2016/1/18 9:49:58,2016/1/18 9:49:49,TCA,KGI,7780,add_short,-1,-2,-3,normal,,"2016/01/18 09:49:49 ""7780"" 加碼空單目前倉位：-3 之前倉位：-2 KGI(小型台指) 倍數：1, 本次下單：-1 , 帳戶實際倉位：-3 , 總倉位：-3"
15252552d0028c32,2016/1/18 9:24:11,2016/1/18 9:24:02,TCA,KGI,7669,reduce_short,3,-5,-2,normal,,"2016/01/18 09:24:02 ""7669"" 減碼空單目前倉位：-2 之前倉位：-5 KGI(小型台指) 倍數：1, 本次下單：3 , 帳戶實際倉位：-2 , 總倉位：-2"
1523da987352604c,2016/1/14 9:04:22,2016/1/14 9:04:13,TCA,KGI,7630,add_short,-1,-4,-5,normal,,"2016/01/14 09:04:13 ""7630"" 加碼空單目前倉位：-5 之前倉位：-4 KGI(小型台指) 倍數：1, 本次下單：-1 , 帳戶實際倉位：-5 , 總倉位：-5"
1523d9b94c836240,2016/1/14 8:49:08,2016/1/14 8:48:59,TCA,KGI,7658,add_short,-2,-2,-4,normal,,"2016/01/14 08:48:59 ""7658"" 加碼空單目前倉位：-4 之前倉位：-2 KGI(小型台指) 倍數：1, 本次下單：-2 , 帳戶實際倉位：-4 , 總倉位：-4"
15238cceed8af5d6,2016/1/13 10:24:57,2016/1/13 10:24:48,TCA,KGI,7789,long_to_short,-4,2,-2,normal,,"2016/01/13 10:24:48 ""7789"" 多翻空目前倉位：-2 之前倉位：2 KGI(小型台指) 倍數：1, 本次下單：-4 , 帳戶實際倉位：-2 , 總倉位：-2"
152388d6a2dbbf96,2016/1/13 9:15:10,2016/1/13 9:15:01,TCA,KGI,7825,add_long,1,1,2,normal,,"2016/01/13 09:15:01 ""7825"" 加碼多單目前倉位：+2 之前倉位：1 KGI(小型台指) 倍數：1, 本次下單：1 , 帳戶實際倉位：2 , 總倉位：2 TCA"
1523882e37bfe54e,2016/1/13 9:04:04,2016/1/13 9:03:56,TCA,KGI,7790,short_to_long,7,-6,1,normal,,"2016/01/13 09:03:56 ""7790"" 空翻多目前倉位：+1 之前倉位：-6 KGI(小型台指) 倍數：1, 本次下單：7 , 帳戶實際倉位：1 , 總倉位：1 TCA"
1522e3c025e1036f,2016/1/11 9:10:15,2016/1/11 9:10:06,TCA,KGI,7720,add_short,-1,-5,-6,normal,,"2016/01/11 09:10:06 ""7720"" 加碼空單目前倉位：-6 之前倉位：-5 KGI(小型台指) 倍數：1, 本次下單：-1 , 帳戶實際倉位：-6 , 總倉位：-6"
1522e28d3db54ae0,2016/1/11 8:48:56,2016/1/11 8:48:47,TCA,KGI,7730,reduce_short,1,-6,-5,normal,,"2016/01/11 08:48:47 ""7730"" 減碼空單目前倉位：-5 之前倉位：-6 KGI(小型台指) 倍數：1, 本次下單：1 , 帳戶實際倉位：-5 , 總倉位：-5"
15219d6447d0acf4,2016/1/7 10:06:00,2016/1/7 10:05:52,TCA,KGI,7802,add_short,-1,-5,-6,normal,,"2016/01/07 10:05:52 ""7802"" 加碼空單目前倉位：-6 之前倉位：-5 KGI(小型台指) 倍數：1, 本次下單：-1 , 帳戶實際倉位：-6 , 總倉位：-6"
152149519027a73f,2016/1/6 9:37:31,2016/1/6 9:37:22,TCA,KGI,8014,add_short,-1,-4,-5,normal,,"2016/01/06 09:37:22 ""8014"" 加碼空單目前倉位：-5 之前倉位：-4 KGI(小型台指) 倍數：1, 本次下單：-1 , 帳戶實際倉位：-5 , 總倉位：-5"
1520f7900887be0b,2016/1/5 9:48:46,2016/1/5 9:48:31,TCA,KGI,8098,add_short,-1,-3,-4,normal,,"2016/01/05 09:48:31 ""8098"" 加碼空單目前倉位：-4 之前倉位：-3 KGI(小型台指) 倍數：1, 本次下單：-1 , 帳戶實際倉位：-4 , 總倉位：-4"
1520b283a7e5bf60,2016/1/4 13:42:04,2016/1/4 13:41:55,TCA,KGI,8069,reduce_short,2,-5,-3,normal,,"2016/01/04 13:41:55 ""8069"" 減碼空單目前倉位：-3 之前倉位：-5 KGI(小型台指) 倍數：1, 本次下單：2 , 帳戶實際倉位：-3 , 總倉位：-3"
1520a47aef1b4a99,2016/1/4 9:36:48,2016/1/4 9:36:39,TCA,KGI,8148,add_short,-3,-2,-5,normal,,"2016/01/04 09:36:39 ""8148"" 加碼空單目前倉位：-5 之前倉位：-2 KGI(小型台指) 倍數：1, 本次下單：-3 , 帳戶實際倉位：-5 , 總倉位：-5"
1520a3ca0324379c,2016/1/4 9:24:43,2016/1/4 9:24:34,TCA,KGI,8191,,-2,0,-2,normal,,"2016/01/04 09:24:34 ""8191"" 空單進場目前倉位：-2 之前倉位：0 KGI(小型台指) 倍數：1, 本次下單：-2 , 帳戶實際倉位：-2 , 總倉位：-2"
1520a3949c3e97c3,2016/1/4 9:21:04,2016/1/4 9:20:55,TCA,KGI,8202,close_long,-1,1,0,normal,,"2016/01/04 09:20:55 ""8202"" 多單平倉目前倉位：0 之前倉位：1 KGI(小型台指) 倍數：1, 本次下單：-1 , 帳戶實際倉位：0 , 總倉位：0 TCA"
151f62f085dc269c,2015/12/31 11:57:33,2015/12/31 11:57:24,TCA,KGI,8269,short_to_long,3,-2,1,normal,,"2015/12/31 11:57:24 ""8269"" 空翻多目前倉位：+1 之前倉位：-2 KGI(小型台指) 倍數：1, 本次下單：3 , 帳戶實際倉位：1 , 總倉位：1 TCA"
151f09fa092a2148,2015/12/30 10:02:47,2015/12/30 10:02:38,TCA,KGI,8266,add_short,-1,-1,-2,normal,,"2015/12/30 10:02:38 ""8266"" 加碼空單目前倉位：-2 之前倉位：-1 KGI(小型台指) 倍數：1, 本次下單：-1 , 帳戶實際倉位：-2 , 總倉位：-2"
151f06b81befdd6c,2015/12/30 9:05:51,2015/12/30 9:05:42,TCA,KGI,8318,reduce_short,1,-2,-1,normal,,"2015/12/30 09:05:42 ""8318"" 減碼空單目前倉位：-1 之前倉位：-2 KGI(小型台指) 倍數：1, 本次下單：1 , 帳戶實際倉位：-1 , 總倉位：-1"
151ec4212f1aeeff,2015/12/29 13:42:08,2015/12/29 13:41:59,TCA,KGI,8288,reduce_short,1,-3,-2,normal,,"2015/12/29 13:41:59 ""8288"" 減碼空單目前倉位：-2 之前倉位：-3 KGI(小型台指) 倍數：1, 本次下單：1 , 帳戶實際倉位：-2 , 總倉位：-2"
151eb5b5e2ba6835,2015/12/29 9:30:08,2015/12/29 9:29:59,TCA,KGI,8294,add_short,-1,-2,-3,normal,,"2015/12/29 09:29:59 ""8294"" 加碼空單目前倉位：-3 之前倉位：-2 KGI(小型台指) 倍數：1, 本次下單：-1 , 帳戶實際倉位：-3 , 總倉位：-3"
151eb4ecd7453e30,2015/12/29 9:16:25,2015/12/29 9:16:16,TCA,KGI,8311,add_short,-1,-1,-2,normal,,"2015/12/29 09:16:16 ""8311"" 加碼空單目前倉位：-2 之前倉位：-1 KGI(小型台指) 倍數：1, 本次下單：-1 , 帳戶實際倉位：-2 , 總倉位：-2"
151eb322823d939a,2015/12/29 8:45:08,2015/12/29 8:44:59,TCA,KGI,8319,long_to_short,-3,2,-1,normal,,"2015/12/29 08:44:59 ""8319"" 多翻空目前倉位：-1 之前倉位：2 KGI(小型台指) 倍數：1, 本次下單：-3 , 帳戶實際倉位：-1 , 總倉位：-1"
151e61e2de9a2da4,2015/12/28 9:05:04,2015/12/28 9:04:55,TCA,KGI,8358,reduce_long,-1,3,2,normal,,"2015/12/28 09:04:55 ""8358"" 減碼多單目前倉位：+2 之前倉位：3 KGI(小型台指) 倍數：1, 本次下單：-1 , 帳戶實際倉位：2 , 總倉位：2"
151e61414c851f73,2015/12/28 8:54:03,2015/12/28 8:53:54,TCA,KGI,8378,add_long,1,2,3,normal,,"2015/12/28 08:53:54 ""8378"" 加碼多單目前倉位：+3 之前倉位：2 KGI(小型台指) 倍數：1, 本次下單：1 , 帳戶實際倉位：3 , 總倉位：3 TCA"
151d79336b4fad6b,2015/12/25 13:18:40,2015/12/25 13:18:31,TCA,KGI,8361,short_to_long,3,-1,2,normal,,"2015/12/25 13:18:31 ""8361"" 空翻多目前倉位：+2 之前倉位：-1 KGI(小型台指) 倍數：1, 本次下單：3 , 帳戶實際倉位：2 , 總倉位：2 TCA"
151d77dca1fc869d,2015/12/25 12:55:16,2015/12/25 12:55:07,TCA,KGI,8361,reduce_short,1,-2,-1,normal,,"2015/12/25 12:55:07 ""8361"" 減碼空單目前倉位：-1 之前倉位：-2 KGI(小型台指) 倍數：1, 本次下單：1 , 帳戶實際倉位：-1 , 總倉位：-1"
151d69c64d4ee297,2015/12/25 8:49:04,2015/12/25 8:48:55,TCA,KGI,8322,add_short,-1,-1,-2,normal,,"2015/12/25 08:48:55 ""8322"" 加碼空單目前倉位：-2 之前倉位：-1 KGI(小型台指) 倍數：1, 本次下單：-1 , 帳戶實際倉位：-2 , 總倉位：-2"
151d20d0ce4d853d,2015/12/24 11:34:02,2015/12/24 11:33:54,TCA,KGI,8314,,-1,0,-1,normal,,"2015/12/24 11:33:54 ""8314"" 空單進場目前倉位：-1 之前倉位：0 KGI(小型台指) 倍數：1, 本次下單：-1 , 帳戶實際倉位：-1 , 總倉位：-1"
151d18b1ac643088,2015/12/24 9:12:06,2015/12/24 9:11:57,TCA,KGI,8379,close_short,2,-2,0,normal,,"2015/12/24 09:11:57 ""8379"" 空單平倉目前倉位：0 之前倉位：-2 KGI(小型台指) 倍數：1, 本次下單：2 , 帳戶實際倉位：0 , 總倉位：0 TCA"
151cd490c08e0ca0,2015/12/23 13:21:29,2015/12/23 13:21:21,TCA,KGI,8284,long_to_short,-3,1,-2,normal,,"2015/12/23 13:21:21 ""8284"" 多翻空目前倉位：-2 之前倉位：1 KGI(小型台指) 倍數：1, 本次下單：-3 , 帳戶實際倉位：-2 , 總倉位：-2"
151cc60c4e993c42,2015/12/23 9:07:47,2015/12/23 9:07:38,TCA,KGI,8313,,1,0,1,normal,,"2015/12/23 09:07:38 ""8313"" 多單進場目前倉位：+1 之前倉位：0 KGI(小型台指) 倍數：1, 本次下單：1 , 帳戶實際倉位：1 , 總倉位：1 TCA"
151c241ddaf3ab74,2015/12/21 9:57:51,2015/12/21 9:57:42,TCA,KGI,8220,close_short,3,-3,0,normal,,"2015/12/21 09:57:42 ""8220"" 空單平倉目前倉位：0 之前倉位：-3 KGI(小型台指) 倍數：1, 本次下單：3 , 帳戶實際倉位：0 , 總倉位：0 TCA"
151c210769e5a23e,2015/12/21 9:03:54,2015/12/21 9:03:45,TCA,KGI,8165,add_short,-2,-1,-3,normal,,"2015/12/21 09:03:45 ""8165"" 加碼空單目前倉位：-3 之前倉位：-1 KGI(小型台指) 倍數：1, 本次下單：-2 , 帳戶實際倉位：-3 , 總倉位：-3"
151c202f2bf24a47,2015/12/21 8:49:08,2015/12/21 8:49:00,TCA,KGI,8168,,-1,0,-1,normal,,"2015/12/21 08:49:00 ""8168"" 空單進場目前倉位：-1 之前倉位：0 KGI(小型台指) 倍數：1, 本次下單：-1 , 帳戶實際倉位：-1 , 總倉位：-1"
151c1ff4c4796590,2015/12/21 8:45:09,2015/12/21 8:45:00,TCA,KGI,8162,close_long,-1,1,0,normal,,"2015/12/21 08:45:00 ""8162"" 多單平倉目前倉位：0 之前倉位：1 KGI(小型台指) 倍數：1, 本次下單：-1 , 帳戶實際倉位：0 , 總倉位：0 TCA"
151b393a2e8c5aac,2015/12/18 13:32:51,2015/12/18 13:32:42,TCA,KGI,8236,reduce_long,-1,2,1,normal,,"2015/12/18 13:32:42 ""8236"" 減碼多單目前倉位：+1 之前倉位：2 KGI(小型台指) 倍數：1, 本次下單：-1 , 帳戶實際倉位：1 , 總倉位：1"
151b342c0317cd15,2015/12/18 12:04:31,2015/12/18 12:04:22,TCA,KGI,8290,add_long,1,1,2,normal,,"2015/12/18 12:04:22 ""8290"" 加碼多單目前倉位：+2 之前倉位：1 KGI(小型台指) 倍數：1, 本次下單：1 , 帳戶實際倉位：2 , 總倉位：2 TCA"
151ae75c1684444b,2015/12/17 13:42:07,2015/12/17 13:41:59,TCA,KGI,8287,reduce_long,-1,2,1,normal,,"2015/12/17 13:41:59 ""8287"" 減碼多單目前倉位：+1 之前倉位：2 KGI(小型台指) 倍數：1, 本次下單：-1 , 帳戶實際倉位：1 , 總倉位：1"
151ae6ac7af5a03d,2015/12/17 13:30:07,2015/12/17 13:29:59,TCA,KGI,8289,add_long,1,1,2,normal,,"2015/12/17 13:29:59 ""8289"" 加碼多單目前倉位：+2 之前倉位：1 KGI(小型台指) 倍數：1, 本次下單：1 , 帳戶實際倉位：2 , 總倉位：2 TCA"
151ada628fd7fbcc,2015/12/17 9:55:22,2015/12/17 9:55:13,TCA,KGI,8256,,1,0,1,normal,,"2015/12/17 09:55:13 ""8256"" 多單進場目前倉位：+1 之前倉位：0 KGI(小型台指) 倍數：1, 本次下單：1 , 帳戶實際倉位：1 , 總倉位：1 TCA"
151ad65dc08e2e63,2015/12/17 8:45:08,2015/12/17 8:44:59,TCA,KGI,8200,close_long,-1,1,0,normal,,"2015/12/17 08:44:59 ""8200"" 多單平倉目前倉位：0 之前倉位：1 KGI(小型台指) 倍數：1, 本次下單：-1 , 帳戶實際倉位：0 , 總倉位：0 TCA"
151a920c068b091c,2015/12/16 12:51:10,2015/12/16 12:51:01,TCA,KGI,8206,,1,0,1,normal,,"2015/12/16 12:51:01 ""8206"" 多單進場目前倉位：+1 之前倉位：0 KGI(小型台指) 倍數：1, 本次下單：1 , 帳戶實際倉位：1 , 總倉位：1 TCA"
151a89f2b10a7435,2015/12/16 10:29:39,2015/12/16 10:29:30,TCA,KGI,8167,close_short,1,-1,0,normal,,"2015/12/16 10:29:30 ""8167"" 空單平倉目前倉位：0 之前倉位：-1 KGI(小型台指) 倍數：1, 本次下單：1 , 帳戶實際倉位：0 , 總倉位：0 TCA"
151a32b33a1274a3,2015/12/15 9:03:49,2015/12/15 9:03:40,TCA,KGI,8115,reduce_short,2,-3,-1,normal,,"2015/12/15 09:03:40 ""8115"" 減碼空單目前倉位：-1 之前倉位：-3 KGI(小型台指) 倍數：1, 本次下單：2 , 帳戶實際倉位：-1 , 總倉位：-1"
1519e35b95d83ea3,2015/12/14 9:58:07,2015/12/14 9:57:59,TCA,KGI,8055,reduce_short,1,-4,-3,normal,,"2015/12/14 09:57:59 ""8055"" 減碼空單目前倉位：-3 之前倉位：-4 KGI(小型台指) 倍數：1, 本次下單：1 , 帳戶實際倉位：-3 , 總倉位：-3"
1518ef91cb8864c3,2015/12/11 10:57:44,2015/12/11 10:57:36,TCA,KGI,8125,add_short,-2,-2,-4,normal,,"2015/12/11 10:57:36 ""8125"" 加碼空單目前倉位：-4 之前倉位：-2 KGI(小型台指) 倍數：1, 本次下單：-2 , 帳戶實際倉位：-4 , 總倉位：-4"
1518e835c9b28f67,2015/12/11 8:49:07,2015/12/11 8:48:58,TCA,KGI,8192,reduce_short,1,-3,-2,normal,,"2015/12/11 08:48:58 ""8192"" 減碼空單目前倉位：-2 之前倉位：-3 KGI(小型台指) 倍數：1, 本次下單：1 , 帳戶實際倉位：-2 , 總倉位：-2"
1518a3f735c470d6,2015/12/10 12:56:11,2015/12/10 12:56:02,TCA,KGI,8197,add_short,-1,-2,-3,normal,,"2015/12/10 12:56:02 ""8197"" 加碼空單目前倉位：-3 之前倉位：-2 KGI(小型台指) 倍數：1, 本次下單：-1 , 帳戶實際倉位：-3 , 總倉位：-3"
1518436a52d2aed0,2015/12/9 8:49:09,2015/12/9 8:49:00,TCA,KGI,8293,add_short,-1,-1,-2,normal,,"2015/12/09 08:49:00 ""8293"" 加碼空單目前倉位：-2 之前倉位：-1 KGI(小型台指) 倍數：1, 本次下單：-1 , 帳戶實際倉位：-2 , 總倉位：-2"
151801c884902589,2015/12/8 13:42:03,2015/12/8 13:41:54,TCA,KGI,8332,reduce_short,1,-2,-1,normal,,"2015/12/08 13:41:54 ""8332"" 減碼空單目前倉位：-1 之前倉位：-2 KGI(小型台指) 倍數：1, 本次下單：1 , 帳戶實際倉位：-1 , 總倉位：-1"
1517f6cbf63c4cd1,2015/12/8 10:30:03,2015/12/8 10:29:54,TCA,KGI,8352,add_short,-1,-1,-2,normal,,"2015/12/08 10:29:54 ""8352"" 加碼空單目前倉位：-2 之前倉位：-1 KGI(小型台指) 倍數：1, 本次下單：-1 , 帳戶實際倉位：-2 , 總倉位：-2"
1517f10f2301f69d,2015/12/8 8:49:04,2015/12/8 8:48:55,TCA,KGI,8443,,-1,0,-1,normal,,"2015/12/08 08:48:55 ""8443"" 空單進場目前倉位：-1 之前倉位：0 KGI(小型台指) 倍數：1, 本次下單：-1 , 帳戶實際倉位：-1 , 總倉位：-1"
1517ac5dc8f7d078,2015/12/7 12:49:18,2015/12/7 12:49:09,TCA,KGI,8471,close_long,-1,1,0,normal,,"2015/12/07 12:49:09 ""8471"" 多單平倉目前倉位：0 之前倉位：1 KGI(小型台指) 倍數：1, 本次下單：-1 , 帳戶實際倉位：0 , 總倉位：0 TCA"
1516aad8f991c1e0,2015/12/4 9:48:05,2015/12/4 9:47:55,TCA,KGI,8356,reduce_long,-1,2,1,normal,,"2015/12/04 09:47:55 ""8356"" 減碼多單目前倉位：+1 之前倉位：2 KGI(小型台指) 倍數：1, 本次下單：-1 , 帳戶實際倉位：1 , 總倉位：1"
1516601dba6ead9d,2015/12/3 12:02:52,2015/12/3 12:02:43,TCA,KGI,8466,add_long,1,1,2,normal,,"2015/12/03 12:02:43 ""8466"" 加碼多單目前倉位：+2 之前倉位：1 KGI(小型台指) 倍數：1, 本次下單：1 , 帳戶實際倉位：2 , 總倉位：2 TCA"
15165dc7c623abeb,2015/12/3 11:22:02,2015/12/3 11:21:54,TCA,KGI,8424,reduce_long,-1,2,1,normal,,"2015/12/03 11:21:54 ""8424"" 減碼多單目前倉位：+1 之前倉位：2 KGI(小型台指) 倍數：1, 本次下單：-1 , 帳戶實際倉位：1 , 總倉位：1"
15165d4f5822e1fc,2015/12/3 11:13:38,2015/12/3 11:13:29,TCA,KGI,8430,reduce_long,-1,3,2,normal,,"2015/12/03 11:13:29 ""8430"" 減碼多單目前倉位：+2 之前倉位：3 KGI(小型台指) 倍數：1, 本次下單：-1 , 帳戶實際倉位：2 , 總倉位：2"
1516575af39c0432,2015/12/3 9:29:45,2015/12/3 9:29:37,TCA,KGI,8435,add_long,1,2,3,normal,,"2015/12/03 09:29:37 ""8435"" 加碼多單目前倉位：+3 之前倉位：2 KGI(小型台指) 倍數：1, 本次下單：1 , 帳戶實際倉位：3 , 總倉位：3 TCA"
15160a9f26b88070,2015/12/2 11:08:45,2015/12/2 11:08:36,TCA,KGI,8425,reduce_long,-1,3,2,normal,,"2015/12/02 11:08:36 ""8425"" 減碼多單目前倉位：+2 之前倉位：3 KGI(小型台指) 倍數：1, 本次下單：-1 , 帳戶實際倉位：2 , 總倉位：2"
15160990a94f2545,2015/12/2 10:50:08,2015/12/2 10:49:59,TCA,KGI,8454,reduce_long,-1,4,3,normal,,"2015/12/02 10:49:59 ""8454"" 減碼多單目前倉位：+3 之前倉位：4 KGI(小型台指) 倍數：1, 本次下單：-1 , 帳戶實際倉位：3 , 總倉位：3"
151605d65cb10c20,2015/12/2 9:45:08,2015/12/2 9:44:59,TCA,KGI,8489,add_long,1,3,4,normal,,"2015/12/02 09:44:59 ""8489"" 加碼多單目前倉位：+4 之前倉位：3 KGI(小型台指) 倍數：1, 本次下單：1 , 帳戶實際倉位：4 , 總倉位：4 TCA"
1515b6b798a9aa1c,2015/12/1 10:42:17,2015/12/1 10:42:08,TCA,KGI,8428,add_long,1,1,2,normal,,"2015/12/01 10:42:08 ""8428"" 加碼多單目前倉位：+2 之前倉位：1 KGI(小型台指) 倍數：1, 本次下單：1 , 帳戶實際倉位：2 , 總倉位：2 TCA"
1515b6b6ecd6ac0e,2015/12/1 10:42:23,2015/12/1 10:42:14,TCA,KGI,8425,add_long,1,2,3,normal,,"2015/12/01 10:42:14 ""8425"" 加碼多單目前倉位：+3 之前倉位：2 KGI(小型台指) 倍數：1, 本次下單：1 , 帳戶實際倉位：3 , 總倉位：3 TCA"
1515b576a47dab49,2015/12/1 10:20:31,2015/12/1 10:20:23,TCA,KGI,8394,short_to_long,2,-1,1,normal,,"2015/12/01 10:20:23 ""8394"" 空翻多目前倉位：+1 之前倉位：-1 KGI(小型台指) 倍數：1, 本次下單：2 , 帳戶實際倉位：1 , 總倉位：1 TCA"
1515b540a19487e8,2015/12/1 10:16:45,2015/12/1 10:16:36,TCA,KGI,8363,reduce_short,1,-2,-1,normal,,"2015/12/01 10:16:36 ""8363"" 減碼空單目前倉位：-1 之前倉位：-2 KGI(小型台指) 倍數：1, 本次下單：1 , 帳戶實際倉位：-1 , 總倉位：-1"
15156dbb788c7102,2015/11/30 13:26:44,2015/11/30 13:26:36,TCA,KGI,8308,reduce_short,2,-4,-2,normal,,"2015/11/30 13:26:36 ""8308"" 減碼空單目前倉位：-2 之前倉位：-4 KGI(小型台指) 倍數：1, 本次下單：2 , 帳戶實際倉位：-2 , 總倉位：-2"
15155eae91726c4d,2015/11/30 9:03:43,2015/11/30 9:03:34,TCA,KGI,8263,add_short,-1,-3,-4,normal,,"2015/11/30 09:03:34 ""8263"" 加碼空單目前倉位：-4 之前倉位：-3 KGI(小型台指) 倍數：1, 本次下單：-3 , 帳戶實際倉位：-4 , 總倉位：-4"
15147055d2a072a6,2015/11/27 11:38:21,2015/11/27 11:38:13,TCA,KGI,8416,add_short,-1,-2,-3,normal,,"2015/11/27 11:38:13 ""8416"" 加碼空單目前倉位：-3 之前倉位：-2 KGI(小型台指) 倍數：1, 本次下單：-1 , 帳戶實際倉位：-3 , 總倉位：-3"
15146f001195c632,2015/11/27 11:15:01,2015/11/27 11:14:53,TCA,KGI,8427,add_short,-1,-1,-2,normal,,"2015/11/27 11:14:53 ""8427"" 加碼空單目前倉位：-2 之前倉位：-1 KGI(小型台指) 倍數：1, 本次下單：-1 , 帳戶實際倉位：-2 , 總倉位：-2"
15146b75ba1c6350,2015/11/27 10:13:09,2015/11/27 10:13:00,TCA,KGI,8444,long_to_short,-2,1,-1,normal,,"2015/11/27 10:13:00 ""8444"" 多翻空目前倉位：-1 之前倉位：1 KGI(小型台指) 倍數：1, 本次下單：-2 , 帳戶實際倉位：-1 , 總倉位：-1"
151416a98684f268,2015/11/26 9:31:14,2015/11/26 9:31:05,TCA,KGI,8465,reduce_long,-1,2,1,normal,,"2015/11/26 09:31:05 ""8465"" 減碼多單目前倉位：+1 之前倉位：2 KGI(小型台指) 倍數：1, 本次下單：-1 , 帳戶實際倉位：1 , 總倉位：1"
1514151cbd2da35e,2015/11/26 9:04:07,2015/11/26 9:03:59,TCA,KGI,8471,add_long,1,1,2,normal,,"2015/11/26 09:03:59 ""8471"" 加碼多單目前倉位：+2 之前倉位：1 KGI(小型台指) 倍數：1, 本次下單：1 , 帳戶實際倉位：2 , 總倉位：2 TCA"
1513c5825f2dc109,2015/11/25 9:52:59,2015/11/25 9:52:50,TCA,KGI,8377,,1,0,1,normal,,"2015/11/25 09:52:50 ""8377"" 多單進場目前倉位：+1 之前倉位：0 KGI(小型台指) 倍數：1, 本次下單：1 , 帳戶實際倉位：1 , 總倉位：1 TCA"
15138037c899be16,2015/11/24 13:42:03,2015/11/24 13:41:54,TCA,KGI,8395,close_short,1,-1,0,normal,,"2015/11/24 13:41:54 ""8395"" 空單平倉目前倉位：0 之前倉位：-1 KGI(小型台指) 倍數：1, 本次下單：1 , 帳戶實際倉位：0 , 總倉位：0 TCA"
15137bb4781f1134,2015/11/24 12:23:10,2015/11/24 12:23:01,TCA,KGI,8377,,-1,0,-1,normal,,"2015/11/24 12:23:01 ""8377"" 空單進場目前倉位：-1 之前倉位：0 KGI(小型台指) 倍數：1, 本次下單：-1 , 帳戶實際倉位：-1 , 總倉位：-1"
15137abf9cb0a519,2015/11/24 12:06:03,2015/11/24 12:05:54,TCA,KGI,8380,close_long,-1,1,0,normal,,"2015/11/24 12:05:54 ""8380"" 多單平倉目前倉位：0 之前倉位：1 KGI(小型台指) 倍數：1, 本次下單：-1 , 帳戶實際倉位：0 , 總倉位：0 TCA"
151325c10a4812ab,2015/11/23 11:21:06,2015/11/23 11:20:57,TCA,KGI,8453,short_to_long,2,-1,1,normal,,"2015/11/23 11:20:57 ""8453"" 空翻多目前倉位：+1 之前倉位：-1 KGI(小型台指) 倍數：1, 本次下單：2 , 帳戶實際倉位：1 , 總倉位：1 TCA"
15131fd94d50f340,2015/11/23 9:37:18,2015/11/23 9:37:09,TCA,KGI,8432,long_to_short,-2,1,-1,normal,,"2015/11/23 09:37:09 ""8432"" 多翻空目前倉位：-1 之前倉位：1 KGI(小型台指) 倍數：1, 本次下單：-2 , 帳戶實際倉位：-1 , 總倉位：-1"
1511e43b18b6598b,2015/11/19 13:42:07,2015/11/19 13:41:59,TCA,KGI,8456,reduce_long,-1,2,1,normal,,"2015/11/19 13:41:59 ""8456"" 減碼多單目前倉位：+1 之前倉位：2 KGI(小型台指) 倍數：1, 本次下單：-1 , 帳戶實際倉位：1 , 總倉位：1"
1511e39ccbe09803,2015/11/19 13:30:08,2015/11/19 13:29:59,TCA,KGI,8448,add_long,1,1,2,normal,,"2015/11/19 13:29:59 ""8448"" 加碼多單目前倉位：+2 之前倉位：1 KGI(小型台指) 倍數：1, 本次下單：1 , 帳戶實際倉位：2 , 總倉位：2 TCA"
1511df82d4d1ed6e,2015/11/19 12:19:38,2015/11/19 12:19:29,TCA,KGI,8420,short_to_long,2,-1,1,normal,,"2015/11/19 12:19:29 ""8420"" 空翻多目前倉位：+1 之前倉位：-1 KGI(小型台指) 倍數：1, 本次下單：2 , 帳戶實際倉位：1 , 總倉位：1 TCA"
1511dd898053abd1,2015/11/19 11:45:09,2015/11/19 11:45:00,TCA,KGI,8396,reduce_short,1,-2,-1,normal,,"2015/11/19 11:45:00 ""8396"" 減碼空單目前倉位：-1 之前倉位：-2 KGI(小型台指) 倍數：1, 本次下單：1 , 帳戶實際倉位：-1 , 總倉位：-1"
1511d7126ac65dac,2015/11/19 9:52:09,2015/11/19 9:52:00,TCA,KGI,8374,reduce_short,1,-3,-2,normal,,"2015/11/19 09:52:00 ""8374"" 減碼空單目前倉位：-2 之前倉位：-3 KGI(小型台指) 倍數：1, 本次下單：1 , 帳戶實際倉位：-2 , 總倉位：-2"
15118ec50a8e0a06,2015/11/18 12:48:36,2015/11/18 12:48:27,TCA,KGI,8363,add_short,-1,-2,-3,normal,,"2015/11/18 12:48:27 ""8363"" 加碼空單目前倉位：-3 之前倉位：-2 KGI(小型台指) 倍數：1, 本次下單：-1 , 帳戶實際倉位：-3 , 總倉位：-3"
15113ec4b16cc267,2015/11/17 13:30:10,2015/11/17 13:30:01,TCA,KGI,8429,add_short,-1,-1,-2,normal,,"2015/11/17 13:30:01 ""8429"" 加碼空單目前倉位：-2 之前倉位：-1 KGI(小型台指) 倍數：1, 本次下單：-1 , 帳戶實際倉位：-2 , 總倉位：-2"
1511389b04eed9df,2015/11/17 11:42:41,2015/11/17 11:42:33,TCA,KGI,8445,long_to_short,-3,2,-1,normal,,"2015/11/17 11:42:33 ""8445"" 多翻空目前倉位：-1 之前倉位：2 KGI(小型台指) 倍數：1, 本次下單：-3 , 帳戶實際倉位：-1 , 總倉位：-1"
15113899bb381164,2015/11/17 11:42:35,2015/11/17 11:42:26,TCA,KGI,8455,add_long,1,1,2,normal,,"2015/11/17 11:42:26 ""8455"" 加碼多單目前倉位：+2 之前倉位：1 KGI(小型台指) 倍數：1, 本次下單：1 , 帳戶實際倉位：2 , 總倉位：2 TCA"
15112f878bc477bb,2015/11/17 9:04:04,2015/11/17 9:03:55,TCA,KGI,8429,short_to_long,3,-2,1,normal,,"2015/11/17 09:03:55 ""8429"" 空翻多目前倉位：+1 之前倉位：-2 KGI(小型台指) 倍數：1, 本次下單：3 , 帳戶實際倉位：1 , 總倉位：1 TCA"
15112f83cd9c8587,2015/11/17 9:03:49,2015/11/17 9:03:39,TCA,KGI,8425,reduce_short,2,-4,-2,normal,,"2015/11/17 09:03:39 ""8425"" 減碼空單目前倉位：-2 之前倉位：-4 KGI(小型台指) 倍數：1, 本次下單：2 , 帳戶實際倉位：-2 , 總倉位：-2"
1510e6d4133f3969,2015/11/16 11:52:34,2015/11/16 11:52:25,TCA,KGI,8285,reduce_short,1,-5,-4,normal,,"2015/11/16 11:52:25 ""8285"" 減碼空單目前倉位：-4 之前倉位：-5 KGI(小型台指) 倍數：1, 本次下單：1 , 帳戶實際倉位：-4 , 總倉位：-4"
1510e4f88e22ebf2,2015/11/16 11:21:04,2015/11/16 11:20:55,TCA,KGI,8277,add_short,-1,-4,-5,normal,,"2015/11/16 11:20:55 ""8277"" 加碼空單目前倉位：-5 之前倉位：-4 KGI(小型台指) 倍數：1, 本次下單：-1 , 帳戶實際倉位：-5 , 總倉位：-5"
1510e4a0a7a5c23f,2015/11/16 11:15:04,2015/11/16 11:14:55,TCA,KGI,8278,reduce_short,1,-5,-4,normal,,"2015/11/16 11:14:55 ""8278"" 減碼空單目前倉位：-4 之前倉位：-5 KGI(小型台指) 倍數：1, 本次下單：1 , 帳戶實際倉位：-4 , 總倉位：-4"
1510dd799df50d57,2015/11/16 9:10:05,2015/11/16 9:09:56,TCA,KGI,8292,add_short,-1,-4,-5,normal,,"2015/11/16 09:09:56 ""8292"" 加碼空單目前倉位：-5 之前倉位：-4 KGI(小型台指) 倍數：1, 本次下單：-1 , 帳戶實際倉位：-5 , 總倉位：-5"
150ff5d8bac0fda6,2015/11/13 13:42:07,2015/11/13 13:41:58,TCA,KGI,8346,reduce_short,1,-5,-4,normal,,"2015/11/13 13:41:58 ""8346"" 減碼空單目前倉位：-4 之前倉位：-5 KGI(小型台指) 倍數：1, 本次下單：1 , 帳戶實際倉位：-4 , 總倉位：-4"
150ff2d619edb4c0,2015/11/13 12:49:31,2015/11/13 12:49:22,TCA,KGI,8339,add_short,-2,-3,-5,normal,,"2015/11/13 12:49:22 ""8339"" 加碼空單目前倉位：-5 之前倉位：-3 KGI(小型台指) 倍數：1, 本次下單：-2 , 帳戶實際倉位：-5 , 總倉位：-5"
150f433444dd121f,2015/11/11 9:39:09,2015/11/11 9:39:00,TCA,KGI,8454,add_short,-1,-2,-3,normal,,"2015/11/11 09:39:00 ""8454"" 加碼空單目前倉位：-3 之前倉位：-2 KGI(小型台指) 倍數：1, 本次下單：-1 , 帳戶實際倉位：-3 , 總倉位：-3"
150f40492d783bab,2015/11/11 8:49:09,2015/11/11 8:49:00,TCA,KGI,8520,add_short,-1,-1,-2,normal,,"2015/11/11 08:49:00 ""8520"" 加碼空單目前倉位：-2 之前倉位：-1 KGI(小型台指) 倍數：1, 本次下單：1 , 帳戶實際倉位：-2 , 總倉位：-2"
150db510656a73e2,2015/11/6 13:42:04,2015/11/6 13:41:54,TCA,KGI,8680,reduce_short,1,-4,-3,normal,,"2015/11/06 13:41:54 ""8680"" 減碼空單目前倉位：-3 之前倉位：-4 KGI(小型台指) 倍數：1, 本次下單：1 , 帳戶實際倉位：-3 , 總倉位：-3"
150da75673429236,2015/11/6 9:41:39,2015/11/6 9:41:29,TCA,KGI,8759,add_short,-1,-3,-4,normal,,"2015/11/06 09:41:29 ""8759"" 加碼空單目前倉位：-4 之前倉位：-3 KGI(小型台指) 倍數：1, 本次下單：-1 , 帳戶實際倉位：-4 , 總倉位：-4"
150da705a0641884,2015/11/6 9:36:04,2015/11/6 9:35:55,TCA,KGI,8780,add_short,-1,-2,-3,normal,,"2015/11/06 09:35:55 ""8780"" 加碼空單目前倉位：-3 之前倉位：-2 KGI(小型台指) 倍數：1, 本次下單：-1 , 帳戶實際倉位：-3 , 總倉位：-3"
150da6c2959099cd,2015/11/6 9:32:05,2015/11/6 9:31:56,TCA,KGI,8786,add_short,-1,-1,-2,normal,,"2015/11/06 09:31:56 ""8786"" 加碼空單目前倉位：-2 之前倉位：-1 KGI(小型台指) 倍數：1, 本次下單：-1 , 帳戶實際倉位：-2 , 總倉位：-2"
150d542b09b47fab,2015/11/5 9:28:41,2015/11/5 9:28:32,TCA,KGI,8838,long_to_short,-2,1,-1,normal,,"2015/11/05 09:28:32 ""8838"" 多翻空目前倉位：-1 之前倉位：1 KGI(小型台指) 倍數：1, 本次下單：-2 , 帳戶實際倉位：-1 , 總倉位：-1"
150d025d71dd4528,2015/11/4 9:39:05,2015/11/4 9:38:56,TCA,KGI,8847,,1,0,1,normal,,"2015/11/04 09:38:56 ""8847"" 多單進場目前倉位：+1 之前倉位：0 KGI(小型台指) 倍數：1, 本次下單：1 , 帳戶實際倉位：1 , 總倉位：1 TCA"
150cadf77d8cb6da,2015/11/3 9:04:08,2015/11/3 9:03:59,TCA,KGI,8675,close_short,1,-1,0,normal,,"2015/11/03 09:03:59 ""8675"" 空單平倉目前倉位：0 之前倉位：-1 KGI(小型台指) 倍數：1, 本次下單：1 , 帳戶實際倉位：0 , 總倉位：0 TCA"
150b17e504f30e74,2015/10/29 10:47:32,2015/10/29 10:47:23,TCA,KGI,8566,,-1,0,-1,normal,,"2015/10/29 10:47:23 ""8566"" 空單進場目前倉位：-1 之前倉位：0 KGI(小型台指) 倍數：1, 本次下單：-1 , 帳戶實際倉位：-1 , 總倉位：-1"
150acf7cc8f67b8e,2015/10/28 13:42:09,2015/10/28 13:42:00,TCA,KGI,8647,close_short,1,-1,0,normal,,"2015/10/28 13:42:00 ""8647"" 空單平倉目前倉位：0 之前倉位：-1 KGI(小型台指) 倍數：1, 本次下單：1 , 帳戶實際倉位：0 , 總倉位：0 TCA"
150ac76b7eefeeb0,2015/10/28 11:21:09,2015/10/28 11:21:00,TCA,KGI,8634,,-1,0,-1,normal,,"2015/10/28 11:21:00 ""8634"" 空單進場目前倉位：-1 之前倉位：0 KGI(小型台指) 倍數：1, 本次下單：-1 , 帳戶實際倉位：-1 , 總倉位：-1"
150ac2caefe420bf,2015/10/28 10:00:18,2015/10/28 10:00:09,TCA,KGI,8697,close_short,3,-3,0,normal,,"2015/10/28 10:00:09 ""8697"" 空單平倉目前倉位：0 之前倉位：-3 KGI(小型台指) 倍數：1, 本次下單：3 , 帳戶實際倉位：0 , 總倉位：0 TCA"
150a7d24559c6cbc,2015/10/27 13:42:03,2015/10/27 13:41:54,TCA,KGI,8696,reduce_short,1,-4,-3,normal,,"2015/10/27 13:41:54 ""8696"" 減碼空單目前倉位：-3 之前倉位：-4 KGI(小型台指) 倍數：1, 本次下單：1 , 帳戶實際倉位：-3 , 總倉位：-3"
150a71a2b855e65b,2015/10/27 10:21:02,2015/10/27 10:20:54,TCA,KGI,8677,add_short,-1,-3,-4,normal,,"2015/10/27 10:20:54 ""8677"" 加碼空單目前倉位：-4 之前倉位：-3 KGI(小型台指) 倍數：1, 本次下單：-1 , 帳戶實際倉位：-4 , 總倉位：-4"
150a6f7b7ba44d5f,2015/10/27 9:44:14,2015/10/27 9:44:05,TCA,KGI,8701,add_short,-2,-1,-3,normal,,"2015/10/27 09:44:05 ""8701"" 加碼空單目前倉位：-3 之前倉位：-1 KGI(小型台指) 倍數：1, 本次下單：-2 , 帳戶實際倉位：-3 , 總倉位：-3"
150a6d86a22bec86,2015/10/27 9:10:03,2015/10/27 9:09:55,TCA,KGI,8713,,-1,0,-1,normal,,"2015/10/27 09:09:55 ""8713"" 空單進場目前倉位：-1 之前倉位：0 KGI(小型台指) 倍數：1, 本次下單：-1 , 帳戶實際倉位：-1 , 總倉位：-1"
150a6c535c6057c1,2015/10/27 8:49:03,2015/10/27 8:48:54,TCA,KGI,8717,close_long,-1,1,0,normal,,"2015/10/27 08:48:54 ""8717"" 多單平倉目前倉位：0 之前倉位：1 KGI(小型台指) 倍數：1, 本次下單：-1 , 帳戶實際倉位：0 , 總倉位：0 TCA"
150a29ca7b2cb41f,2015/10/26 13:26:19,2015/10/26 13:26:10,TCA,KGI,8738,short_to_long,2,-1,1,normal,,"2015/10/26 13:26:10 ""8738"" 空翻多目前倉位：+1 之前倉位：-1 KGI(小型台指) 倍數：1, 本次下單：2 , 帳戶實際倉位：1 , 總倉位：1 TCA"
150a1b20d8057469,2015/10/26 9:10:04,2015/10/26 9:09:55,TCA,KGI,8763,reduce_short,2,-3,-1,normal,,"2015/10/26 09:09:55 ""8763"" 減碼空單目前倉位：-1 之前倉位：-3 KGI(小型台指) 倍數：1, 本次下單：2 , 帳戶實際倉位：-1 , 總倉位：-1"
1508844aede28883,2015/10/21 10:39:52,2015/10/21 10:39:44,TCA,KGI,8611,,-3,0,-3,normal,,"2015/10/21 10:39:44 ""8611"" 空單進場目前倉位：-3 之前倉位：0 KGI(小型台指) 倍數：1, 本次下單：-3 , 帳戶實際倉位：-3 , 總倉位：-3"
15088046af76a881,2015/10/21 9:29:43,2015/10/21 9:29:34,TCA,KGI,8664,close_long,-2,2,0,normal,,"2015/10/21 09:29:34 ""8664"" 多單平倉目前倉位：0 之前倉位：2 KGI(小型台指) 倍數：1, 本次下單：-2 , 帳戶實際倉位：0 , 總倉位：0 TCA"
1506ed66157fee02,2015/10/16 12:09:01,2015/10/16 12:08:52,TCA,KGI,8591,add_long,1,1,2,normal,,"2015/10/16 12:08:52 ""8591"" 加碼多單目前倉位：+2 之前倉位：1 KGI(小型台指) 倍數：1, 本次下單：1 , 帳戶實際倉位：2 , 總倉位：2 TCA"
1506ed2ac11fe544,2015/10/16 12:04:58,2015/10/16 12:04:49,TCA,KGI,8593,reduce_long,-1,2,1,normal,,"2015/10/16 12:04:49 ""8593"" 減碼多單目前倉位：+1 之前倉位：2 KGI(小型台指) 倍數：1, 本次下單：-1 , 帳戶實際倉位：1 , 總倉位：1"
1506ec7470ab662d,2015/10/16 11:52:31,2015/10/16 11:52:23,TCA,KGI,8588,add_long,1,1,2,normal,,"2015/10/16 11:52:23 ""8588"" 加碼多單目前倉位：+2 之前倉位：1 KGI(小型台指) 倍數：1, 本次下單：1 , 帳戶實際倉位：2 , 總倉位：2 TCA"
1506eb617b23e865,2015/10/16 11:33:44,2015/10/16 11:33:35,TCA,KGI,8583,reduce_long,-1,2,1,normal,,"2015/10/16 11:33:35 ""8583"" 減碼多單目前倉位：+1 之前倉位：2 KGI(小型台指) 倍數：1, 本次下單：-1 , 帳戶實際倉位：1 , 總倉位：1"
1506e32a24f0415e,2015/10/16 9:10:10,2015/10/16 9:10:01,TCA,KGI,8586,reduce_long,-1,3,2,normal,,"2015/10/16 09:10:01 ""8586"" 減碼多單目前倉位：+2 之前倉位：3 KGI(小型台指) 倍數：1, 本次下單：-1 , 帳戶實際倉位：2 , 總倉位：2"
1506a051e713e6d1,2015/10/15 13:41:59,2015/10/15 13:41:50,TCA,KGI,8614,reduce_long,-1,4,3,normal,,"2015/10/15 13:41:50 ""8614"" 減碼多單目前倉位：+3 之前倉位：4 KGI(小型台指) 倍數：1, 本次下單：-1 , 帳戶實際倉位：3 , 總倉位：3"
1506926aae6cbd35,2015/10/15 9:38:59,2015/10/15 9:38:50,TCA,KGI,8651,add_long,1,3,4,normal,,"2015/10/15 09:38:50 ""8651"" 加碼多單目前倉位：+4 之前倉位：3 KGI(小型台指) 倍數：1, 本次下單：1 , 帳戶實際倉位：4 , 總倉位：4 TCA"
15069103b8f4b5bf,2015/10/15 9:14:30,2015/10/15 9:14:21,TCA,KGI,8620,add_long,2,1,3,normal,,"2015/10/15 09:14:21 ""8620"" 加碼多單目前倉位：+3 之前倉位：1 KGI(小型台指) 倍數：1, 本次下單：2 , 帳戶實際倉位：3 , 總倉位：3 TCA"
1505f22602e20d3c,2015/10/13 10:58:09,2015/10/13 10:58:00,TCA,KGI,8512,reduce_long,-2,3,1,normal,,"2015/10/13 10:58:00 ""8512"" 減碼多單目前倉位：+1 之前倉位：3 KGI(小型台指) 倍數：1, 本次下單：-2 , 帳戶實際倉位：1 , 總倉位：1"
15059b5a61b0dece,2015/10/12 9:41:15,2015/10/12 9:41:06,TCA,KGI,8539,,3,0,3,normal,,"2015/10/12 09:41:06 ""8539"" 多單進場目前倉位：+3 之前倉位：0 KGI(小型台指) 倍數：1, 本次下單：3 , 帳戶實際倉位：3 , 總倉位：3 TCA"
1504520fa872c8d6,2015/10/8 9:46:36,2015/10/8 9:46:27,TCA,KGI,8460,close_long,-3,3,0,normal,,"2015/10/08 09:46:27 ""8460"" 多單平倉目前倉位：0 之前倉位：3 KGI(小型台指) 倍數：1, 本次下單：-3 , 帳戶實際倉位：0 , 總倉位：0 TCA"
15040d23df95a7b2,2015/10/7 13:42:08,2015/10/7 13:42:00,TCA,KGI,8487,reduce_long,-1,4,3,normal,,"2015/10/07 13:42:00 ""8487"" 減碼多單目前倉位：+3 之前倉位：4 KGI(小型台指) 倍數：1, 本次下單：-1 , 帳戶實際倉位：3 , 總倉位：3"
150409892b72c3c2,2015/10/7 12:39:09,2015/10/7 12:39:00,TCA,KGI,8480,add_long,1,3,4,normal,,"2015/10/07 12:39:00 ""8480"" 加碼多單目前倉位：+4 之前倉位：3 KGI(小型台指) 倍數：1, 本次下單：1 , 帳戶實際倉位：4 , 總倉位：4 TCA"
15021ec179b915ab,2015/10/1 13:42:08,2015/10/1 13:41:59,TCA,KGI,8299,reduce_long,-1,4,3,normal,,"2015/10/01 13:41:59 ""8299"" 減碼多單目前倉位：+3 之前倉位：4 KGI(小型台指) 倍數：1, 本次下單：-1 , 帳戶實際倉位：3 , 總倉位：3"
1502157c6c581d51,2015/10/1 11:00:08,2015/10/1 10:59:59,TCA,KGI,8299,add_long,1,3,4,normal,,"2015/10/01 10:59:59 ""8299"" 加碼多單目前倉位：+4 之前倉位：3 KGI(小型台指) 倍數：1, 本次下單：1 , 帳戶實際倉位：4 , 總倉位：4 TCA"
1.50213E+15,2015/10/1 10:18:53,2015/10/1 10:18:44,TCA,KGI,8219,add_long,1,2,3,normal,,"2015/10/01 10:18:44 ""8219"" 加碼多單目前倉位：+3 之前倉位：2 KGI(小型台指) 倍數：1, 本次下單：1 , 帳戶實際倉位：3 , 總倉位：3 TCA"
1501c5cac7210d28,2015/9/30 11:47:24,2015/9/30 11:47:15,TCA,KGI,8164,add_long,1,1,2,normal,,"2015/09/30 11:47:15 ""8164"" 加碼多單目前倉位：+2 之前倉位：1 KGI(小型台指) 倍數：1, 本次下單：1 , 帳戶實際倉位：2 , 總倉位：2 TCA"
1501be1cd10bdd33,2015/9/30 9:33:10,2015/9/30 9:33:01,TCA,KGI,8094,short_to_long,2,-1,1,normal,,"2015/09/30 09:33:01 ""8094"" 空翻多目前倉位：+1 之前倉位：-1 KGI(小型台指) 倍數：1, 本次下單：2 , 帳戶實際倉位：1 , 總倉位：1 TCA"
14ff8b9398929b59,2015/9/23 13:42:09,2015/9/23 13:42:00,TCA,KGI,8145,reduce_short,1,-2,-1,normal,,"2015/09/23 13:42:00 ""8145"" 減碼空單目前倉位：-1 之前倉位：-2 KGI(小型台指) 倍數：1, 本次下單：1 , 帳戶實際倉位：-1 , 總倉位：-1"
14ff7e5bb5857ced,2015/9/23 9:51:08,2015/9/23 9:51:00,TCA,KGI,8180,add_short,-1,-1,-2,normal,,"2015/09/23 09:51:00 ""8180"" 加碼空單目前倉位：-2 之前倉位：-1 KGI(小型台指) 倍數：1, 本次下單：-1 , 帳戶實際倉位：-2 , 總倉位：-2"
14ff2ee497993249,2015/9/22 10:42:17,2015/9/22 10:42:08,TCA,KGI,8333,reduce_short,1,-2,-1,normal,,"2015/09/22 10:42:08 ""8333"" 減碼空單目前倉位：-1 之前倉位：-2 KGI(小型台指) 倍數：1, 本次下單：1 , 帳戶實際倉位：-1 , 總倉位：-1"
14fee6c81eaecbd2,2015/9/21 13:42:04,2015/9/21 13:41:55,TCA,KGI,8272,reduce_short,1,-3,-2,normal,,"2015/09/21 13:41:55 ""8272"" 減碼空單目前倉位：-2 之前倉位：-3 KGI(小型台指) 倍數：1, 本次下單：1 , 帳戶實際倉位：-2 , 總倉位：-2"
14fed8cd8367cf65,2015/9/21 9:37:47,2015/9/21 9:37:38,TCA,KGI,8253,add_short,-2,-1,-3,normal,,"2015/09/21 09:37:38 ""8253"" 加碼空單目前倉位：-3 之前倉位：-1 KGI(小型台指) 倍數：1, 本次下單：-2 , 帳戶實際倉位：-3 , 總倉位：-3"
14fed7ad6faa5535,2015/9/21 9:18:04,2015/9/21 9:17:55,TCA,KGI,8273,,-1,0,-1,normal,,"2015/09/21 09:17:55 ""8273"" 空單進場目前倉位：-1 之前倉位：0 KGI(小型台指) 倍數：1, 本次下單：-1 , 帳戶實際倉位：-1 , 總倉位：-1"
14fed737e9efd0f2,2015/9/21 9:10:05,2015/9/21 9:09:56,TCA,KGI,8290,close_long,-1,1,0,normal,,"2015/09/21 09:09:56 ""8290"" 多單平倉目前倉位：0 之前倉位：1 KGI(小型台指) 倍數：1, 本次下單：-3 , 帳戶實際倉位：0 , 總倉位：0 TCA"
14fd8e480f74de39,2015/9/17 9:21:30,2015/9/17 9:21:21,TCA,KGI,8451,,1,0,1,normal,,"2015/09/17 09:21:21 ""8451"" 多單進場目前倉位：+1 之前倉位：0 KGI(小型台指) 倍數：1, 本次下單：1 , 帳戶實際倉位：1 , 總倉位：1 TCA"
14fd3b7dee9a3d86,2015/9/16 9:14:42,2015/9/16 9:14:34,TCA,KGI,8330,close_short,1,-1,0,normal,,"2015/09/16 09:14:34 ""8330"" 空單平倉目前倉位：0 之前倉位：-1 KGI(小型台指) 倍數：1, 本次下單：1 , 帳戶實際倉位：0 , 總倉位：0 TCA"
14fd3a07619611ed,2015/9/16 8:49:09,2015/9/16 8:49:00,TCA,KGI,8307,,-1,0,-1,normal,,"2015/09/16 08:49:00 ""8307"" 空單進場目前倉位：-1 之前倉位：0 KGI(小型台指) 倍數：1, 本次下單：-1 , 帳戶實際倉位：-1 , 總倉位：-1"
14fcf85dbc165e52,2015/9/15 13:41:30,2015/9/15 13:41:21,TCA,KGI,8238,close_short,1,-1,0,normal,,"2015/09/15 13:41:21 ""8238"" 空單平倉目前倉位：0 之前倉位：-1 KGI(小型台指) 倍數：1, 本次下單：1 , 帳戶實際倉位：0 , 總倉位：0 TCA"
14fcf3ea499a4134,2015/9/15 12:23:44,2015/9/15 12:23:34,TCA,KGI,8246,,-1,0,-1,normal,,"2015/09/15 12:23:34 ""8246"" 空單進場目前倉位：-1 之前倉位：0 KGI(小型台指) 倍數：1, 本次下單：-1 , 帳戶實際倉位：-1 , 總倉位：-1"
14fc9ff8f7aa37a0,2015/9/14 11:56:12,2015/9/14 11:56:04,TCA,KGI,8235,close_long,-1,1,0,normal,,"2015/09/14 11:56:04 ""8235"" 多單平倉目前倉位：0 之前倉位：1 KGI(小型台指) 倍數：1, 本次下單：-1 , 帳戶實際倉位：0 , 總倉位：0 TCA"
14fc9864fbc09588,2015/9/14 9:44:18,2015/9/14 9:44:09,TCA,KGI,8268,reduce_long,-1,2,1,normal,,"2015/09/14 09:44:09 ""8268"" 減碼多單目前倉位：+1 之前倉位：2 KGI(小型台指) 倍數：1, 本次下單：-1 , 帳戶實際倉位：1 , 總倉位：1"
14fb50d4b3a96113,2015/9/10 10:19:47,2015/9/10 10:19:38,TCA,KGI,8269,add_long,1,1,2,normal,,"2015/09/10 10:19:38 ""8269"" 加碼多單目前倉位：+2 之前倉位：1 KGI(小型台指) 倍數：1, 本次下單：1 , 帳戶實際倉位：2 , 總倉位：2 TCA"
14fb4c7d31b3b991,2015/9/10 9:03:54,2015/9/10 9:03:45,TCA,KGI,8245,reduce_long,-1,2,1,normal,,"2015/09/10 09:03:45 ""8245"" 減碼多單目前倉位：+1 之前倉位：2 KGI(小型台指) 倍數：1, 本次下單：0 , 帳戶實際倉位：1 , 總倉位：1 TCA"
14fb4b63ab9c512e,2015/9/10 8:44:17,2015/9/10 8:44:06,TCA,KGI,8332,short_to_long,5,-2,3,normal,,"2015/09/10 08:44:06 ""8332"" 空翻多目前倉位：+3 之前倉位：-2 KGI(小型台指) 倍數：1, 本次下單：0 , 帳戶實際倉位：-2 , 總倉位：-2"
14fb4b5dc85015a2,2015/9/10 8:44:16,2015/9/10 8:44:06,TCA,KGI,8332,short_to_long,5,-2,3,normal,,"2015/09/10 08:44:06 ""8332"" 空翻多目前倉位：+3 之前倉位：-2 KGI(小型台指) 倍數：1, 本次下單：0 , 帳戶實際倉位：-2 , 總倉位：-2"
14fb0a0313cf6a16,2015/9/9 13:42:09,2015/9/9 13:42:00,TCA,KGI,8332,reduce_long,-2,3,1,normal,,"2015/09/09 13:42:00 ""8332"" 減碼多單目前倉位：+1 之前倉位：3 KGI(小型台指) 倍數：1, 本次下單：-2 , 帳戶實際倉位：1 , 總倉位：1"
14fb03d4fcb9b7fd,2015/9/9 11:54:08,2015/9/9 11:53:58,TCA,KGI,8293,add_long,1,2,3,normal,,"2015/09/09 11:53:58 ""8293"" 加碼多單目前倉位：+3 之前倉位：2 KGI(小型台指) 倍數：1, 本次下單：1 , 帳戶實際倉位：3 , 總倉位：3 TCA"
14fafc9f7333d510,2015/9/9 9:48:10,2015/9/9 9:48:00,TCA,KGI,8200,add_long,1,1,2,normal,,"2015/09/09 09:48:00 ""8200"" 加碼多單目前倉位：+2 之前倉位：1 KGI(小型台指) 倍數：1, 本次下單：1 , 帳戶實際倉位：2 , 總倉位：2 TCA"
14fafa9646722e77,2015/9/9 9:12:34,2015/9/9 9:12:25,TCA,KGI,8175,,1,0,1,normal,,"2015/09/09 09:12:25 ""8175"" 多單進場目前倉位：+1 之前倉位：0 KGI(小型台指) 倍數：1, 本次下單：1 , 帳戶實際倉位：1 , 總倉位：1 TCA"
14fab7a08cc4d038,2015/9/8 13:42:16,2015/9/8 13:42:07,TCA,KGI,7966,close_short,1,-1,0,normal,,"2015/09/08 13:42:07 ""7966"" 空單平倉目前倉位：0 之前倉位：-1 KGI(小型台指) 倍數：1, 本次下單：1 , 帳戶實際倉位：0 , 總倉位：0 TCA"
14faa8bf78353f59,2015/9/8 9:22:15,2015/9/8 9:22:07,TCA,KGI,7934,,-1,0,-1,normal,,"2015/09/08 09:22:07 ""7934"" 空單進場目前倉位：-1 之前倉位：0 KGI(小型台指) 倍數：1, 本次下單：-1 , 帳戶實際倉位：-1 , 總倉位：-1"
14faa6d922d0f891,2015/9/8 8:49:04,2015/9/8 8:48:55,TCA,KGI,7910,close_short,1,-1,0,normal,,"2015/09/08 08:48:55 ""7910"" 空單平倉目前倉位：0 之前倉位：-1 KGI(小型台指) 倍數：1, 本次下單：1 , 帳戶實際倉位：0 , 總倉位：0 TCA"
14fa59f1a1b5416c,2015/9/7 10:25:05,2015/9/7 10:24:56,TCA,KGI,7906,long_to_short,-2,1,-1,normal,,"2015/09/07 10:24:56 ""7906"" 多翻空目前倉位：-1 之前倉位：1 KGI(小型台指) 倍數：1, 本次下單：-2 , 帳戶實際倉位：-1 , 總倉位：-1"
14fa55f8e2e40916,2015/9/7 9:14:49,2015/9/7 9:14:40,TCA,KGI,7912,short_to_long,2,-1,1,normal,,"2015/09/07 09:14:40 ""7912"" 空翻多目前倉位：+1 之前倉位：-1 KGI(小型台指) 倍數：1, 本次下單：2 , 帳戶實際倉位：1 , 總倉位：1 TCA"
14f96e062d71ee75,2015/9/4 13:42:07,2015/9/4 13:41:59,TCA,KGI,7898,reduce_short,1,-2,-1,normal,,"2015/09/04 13:41:59 ""7898"" 減碼空單目前倉位：-1 之前倉位：-2 KGI(小型台指) 倍數：1, 本次下單：1 , 帳戶實際倉位：-1 , 總倉位：-1"
14f96856a2b2fc3d,2015/9/4 11:57:09,2015/9/4 11:57:00,TCA,KGI,7876,add_short,-1,-1,-2,normal,,"2015/09/04 11:57:00 ""7876"" 加碼空單目前倉位：-2 之前倉位：-1 KGI(小型台指) 倍數：1, 本次下單：-1 , 帳戶實際倉位：-2 , 總倉位：-2"
14f967a6a9795fe5,2015/9/4 11:50:45,2015/9/4 11:50:36,TCA,KGI,7886,,-1,0,-1,normal,,"2015/09/04 11:50:36 ""7886"" 空單進場目前倉位：-1 之前倉位：0 KGI(小型台指) 倍數：1, 本次下單：-1 , 帳戶實際倉位：-1 , 總倉位：-1"
14f965452215f872,2015/9/4 11:09:08,2015/9/4 11:08:59,TCA,KGI,7901,close_long,-1,1,0,normal,,"2015/09/04 11:08:59 ""7901"" 多單平倉目前倉位：0 之前倉位：1 KGI(小型台指) 倍數：1, 本次下單：-1 , 帳戶實際倉位：0 , 總倉位：0 TCA"
14f823c45be43013,2015/8/31 13:29:38,2015/8/31 13:29:28,TCA,KGI,7949,add_long,1,1,2,normal,,"2015/08/31 13:29:28 ""7949"" 加碼多單目前倉位：+2 之前倉位：1 KGI(小型台指) 倍數：1, 本次下單：0 , 帳戶實際倉位：2 , 總倉位：2 TCA"
14f72d3e5d5e8255,2015/8/28 13:42:07,2015/8/28 13:41:58,TCA,KGI,7858,reduce_long,-1,3,2,normal,,"2015/08/28 13:41:58 ""7858"" 減碼多單目前倉位：+2 之前倉位：3 KGI(小型台指) 倍數：1, 本次下單：-1 , 帳戶實際倉位：2 , 總倉位：2"
14f726b0c8697941,2015/8/28 11:47:36,2015/8/28 11:47:27,TCA,KGI,7819,add_long,1,2,3,normal,,"2015/08/28 11:47:27 ""7819"" 加碼多單目前倉位：+3 之前倉位：2 KGI(小型台指) 倍數：1, 本次下單：1 , 帳戶實際倉位：3 , 總倉位：3 TCA"
14f71d9fc4fc7cc9,2015/8/28 9:09:10,2015/8/28 9:09:01,TCA,KGI,7843,add_long,1,1,2,normal,,"2015/08/28 09:09:01 ""7843"" 加碼多單目前倉位：+2 之前倉位：1 KGI(小型台指) 倍數：1, 本次下單：1 , 帳戶實際倉位：2 , 總倉位：2 TCA"
14f68567762c666f,2015/8/26 12:48:58,2015/8/26 12:48:49,TCA,KGI,7662,close_short,1,-1,0,normal,,"2015/08/26 12:48:49 ""7662"" 空單平倉目前倉位：0 之前倉位：-1 KGI(小型台指) 倍數：1, 本次下單：1 , 帳戶實際倉位：0 , 總倉位：0 TCA"
14f629ebe57fe8da,2015/8/25 10:10:05,2015/8/25 10:09:56,TCA,KGI,7495,reduce_short,2,-3,-1,normal,,"2015/08/25 10:09:56 ""7495"" 減碼空單目前倉位：-1 之前倉位：-3 KGI(小型台指) 倍數：1, 本次下單：2 , 帳戶實際倉位：-1 , 總倉位：-1"
14f5e3a71ab2681a,2015/8/24 13:42:03,2015/8/24 13:41:54,TCA,KGI,7345,reduce_short,1,-4,-3,normal,,"2015/08/24 13:41:54 ""7345"" 減碼空單目前倉位：-3 之前倉位：-4 KGI(小型台指) 倍數：1, 本次下單：1 , 帳戶實際倉位：-3 , 總倉位：-3"
14f5e2c07dee7630,2015/8/24 13:26:19,2015/8/24 13:26:10,TCA,KGI,7308,add_short,-1,-3,-4,normal,,"2015/08/24 13:26:10 ""7308"" 加碼空單目前倉位：-4 之前倉位：-3 KGI(小型台指) 倍數：1, 本次下單：-1 , 帳戶實際倉位：-4 , 總倉位：-4"
14f5e22ca80f47e5,2015/8/24 13:16:14,2015/8/24 13:16:05,TCA,KGI,7315,reduce_short,1,-4,-3,normal,,"2015/08/24 13:16:05 ""7315"" 減碼空單目前倉位：-3 之前倉位：-4 KGI(小型台指) 倍數：1, 本次下單：1 , 帳戶實際倉位：-3 , 總倉位：-3"
14f5d8e15edce109,2015/8/24 10:33:04,2015/8/24 10:32:54,TCA,KGI,7188,reduce_short,1,-5,-4,normal,,"2015/08/24 10:32:54 ""7188"" 減碼空單目前倉位：-4 之前倉位：-5 KGI(小型台指) 倍數：1, 本次下單：1 , 帳戶實際倉位：-4 , 總倉位：-4"
14f5d899d0f2b1f2,2015/8/24 10:28:22,2015/8/24 10:28:13,TCA,KGI,7174,add_short,-1,-4,-5,normal,,"2015/08/24 10:28:13 ""7174"" 加碼空單目前倉位：-5 之前倉位：-4 KGI(小型台指) 倍數：1, 本次下單：-1 , 帳戶實際倉位：-5 , 總倉位：-5"
14f5d88932961c69,2015/8/24 10:27:46,2015/8/24 10:27:37,TCA,KGI,7089,reduce_short,2,-6,-4,normal,,"2015/08/24 10:27:37 ""7089"" 減碼空單目前倉位：-4 之前倉位：-6 KGI(小型台指) 倍數：1, 本次下單：2 , 帳戶實際倉位：-4 , 總倉位：-4"
14f5d8613ab5f491,2015/8/24 10:25:03,2015/8/24 10:24:54,TCA,KGI,7046,add_short,-1,-5,-6,normal,,"2015/08/24 10:24:54 ""7046"" 加碼空單目前倉位：-6 之前倉位：-5 KGI(小型台指) 倍數：1, 本次下單：-1 , 帳戶實際倉位：-6 , 總倉位：-6"
14f5d80e6ca9f197,2015/8/24 10:19:18,2015/8/24 10:19:09,TCA,KGI,7089,add_short,-2,-3,-5,normal,,"2015/08/24 10:19:09 ""7089"" 加碼空單目前倉位：-5 之前倉位：-3 KGI(小型台指) 倍數：1, 本次下單：-2 , 帳戶實際倉位：-5 , 總倉位：-5"
14f5d7087f821fb0,2015/8/24 10:01:31,2015/8/24 10:01:22,TCA,KGI,7244,reduce_short,2,-5,-3,normal,,"2015/08/24 10:01:22 ""7244"" 減碼空單目前倉位：-3 之前倉位：-5 KGI(小型台指) 倍數：1, 本次下單：2 , 帳戶實際倉位：-3 , 總倉位：-3"
14f5d6f3303384ac,2015/8/24 10:00:04,2015/8/24 9:59:55,TCA,KGI,7275,add_short,-1,-4,-5,normal,,"2015/08/24 09:59:55 ""7275"" 加碼空單目前倉位：-5 之前倉位：-4 KGI(小型台指) 倍數：1, 本次下單：-1 , 帳戶實際倉位：-5 , 總倉位：-5"
14f5d5eb714514f6,2015/8/24 9:42:04,2015/8/24 9:41:55,TCA,KGI,7503,add_short,-1,-3,-4,normal,,"2015/08/24 09:41:55 ""7503"" 加碼空單目前倉位：-4 之前倉位：-3 KGI(小型台指) 倍數：1, 本次下單：-1 , 帳戶實際倉位：-4 , 總倉位：-4"
14f4e255190bb6bf,2015/8/21 10:45:07,2015/8/21 10:44:58,TCA,KGI,7790,add_short,-2,-1,-3,normal,,"2015/08/21 10:44:58 ""7790"" 加碼空單目前倉位：-3 之前倉位：-1 KGI(小型台指) 倍數：1, 本次下單：-2 , 帳戶實際倉位：-3 , 總倉位：-3"
14f48c24dfc77f6c,2015/8/20 9:38:53,2015/8/20 9:38:44,TCA,KGI,7967,reduce_short,1,-2,-1,normal,,"2015/08/20 09:38:44 ""7967"" 減碼空單目前倉位：-1 之前倉位：-2 KGI(小型台指) 倍數：1, 本次下單：1 , 帳戶實際倉位：-1 , 總倉位：-1"
14f3f0112ea46f62,2015/8/18 12:11:10,2015/8/18 12:11:00,TCA,KGI,8168,add_short,-1,-1,-2,normal,,"2015/08/18 12:11:00 ""8168"" 加碼空單目前倉位：-2 之前倉位：-1 KGI(小型台指) 倍數：1, 本次下單：-1 , 帳戶實際倉位：-2 , 總倉位：-2"
14f29ccbd4ead053,2015/8/14 9:22:02,2015/8/14 9:21:53,TCA,KGI,8333,reduce_short,1,-2,-1,normal,,"2015/08/14 09:21:53 ""8333"" 減碼空單目前倉位：-1 之前倉位：-2 KGI(小型台指) 倍數：1, 本次下單：1 , 帳戶實際倉位：-1 , 總倉位：-1"
14f205fb8efa0fc1,2015/8/12 13:26:25,2015/8/12 13:26:15,TCA,KGI,8295,reduce_short,1,-3,-2,normal,,"2015/08/12 13:26:15 ""8295"" 減碼空單目前倉位：-2 之前倉位：-3 KGI(小型台指) 倍數：1, 本次下單：1 , 帳戶實際倉位：-2 , 總倉位：-2"
14f20030c7f0ab83,2015/8/12 11:45:11,2015/8/12 11:45:02,TCA,KGI,8277,add_short,-1,-2,-3,normal,,"2015/08/12 11:45:02 ""8277"" 加碼空單目前倉位：-3 之前倉位：-2 KGI(小型台指) 倍數：1, 本次下單：-1 , 帳戶實際倉位：-3 , 總倉位：-3"
14f1a9dec4ff03ea,2015/8/11 10:36:30,2015/8/11 10:36:21,TCA,KGI,8452,,-2,0,-2,normal,,"2015/08/11 10:36:21 ""8452"" 空單進場目前倉位：-2 之前倉位：0 KGI(小型台指) 倍數：1, 本次下單：-2 , 帳戶實際倉位：-2 , 總倉位：-2"
14f162169138854a,2015/8/10 13:42:03,2015/8/10 13:41:54,TCA,KGI,8441,close_long,-1,1,0,normal,,"2015/08/10 13:41:54 ""8441"" 多單平倉目前倉位：0 之前倉位：1 KGI(小型台指) 倍數：1, 本次下單：-1 , 帳戶實際倉位：0 , 總倉位：0 TCA"
14f15faf47ce13fe,2015/8/10 13:00:02,2015/8/10 12:59:53,TCA,KGI,8456,,1,0,1,normal,,"2015/08/10 12:59:53 ""8456"" 多單進場目前倉位：+1 之前倉位：0 KGI(小型台指) 倍數：1, 本次下單：1 , 帳戶實際倉位：1 , 總倉位：1 TCA"
14f05fe9c4859294,2015/8/7 10:30:10,2015/8/7 10:30:01,TCA,KGI,8405,close_short,2,-2,0,normal,,"2015/08/07 10:30:01 ""8405"" 空單平倉目前倉位：0 之前倉位：-2 KGI(小型台指) 倍數：1, 本次下單：2 , 帳戶實際倉位：0 , 總倉位：0 TCA"
14f00b73ec9f4b37,2015/8/6 9:54:09,2015/8/6 9:54:00,TCA,KGI,8457,add_short,-1,-1,-2,normal,,"2015/08/06 09:54:00 ""8457"" 加碼空單目前倉位：-2 之前倉位：-1 KGI(小型台指) 倍數：1, 本次下單：-1 , 帳戶實際倉位：-2 , 總倉位：-2"
14f00aba259a4406,2015/8/6 9:41:28,2015/8/6 9:41:19,TCA,KGI,8466,,-1,0,-1,normal,,"2015/08/06 09:41:19 ""8466"" 空單進場目前倉位：-1 之前倉位：0 KGI(小型台指) 倍數：1, 本次下單：-1 , 帳戶實際倉位：-1 , 總倉位：-1"
14f00a9c238f9106,2015/8/6 9:39:25,2015/8/6 9:39:16,TCA,KGI,8472,close_long,-1,1,0,normal,,"2015/08/06 09:39:16 ""8472"" 多單平倉目前倉位：0 之前倉位：1 KGI(小型台指) 倍數：1, 本次下單：-1 , 帳戶實際倉位：0 , 總倉位：0 TCA"
14efc003b959e27c,2015/8/5 11:55:47,2015/8/5 11:55:38,TCA,KGI,8525,,1,0,1,normal,,"2015/08/05 11:55:38 ""8525"" 多單進場目前倉位：+1 之前倉位：0 KGI(小型台指) 倍數：1, 本次下單：1 , 帳戶實際倉位：1 , 總倉位：1 TCA"
14ef655368fa6739,2015/8/4 9:30:47,2015/8/4 9:30:38,TCA,KGI,8548,close_short,1,-1,0,normal,,"2015/08/04 09:30:38 ""8548"" 空單平倉目前倉位：0 之前倉位：-1 KGI(小型台指) 倍數：1, 本次下單：1 , 帳戶實際倉位：0 , 總倉位：0 TCA"
14ef214e5cbf56ba,2015/8/3 13:42:04,2015/8/3 13:41:55,TCA,KGI,8454,reduce_short,1,-2,-1,normal,,"2015/08/03 13:41:55 ""8454"" 減碼空單目前倉位：-1 之前倉位：-2 KGI(小型台指) 倍數：1, 本次下單：1 , 帳戶實際倉位：-1 , 總倉位：-1"
14ef12759d09e48c,2015/8/3 9:22:36,2015/8/3 9:22:27,TCA,KGI,8423,,-1,0,-1,normal,,"2015/08/03 09:22:27 ""8423"" 空單進場目前倉位：-1 之前倉位：0 KGI(小型台指) 倍數：1, 本次下單：-1 , 帳戶實際倉位：-1 , 總倉位：-1"
14ee2a0855191e2d,2015/7/31 13:40:42,2015/7/31 13:40:33,TCA,KGI,8581,close_short,1,-1,0,normal,,"2015/07/31 13:40:33 ""8581"" 空單平倉目前倉位：0 之前倉位：-1 KGI(小型台指) 倍數：1, 本次下單：1 , 帳戶實際倉位：0 , 總倉位：0 TCA"
14ee2967e5950cf5,2015/7/31 13:29:45,2015/7/31 13:29:36,TCA,KGI,8557,,-1,0,-1,normal,,"2015/07/31 13:29:36 ""8557"" 空單進場目前倉位：-1 之前倉位：0 KGI(小型台指) 倍數：1, 本次下單：-1 , 帳戶實際倉位：-1 , 總倉位：-1"
14ee1fe3c700bf5f,2015/7/31 10:43:26,2015/7/31 10:43:18,TCA,KGI,8555,close_short,1,-1,0,normal,,"2015/07/31 10:43:18 ""8555"" 空單平倉目前倉位：0 之前倉位：-1 KGI(小型台指) 倍數：1, 本次下單：1 , 帳戶實際倉位：0 , 總倉位：0 TCA"
14ee1bfb9f3a5302,2015/7/31 9:35:09,2015/7/31 9:35:00,TCA,KGI,8541,,-1,0,-1,normal,,"2015/07/31 09:35:00 ""8541"" 空單進場目前倉位：-1 之前倉位：0 KGI(小型台指) 倍數：1, 本次下單：-1 , 帳戶實際倉位：-1 , 總倉位：-1"
14ee1bfa104ec40a,2015/7/31 9:35:03,2015/7/31 9:34:54,TCA,KGI,8545,close_long,-1,1,0,normal,,"2015/07/31 09:34:54 ""8545"" 多單平倉目前倉位：0 之前倉位：1 KGI(小型台指) 倍數：1, 本次下單：-1 , 帳戶實際倉位：0 , 總倉位：0 TCA"
14edd7b763fc62ec,2015/7/30 13:42:08,2015/7/30 13:41:59,TCA,KGI,8601,reduce_long,-1,2,1,normal,,"2015/07/30 13:41:59 ""8601"" 減碼多單目前倉位：+1 之前倉位：2 KGI(小型台指) 倍數：1, 本次下單：-1 , 帳戶實際倉位：1 , 總倉位：1"
14edcef792db80ab,2015/7/30 11:08:44,2015/7/30 11:08:35,TCA,KGI,8589,reduce_long,-1,3,2,normal,,"2015/07/30 11:08:35 ""8589"" 減碼多單目前倉位：+2 之前倉位：3 KGI(小型台指) 倍數：1, 本次下單：-1 , 帳戶實際倉位：2 , 總倉位：2"
14edcbb35e466816,2015/7/30 10:12:08,2015/7/30 10:11:59,TCA,KGI,8628,add_long,1,2,3,normal,,"2015/07/30 10:11:59 ""8628"" 加碼多單目前倉位：+3 之前倉位：2 KGI(小型台指) 倍數：1, 本次下單：1 , 帳戶實際倉位：3 , 總倉位：3 TCA"
14edca118e7368e1,2015/7/30 9:43:37,2015/7/30 9:43:28,TCA,KGI,8600,add_long,1,1,2,normal,,"2015/07/30 09:43:28 ""8600"" 加碼多單目前倉位：+2 之前倉位：1 KGI(小型台指) 倍數：1, 本次下單：1 , 帳戶實際倉位：2 , 總倉位：2 TCA"
14edc978b9765aa0,2015/7/30 9:33:11,2015/7/30 9:33:02,TCA,KGI,8598,,1,0,1,normal,,"2015/07/30 09:33:02 ""8598"" 多單進場目前倉位：+1 之前倉位：0 KGI(小型台指) 倍數：1, 本次下單：1 , 帳戶實際倉位：1 , 總倉位：1 TCA"
14edc94b355c1d9e,2015/7/30 9:27:23,2015/7/30 9:27:14,TCA,KGI,8586,close_short,2,-2,0,normal,,"2015/07/30 09:27:14 ""8586"" 空單平倉目前倉位：0 之前倉位：-2 KGI(小型台指) 倍數：1, 本次下單：2 , 帳戶實際倉位：0 , 總倉位：0 TCA"
14ed836e58b6bae1,2015/7/29 13:09:09,2015/7/29 13:09:00,TCA,KGI,8504,add_short,-1,-1,-2,normal,,"2015/07/29 13:09:00 ""8504"" 加碼空單目前倉位：-2 之前倉位：-1 KGI(小型台指) 倍數：1, 本次下單：-1 , 帳戶實際倉位：-2 , 總倉位：-2"
14ed28cb3b199503,2015/7/28 10:45:03,2015/7/28 10:44:54,TCA,KGI,8583,reduce_short,1,-2,-1,normal,,"2015/07/28 10:44:54 ""8583"" 減碼空單目前倉位：-1 之前倉位：-2 KGI(小型台指) 倍數：1, 本次下單：1 , 帳戶實際倉位：-1 , 總倉位：-1"
14ece0862b08cf5d,2015/7/27 13:42:03,2015/7/27 13:41:55,TCA,KGI,8533,reduce_short,1,-3,-2,normal,,"2015/07/27 13:41:55 ""8533"" 減碼空單目前倉位：-2 之前倉位：-3 KGI(小型台指) 倍數：1, 本次下單：1 , 帳戶實際倉位：-2 , 總倉位：-2"
14ecd848d268c911,2015/7/27 11:18:04,2015/7/27 11:17:54,TCA,KGI,8579,add_short,-1,-2,-3,normal,,"2015/07/27 11:17:54 ""8579"" 加碼空單目前倉位：-3 之前倉位：-2 KGI(小型台指) 倍數：1, 本次下單：-1 , 帳戶實際倉位：-3 , 總倉位：-3"
14eb96eefc8b2210,2015/7/23 13:42:07,2015/7/23 13:41:58,TCA,KGI,8750,reduce_short,1,-3,-2,normal,,"2015/07/23 13:41:58 ""8750"" 減碼空單目前倉位：-2 之前倉位：-3 KGI(小型台指) 倍數：1, 本次下單：1 , 帳戶實際倉位：-2 , 總倉位：-2"
14eb8cfa8430d55a,2015/7/23 10:48:08,2015/7/23 10:47:59,TCA,KGI,8726,add_short,-1,-2,-3,normal,,"2015/07/23 10:47:59 ""8726"" 加碼空單目前倉位：-3 之前倉位：-2 KGI(小型台指) 倍數：1, 本次下單：-1 , 帳戶實際倉位：-3 , 總倉位：-3"
14eb37a98468ca31,2015/7/22 9:57:10,2015/7/22 9:57:00,TCA,KGI,8830,add_short,-1,-1,-2,normal,,"2015/07/22 09:57:00 ""8830"" 加碼空單目前倉位：-2 之前倉位：-1 KGI(小型台指) 倍數：1, 本次下單：-1 , 帳戶實際倉位：-2 , 總倉位：-2"
14eae57dacde21fd,2015/7/21 10:01:00,2015/7/21 10:00:50,TCA,KGI,8905,reduce_short,1,-2,-1,normal,,"2015/07/21 10:00:50 ""8905"" 減碼空單目前倉位：-1 之前倉位：-2 KGI(小型台指) 倍數：1, 本次下單：1 , 帳戶實際倉位：-1 , 總倉位：-1"
14eae40202b721e9,2015/7/21 9:35:04,2015/7/21 9:34:54,TCA,KGI,8829,add_short,-1,-1,-2,normal,,"2015/07/21 09:34:54 ""8829"" 加碼空單目前倉位：-2 之前倉位：-1 KGI(小型台指) 倍數：1, 本次下單：-1 , 帳戶實際倉位：-2 , 總倉位：-2"
14e8f5404f3f0900,2015/7/15 9:28:13,2015/7/15 9:28:03,TCA,KGI,9034,,-1,0,-1,normal,,"2015/07/15 09:28:03 ""9034"" 空單進場目前倉位：-1 之前倉位：0 KGI(小型台指) 倍數：1, 本次下單：-1 , 帳戶實際倉位：-1 , 總倉位：-1"
14e8af0c53292aa6,2015/7/14 13:00:47,2015/7/14 13:00:38,TCA,KGI,9019,close_long,-1,1,0,normal,,"2015/07/14 13:00:38 ""9019"" 多單平倉目前倉位：0 之前倉位：1 KGI(小型台指) 倍數：1, 本次下單：-1 , 帳戶實際倉位：0 , 總倉位：0 TCA"
14e8a10cbe2d154a,2015/7/14 8:56:54,2015/7/14 8:56:45,TCA,KGI,9028,,1,0,1,normal,,"2015/07/14 08:56:45 ""9028"" 多單進場目前倉位：+1 之前倉位：0 KGI(小型台指) 倍數：1, 本次下單：1 , 帳戶實際倉位：1 , 總倉位：1 TCA"
14e70932221225f0,2015/7/9 10:09:13,2015/7/9 10:09:04,TCA,KGI,8887,close_short,1,-1,0,normal,,"2015/07/09 10:09:04 ""8887"" 空單平倉目前倉位：0 之前倉位：-1 KGI(小型台指) 倍數：1, 本次下單：1 , 帳戶實際倉位：0 , 總倉位：0 TCA"
14e6c2e23875f5ca,2015/7/8 13:40:25,2015/7/8 13:40:16,TCA,KGI,8942,reduce_short,1,-2,-1,normal,,"2015/07/08 13:40:16 ""8942"" 減碼空單目前倉位：-1 之前倉位：-2 KGI(小型台指) 倍數：1, 本次下單：1 , 帳戶實際倉位：-1 , 總倉位：-1"
14e6c202e1f7fa94,2015/7/8 13:25:11,2015/7/8 13:25:02,TCA,KGI,8955,add_short,-1,-1,-2,normal,,"2015/07/08 13:25:02 ""8955"" 加碼空單目前倉位：-2 之前倉位：-1 KGI(小型台指) 倍數：1, 本次下單：-1 , 帳戶實際倉位：-2 , 總倉位：-2"
14e6c0974a998734,2015/7/8 13:00:22,2015/7/8 13:00:13,TCA,KGI,8969,reduce_short,1,-2,-1,normal,,"2015/07/08 13:00:13 ""8969"" 減碼空單目前倉位：-1 之前倉位：-2 KGI(小型台指) 倍數：1, 本次下單：1 , 帳戶實際倉位：-1 , 總倉位：-1"
14e6bc969f3858a0,2015/7/8 11:50:07,2015/7/8 11:49:58,TCA,KGI,8954,add_short,-1,-1,-2,normal,,"2015/07/08 11:49:58 ""8954"" 加碼空單目前倉位：-2 之前倉位：-1 KGI(小型台指) 倍數：1, 本次下單：-1 , 帳戶實際倉位：-2 , 總倉位：-2"
14e6b3754c05ee9a,2015/7/8 9:10:51,2015/7/8 9:10:42,TCA,KGI,9149,,-1,0,-1,normal,,"2015/07/08 09:10:42 ""9149"" 空單進場目前倉位：-1 之前倉位：0 KGI(小型台指) 倍數：1, 本次下單：-1 , 帳戶實際倉位：-1 , 總倉位：-1"
14e614e2263626db,2015/7/6 10:59:27,2015/7/6 10:59:18,TCA,KGI,9191,close_long,-1,1,0,normal,,"2015/07/06 10:59:18 ""9191"" 多單平倉目前倉位：0 之前倉位：1 KGI(小型台指) 倍數：1, 本次下單：-1 , 帳戶實際倉位：0 , 總倉位：0 TCA"
14e527189b0a2204,2015/7/3 13:43:59,2015/7/3 13:43:50,TCA,KGI,9298,,1,0,1,normal,,"2015/07/03 13:43:50 ""9298"" 多單進場目前倉位：+1 之前倉位：0 KGI(小型台指) 倍數：1, 本次下單：1 , 帳戶實際倉位：1 , 總倉位：1 TCA"
14e521d677723b68,2015/7/3 12:12:06,2015/7/3 12:11:57,TCA,KGI,9276,close_short,1,-1,0,normal,,"2015/07/03 12:11:57 ""9276"" 空單平倉目前倉位：0 之前倉位：-1 KGI(小型台指) 倍數：1, 本次下單：1 , 帳戶實際倉位：0 , 總倉位：0 TCA"
14e51944db06a00e,2015/7/3 9:42:03,2015/7/3 9:41:54,TCA,KGI,9182,,-1,0,-1,normal,,"2015/07/03 09:41:54 ""9182"" 空單進場目前倉位：-1 之前倉位：0 KGI(小型台指) 倍數：1, 本次下單：-1 , 帳戶實際倉位：-1 , 總倉位：-1"
14e517127ac3b21e,2015/7/3 9:03:48,2015/7/3 9:03:39,TCA,KGI,9244,close_long,-1,1,0,normal,,"2015/07/03 09:03:39 ""9244"" 多單平倉目前倉位：0 之前倉位：1 KGI(小型台指) 倍數：1, 本次下單：-1 , 帳戶實際倉位：0 , 總倉位：0 TCA"
14e4c651733698f5,2015/7/2 9:32:32,2015/7/2 9:32:17,TCA,KGI,9266,reduce_long,-1,2,1,normal,,"2015/07/02 09:32:17 ""9266"" 減碼多單目前倉位：+1 之前倉位：2 KGI(小型台指) 倍數：1, 本次下單：-1 , 帳戶實際倉位：1 , 總倉位：1"
14e47f9e533f28a8,2015/7/1 12:57:06,2015/7/1 12:56:57,TCA,KGI,9293,add_long,1,1,2,normal,,"2015/07/01 12:56:57 ""9293"" 加碼多單目前倉位：+2 之前倉位：1 KGI(小型台指) 倍數：1, 本次下單：1 , 帳戶實際倉位：2 , 總倉位：2 TCA"
14e4274b5b20245a,2015/6/30 11:13:33,2015/6/30 11:13:23,TCA,KGI,9186,,1,0,1,normal,,"2015/06/30 11:13:23 ""9186"" 多單進場目前倉位：+1 之前倉位：0 KGI(小型台指) 倍數：1, 本次下單：1 , 帳戶實際倉位：1 , 總倉位：1 TCA"
14e3dd654ba24286,2015/6/29 13:42:06,2015/6/29 13:41:57,TCA,KGI,9138,close_short,1,-1,0,normal,,"2015/06/29 13:41:57 ""9138"" 空單平倉目前倉位：0 之前倉位：-1 KGI(小型台指) 倍數：1, 本次下單：1 , 帳戶實際倉位：0 , 總倉位：0 TCA"
14e3d4780023b2aa,2015/6/29 11:06:05,2015/6/29 11:05:56,TCA,KGI,9146,,-1,0,-1,normal,,"2015/06/29 11:05:56 ""9146"" 空單進場目前倉位：-1 之前倉位：0 KGI(小型台指) 倍數：1, 本次下單：-1 , 帳戶實際倉位：-1 , 總倉位：-1"
14e3cd796a7fc002,2015/6/29 9:03:51,2015/6/29 9:03:41,TCA,KGI,9185,close_long,-1,1,0,normal,,"2015/06/29 09:03:41 ""9185"" 多單平倉目前倉位：0 之前倉位：1 KGI(小型台指) 倍數：1, 本次下單：-1 , 帳戶實際倉位：0 , 總倉位：0 TCA"
14e282d1686ebb42,2015/6/25 8:45:14,2015/6/25 8:45:04,TCA,KGI,9269,,1,0,1,normal,,"2015/06/25 08:45:04 ""9269"" 多單進場目前倉位：+1 之前倉位：0 KGI(小型台指) 倍數：1, 本次下單：1 , 帳戶實際倉位：1 , 總倉位：1 TCA"
14e231dbac892661,2015/6/24 9:10:13,2015/6/24 9:10:00,TCA,KGI,9202,close_long,-1,1,0,normal,,"2015/06/24 09:10:00 ""9202"" 多單平倉目前倉位：0 之前倉位：1 KGI(小型台指) 倍數：1, 本次下單：-1 , 帳戶實際倉位：0 , 總倉位：0 TCA"
14e1dffc86085c31,2015/6/23 9:19:13,2015/6/23 9:19:03,TCA,KGI,9247,,1,0,1,normal,,"2015/06/23 09:19:03 ""9247"" 多單進場目前倉位：+1 之前倉位：0 KGI(小型台指) 倍數：1, 本次下單：1 , 帳戶實際倉位：1 , 總倉位：1 TCA"
14e19ca333a660e8,2015/6/22 13:42:05,2015/6/22 13:41:56,TCA,KGI,9174,close_long,-1,1,0,normal,,"2015/06/22 13:41:56 ""9174"" 多單平倉目前倉位：0 之前倉位：1 KGI(小型台指) 倍數：1, 本次下單：-1 , 帳戶實際倉位：0 , 總倉位：0 TCA"
14e18e834dceb2e9,2015/6/22 9:35:41,2015/6/22 9:35:31,TCA,KGI,9188,,1,0,1,normal,,"2015/06/22 09:35:31 ""9188"" 多單進場目前倉位：+1 之前倉位：0 KGI(小型台指) 倍數：1, 本次下單：1 , 帳戶實際倉位：1 , 總倉位：1 TCA"
14df9e9d3d311af4,2015/6/16 9:09:07,2015/6/16 9:08:56,TCA,KGI,9217,,-1,0,-1,normal,,"2015/06/16 09:08:56 ""9217"" 空單進場目前倉位：-1 之前倉位：0 KGI(小型台指) 倍數：1, 本次下單：-1 , 帳戶實際倉位：-1 , 總倉位：-1"
14df4b1c25c1beff,2015/6/15 8:49:09,2015/6/15 8:48:57,TCA,KGI,9254,close_long,-1,1,0,normal,,"2015/06/15 08:48:57 ""9254"" 多單平倉目前倉位：0 之前倉位：1 KGI(小型台指) 倍數：1, 本次下單：-1 , 帳戶實際倉位：0 , 總倉位：0 TCA"
14de56f05cc3e0c6,2015/6/12 9:42:18,2015/6/12 9:42:09,TCA,KGI,9300,short_to_long,3,-2,1,normal,,"2015/06/12 09:42:09 ""9300"" 空翻多目前倉位：+1 之前倉位：-2 KGI(小型台指) 倍數：1, 本次下單：3 , 帳戶實際倉位：1 , 總倉位：1 TCA"
14de04424a99cb39,2015/6/11 9:37:46,2015/6/11 9:37:36,TCA,KGI,9275,add_short,-1,-1,-2,normal,,"2015/06/11 09:37:36 ""9275"" 加碼空單目前倉位：-2 之前倉位：-1 KGI(小型台指) 倍數：1, 本次下單：-1 , 帳戶實際倉位：-2 , 總倉位：-2"
14ddb23e43974dba,2015/6/10 9:43:54,2015/6/10 9:43:44,TCA,KGI,9290,reduce_short,1,-2,-1,normal,,"2015/06/10 09:43:44 ""9290"" 減碼空單目前倉位：-1 之前倉位：-2 KGI(小型台指) 倍數：1, 本次下單：1 , 帳戶實際倉位：-1 , 總倉位：-1"
14dd660fec1431d6,2015/6/9 11:33:01,2015/6/9 11:32:52,TCA,KGI,9243,add_short,-1,-1,-2,normal,,"2015/06/09 11:32:52 ""9243"" 加碼空單目前倉位：-2 之前倉位：-1 KGI(小型台指) 倍數：1, 本次下單：-1 , 帳戶實際倉位：-2 , 總倉位：-2"
14dd62300f411f7a,2015/6/9 10:25:05,2015/6/9 10:24:56,TCA,KGI,9267,,-1,0,-1,normal,,"2015/06/09 10:24:56 ""9267"" 空單進場目前倉位：-1 之前倉位：0 KGI(小型台指) 倍數：1, 本次下單：-1 , 帳戶實際倉位：-1 , 總倉位：-1"
14dd15f896d26896,2015/6/8 12:13:20,2015/6/8 12:13:11,TCA,KGI,9362,,1,0,1,normal,,"2015/06/08 12:13:11 ""9362"" 多單進場目前倉位：+1 之前倉位：0 KGI(小型台指) 倍數：1, 本次下單：1 , 帳戶實際倉位：1 , 總倉位：1 TCA"
14dd157fff15074a,2015/6/8 12:05:06,2015/6/8 12:04:56,TCA,KGI,9356,close_short,1,-1,0,normal,,"2015/06/08 12:04:56 ""9356"" 空單平倉目前倉位：0 之前倉位：-1 KGI(小型台指) 倍數：1, 本次下單：1 , 帳戶實際倉位：0 , 總倉位：0 TCA"
14dd155fb92defd0,2015/6/8 12:02:51,2015/6/8 12:02:41,TCA,KGI,9353,reduce_short,1,-2,-1,normal,,"2015/06/08 12:02:41 ""9353"" 減碼空單目前倉位：-1 之前倉位：-2 KGI(小型台指) 倍數：1, 本次下單：1 , 帳戶實際倉位：-1 , 總倉位：-1"
14dd0d7cd0a99b2d,2015/6/8 9:45:05,2015/6/8 9:44:56,TCA,KGI,9275,reduce_short,1,-3,-2,normal,,"2015/06/08 09:44:56 ""9275"" 減碼空單目前倉位：-2 之前倉位：-3 KGI(小型台指) 倍數：1, 本次下單：1 , 帳戶實際倉位：-2 , 總倉位：-2"
14dd0cd3792fa6a0,2015/6/8 9:33:06,2015/6/8 9:32:56,TCA,KGI,9251,add_short,-1,-2,-3,normal,,"2015/06/08 09:32:56 ""9251"" 加碼空單目前倉位：-3 之前倉位：-2 KGI(小型台指) 倍數：1, 本次下單：-1 , 帳戶實際倉位：-3 , 總倉位：-3"
14dbd1893c4e08e6,2015/6/4 13:42:09,2015/6/4 13:41:59,TCA,KGI,9310,reduce_short,1,-3,-2,normal,,"2015/06/04 13:41:59 ""9310"" 減碼空單目前倉位：-2 之前倉位：-3 KGI(小型台指) 倍數：1, 本次下單：1 , 帳戶實際倉位：-2 , 總倉位：-2"
14dbc9177ca7172a,2015/6/4 11:15:09,2015/6/4 11:14:59,TCA,KGI,9420,add_short,-1,-2,-3,normal,,"2015/06/04 11:14:59 ""9420"" 加碼空單目前倉位：-3 之前倉位：-2 KGI(小型台指) 倍數：1, 本次下單：-1 , 帳戶實際倉位：-3 , 總倉位：-3"
14db79751c6a128e,2015/6/3 12:03:15,2015/6/3 12:03:05,TCA,KGI,9553,add_short,-1,-1,-2,normal,,"2015/06/03 12:03:05 ""9553"" 加碼空單目前倉位：-2 之前倉位：-1 KGI(小型台指) 倍數：1, 本次下單：-1 , 帳戶實際倉位：-2 , 總倉位：-2"
14db71529815c69d,2015/6/3 9:41:41,2015/6/3 9:41:30,TCA,KGI,9582,,-1,0,-1,normal,,"2015/06/03 09:41:30 ""9582"" 空單進場目前倉位：-1 之前倉位：0 KGI(小型台指) 倍數：1, 本次下單：-1 , 帳戶實際倉位：-1 , 總倉位：-1"
14dacb8ab250a742,2015/6/1 9:24:45,2015/6/1 9:24:35,TCA,KGI,9663,close_long,-1,1,0,normal,,"2015/06/01 09:24:35 ""9663"" 多單平倉目前倉位：0 之前倉位：1 KGI(小型台指) 倍數：1, 本次下單：-1 , 帳戶實際倉位：0 , 總倉位：0 TCA"
14dacaaaa806c846,2015/6/1 9:09:27,2015/6/1 9:09:17,TCA,KGI,9710,,1,0,1,normal,,"2015/06/01 09:09:17 ""9710"" 多單進場目前倉位：+1 之前倉位：0 KGI(小型台指) 倍數：1, 本次下單：1 , 帳戶實際倉位：1 , 總倉位：1 TCA"
14d9832f000ce33a,2015/5/28 9:45:17,2015/5/28 9:45:07,TCA,KGI,9686,close_long,-1,1,0,normal,,"2015/05/28 09:45:07 ""9686"" 多單平倉目前倉位：0 之前倉位：1 KGI(小型台指) 倍數：1, 本次下單：0 , 帳戶實際倉位：0 , 總倉位：0 TCA"
14d8deccc4c1cc75,2015/5/26 9:53:29,2015/5/26 9:53:19,TCA,KGI,9638,close_long,-1,1,0,normal,,"2015/05/26 09:53:19 ""9638"" 多單平倉目前倉位：0 之前倉位：1 KGI(小型台指) 倍數：1, 本次下單：-1 , 帳戶實際倉位：0 , 總倉位：0 TCA"
14d89674f0824d80,2015/5/25 12:49:12,2015/5/25 12:49:03,TCA,KGI,9635,,1,0,1,normal,,"2015/05/25 12:49:03 ""9635"" 多單進場目前倉位：+1 之前倉位：0 KGI(小型台指) 倍數：1, 本次下單：1 , 帳戶實際倉位：1 , 總倉位：1 TCA"
14d8899e305bf672,2015/5/25 9:04:43,2015/5/25 9:04:33,TCA,KGI,9583,close_long,-1,1,0,normal,,"2015/05/25 09:04:33 ""9583"" 多單平倉目前倉位：0 之前倉位：1 KGI(小型台指) 倍數：1, 本次下單：-1 , 帳戶實際倉位：0 , 總倉位：0 TCA"
14d73ee7d226b0e6,2015/5/21 8:45:10,2015/5/21 8:44:59,TCA,KGI,9646,,1,0,1,normal,,"2015/05/21 08:44:59 ""9646"" 多單進場目前倉位：+1 之前倉位：0 KGI(小型台指) 倍數：1, 本次下單：0 , 帳戶實際倉位：1 , 總倉位：1 TCA"
14d6fb191923fa74,2015/5/20 13:00:14,2015/5/20 13:00:04,TCA,KGI,9684,reduce_long,-1,2,1,normal,,"2015/05/20 13:00:04 ""9684"" 減碼多單目前倉位：+1 之前倉位：2 KGI(小型台指) 倍數：1, 本次下單：-1 , 帳戶實際倉位：1 , 總倉位：1"
14d6ed6599231bd3,2015/5/20 9:00:24,2015/5/20 9:00:14,TCA,KGI,9705,add_long,1,1,2,normal,,"2015/05/20 09:00:14 ""9705"" 加碼多單目前倉位：+2 之前倉位：1 KGI(小型台指) 倍數：1, 本次下單：1 , 帳戶實際倉位：2 , 總倉位：2 TCA"
14d6ec8692bd8915,2015/5/20 8:45:11,2015/5/20 8:45:00,TCA,KGI,9703,reduce_long,-1,2,1,normal,,"2015/05/20 08:45:00 ""9703"" 減碼多單目前倉位：+1 之前倉位：2 KGI(小型台指) 倍數：1, 本次下單：-1 , 帳戶實際倉位：1 , 總倉位：1"
14d6ab1a34dde7e2,2015/5/19 13:42:04,2015/5/19 13:41:54,TCA,KGI,9702,reduce_long,-1,3,2,normal,,"2015/05/19 13:41:54 ""9702"" 減碼多單目前倉位：+2 之前倉位：3 KGI(小型台指) 倍數：1, 本次下單：-1 , 帳戶實際倉位：2 , 總倉位：2"
14d6a9f080beb419,2015/5/19 13:21:03,2015/5/19 13:20:54,TCA,KGI,9710,add_long,1,2,3,normal,,"2015/05/19 13:20:54 ""9710"" 加碼多單目前倉位：+3 之前倉位：2 KGI(小型台指) 倍數：1, 本次下單：1 , 帳戶實際倉位：3 , 總倉位：3 TCA"
14d6a93b4e919d5c,2015/5/19 13:09:12,2015/5/19 13:09:03,TCA,KGI,9706,reduce_long,-1,3,2,normal,,"2015/05/19 13:09:03 ""9706"" 減碼多單目前倉位：+2 之前倉位：3 KGI(小型台指) 倍數：1, 本次下單：-1 , 帳戶實際倉位：2 , 總倉位：2"
14d6a92005db7eea,2015/5/19 13:07:33,2015/5/19 13:07:23,TCA,KGI,9704,reduce_long,-1,3,2,normal,,"2015/05/19 13:07:23 ""9704"" 減碼多單目前倉位：+2 之前倉位：3 KGI(小型台指) 倍數：1, 本次下單：-1 , 帳戶實際倉位：2 , 總倉位：2"
14d6a80e5c57c15f,2015/5/19 12:48:51,2015/5/19 12:48:42,TCA,KGI,9708,add_long,1,2,3,normal,,"2015/05/19 12:48:42 ""9708"" 加碼多單目前倉位：+3 之前倉位：2 KGI(小型台指) 倍數：1, 本次下單：1 , 帳戶實際倉位：3 , 總倉位：3 TCA"
14d6a5e8c852699b,2015/5/19 12:11:21,2015/5/19 12:11:11,TCA,KGI,9702,reduce_long,-1,3,2,normal,,"2015/05/19 12:11:11 ""9702"" 減碼多單目前倉位：+2 之前倉位：3 KGI(小型台指) 倍數：1, 本次下單：-1 , 帳戶實際倉位：2 , 總倉位：2"
14d6a2b0f744d4ec,2015/5/19 11:15:03,2015/5/19 11:14:54,TCA,KGI,9710,add_long,1,2,3,normal,,"2015/05/19 11:14:54 ""9710"" 加碼多單目前倉位：+3 之前倉位：2 KGI(小型台指) 倍數：1, 本次下單：1 , 帳戶實際倉位：3 , 總倉位：3 TCA"
14d6a22dd56cb3b8,2015/5/19 11:06:09,2015/5/19 11:05:59,TCA,KGI,9706,reduce_long,-1,3,2,normal,,"2015/05/19 11:05:59 ""9706"" 減碼多單目前倉位：+2 之前倉位：3 KGI(小型台指) 倍數：1, 本次下單：-1 , 帳戶實際倉位：2 , 總倉位：2"
14d6a1a8a4ab1012,2015/5/19 10:57:04,2015/5/19 10:56:54,TCA,KGI,9708,add_long,1,2,3,normal,,"2015/05/19 10:56:54 ""9708"" 加碼多單目前倉位：+3 之前倉位：2 KGI(小型台指) 倍數：1, 本次下單：1 , 帳戶實際倉位：3 , 總倉位：3 TCA"
14d69ef99a1759b7,2015/5/19 10:09:03,2015/5/19 10:08:54,TCA,KGI,9703,reduce_long,-1,3,2,normal,,"2015/05/19 10:08:54 ""9703"" 減碼多單目前倉位：+2 之前倉位：3 KGI(小型台指) 倍數：1, 本次下單：-1 , 帳戶實際倉位：2 , 總倉位：2"
14d69e399d04f12c,2015/5/19 9:57:03,2015/5/19 9:56:53,TCA,KGI,9716,add_long,1,2,3,normal,,"2015/05/19 09:56:53 ""9716"" 加碼多單目前倉位：+3 之前倉位：2 KGI(小型台指) 倍數：1, 本次下單：1 , 帳戶實際倉位：3 , 總倉位：3 TCA"
14d69c8ca630de42,2015/5/19 9:27:33,2015/5/19 9:27:23,TCA,KGI,9685,add_long,1,1,2,normal,,"2015/05/19 09:27:23 ""9685"" 加碼多單目前倉位：+2 之前倉位：1 KGI(小型台指) 倍數：1, 本次下單：1 , 帳戶實際倉位：2 , 總倉位：2 TCA"
14d50f1caa8bd880,2015/5/14 13:42:08,2015/5/14 13:41:59,TCA,KGI,9609,reduce_short,1,-2,-1,normal,,"2015/05/14 13:41:59 ""9609"" 減碼空單目前倉位：-1 之前倉位：-2 KGI(小型台指) 倍數：1, 本次下單：1 , 帳戶實際倉位：-1 , 總倉位：-1"
14d5013562001e41,2015/5/14 9:39:10,2015/5/14 9:39:00,TCA,KGI,9653,add_short,-1,-1,-2,normal,,"2015/05/14 09:39:00 ""9653"" 加碼空單目前倉位：-2 之前倉位：-1 KGI(小型台指) 倍數：1, 本次下單：-1 , 帳戶實際倉位：-2 , 總倉位：-2"
14d500fae18523f8,2015/5/14 9:35:11,2015/5/14 9:35:01,TCA,KGI,9662,long_to_short,-2,1,-1,normal,,"2015/05/14 09:35:01 ""9662"" 多翻空目前倉位：-1 之前倉位：1 KGI(小型台指) 倍數：1, 本次下單：-2 , 帳戶實際倉位：-1 , 總倉位：-1"
14d4fe597f8adb75,2015/5/14 8:49:10,2015/5/14 8:49:00,TCA,KGI,9718,reduce_long,-1,2,1,normal,,"2015/05/14 08:49:00 ""9718"" 減碼多單目前倉位：+1 之前倉位：2 KGI(小型台指) 倍數：1, 本次下單：-1 , 帳戶實際倉位：1 , 總倉位：1"
14d4b002e97e0b93,2015/5/13 10:00:10,2015/5/13 10:00:00,TCA,KGI,9765,add_long,1,1,2,normal,,"2015/05/13 10:00:00 ""9765"" 加碼多單目前倉位：+2 之前倉位：1 KGI(小型台指) 倍數：1, 本次下單：1 , 帳戶實際倉位：2 , 總倉位：2 TCA"
14d4afd73b38361c,2015/5/13 9:57:11,2015/5/13 9:57:01,TCA,KGI,9760,reduce_long,-1,2,1,normal,,"2015/05/13 09:57:01 ""9760"" 減碼多單目前倉位：+1 之前倉位：2 KGI(小型台指) 倍數：1, 本次下單：-1 , 帳戶實際倉位：1 , 總倉位：1"
14d4af45f623dbef,2015/5/13 9:47:16,2015/5/13 9:47:06,TCA,KGI,9756,add_long,1,1,2,normal,,"2015/05/13 09:47:06 ""9756"" 加碼多單目前倉位：+2 之前倉位：1 KGI(小型台指) 倍數：1, 本次下單：1 , 帳戶實際倉位：2 , 總倉位：2 TCA"
14d4ade805d7b07d,2015/5/13 9:23:15,2015/5/13 9:23:04,TCA,KGI,9748,short_to_long,2,-1,1,normal,,"2015/05/13 09:23:04 ""9748"" 空翻多目前倉位：+1 之前倉位：-1 KGI(小型台指) 倍數：1, 本次下單：2 , 帳戶實際倉位：1 , 總倉位：1 TCA"
14d30ff6a21c78ec,2015/5/8 8:49:10,2015/5/8 8:48:58,TCA,KGI,9766,,-1,0,-1,normal,,"2015/05/08 08:48:58 ""9766"" 空單進場目前倉位：-1 之前倉位：0 KGI(小型台指) 倍數：1, 本次下單：-1 , 帳戶實際倉位：-1 , 總倉位：-1"
14d03b2675537bf2,2015/4/29 13:42:04,2015/4/29 13:41:55,TCA,KGI,9901,close_short,1,-1,0,normal,,"2015/04/29 13:41:55 ""9901"" 空單平倉目前倉位：0 之前倉位：-1 KGI(小型台指) 倍數：1, 本次下單：1 , 帳戶實際倉位：0 , 總倉位：0 TCA"
14d02fad5eefd182,2015/4/29 10:21:04,2015/4/29 10:20:55,TCA,KGI,9932,,-1,0,-1,normal,,"2015/04/29 10:20:55 ""9932"" 空單進場目前倉位：-1 之前倉位：0 KGI(小型台指) 倍數：1, 本次下單：-1 , 帳戶實際倉位：-1 , 總倉位：-1"
14d02f851751bda4,2015/4/29 10:18:50,2015/4/29 10:18:40,TCA,KGI,9945,close_long,-1,1,0,normal,,"2015/04/29 10:18:40 ""9945"" 多單平倉目前倉位：0 之前倉位：1 KGI(小型台指) 倍數：1, 本次下單：-1 , 帳戶實際倉位：0 , 總倉位：0 TCA"
14d02a62e6332ca8,2015/4/29 8:49:05,2015/4/29 8:48:55,TCA,KGI,9969,reduce_long,-1,2,1,normal,,"2015/04/29 08:48:55 ""9969"" 減碼多單目前倉位：+1 之前倉位：2 KGI(小型台指) 倍數：1, 本次下單：0 , 帳戶實際倉位：1 , 總倉位：1 TCA"
14cfe8e1a0f79bbe,2015/4/28 13:43:25,2015/4/28 13:43:11,TCA,KGI,9992,reduce_long,-1,2,1,normal,,"2015/04/28 13:43:11 ""9992"" 減碼多單目前倉位：+1 之前倉位：2 KGI(小型台指) 倍數：1, 本次下單：-1 , 帳戶實際倉位：1 , 總倉位：1"
14cfd7fcbf73fd60,2015/4/28 8:49:05,2015/4/28 8:48:56,TCA,KGI,9998,add_long,1,1,2,normal,,"2015/04/28 08:48:56 ""9998"" 加碼多單目前倉位：+2 之前倉位：1 KGI(小型台指) 倍數：1, 本次下單：2 , 帳戶實際倉位：2 , 總倉位：2 TCA"
14ce4cc405534fb3,2015/4/23 13:42:09,2015/4/23 13:41:59,TCA,KGI,9827,close_long,-3,3,0,normal,,"2015/04/23 13:41:59 ""9827"" 多單平倉目前倉位：0 之前倉位：3 KGI(小型台指) 倍數：1, 本次下單：-3 , 帳戶實際倉位：0 , 總倉位：0 TCA"
14ce4c4bc978f326,2015/4/23 13:33:56,2015/4/23 13:33:47,TCA,KGI,9818,add_long,1,2,3,normal,,"2015/04/23 13:33:47 ""9818"" 加碼多單目前倉位：+3 之前倉位：2 KGI(小型台指) 倍數：1, 本次下單：1 , 帳戶實際倉位：3 , 總倉位：3 TCA"
14ce473f1a81752f,2015/4/23 12:05:25,2015/4/23 12:05:15,TCA,KGI,9824,add_long,1,2,3,normal,,"2015/04/23 12:05:15 ""9824"" 加碼多單目前倉位：+3 之前倉位：2 KGI(小型台指) 倍數：1, 本次下單：1 , 帳戶實際倉位：3 , 總倉位：3 TCA"
14ce473ed067a881,2015/4/23 12:05:41,2015/4/23 12:05:31,TCA,KGI,9828,reduce_long,-1,3,2,normal,,"2015/04/23 12:05:31 ""9828"" 減碼多單目前倉位：+2 之前倉位：3 KGI(小型台指) 倍數：1, 本次下單：-1 , 帳戶實際倉位：2 , 總倉位：2"
14ce470a4aacfe0f,2015/4/23 12:02:04,2015/4/23 12:01:55,TCA,KGI,9811,add_long,1,1,2,normal,,"2015/04/23 12:01:55 ""9811"" 加碼多單目前倉位：+2 之前倉位：1 KGI(小型台指) 倍數：1, 本次下單：1 , 帳戶實際倉位：2 , 總倉位：2 TCA"
14ce47088919878c,2015/4/23 12:01:58,2015/4/23 12:01:47,TCA,KGI,9809,short_to_long,4,-3,1,normal,,"2015/04/23 12:01:47 ""9809"" 空翻多目前倉位：+1 之前倉位：-3 KGI(小型台指) 倍數：1, 本次下單：4 , 帳戶實際倉位：1 , 總倉位：1 TCA"
14cc509868c0ee95,2015/4/17 9:41:13,2015/4/17 9:41:03,TCA,KGI,9580,add_short,-1,-2,-3,normal,,"2015/04/17 09:41:03 ""9580"" 加碼空單目前倉位：-3 之前倉位：-2 KGI(小型台指) 倍數：1, 本次下單：-1 , 帳戶實際倉位：-3 , 總倉位：-3"
14cc4ea532338a66,2015/4/17 9:07:08,2015/4/17 9:06:57,TCA,KGI,9606,add_short,-1,-1,-2,normal,,"2015/04/17 09:06:57 ""9606"" 加碼空單目前倉位：-2 之前倉位：-1 KGI(小型台指) 倍數：1, 本次下單：-1 , 帳戶實際倉位：-2 , 總倉位：-2"
14cc0ba9e8d861a2,2015/4/16 13:35:38,2015/4/16 13:35:28,TCA,KGI,9646,,-1,0,-1,normal,,"2015/04/16 13:35:28 ""9646"" 空單進場目前倉位：-1 之前倉位：0 KGI(小型台指) 倍數：1, 本次下單：-1 , 帳戶實際倉位：-1 , 總倉位：-1"
14cc0b8686bcde2b,2015/4/16 13:34:09,2015/4/16 13:33:59,TCA,KGI,9641,close_short,1,-1,0,normal,,"2015/04/16 13:33:59 ""9641"" 空單平倉目前倉位：0 之前倉位：-1 KGI(小型台指) 倍數：1, 本次下單：1 , 帳戶實際倉位：0 , 總倉位：0 TCA"
14cc0b4246f1304e,2015/4/16 13:27:32,2015/4/16 13:27:22,TCA,KGI,9632,reduce_short,2,-3,-1,normal,,"2015/04/16 13:27:22 ""9632"" 減碼空單目前倉位：-1 之前倉位：-3 KGI(小型台指) 倍數：1, 本次下單：2 , 帳戶實際倉位：-1 , 總倉位：-1"
14cbfe03c310c853,2015/4/16 9:38:02,2015/4/16 9:37:50,TCA,KGI,0,add_short,-1,-2,-3,normal,,"2015/04/16 09:37:50 ""0"" 加碼空單目前倉位：-3 之前倉位：-2 KGI(小型台指) 倍數：1, 本次下單：-3 , 帳戶實際倉位：-6 , 總倉位：-6"
14cbac069db7acdb,2015/4/15 9:44:21,2015/4/15 9:44:11,TCA,KGI,9566,add_short,-1,-2,-3,normal,,"2015/04/15 09:44:11 ""9566"" 加碼空單目前倉位：-3 之前倉位：-2 KGI(小型台指) 倍數：1, 本次下單：-1 , 帳戶實際倉位：-3 , 總倉位：-3"
14cb040671b7ea8a,2015/4/13 8:49:07,2015/4/13 8:48:56,TCA,KGI,9657,reduce_short,1,-3,-2,normal,,"2015/04/13 08:48:56 ""9657"" 減碼空單目前倉位：-2 之前倉位：-3 KGI(小型台指) 倍數：1, 本次下單：1 , 帳戶實際倉位：-2 , 總倉位：-2"
14ca0cd5402bb856,2015/4/10 8:49:14,2015/4/10 8:49:04,TCA,KGI,9662,add_short,-1,-2,-3,normal,,"2015/04/10 08:49:04 ""9662"" 加碼空單目前倉位：-3 之前倉位：-2 KGI(小型台指) 倍數：1, 本次下單：-1 , 帳戶實際倉位：-3 , 總倉位：-3"
14c9c1496e2e9100,2015/4/9 10:48:55,2015/4/9 10:48:45,TCA,KGI,9616,long_to_short,-3,1,-2,normal,,"2015/04/09 10:48:45 ""9616"" 多翻空目前倉位：-2 之前倉位：1 KGI(小型台指) 倍數：1, 本次下單：-3 , 帳戶實際倉位：-2 , 總倉位：-2"
14c9bda3c5f4f8a5,2015/4/9 9:45:10,2015/4/9 9:45:00,TCA,KGI,9659,short_to_long,2,-1,1,normal,,"2015/04/09 09:45:00 ""9659"" 空翻多目前倉位：+1 之前倉位：-1 KGI(小型台指) 倍數：1, 本次下單：2 , 帳戶實際倉位：1 , 總倉位：1 TCA"
14c9bc7ae4ace97b,2015/4/9 9:24:12,2015/4/9 9:24:01,TCA,KGI,9621,reduce_short,1,-2,-1,normal,,"2015/04/09 09:24:01 ""9621"" 減碼空單目前倉位：-1 之前倉位：-2 KGI(小型台指) 倍數：1, 本次下單：1 , 帳戶實際倉位：-1 , 總倉位：-1"
14c97298e61d5337,2015/4/8 11:53:36,2015/4/8 11:53:26,TCA,KGI,9570,,-2,0,-2,normal,,"2015/04/08 11:53:26 ""9570"" 空單進場目前倉位：-2 之前倉位：0 KGI(小型台指) 倍數：1, 本次下單：-2 , 帳戶實際倉位：-2 , 總倉位：-2"
14c96b4375164e22,2015/4/8 9:45:05,2015/4/8 9:44:55,TCA,KGI,9568,close_long,-2,2,0,normal,,"2015/04/08 09:44:55 ""9568"" 多單平倉目前倉位：0 之前倉位：2 KGI(小型台指) 倍數：1, 本次下單：-2 , 帳戶實際倉位：0 , 總倉位：0 TCA"
14c78a6b57cd0d58,2015/4/2 13:42:07,2015/4/2 13:41:57,TCA,KGI,9615,reduce_long,-1,3,2,normal,,"2015/04/02 13:41:57 ""9615"" 減碼多單目前倉位：+2 之前倉位：3 KGI(小型台指) 倍數：1, 本次下單：-1 , 帳戶實際倉位：2 , 總倉位：2"
14c77b7bf0db7fe9,2015/4/2 9:21:06,2015/4/2 9:20:56,TCA,KGI,9606,add_long,1,2,3,normal,,"2015/04/02 09:20:56 ""9606"" 加碼多單目前倉位：+3 之前倉位：2 KGI(小型台指) 倍數：1, 本次下單：1 , 帳戶實際倉位：3 , 總倉位：3 TCA"
14c77b074b34090c,2015/4/2 9:13:09,2015/4/2 9:12:59,TCA,KGI,9569,,2,0,2,normal,,"2015/04/02 09:12:59 ""9569"" 多單進場目前倉位：+2 之前倉位：0 KGI(小型台指) 倍數：1, 本次下單：2 , 帳戶實際倉位：2 , 總倉位：2 TCA"
14c77abcef618a74,2015/4/2 9:08:03,2015/4/2 9:07:53,TCA,KGI,9558,close_short,2,-2,0,normal,,"2015/04/02 09:07:53 ""9558"" 空單平倉目前倉位：0 之前倉位：-2 KGI(小型台指) 倍數：1, 本次下單：2 , 帳戶實際倉位：0 , 總倉位：0 TCA"
14c6dafe65a982fb,2015/3/31 10:36:20,2015/3/31 10:36:10,TCA,KGI,9553,add_short,-1,-1,-2,normal,,"2015/03/31 10:36:10 ""9553"" 加碼空單目前倉位：-2 之前倉位：-1 KGI(小型台指) 倍數：1, 本次下單：-1 , 帳戶實際倉位：-2 , 總倉位：-2"
14c6da5921e04acc,2015/3/31 10:24:57,2015/3/31 10:24:47,TCA,KGI,9558,reduce_short,1,-2,-1,normal,,"2015/03/31 10:24:47 ""9558"" 減碼空單目前倉位：-1 之前倉位：-2 KGI(小型台指) 倍數：1, 本次下單：1 , 帳戶實際倉位：-1 , 總倉位：-1"
14c591e811b8d986,2015/3/27 10:45:07,2015/3/27 10:44:57,TCA,KGI,9541,add_short,-1,-1,-2,normal,,"2015/03/27 10:44:57 ""9541"" 加碼空單目前倉位：-2 之前倉位：-1 KGI(小型台指) 倍數：1, 本次下單：-1 , 帳戶實際倉位：-2 , 總倉位：-2"
14c53e61b1eae1a5,2015/3/26 10:25:33,2015/3/26 10:25:20,TCA,KGI,9623,,-1,0,-1,normal,,"2015/03/26 10:25:20 ""9623"" 空單進場目前倉位：-1 之前倉位：0 KGI(小型台指) 倍數：1, 本次下單：-1 , 帳戶實際倉位：-1 , 總倉位：-1"
14c4e683e17c9836,2015/3/25 8:49:12,2015/3/25 8:48:57,TCA,KGI,9723,close_long,-1,1,0,normal,,"2015/03/25 08:48:57 ""9723"" 多單平倉目前倉位：0 之前倉位：1 KGI(小型台指) 倍數：1, 本次下單：-1 , 帳戶實際倉位：0 , 總倉位：0 TCA"
14c4a4d8f3ec8d6e,2015/3/24 13:42:15,2015/3/24 13:41:59,TCA,KGI,9719,short_to_long,2,-1,1,normal,,"2015/03/24 13:41:59 ""9719"" 空翻多目前倉位：+1 之前倉位：-1 KGI(小型台指) 倍數：1, 本次下單：2 , 帳戶實際倉位：1 , 總倉位：1 TCA"
14c497cbfe367fd7,2015/3/24 9:54:11,2015/3/24 9:53:59,TCA,KGI,9706,long_to_short,-2,1,-1,normal,,"2015/03/24 09:53:59 ""9706"" 多翻空目前倉位：-1 之前倉位：1 KGI(小型台指) 倍數：1, 本次下單：-2 , 帳戶實際倉位：-1 , 總倉位：-1"
14c4962378e7013b,2015/3/24 9:25:11,2015/3/24 9:24:59,TCA,KGI,9751,short_to_long,2,-1,1,normal,,"2015/03/24 09:24:59 ""9751"" 空翻多目前倉位：+1 之前倉位：-1 KGI(小型台指) 倍數：1, 本次下單：2 , 帳戶實際倉位：1 , 總倉位：1 TCA"
14c450c48bb7dc0d,2015/3/23 13:12:52,2015/3/23 13:12:41,TCA,KGI,9766,,-1,0,-1,normal,,"2015/03/23 13:12:41 ""9766"" 空單進場目前倉位：-1 之前倉位：0 KGI(小型台指) 倍數：1, 本次下單：-1 , 帳戶實際倉位：-1 , 總倉位：-1"
14c44a3d23f1b2de,2015/3/23 11:18:45,2015/3/23 11:18:34,TCA,KGI,0,,-1,0,-1,normal,,"2015/03/23 11:18:34 ""0"" 空單進場目前倉位：-1 之前倉位：0 KGI(小型台指) 倍數：1, 本次下單：0 , 帳戶實際倉位：-1 , 總倉位：-1 TCA"
14c443094670b072,2015/3/23 9:12:54,2015/3/23 9:12:43,TCA,KGI,0,,-1,0,-1,normal,,"2015/03/23 09:12:43 ""0"" 空單進場目前倉位：-1 之前倉位：0 KGI(小型台指) 倍數：1, 本次下單：0 , 帳戶實際倉位：0 , 總倉位：0 TCA"
14c442923f5ba442,2015/3/23 9:04:46,2015/3/23 9:04:34,TCA,KGI,9743,,-1,0,-1,normal,,"2015/03/23 09:04:34 ""9743"" 空單進場目前倉位：-1 之前倉位：0 KGI(小型台指) 倍數：1, 本次下單：0 , 帳戶實際倉位：0 , 總倉位：0 TCA"
14c2faba141dc544,2015/3/19 9:35:00,2015/3/19 9:34:50,TCA,KGI,9716,close_long,-2,2,0,normal,,"2015/03/19 09:34:50 ""9716"" 多單平倉目前倉位：0 之前倉位：2 KGI(小型台指) 倍數：1, 本次下單：-2 , 帳戶實際倉位：0 , 總倉位：0 TCA"
14c2f8ae32e0ee40,2015/3/19 8:59:13,2015/3/19 8:59:02,TCA,KGI,0,short_to_long,3,-1,2,normal,,"2015/03/19 08:59:02 ""0"" 空翻多目前倉位：+2 之前倉位：-1 KGI(小型台指) 倍數：1, 本次下單：2 , 帳戶實際倉位：2 , 總倉位：2 TCA"
14c2a9c5dece7d36,2015/3/18 9:59:35,2015/3/18 9:59:25,TCA,KGI,9627,add_long,1,1,2,normal,,"2015/03/18 09:59:25 ""9627"" 加碼多單目前倉位：+2 之前倉位：1 KGI(小型台指) 倍數：1, 本次下單：1 , 帳戶實際倉位：2 , 總倉位：2 TCA"
14c2a77175a74310,2015/3/18 9:19:07,2015/3/18 9:18:56,TCA,KGI,9582,short_to_long,2,-1,1,normal,,"2015/03/18 09:18:56 ""9582"" 空翻多目前倉位：+1 之前倉位：-1 KGI(小型台指) 倍數：1, 本次下單：2 , 帳戶實際倉位：1 , 總倉位：1 TCA"
14c2a5b443b168fa,2015/3/18 8:49:13,2015/3/18 8:49:03,TCA,KGI,9576,,-1,0,-1,normal,,"2015/03/18 08:49:03 ""9576"" 空單進場目前倉位：-1 之前倉位：0 KGI(小型台指) 倍數：1, 本次下單：-1 , 帳戶實際倉位：-1 , 總倉位：-1"
14c25444eab6b066,2015/3/17 9:06:16,2015/3/17 9:06:05,TCA,KGI,9616,close_short,1,-1,0,normal,,"2015/03/17 09:06:05 ""9616"" 空單平倉目前倉位：0 之前倉位：-1 KGI(小型台指) 倍數：1, 本次下單：1 , 帳戶實際倉位：0 , 總倉位：0 TCA"
14c211aa325b1d1e,2015/3/16 13:42:15,2015/3/16 13:42:04,TCA,KGI,9542,reduce_short,1,-2,-1,normal,,"2015/03/16 13:42:04 ""9542"" 減碼空單目前倉位：-1 之前倉位：-2 KGI(小型台指) 倍數：1, 本次下單：1 , 帳戶實際倉位：-1 , 總倉位：-1"
14c21151f2121b34,2015/3/16 13:36:14,2015/3/16 13:36:04,TCA,KGI,9539,add_short,-1,-1,-2,normal,,"2015/03/16 13:36:04 ""9539"" 加碼空單目前倉位：-2 之前倉位：-1 KGI(小型台指) 倍數：1, 本次下單：-1 , 帳戶實際倉位：-2 , 總倉位：-2"
14c20f3883d3cbd1,2015/3/16 12:59:31,2015/3/16 12:59:20,TCA,KGI,9555,,-1,0,-1,normal,,"2015/03/16 12:59:20 ""9555"" 空單進場目前倉位：-1 之前倉位：0 KGI(小型台指) 倍數：1, 本次下單：-1 , 帳戶實際倉位：-1 , 總倉位：-1"
14c119b3a127d4dd,2015/3/13 13:28:14,2015/3/13 13:28:03,TCA,KGI,9597,close_long,-2,2,0,normal,,"2015/03/13 13:28:03 ""9597"" 多單平倉目前倉位：0 之前倉位：2 KGI(小型台指) 倍數：1, 本次下單：-2 , 帳戶實際倉位：0 , 總倉位：0 TCA"
14c0bfb62a673fb1,2015/3/12 11:15:21,2015/3/12 11:15:07,TCA,KGI,9597,add_long,1,1,2,normal,,"2015/03/12 11:15:07 ""9597"" 加碼多單目前倉位：+2 之前倉位：1 KGI(小型台指) 倍數：1, 本次下單：1 , 帳戶實際倉位：2 , 總倉位：2 TCA"
14c0ba4107f77119,2015/3/12 9:40:12,2015/3/12 9:40:01,TCA,KGI,9570,,1,0,1,normal,,"2015/03/12 09:40:01 ""9570"" 多單進場目前倉位：+1 之前倉位：0 KGI(小型台指) 倍數：1, 本次下單：1 , 帳戶實際倉位：1 , 總倉位：1 TCA"
14c067aebadcbec0,2015/3/11 9:37:40,2015/3/11 9:37:29,TCA,KGI,9500,close_short,1,-1,0,normal,,"2015/03/11 09:37:29 ""9500"" 空單平倉目前倉位：0 之前倉位：-1 KGI(小型台指) 倍數：1, 本次下單：1 , 帳戶實際倉位：0 , 總倉位：0 TCA"
14c0234767113bec,2015/3/10 13:42:13,2015/3/10 13:42:02,TCA,KGI,9533,reduce_short,1,-2,-1,normal,,"2015/03/10 13:42:02 ""9533"" 減碼空單目前倉位：-1 之前倉位：-2 KGI(小型台指) 倍數：1, 本次下單：1 , 帳戶實際倉位：-1 , 總倉位：-1"
14c017f66785e598,2015/3/10 10:24:13,2015/3/10 10:24:02,TCA,KGI,9535,add_short,-1,-1,-2,normal,,"2015/03/10 10:24:02 ""9535"" 加碼空單目前倉位：-2 之前倉位：-1 KGI(小型台指) 倍數：1, 本次下單：-1 , 帳戶實際倉位：-2 , 總倉位：-2"
14bfc1af536575ea,2015/3/9 9:16:37,2015/3/9 9:16:26,TCA,KGI,9571,long_to_short,-2,1,-1,normal,,"2015/03/09 09:16:26 ""9571"" 多翻空目前倉位：-1 之前倉位：1 KGI(小型台指) 倍數：1, 本次下單：-2 , 帳戶實際倉位：-1 , 總倉位：-1"
14bed927f6f9d8f7,2015/3/6 13:32:54,2015/3/6 13:32:43,TCA,KGI,9634,short_to_long,2,-1,1,normal,,"2015/03/06 13:32:43 ""9634"" 空翻多目前倉位：+1 之前倉位：-1 KGI(小型台指) 倍數：1, 本次下單：2 , 帳戶實際倉位：1 , 總倉位：1 TCA"
14be7cac883e0d58,2015/3/5 10:35:58,2015/3/5 10:35:47,TCA,KGI,9600,,-1,0,-1,normal,,"2015/03/05 10:35:47 ""9600"" 空單進場目前倉位：-1 之前倉位：0 KGI(小型台指) 倍數：1, 本次下單：-1 , 帳戶實際倉位：-1 , 總倉位：-1"
14be26a4e9cd229b,2015/3/4 9:32:40,2015/3/4 9:32:29,TCA,KGI,9623,close_short,1,-1,0,normal,,"2015/03/04 09:32:29 ""9623"" 空單平倉目前倉位：0 之前倉位：-1 KGI(小型台指) 倍數：1, 本次下單：1 , 帳戶實際倉位：0 , 總倉位：0 TCA"
14be261641d20d44,2015/3/4 9:23:24,2015/3/4 9:23:13,TCA,KGI,9613,reduce_short,1,-2,-1,normal,,"2015/03/04 09:23:13 ""9613"" 減碼空單目前倉位：-1 之前倉位：-2 KGI(小型台指) 倍數：1, 本次下單：1 , 帳戶實際倉位：-1 , 總倉位：-1"
14bd85f35bcc6d4b,2015/3/2 10:44:26,2015/3/2 10:44:15,TCA,KGI,9623,add_short,-1,-1,-2,normal,,"2015/03/02 10:44:15 ""9623"" 加碼空單目前倉位：-2 之前倉位：-1 KGI(小型台指) 倍數：1, 本次下單：-1 , 帳戶實際倉位：-2 , 總倉位：-2"
14bbe32729851d8e,2015/2/25 8:45:13,2015/2/25 8:45:03,TCA,KGI,9694,,-1,0,-1,normal,,"2015/02/25 08:45:03 ""9694"" 空單進場目前倉位：-1 之前倉位：0 KGI(小型台指) 倍數：1, 本次下單：0 , 帳戶實際倉位：-1 , 總倉位：-1"
14b8078e499ee5ae,2015/2/13 9:06:22,2015/2/13 9:06:11,TCA,KGI,9525,reduce_short,1,-2,-1,normal,,"2015/02/13 09:06:11 ""9525"" 減碼空單目前倉位：-1 之前倉位：-2 KGI(小型台指) 倍數：1, 本次下單：1 , 帳戶實際倉位：-1 , 總倉位：-1"
14b7b66ad08b6774,2015/2/12 9:27:55,2015/2/12 9:27:42,TCA,KGI,9483,add_short,-1,-1,-2,normal,,"2015/02/12 09:27:42 ""9483"" 加碼空單目前倉位：-2 之前倉位：-1 KGI(小型台指) 倍數：1, 本次下單：-1 , 帳戶實際倉位：-2 , 總倉位：-2"
14b765c661e39767,2015/2/11 9:58:39,2015/2/11 9:58:28,TCA,KGI,9482,reduce_short,2,-3,-1,normal,,"2015/02/11 09:58:28 ""9482"" 減碼空單目前倉位：-1 之前倉位：-3 KGI(小型台指) 倍數：1, 本次下單：2 , 帳戶實際倉位：-1 , 總倉位：-1"
14b7148d15562693,2015/2/10 10:19:12,2015/2/10 10:19:01,TCA,KGI,9435,add_short,-2,-2,-4,normal,,"2015/02/10 10:19:01 ""9435"" 加碼空單目前倉位：-4 之前倉位：-2 KGI(小型台指) 倍數：1, 本次下單：-2 , 帳戶實際倉位：-4 , 總倉位：-4"
14b70f17d61dd0d1,2015/2/10 8:44:05,2015/2/10 8:43:55,TCA,KGI,9450,add_short,-2,-1,-3,normal,,"2015/02/10 08:43:55 ""9450"" 加碼空單目前倉位：-3 之前倉位：-1 KGI(小型台指) 倍數：1, 本次下單：0 , 帳戶實際倉位：-1 , 總倉位：-1"
14b6bdca23bf3302,2015/2/9 9:02:28,2015/2/9 9:02:18,TCA,KGI,9443,reduce_short,1,-2,-1,normal,,"2015/02/09 09:02:18 ""9443"" 減碼空單目前倉位：-1 之前倉位：-2 KGI(小型台指) 倍數：1, 本次下單：1 , 帳戶實際倉位：-1 , 總倉位：-1"
14b6bdaec4a2428d,2015/2/9 9:00:58,2015/2/9 9:00:48,TCA,KGI,9438,add_short,-1,-1,-2,normal,,"2015/02/09 09:00:48 ""9438"" 加碼空單目前倉位：-2 之前倉位：-1 KGI(小型台指) 倍數：1, 本次下單：-1 , 帳戶實際倉位：-2 , 總倉位：-2"
14b6bd9168b703c4,2015/2/9 8:59:22,2015/2/9 8:59:13,TCA,KGI,9443,reduce_short,1,-2,-1,normal,,"2015/02/09 08:59:13 ""9443"" 減碼空單目前倉位：-1 之前倉位：-2 KGI(小型台指) 倍數：1, 本次下單：1 , 帳戶實際倉位：-1 , 總倉位：-1"
14b6bd43f476db83,2015/2/9 8:54:04,2015/2/9 8:53:53,TCA,KGI,9433,add_short,-1,-1,-2,normal,,"2015/02/09 08:53:53 ""9433"" 加碼空單目前倉位：-2 之前倉位：-1 KGI(小型台指) 倍數：1, 本次下單：-2 , 帳戶實際倉位：-2 , 總倉位：-2"
14b5cacfe1bd3df0,2015/2/6 10:16:39,2015/2/6 10:16:28,TCA,KGI,9465,close_long,-2,2,0,normal,,"2015/02/06 10:16:28 ""9465"" 多單平倉目前倉位：0 之前倉位：2 KGI(小型台指) 倍數：1, 本次下單：-2 , 帳戶實際倉位：0 , 總倉位：0 TCA"
14b57368a7967c72,2015/2/5 8:49:09,2015/2/5 8:49:00,TCA,KGI,9505,add_long,1,1,2,normal,,"2015/02/05 08:49:00 ""9505"" 加碼多單目前倉位：+2 之前倉位：1 KGI(小型台指) 倍數：1, 本次下單：1 , 帳戶實際倉位：2 , 總倉位：2 TCA"
14b52250394d0fe5,2015/2/4 9:11:50,2015/2/4 9:11:39,TCA,KGI,9549,,1,0,1,normal,,"2015/02/04 09:11:39 ""9549"" 多單進場目前倉位：+1 之前倉位：0 KGI(小型台指) 倍數：1, 本次下單：1 , 帳戶實際倉位：1 , 總倉位：1 TCA"
14b4d1970aaace55,2015/2/3 9:41:24,2015/2/3 9:41:14,TCA,KGI,9450,close_short,1,-1,0,normal,,"2015/02/03 09:41:14 ""9450"" 空單平倉目前倉位：0 之前倉位：-1 KGI(小型台指) 倍數：1, 本次下單：1 , 帳戶實際倉位：0 , 總倉位：0 TCA"
14b4d188f8013c57,2015/2/3 9:40:25,2015/2/3 9:40:14,TCA,KGI,9435,reduce_short,1,-2,-1,normal,,"2015/02/03 09:40:14 ""9435"" 減碼空單目前倉位：-1 之前倉位：-2 KGI(小型台指) 倍數：1, 本次下單：1 , 帳戶實際倉位：-1 , 總倉位：-1"
14b482b320d8a5c5,2015/2/2 10:42:44,2015/2/2 10:42:33,TCA,KGI,9400,reduce_short,3,-4,-1,normal,,"2015/02/02 10:42:33 ""9400"" 減碼空單目前倉位：-1 之前倉位：-4 KGI(小型台指) 倍數：1, 本次下單：3 , 帳戶實際倉位：-1 , 總倉位：-1"
14b47e1ee0ca25c5,2015/2/2 9:22:42,2015/2/2 9:22:32,TCA,KGI,9392,add_short,-1,-3,-4,normal,,"2015/02/02 09:22:32 ""9392"" 加碼空單目前倉位：-4 之前倉位：-3 KGI(小型台指) 倍數：1, 本次下單：-1 , 帳戶實際倉位：-4 , 總倉位：-4"
14b47cb0a1822fbe,2015/2/2 8:57:42,2015/2/2 8:57:32,TCA,KGI,9401,reduce_short,1,-4,-3,normal,,"2015/02/02 08:57:32 ""9401"" 減碼空單目前倉位：-3 之前倉位：-4 KGI(小型台指) 倍數：1, 本次下單：1 , 帳戶實際倉位：-3 , 總倉位：-3"
14b394f1cf1a2a46,2015/1/30 13:26:49,2015/1/30 13:26:39,TCA,KGI,9397,add_short,-1,-2,-3,normal,,"2015/01/30 13:26:39 ""9397"" 加碼空單目前倉位：-3 之前倉位：-2 KGI(小型台指) 倍數：1, 本次下單：-1 , 帳戶實際倉位：-3 , 總倉位：-3"
14b3421415113318,2015/1/29 13:18:57,2015/1/29 13:18:45,TCA,KGI,9437,reduce_short,1,-3,-2,normal,,"2015/01/29 13:18:45 ""9437"" 減碼空單目前倉位：-2 之前倉位：-3 KGI(小型台指) 倍數：1, 本次下單：1 , 帳戶實際倉位：-2 , 總倉位：-2"
14b33b6df002522f,2015/1/29 11:22:25,2015/1/29 11:22:12,TCA,KGI,9434,long_to_short,-4,1,-3,normal,,"2015/01/29 11:22:12 ""9434"" 多翻空目前倉位：-3 之前倉位：1 KGI(小型台指) 倍數：1, 本次下單：-4 , 帳戶實際倉位：-3 , 總倉位：-3"
14b33422b83c525e,2015/1/29 9:15:08,2015/1/29 9:14:57,TCA,KGI,9447,reduce_long,-3,4,1,normal,,"2015/01/29 09:14:57 ""9447"" 減碼多單目前倉位：+1 之前倉位：4 KGI(小型台指) 倍數：1, 本次下單：-3 , 帳戶實際倉位：1 , 總倉位：1"
14b0f1b829bd7c52,2015/1/22 8:47:10,2015/1/22 8:46:59,TCA,KGI,0,add_long,2,1,3,normal,,"2015/01/22 08:46:59 ""0"" 加碼多單目前倉位：+3 之前倉位：1 KGI(小型台指) 倍數：1, 本次下單：3 , 帳戶實際倉位：6 , 總倉位：6 TCA"
14b0f19efa068faa,2015/1/22 8:45:12,2015/1/22 8:45:02,TCA,KGI,9359,add_long,2,1,3,normal,,"2015/01/22 08:45:02 ""9359"" 加碼多單目前倉位：+3 之前倉位：1 KGI(小型台指) 倍數：1, 本次下單：0 , 帳戶實際倉位：3 , 總倉位：3 TCA"
14b051fdc581d0ce,2015/1/20 10:15:16,2015/1/20 10:15:03,TCA,KGI,9250,,3,0,3,normal,,"2015/01/20 10:15:03 ""9250"" 多單進場目前倉位：+3 之前倉位：0 KGI(小型台指) 倍數：1, 本次下單：3 , 帳戶實際倉位：3 , 總倉位：3 TCA"
14b04fcf0cdcfc8d,2015/1/20 9:37:04,2015/1/20 9:36:47,TCA,KGI,9229,close_short,2,-2,0,normal,,"2015/01/20 09:36:47 ""9229"" 空單平倉目前倉位：0 之前倉位：-2 KGI(小型台指) 倍數：1, 本次下單：2 , 帳戶實際倉位：0 , 總倉位：0 TCA"
14b04fc5680ebddf,2015/1/20 9:36:51,2015/1/20 9:36:41,TCA,KGI,9224,reduce_short,1,-3,-2,normal,,"2015/01/20 09:36:41 ""9224"" 減碼空單目前倉位：-2 之前倉位：-3 KGI(小型台指) 倍數：1, 本次下單：1 , 帳戶實際倉位：-2 , 總倉位：-2"
14b04e196bd45857,2015/1/20 9:06:56,2015/1/20 9:06:42,TCA,KGI,9186,add_short,-1,-2,-3,normal,,"2015/01/20 09:06:42 ""9186"" 加碼空單目前倉位：-3 之前倉位：-2 KGI(小型台指) 倍數：1, 本次下單：-1 , 帳戶實際倉位：-3 , 總倉位：-3"
14affba01fdf7a00,2015/1/19 9:06:27,2015/1/19 9:06:14,TCA,KGI,9235,reduce_short,1,-3,-2,normal,,"2015/01/19 09:06:14 ""9235"" 減碼空單目前倉位：-2 之前倉位：-3 KGI(小型台指) 倍數：1, 本次下單：1 , 帳戶實際倉位：-2 , 總倉位：-2"
14af0e0d17cc2156,2015/1/16 11:54:09,2015/1/16 11:53:59,TCA,KGI,9142,reduce_short,1,-4,-3,normal,,"2015/01/16 11:53:59 ""9142"" 減碼空單目前倉位：-3 之前倉位：-4 KGI(小型台指) 倍數：1, 本次下單：1 , 帳戶實際倉位：-3 , 總倉位：-3"
14aeb4408984f807,2015/1/15 9:45:11,2015/1/15 9:45:01,TCA,KGI,9140,add_short,-1,-3,-4,normal,,"2015/01/15 09:45:01 ""9140"" 加碼空單目前倉位：-4 之前倉位：-3 KGI(小型台指) 倍數：1, 本次下單：-1 , 帳戶實際倉位：-4 , 總倉位：-4"
14aeb436df18d38b,2015/1/15 9:43:53,2015/1/15 9:43:42,TCA,KGI,9152,add_short,-1,-2,-3,normal,,"2015/01/15 09:43:42 ""9152"" 加碼空單目前倉位：-3 之前倉位：-2 KGI(小型台指) 倍數：1, 本次下單：-1 , 帳戶實際倉位：-3 , 總倉位：-3"
14aeb1ba9f7370a0,2015/1/15 9:00:18,2015/1/15 9:00:08,TCA,KGI,9208,reduce_short,1,-3,-2,normal,,"2015/01/15 09:00:08 ""9208"" 減碼空單目前倉位：-2 之前倉位：-3 KGI(小型台指) 倍數：1, 本次下單：1 , 帳戶實際倉位：-2 , 總倉位：-2"
14aeb11651c3ba99,2015/1/15 8:49:33,2015/1/15 8:49:01,TCA,KGI,9199,reduce_short,1,-3,-2,normal,,"2015/01/15 08:49:01 ""9199"" 減碼空單目前倉位：-2 之前倉位：-3 KGI(小型台指) 倍數：1, 本次下單：2 , 帳戶實際倉位：-2 , 總倉位：-2"
14aeb114712e85b7,2015/1/15 8:49:17,2015/1/15 8:49:07,TCA,KGI,9199,add_short,-1,-2,-3,normal,,"2015/01/15 08:49:07 ""9199"" 加碼空單目前倉位：-3 之前倉位：-2 KGI(小型台指) 倍數：1, 本次下單：-1 , 帳戶實際倉位：-3 , 總倉位：-3"
14ae6f4b38063053,2015/1/14 13:40:02,2015/1/14 13:39:51,TCA,KGI,9172,add_short,-1,-3,-4,normal,,"2015/01/14 13:39:51 ""9172"" 加碼空單目前倉位：-4 之前倉位：-3 KGI(小型台指) 倍數：1, 本次下單：-1 , 帳戶實際倉位：-4 , 總倉位：-4"
14ae6e73a9f123eb,2015/1/14 13:25:13,2015/1/14 13:25:02,TCA,KGI,9183,reduce_short,1,-4,-3,normal,,"2015/01/14 13:25:02 ""9183"" 減碼空單目前倉位：-3 之前倉位：-4 KGI(小型台指) 倍數：1, 本次下單：1 , 帳戶實際倉位：-3 , 總倉位：-3"
14ae61df13defe8b,2015/1/14 9:45:21,2015/1/14 9:45:08,TCA,KGI,9170,long_to_short,-6,2,-4,normal,,"2015/01/14 09:45:08 ""9170"" 多翻空目前倉位：-4 之前倉位：2 KGI(小型台指) 倍數：1, 本次下單：-6 , 帳戶實際倉位：-4 , 總倉位：-4"
14ae61db3696534f,2015/1/14 9:45:13,2015/1/14 9:45:01,TCA,KGI,9180,reduce_long,-1,3,2,normal,,"2015/01/14 09:45:01 ""9180"" 減碼多單目前倉位：+2 之前倉位：3 KGI(小型台指) 倍數：1, 本次下單：-1 , 帳戶實際倉位：2 , 總倉位：2"
14adc277f53a4f3f,2015/1/12 11:19:39,2015/1/12 11:19:27,TCA,KGI,9188,reduce_long,-2,3,1,normal,,"2015/01/12 11:19:27 ""9188"" 減碼多單目前倉位：+1 之前倉位：3 KGI(小型台指) 倍數：1, 本次下單：-2 , 帳戶實際倉位：1 , 總倉位：1"
14ac737883e46ae5,2015/1/8 9:45:12,2015/1/8 9:45:02,TCA,KGI,9228,add_long,1,3,4,normal,,"2015/01/08 09:45:02 ""9228"" 加碼多單目前倉位：+4 之前倉位：3 KGI(小型台指) 倍數：1, 本次下單：1 , 帳戶實際倉位：4 , 總倉位：4 TCA"
14ac725394bac079,2015/1/8 9:25:12,2015/1/8 9:25:02,TCA,KGI,9203,add_long,2,1,3,normal,,"2015/01/08 09:25:02 ""9203"" 加碼多單目前倉位：+3 之前倉位：1 KGI(小型台指) 倍數：1, 本次下單：2 , 帳戶實際倉位：3 , 總倉位：3 TCA"
14ac720af187af63,2015/1/8 9:20:12,2015/1/8 9:20:03,TCA,KGI,9193,short_to_long,3,-2,1,normal,,"2015/01/08 09:20:03 ""9193"" 空翻多目前倉位：+1 之前倉位：-2 KGI(小型台指) 倍數：1, 本次下單：2 , 帳戶實際倉位：1 , 總倉位：1 TCA"
14ac2e8caebd09dd,2015/1/7 13:40:41,2015/1/7 13:40:27,TCA,KGI,9051,reduce_short,1,-2,-1,normal,,"2015/01/07 13:40:27 ""9051"" 減碼空單目前倉位：-1 之前倉位：-2 KGI(小型台指) 倍數：1, 本次下單：1 , 帳戶實際倉位：-1 , 總倉位：-1"
14ac1de2ca2b5008,2015/1/7 8:49:12,2015/1/7 8:49:02,TCA,KGI,9045,,-2,0,-2,normal,,"2015/01/07 08:49:02 ""9045"" 空單進場目前倉位：-2 之前倉位：0 KGI(小型台指) 倍數：1, 本次下單：-2 , 帳戶實際倉位：-2 , 總倉位：-2"
14abd6ea953d9163,2015/1/6 12:09:13,2015/1/6 12:09:03,TCA,KGI,9017,close_long,-1,1,0,normal,,"2015/01/06 12:09:03 ""9017"" 多單平倉目前倉位：0 之前倉位：1 KGI(小型台指) 倍數：1, 本次下單：-1 , 帳戶實際倉位：0 , 總倉位：0 TCA"
14abd0b908e5ba78,2015/1/6 10:20:58,2015/1/6 10:20:48,TCA,KGI,9103,reduce_long,-2,3,1,normal,,"2015/01/06 10:20:48 ""9103"" 減碼多單目前倉位：+1 之前倉位：3 KGI(小型台指) 倍數：1, 本次下單：-2 , 帳戶實際倉位：1 , 總倉位：1"
14abcb7f80379a0a,2015/1/6 8:49:12,2015/1/6 8:49:02,TCA,KGI,9147,add_long,1,2,3,normal,,"2015/01/06 08:49:02 ""9147"" 加碼多單目前倉位：+3 之前倉位：2 KGI(小型台指) 倍數：1, 本次下單：1 , 帳戶實際倉位：3 , 總倉位：3 TCA"
14ab82d3ccbfb45a,2015/1/5 11:39:39,2015/1/5 11:39:28,TCA,元大,9245,add_long,1,1,2,normal,,"2015/01/05 11:39:28 ""9245"" 加碼多單目前倉位：+2 之前倉位：1 元大(小型台指) 倍數：1, 本次下單：1 , 帳戶實際倉位：2 , 總倉位：2 KGI("
14ab7ad41f1a3fb4,2015/1/5 9:19:51,2015/1/5 9:19:40,TCA,元大,9191,reduce_long,-2,3,1,normal,,"2015/01/05 09:19:40 ""9191"" 減碼多單目前倉位：+1 之前倉位：3 元大(小型台指) 倍數：1, 本次下單：-2 , 帳戶實際倉位：1 , 總倉位：1 KGI"
14ab78e0fa767a60,2015/1/5 8:45:17,2015/1/5 8:45:08,TCA,元大,9198,reduce_long,-2,5,3,normal,,"2015/01/05 08:45:08 ""9198"" 減碼多單目前倉位：+3 之前倉位：5 KGI(小型台指) 倍數：1, 本次下單：0 , 帳戶實際倉位：3 , 總倉位：3 元大("
14a7a371fd7f438a,2014/12/24 10:53:14,2014/12/24 10:53:04,TCA,元大,9171,add_long,1,2,3,normal,,"2014/12/24 10:53:04 ""9171"" 加碼多單目前倉位：+3 之前倉位：2 KGI(小型台指) 倍數：1, 本次下單：2 , 帳戶實際倉位：3 , 總倉位：3 元大("
14a6f78a557c2b04,2014/12/22 8:49:11,2014/12/22 8:49:01,TCA,元大,9031,,1,0,1,normal,,"2014/12/22 08:49:01 ""9031"" 多單進場目前倉位：+1 之前倉位：0 元大(小型台指) 倍數：1, 本次下單：1 , 帳戶實際倉位：1 , 總倉位：1 TCA"
14a60cd38769e6e6,2014/12/19 12:27:39,2014/12/19 12:27:29,TCA,元大,8978,close_long,-1,1,0,normal,,"2014/12/19 12:27:29 ""8978"" 多單平倉目前倉位：0 之前倉位：1 元大(小型台指) 倍數：1, 本次下單：-1 , 帳戶實際倉位：0 , 總倉位：0 TCA"
14a60c850f71d074,2014/12/19 12:21:25,2014/12/19 12:21:15,TCA,元大,8992,reduce_long,-1,2,1,normal,,"2014/12/19 12:21:15 ""8992"" 減碼多單目前倉位：+1 之前倉位：2 元大(小型台指) 倍數：1, 本次下單：-1 , 帳戶實際倉位：1 , 總倉位：1 TCA"
14a6042222f7fc69,2014/12/19 9:55:37,2014/12/19 9:55:28,TCA,元大,8993,add_long,1,1,2,normal,,"2014/12/19 09:55:28 ""8993"" 加碼多單目前倉位：+2 之前倉位：1 元大(小型台指) 倍數：1, 本次下單：1 , 帳戶實際倉位：2 , 總倉位：2 TCA"
14a600f7d9c24b2b,2014/12/19 9:00:24,2014/12/19 9:00:14,TCA,元大,8988,short_to_long,4,-3,1,normal,,"2014/12/19 09:00:14 ""8988"" 空翻多目前倉位：+1 之前倉位：-3 元大(小型台指) 倍數：1, 本次下單：4 , 帳戶實際倉位：1 , 總倉位：1 TCA"
14a5adb7473f95a5,2014/12/18 8:45:12,2014/12/18 8:45:02,TCA,元大,8902,add_short,-1,-2,-3,normal,,"2014/12/18 08:45:02 ""8902"" 加碼空單目前倉位：-3 之前倉位：-2 元大(小型台指) 倍數：1, 本次下單：0 , 帳戶實際倉位：-3 , 總倉位：-3"
14a31f61ebe48c18,2014/12/10 10:09:52,2014/12/10 10:09:42,TCA,元大,9066,,-4,0,-4,normal,,"2014/12/10 10:09:42 ""9066"" 空單進場目前倉位：-4 之前倉位：0 元大(小型台指) 倍數：1, 本次下單：-4 , 帳戶實際倉位：-4 , 總倉位：-4"
14a31f2f795bff02,2014/12/10 10:06:24,2014/12/10 10:06:14,TCA,元大,9093,close_long,-1,1,0,normal,,"2014/12/10 10:06:14 ""9093"" 多單平倉目前倉位：0 之前倉位：1 元大(小型台指) 倍數：1, 本次下單：-1 , 帳戶實際倉位：0 , 總倉位：0 TCA"
14a31a90c1452b7d,2014/12/10 8:45:10,2014/12/10 8:45:00,TCA,元大,9092,reduce_long,-1,2,1,normal,,"2014/12/10 08:45:00 ""9092"" 減碼多單目前倉位：+1 之前倉位：2 元大(小型台指) 倍數：1, 本次下單：-1 , 帳戶實際倉位：1 , 總倉位：1 TCA"
14a2c9e0a0d4c8ed,2014/12/9 9:16:02,2014/12/9 9:15:52,TCA,元大,9150,reduce_long,-1,3,2,normal,,"2014/12/09 09:15:52 ""9150"" 減碼多單目前倉位：+2 之前倉位：3 元大(小型台指) 倍數：1, 本次下單：-1 , 帳戶實際倉位：2 , 總倉位：2 TCA"
14a2c81e33bd2f66,2014/12/9 8:45:16,2014/12/9 8:45:07,TCA,元大,9136,,3,0,3,normal,,"2014/12/09 08:45:07 ""9136"" 多單進場目前倉位：+3 之前倉位：0 元大(小型台指) 倍數：1, 本次下單：3 , 帳戶實際倉位：3 , 總倉位：3 TCA"
14a2c81cd55a8003,2014/12/9 8:45:10,2014/12/9 8:45:01,TCA,元大,9142,close_long,-1,1,0,normal,,"2014/12/09 08:45:01 ""9142"" 多單平倉目前倉位：0 之前倉位：1 元大(小型台指) 倍數：1, 本次下單：-1 , 帳戶實際倉位：0 , 總倉位：0 TCA"
14a28372f60ea4bf,2014/12/8 12:45:11,2014/12/8 12:45:01,TCA,元大,9184,reduce_long,-3,4,1,normal,,"2014/12/08 12:45:01 ""9184"" 減碼多單目前倉位：+1 之前倉位：4 元大(小型台指) 倍數：1, 本次下單：-3 , 帳戶實際倉位：1 , 總倉位：1 TCA"
149f41527b5d9fb5,2014/11/28 9:47:47,2014/11/28 9:47:38,TCA,元大,9193,reduce_long,-1,5,4,normal,,"2014/11/28 09:47:38 ""9193"" 減碼多單目前倉位：+4 之前倉位：5 元大(小型台指) 倍數：1, 本次下單：-1 , 帳戶實際倉位：4 , 總倉位：4 TCA"
149f412cb1e5a79c,2014/11/28 9:45:12,2014/11/28 9:45:03,TCA,元大,9195,add_long,1,4,5,normal,,"2014/11/28 09:45:03 ""9195"" 加碼多單目前倉位：+5 之前倉位：4 元大(小型台指) 倍數：1, 本次下單：1 , 帳戶實際倉位：5 , 總倉位：5 TCA"
149efb24371bd38a,2014/11/27 13:21:18,2014/11/27 13:21:02,TCA,元大,9187,reduce_long,-1,5,4,normal,,"2014/11/27 13:21:02 ""9187"" 減碼多單目前倉位：+4 之前倉位：5 元大(小型台指) 倍數：1, 本次下單：-1 , 帳戶實際倉位：4 , 總倉位：4 TCA"
149ef397aff5e54e,2014/11/27 11:09:22,2014/11/27 11:09:03,TCA,元大,9203,add_long,1,4,5,normal,,"2014/11/27 11:09:03 ""9203"" 加碼多單目前倉位：+5 之前倉位：4 元大(小型台指) 倍數：1, 本次下單：1 , 帳戶實際倉位：5 , 總倉位：5 TCA"
149ef2e7c3b86ae3,2014/11/27 10:57:22,2014/11/27 10:57:03,TCA,元大,9192,reduce_long,-1,5,4,normal,,"2014/11/27 10:57:03 ""9192"" 減碼多單目前倉位：+4 之前倉位：5 元大(小型台指) 倍數：1, 本次下單：-1 , 帳戶實際倉位：4 , 總倉位：4 TCA"
149eeeca1154e924,2014/11/27 9:45:25,2014/11/27 9:45:02,TCA,元大,9228,add_long,1,4,5,normal,,"2014/11/27 09:45:02 ""9228"" 加碼多單目前倉位：+5 之前倉位：4 元大(小型台指) 倍數：1, 本次下單：1 , 帳戶實際倉位：5 , 總倉位：5 TCA"
149caa8f83651a68,2014/11/20 8:45:11,2014/11/20 8:45:01,TCA,元大,9032,,4,0,4,normal,,"2014/11/20 08:45:01 ""9032"" 多單進場目前倉位：+4 之前倉位：0 元大(小型台指) 倍數：1, 本次下單：0 , 帳戶實際倉位：4 , 總倉位：4 TCA"
149c59d2fe000510,2014/11/19 9:14:11,2014/11/19 9:14:01,TCA,元大,8894,add_long,2,2,4,normal,,"2014/11/19 09:14:01 ""8894"" 加碼多單目前倉位：+4 之前倉位：2 元大(小型台指) 倍數：1, 本次下單：2 , 帳戶實際倉位：4 , 總倉位：4 TCA"
149c0dff85321620,2014/11/18 11:09:03,2014/11/18 11:08:54,TCA,元大,8890,reduce_long,-2,4,2,normal,,"2014/11/18 11:08:54 ""8890"" 減碼多單目前倉位：+2 之前倉位：4 元大(小型台指) 倍數：1, 本次下單：-2 , 帳戶實際倉位：2 , 總倉位：2 TCA"
149c078079a21317,2014/11/18 9:15:31,2014/11/18 9:15:20,TCA,元大,8937,add_long,2,2,4,normal,,"2014/11/18 09:15:20 ""8937"" 加碼多單目前倉位：+4 之前倉位：2 元大(小型台指) 倍數：1, 本次下單：2 , 帳戶實際倉位：4 , 總倉位：4 TCA"
149c05c49997c27c,2014/11/18 8:45:11,2014/11/18 8:45:02,TCA,元大,8953,reduce_long,-2,4,2,normal,,"2014/11/18 08:45:02 ""8953"" 減碼多單目前倉位：+2 之前倉位：4 元大(小型台指) 倍數：1, 本次下單：-2 , 帳戶實際倉位：2 , 總倉位：2 TCA"
149a6b70152c6967,2014/11/13 9:14:09,2014/11/13 9:14:00,TCA,元大,8949,add_long,1,3,4,normal,,"2014/11/13 09:14:00 ""8949"" 加碼多單目前倉位：+4 之前倉位：3 元大(小型台指) 倍數：1, 本次下單：1 , 帳戶實際倉位：4 , 總倉位：4 TCA"
149a69c73609d1c3,2014/11/13 8:45:10,2014/11/13 8:45:00,TCA,元大,8920,reduce_long,-1,4,3,normal,,"2014/11/13 08:45:00 ""8920"" 減碼多單目前倉位：+3 之前倉位：4 元大(小型台指) 倍數：1, 本次下單：-1 , 帳戶實際倉位：3 , 總倉位：3 TCA"
149a1e3f58a70093,2014/11/12 10:45:10,2014/11/12 10:45:00,TCA,元大,8956,reduce_long,-1,5,4,normal,,"2014/11/12 10:45:00 ""8956"" 減碼多單目前倉位：+4 之前倉位：5 元大(小型台指) 倍數：1, 本次下單：-1 , 帳戶實際倉位：4 , 總倉位：4 TCA"
1499c79352e0c98f,2014/11/11 9:30:28,2014/11/11 9:30:18,TCA,元大,9082,add_long,4,1,5,normal,,"2014/11/11 09:30:18 ""9082"" 加碼多單目前倉位：+5 之前倉位：1 元大(小型台指) 倍數：1, 本次下單：0 , 帳戶實際倉位：5 , 總倉位：5 TCA"
149881935ff7515f,2014/11/7 10:33:12,2014/11/7 10:33:02,TCA,元大,8935,add_long,1,3,4,normal,,"2014/11/07 10:33:02 ""8935"" 加碼多單目前倉位：+4 之前倉位：3 元大(小型台指) 倍數：1, 本次下單：1 , 帳戶實際倉位：4 , 總倉位：4 TCA"
1498811f76d76d55,2014/11/7 10:25:17,2014/11/7 10:25:07,TCA,元大,8908,reduce_long,-1,4,3,normal,,"2014/11/07 10:25:07 ""8908"" 減碼多單目前倉位：+3 之前倉位：4 元大(小型台指) 倍數：1, 本次下單：-1 , 帳戶實際倉位：3 , 總倉位：3 TCA"
1498811dbd38610c,2014/11/7 10:25:11,2014/11/7 10:25:01,TCA,元大,8908,add_long,1,3,4,normal,,"2014/11/07 10:25:01 ""8908"" 加碼多單目前倉位：+4 之前倉位：3 元大(小型台指) 倍數：1, 本次下單：1 , 帳戶實際倉位：4 , 總倉位：4 TCA"
1498800474dca2af,2014/11/7 10:05:58,2014/11/7 10:05:48,TCA,元大,8891,reduce_long,-1,4,3,normal,,"2014/11/07 10:05:48 ""8891"" 減碼多單目前倉位：+3 之前倉位：4 元大(小型台指) 倍數：1, 本次下單：-1 , 帳戶實際倉位：3 , 總倉位：3 TCA"
14987eb65cd3d90c,2014/11/7 9:43:10,2014/11/7 9:43:00,TCA,元大,8894,add_long,1,3,4,normal,,"2014/11/07 09:43:00 ""8894"" 加碼多單目前倉位：+4 之前倉位：3 元大(小型台指) 倍數：1, 本次下單：1 , 帳戶實際倉位：4 , 總倉位：4 TCA"
14987b66a3e31aae,2014/11/7 8:45:10,2014/11/7 8:45:01,TCA,元大,8925,reduce_long,-1,4,3,normal,,"2014/11/07 08:45:01 ""8925"" 減碼多單目前倉位：+3 之前倉位：4 元大(小型台指) 倍數：1, 本次下單：-1 , 帳戶實際倉位：3 , 總倉位：3 TCA"
149834d5b0ea0159,2014/11/6 12:12:03,2014/11/6 12:11:53,TCA,元大,8937,reduce_long,-1,5,4,normal,,"2014/11/06 12:11:53 ""8937"" 減碼多單目前倉位：+4 之前倉位：5 元大(小型台指) 倍數：1, 本次下單：-1 , 帳戶實際倉位：4 , 總倉位：4 TCA"
14964b1746f878b7,2014/10/31 13:33:10,2014/10/31 13:33:00,TCA,元大,8965,add_long,1,4,5,normal,,"2014/10/31 13:33:00 ""8965"" 加碼多單目前倉位：+5 之前倉位：4 元大(小型台指) 倍數：1, 本次下單：1 , 帳戶實際倉位：5 , 總倉位：5 TCA"
14964b10231b8e26,2014/10/31 13:32:40,2014/10/31 13:32:30,TCA,元大,8965,reduce_long,-1,5,4,normal,,"2014/10/31 13:32:30 ""8965"" 減碼多單目前倉位：+4 之前倉位：5 元大(小型台指) 倍數：1, 本次下單：-1 , 帳戶實際倉位：4 , 總倉位：4 TCA"
149649b7aca88544,2014/10/31 13:09:09,2014/10/31 13:08:59,TCA,元大,8930,add_long,1,4,5,normal,,"2014/10/31 13:08:59 ""8930"" 加碼多單目前倉位：+5 之前倉位：4 元大(小型台指) 倍數：1, 本次下單：1 , 帳戶實際倉位：5 , 總倉位：5 TCA"
1496498bc9cef815,2014/10/31 13:06:10,2014/10/31 13:06:00,TCA,元大,8930,add_long,1,4,5,normal,,"2014/10/31 13:06:00 ""8930"" 加碼多單目前倉位：+5 之前倉位：4 元大(小型台指) 倍數：1, 本次下單：1 , 帳戶實際倉位：5 , 總倉位：5 TCA"
1496463a41fe82d1,2014/10/31 12:08:10,2014/10/31 12:08:00,TCA,元大,8904,reduce_long,-1,5,4,normal,,"2014/10/31 12:08:00 ""8904"" 減碼多單目前倉位：+4 之前倉位：5 元大(小型台指) 倍數：1, 本次下單：-1 , 帳戶實際倉位：4 , 總倉位：4 TCA"
1496460e77aa37a7,2014/10/31 12:05:11,2014/10/31 12:05:01,TCA,元大,8903,add_long,1,4,5,normal,,"2014/10/31 12:05:01 ""8903"" 加碼多單目前倉位：+5 之前倉位：4 元大(小型台指) 倍數：1, 本次下單：1 , 帳戶實際倉位：5 , 總倉位：5 TCA"
1496414029ec38f4,2014/10/31 10:41:11,2014/10/31 10:41:00,TCA,元大,8883,reduce_long,-1,5,4,normal,,"2014/10/31 10:41:00 ""8883"" 減碼多單目前倉位：+4 之前倉位：5 元大(小型台指) 倍數：1, 本次下單：-1 , 帳戶實際倉位：4 , 總倉位：4 TCA"
14964055614e8c72,2014/10/31 10:25:10,2014/10/31 10:25:00,TCA,元大,8885,add_long,1,4,5,normal,,"2014/10/31 10:25:00 ""8885"" 加碼多單目前倉位：+5 之前倉位：4 元大(小型台指) 倍數：1, 本次下單：1 , 帳戶實際倉位：5 , 總倉位：5 TCA"
14963f6b66c287e2,2014/10/31 10:09:11,2014/10/31 10:09:00,TCA,元大,8906,reduce_long,-1,5,4,normal,,"2014/10/31 10:09:00 ""8906"" 減碼多單目前倉位：+4 之前倉位：5 元大(小型台指) 倍數：1, 本次下單：-1 , 帳戶實際倉位：4 , 總倉位：4 TCA"
14963ee77f174fe4,2014/10/31 10:00:11,2014/10/31 10:00:00,TCA,元大,8912,add_long,1,4,5,normal,,"2014/10/31 10:00:00 ""8912"" 加碼多單目前倉位：+5 之前倉位：4 元大(小型台指) 倍數：1, 本次下單：1 , 帳戶實際倉位：5 , 總倉位：5 TCA"
14963ebd0777ffe2,2014/10/31 9:57:17,2014/10/31 9:57:01,TCA,元大,8913,reduce_long,-1,5,4,normal,,"2014/10/31 09:57:01 ""8913"" 減碼多單目前倉位：+4 之前倉位：5 元大(小型台指) 倍數：1, 本次下單：-1 , 帳戶實際倉位：4 , 總倉位：4 TCA"
14963e0b80daacba,2014/10/31 9:45:10,2014/10/31 9:45:00,TCA,元大,8917,add_long,1,4,5,normal,,"2014/10/31 09:45:00 ""8917"" 加碼多單目前倉位：+5 之前倉位：4 元大(小型台指) 倍數：1, 本次下單：1 , 帳戶實際倉位：5 , 總倉位：5 TCA"
149595d1966c26f3,2014/10/29 8:45:11,2014/10/29 8:45:00,TCA,元大,8833,add_long,2,2,4,normal,,"2014/10/29 08:45:00 ""8833"" 加碼多單目前倉位：+4 之前倉位：2 元大(小型台指) 倍數：1, 本次下單：2 , 帳戶實際倉位：4 , 總倉位：4 TCA"
149546f139ad4435,2014/10/28 9:46:43,2014/10/28 9:46:34,TCA,元大,8773,short_to_long,6,-4,2,normal,,"2014/10/28 09:46:34 ""8773"" 空翻多目前倉位：+2 之前倉位：-4 元大(小型台指) 倍數：1, 本次下單：6 , 帳戶實際倉位：2 , 總倉位：2 TCA"
14940320c291722f,2014/10/24 11:27:41,2014/10/24 11:27:31,TCA,元大,8628,add_short,-1,-3,-4,normal,,"2014/10/24 11:27:31 ""8628"" 加碼空單目前倉位：-4 之前倉位：-3 元大(小型台指) 倍數：1, 本次下單：-1 , 帳戶實際倉位：-4 , 總倉位：-4"
1493fbde3013c009,2014/10/24 9:20:47,2014/10/24 9:20:37,TCA,元大,8643,add_short,-1,-2,-3,normal,,"2014/10/24 09:20:37 ""8643"" 加碼空單目前倉位：-3 之前倉位：-2 元大(小型台指) 倍數：1, 本次下單：-1 , 帳戶實際倉位：-3 , 總倉位：-3"
1493fbd9c88d93ea,2014/10/24 9:20:30,2014/10/24 9:20:20,TCA,元大,8653,add_short,-1,-1,-2,normal,,"2014/10/24 09:20:20 ""8653"" 加碼空單目前倉位：-2 之前倉位：-1 元大(小型台指) 倍數：1, 本次下單：-1 , 帳戶實際倉位：-2 , 總倉位：-2"
1493b2d196e03997,2014/10/23 12:04:09,2014/10/23 12:03:59,TCA,元大,8727,reduce_short,1,-2,-1,normal,,"2014/10/23 12:03:59 ""8727"" 減碼空單目前倉位：-1 之前倉位：-2 元大(小型台指) 倍數：1, 本次下單：1 , 帳戶實際倉位：-1 , 總倉位：-1"
1493b16a9df078f8,2014/10/23 11:39:38,2014/10/23 11:39:29,TCA,元大,8717,add_short,-1,-1,-2,normal,,"2014/10/23 11:39:29 ""8717"" 加碼空單目前倉位：-2 之前倉位：-1 元大(小型台指) 倍數：1, 本次下單：-1 , 帳戶實際倉位：-2 , 總倉位：-2"
1493ad2be526d321,2014/10/23 10:25:23,2014/10/23 10:25:13,TCA,元大,8708,,-1,0,-1,normal,,"2014/10/23 10:25:13 ""8708"" 空單進場目前倉位：-1 之前倉位：0 元大(小型台指) 倍數：1, 本次下單：-1 , 帳戶實際倉位：-1 , 總倉位：-1"
1493aafeb2f1690d,2014/10/23 9:47:25,2014/10/23 9:47:15,TCA,元大,8734,close_long,-1,1,0,normal,,"2014/10/23 09:47:15 ""8734"" 多單平倉目前倉位：0 之前倉位：1 元大(小型台指) 倍數：1, 本次下單：-1 , 帳戶實際倉位：0 , 總倉位：0 TCA"
1493a76eaad84ad5,2014/10/23 8:45:10,2014/10/23 8:45:00,TCA,元大,8732,short_to_long,5,-4,1,normal,,"2014/10/23 08:45:00 ""8732"" 空翻多目前倉位：+1 之前倉位：-4 元大(小型台指) 倍數：1, 本次下單：5 , 帳戶實際倉位：1 , 總倉位：1 TCA"
149355b9190f0637,2014/10/22 8:57:11,2014/10/22 8:57:01,TCA,元大,8735,add_short,-1,-4,-5,normal,,"2014/10/22 08:57:01 ""8735"" 加碼空單目前倉位：-5 之前倉位：-4 元大(小型台指) 倍數：1, 本次下單：-1 , 帳戶實際倉位：-5 , 總倉位：-5"
1492bd1f066beb75,2014/10/20 12:30:18,2014/10/20 12:30:08,TCA,元大,8668,add_short,-1,-3,-4,normal,,"2014/10/20 12:30:08 ""8668"" 加碼空單目前倉位：-4 之前倉位：-3 元大(小型台指) 倍數：1, 本次下單：-1 , 帳戶實際倉位：-4 , 總倉位：-4"
1492bd19a229f599,2014/10/20 12:29:56,2014/10/20 12:29:46,TCA,元大,8652,reduce_short,1,-4,-3,normal,,"2014/10/20 12:29:46 ""8652"" 減碼空單目前倉位：-3 之前倉位：-4 元大(小型台指) 倍數：1, 本次下單：1 , 帳戶實際倉位：-3 , 總倉位：-3"
1492b3ac4fae04ce,2014/10/20 9:45:11,2014/10/20 9:45:01,TCA,元大,8628,reduce_short,1,-5,-4,normal,,"2014/10/20 09:45:01 ""8628"" 減碼空單目前倉位：-4 之前倉位：-5 元大(小型台指) 倍數：1, 本次下單：0 , 帳戶實際倉位：-4 , 總倉位：-4"
1490d272c291c205,2014/10/14 13:35:08,2014/10/14 13:34:58,SEC,元大,8756,reduce_short,1,-4,-3,normal,,"2014/10/14 13:34:58 ""8756"" 減碼空單目前倉位：-3 之前倉位：-4 元大(小型台指) 倍數：1, 本次下單：1 , 帳戶實際倉位：-3 , 總倉位：-3"
1490d0f5e7ef2336,2014/10/14 13:09:08,2014/10/14 13:08:59,SEC,元大,8742,reduce_short,1,-5,-4,normal,,"2014/10/14 13:08:59 ""8742"" 減碼空單目前倉位：-4 之前倉位：-5 元大(小型台指) 倍數：1, 本次下單：1 , 帳戶實際倉位：-4 , 總倉位：-4"
1490ccd911b8067b,2014/10/14 11:57:16,2014/10/14 11:57:06,SEC,元大,8735,reduce_short,1,-5,-4,normal,,"2014/10/14 11:57:06 ""8735"" 減碼空單目前倉位：-4 之前倉位：-5 元大(小型台指) 倍數：1, 本次下單：1 , 帳戶實際倉位：-4 , 總倉位：-4"
1490cb77a448444e,2014/10/14 11:33:08,2014/10/14 11:32:59,SEC,元大,8726,add_short,-1,-4,-5,normal,,"2014/10/14 11:32:59 ""8726"" 加碼空單目前倉位：-5 之前倉位：-4 元大(小型台指) 倍數：1, 本次下單：-1 , 帳戶實際倉位：-5 , 總倉位：-5"
1490ca187d3a56bd,2014/10/14 11:09:09,2014/10/14 11:09:00,SEC,元大,8743,add_short,-1,-3,-4,normal,,"2014/10/14 11:09:00 ""8743"" 加碼空單目前倉位：-4 之前倉位：-3 元大(小型台指) 倍數：1, 本次下單：-1 , 帳戶實際倉位：-4 , 總倉位：-4"
1490c8b8f474e081,2014/10/14 10:45:09,2014/10/14 10:44:58,SEC,元大,8749,reduce_short,1,-4,-3,normal,,"2014/10/14 10:44:58 ""8749"" 減碼空單目前倉位：-3 之前倉位：-4 元大(小型台指) 倍數：1, 本次下單：1 , 帳戶實際倉位：-3 , 總倉位：-3"
1490c76574db540a,2014/10/14 10:21:09,2014/10/14 10:20:59,SEC,元大,8740,reduce_short,1,-5,-4,normal,,"2014/10/14 10:20:59 ""8740"" 減碼空單目前倉位：-4 之前倉位：-5 元大(小型台指) 倍數：1, 本次下單：1 , 帳戶實際倉位：-4 , 總倉位：-4"
149075fbdd334315,2014/10/13 10:39:14,2014/10/13 10:39:04,SEC,元大,8762,add_short,-2,-1,-3,normal,,"2014/10/13 10:39:04 ""8762"" 加碼空單目前倉位：-3 之前倉位：-1 元大(小型台指) 倍數：1, 本次下單：-2 , 帳戶實際倉位：-3 , 總倉位：-3"
14907393d0dbc43e,2014/10/13 9:57:11,2014/10/13 9:57:01,SEC,元大,8792,,-1,0,-1,normal,,"2014/10/13 09:57:01 ""8792"" 空單進場目前倉位：-1 之前倉位：0 元大(小型台指) 倍數：1, 本次下單：-1 , 帳戶實際倉位：-1 , 總倉位：-1"
149070d6391981c2,2014/10/13 9:09:17,2014/10/13 9:09:08,SEC,元大,8781,close_long,-1,1,0,normal,,"2014/10/13 09:09:08 ""8781"" 多單平倉目前倉位：0 之前倉位：1 元大(小型台指) 倍數：1, 本次下單：-1 , 帳戶實際倉位：0 , 總倉位：0 MIX"
149070d51d261c1e,2014/10/13 9:09:12,2014/10/13 9:09:01,SEC,元大,8780,,1,0,1,normal,,"2014/10/13 09:09:01 ""8780"" 多單進場目前倉位：+1 之前倉位：0 元大(小型台指) 倍數：1, 本次下單：1 , 帳戶實際倉位：1 , 總倉位：1 MIX"
148f278a31d08c0b,2014/10/9 9:14:20,2014/10/9 9:14:11,SEC,元大,9028,close_short,2,-2,0,normal,,"2014/10/09 09:14:11 ""9028"" 空單平倉目前倉位：0 之前倉位：-2 元大(小型台指) 倍數：1, 本次下單：2 , 帳戶實際倉位：0 , 總倉位：0 MIX"
148f278718429cbd,2014/10/9 9:14:14,2014/10/9 9:14:04,SEC,元大,9032,reduce_short,1,-3,-2,normal,,"2014/10/09 09:14:04 ""9032"" 減碼空單目前倉位：-2 之前倉位：-3 元大(小型台指) 倍數：1, 本次下單：1 , 帳戶實際倉位：-2 , 總倉位：-2"
148ee41023d631cf,2014/10/8 13:35:11,2014/10/8 13:35:01,SEC,元大,8960,add_short,-1,-2,-3,normal,,"2014/10/08 13:35:01 ""8960"" 加碼空單目前倉位：-3 之前倉位：-2 元大(小型台指) 倍數：1, 本次下單：-1 , 帳戶實際倉位：-3 , 總倉位：-3"
148ee383426d7406,2014/10/8 13:25:33,2014/10/8 13:25:24,SEC,元大,8980,,-2,0,-2,normal,,"2014/10/08 13:25:24 ""8980"" 空單進場目前倉位：-2 之前倉位：0 元大(小型台指) 倍數：1, 本次下單：-2 , 帳戶實際倉位：-2 , 總倉位：-2"
148ee1348cd58c8b,2014/10/8 12:45:13,2014/10/8 12:45:02,SEC,元大,9003,close_long,-1,1,0,normal,,"2014/10/08 12:45:02 ""9003"" 多單平倉目前倉位：0 之前倉位：1 元大(小型台指) 倍數：1, 本次下單：-1 , 帳戶實際倉位：0 , 總倉位：0 MIX"
148eddc52ba68c66,2014/10/8 11:45:12,2014/10/8 11:45:03,SEC,元大,9022,,1,0,1,normal,,"2014/10/08 11:45:03 ""9022"" 多單進場目前倉位：+1 之前倉位：0 元大(小型台指) 倍數：1, 本次下單：1 , 帳戶實際倉位：1 , 總倉位：1 MIX"
148ed378e7495320,2014/10/8 8:45:14,2014/10/8 8:45:03,SEC,元大,8985,close_long,-1,1,0,normal,,"2014/10/08 08:45:03 ""8985"" 多單平倉目前倉位：0 之前倉位：1 元大(小型台指) 倍數：1, 本次下單：-1 , 帳戶實際倉位：0 , 總倉位：0 MIX"
148e8f740358102a,2014/10/7 12:56:28,2014/10/7 12:56:18,SEC,元大,9002,,1,0,1,normal,,"2014/10/07 12:56:18 ""9002"" 多單進場目前倉位：+1 之前倉位：0 元大(小型台指) 倍數：1, 本次下單：1 , 帳戶實際倉位：1 , 總倉位：1 MIX"
148e8f72787687a4,2014/10/7 12:56:21,2014/10/7 12:56:12,SEC,元大,9000,close_long,-1,1,0,normal,,"2014/10/07 12:56:12 ""9000"" 多單平倉目前倉位：0 之前倉位：1 元大(小型台指) 倍數：1, 本次下單：-1 , 帳戶實際倉位：0 , 總倉位：0 MIX"
148e8f70f3fabd63,2014/10/7 12:56:15,2014/10/7 12:56:06,SEC,元大,9001,,1,0,1,normal,,"2014/10/07 12:56:06 ""9001"" 多單進場目前倉位：+1 之前倉位：0 元大(小型台指) 倍數：1, 本次下單：1 , 帳戶實際倉位：1 , 總倉位：1 MIX"
148e8f6f88efc9a6,2014/10/7 12:56:09,2014/10/7 12:56:00,SEC,元大,9000,close_long,-1,1,0,normal,,"2014/10/07 12:56:00 ""9000"" 多單平倉目前倉位：0 之前倉位：1 元大(小型台指) 倍數：1, 本次下單：-1 , 帳戶實際倉位：0 , 總倉位：0 MIX"
148e8f6cae82d200,2014/10/7 12:55:58,2014/10/7 12:55:48,SEC,元大,9001,,1,0,1,normal,,"2014/10/07 12:55:48 ""9001"" 多單進場目前倉位：+1 之前倉位：0 元大(小型台指) 倍數：1, 本次下單：1 , 帳戶實際倉位：1 , 總倉位：1 MIX"
148e8f6b3ef061e2,2014/10/7 12:55:52,2014/10/7 12:55:42,SEC,元大,9000,close_long,-1,1,0,normal,,"2014/10/07 12:55:42 ""9000"" 多單平倉目前倉位：0 之前倉位：1 元大(小型台指) 倍數：1, 本次下單：-1 , 帳戶實際倉位：0 , 總倉位：0 MIX"
148e8f5c34bb3fa1,2014/10/7 12:54:50,2014/10/7 12:54:41,SEC,元大,9002,,1,0,1,normal,,"2014/10/07 12:54:41 ""9002"" 多單進場目前倉位：+1 之前倉位：0 元大(小型台指) 倍數：1, 本次下單：1 , 帳戶實際倉位：1 , 總倉位：1 MIX"
148e8f5aca3852a0,2014/10/7 12:54:44,2014/10/7 12:54:35,SEC,元大,9000,close_long,-1,1,0,normal,,"2014/10/07 12:54:35 ""9000"" 多單平倉目前倉位：0 之前倉位：1 元大(小型台指) 倍數：1, 本次下單：-1 , 帳戶實際倉位：0 , 總倉位：0 MIX"
148e8f51afcccbf2,2014/10/7 12:54:07,2014/10/7 12:53:58,SEC,元大,9001,,1,0,1,normal,,"2014/10/07 12:53:58 ""9001"" 多單進場目前倉位：+1 之前倉位：0 元大(小型台指) 倍數：1, 本次下單：1 , 帳戶實際倉位：1 , 總倉位：1 MIX"
148e8f4d69a2630d,2014/10/7 12:53:49,2014/10/7 12:53:40,SEC,元大,9000,close_long,-1,1,0,normal,,"2014/10/07 12:53:40 ""9000"" 多單平倉目前倉位：0 之前倉位：1 元大(小型台指) 倍數：1, 本次下單：-1 , 帳戶實際倉位：0 , 總倉位：0 MIX"
148e8690cf0538c1,2014/10/7 10:21:08,2014/10/7 10:20:59,SEC,元大,9031,,1,0,1,normal,,"2014/10/07 10:20:59 ""9031"" 多單進場目前倉位：+1 之前倉位：0 元大(小型台指) 倍數：1, 本次下單：1 , 帳戶實際倉位：1 , 總倉位：1 MIX"
148e8481d82a73c8,2014/10/7 9:45:09,2014/10/7 9:44:59,SEC,元大,8997,close_long,-1,1,0,normal,,"2014/10/07 09:44:59 ""8997"" 多單平倉目前倉位：0 之前倉位：1 元大(小型台指) 倍數：1, 本次下單：-1 , 帳戶實際倉位：0 , 總倉位：0 MIX"
148d3e594e350865,2014/10/3 10:45:14,2014/10/3 10:45:05,SEC,元大,9063,add_long,1,4,5,normal,,"2014/10/03 10:45:05 ""9063"" 加碼多單目前倉位：+5 之前倉位：4 元大(小型台指) 倍數：1, 本次下單：1 , 帳戶實際倉位：5 , 總倉位：5 MIX"
148d3c761db1c0e6,2014/10/3 10:12:14,2014/10/3 10:12:04,SEC,元大,9044,add_long,1,3,4,normal,,"2014/10/03 10:12:04 ""9044"" 加碼多單目前倉位：+4 之前倉位：3 元大(小型台指) 倍數：1, 本次下單：1 , 帳戶實際倉位：4 , 總倉位：4 MIX"
148d39242895c8cd,2014/10/3 9:14:14,2014/10/3 9:14:04,SEC,元大,9033,add_long,1,2,3,normal,,"2014/10/03 09:14:04 ""9033"" 加碼多單目前倉位：+3 之前倉位：2 元大(小型台指) 倍數：1, 本次下單：1 , 帳戶實際倉位：3 , 總倉位：3 MIX"
148cf4051442dc84,2014/10/2 13:06:12,2014/10/2 13:06:02,SEC,元大,8994,reduce_long,-1,3,2,normal,,"2014/10/02 13:06:02 ""8994"" 減碼多單目前倉位：+2 之前倉位：3 元大(小型台指) 倍數：1, 本次下單：-1 , 帳戶實際倉位：2 , 總倉位：2 MIX"
148cf0b41b27f623,2014/10/2 12:08:14,2014/10/2 12:08:05,SEC,元大,9009,short_to_long,7,-4,3,normal,,"2014/10/02 12:08:05 ""9009"" 空翻多目前倉位：+3 之前倉位：-4 元大(小型台指) 倍數：1, 本次下單：0 , 帳戶實際倉位：-4 , 總倉位：-4"
148c99d7d0218f47,2014/10/1 10:50:13,2014/10/1 10:50:03,SEC,元大,9002,add_short,-1,-3,-4,normal,,"2014/10/01 10:50:03 ""9002"" 加碼空單目前倉位：-4 之前倉位：-3 元大(小型台指) 倍數：1, 本次下單：-1 , 帳戶實際倉位：-4 , 總倉位：-4"
148c50c58b0cf380,2014/9/30 13:33:10,2014/9/30 13:33:00,SEC,元大,8986,add_short,-1,-3,-4,normal,,"2014/09/30 13:33:00 ""8986"" 加碼空單目前倉位：-4 之前倉位：-3 元大(小型台指) 倍數：1, 本次下單：-1 , 帳戶實際倉位：-4 , 總倉位：-4"
148c4e06436c3be1,2014/9/30 12:45:09,2014/9/30 12:44:59,SEC,元大,9004,reduce_short,2,-5,-3,normal,,"2014/09/30 12:44:59 ""9004"" 減碼空單目前倉位：-3 之前倉位：-5 元大(小型台指) 倍數：1, 本次下單：2 , 帳戶實際倉位：-3 , 總倉位：-3"
148bfcffeb879c95,2014/9/29 13:09:11,2014/9/29 13:09:01,SEC,元大,8983,reduce_short,1,-4,-3,normal,,"2014/09/29 13:09:01 ""8983"" 減碼空單目前倉位：-3 之前倉位：-4 元大(小型台指) 倍數：1, 本次下單：1 , 帳戶實際倉位：-3 , 總倉位：-3"
148bf62293add18a,2014/9/29 11:09:13,2014/9/29 11:09:02,SEC,元大,8975,reduce_short,1,-5,-4,normal,,"2014/09/29 11:09:02 ""8975"" 減碼空單目前倉位：-4 之前倉位：-5 元大(小型台指) 倍數：1, 本次下單：1 , 帳戶實際倉位：-4 , 總倉位：-4"
148a5a28031967f6,2014/9/24 11:09:12,2014/9/24 11:09:02,SEC,元大,9115,,1,0,1,normal,,"2014/09/24 11:09:02 ""9115"" 多單進場目前倉位：+1 之前倉位：0 元大(小型台指) 倍數：1, 本次下單：1 , 帳戶實際倉位：1 , 總倉位：1 MIX"
148a5619a6d01352,2014/9/24 9:57:11,2014/9/24 9:57:01,SEC,元大,9105,close_long,-1,1,0,normal,,"2014/09/24 09:57:01 ""9105"" 多單平倉目前倉位：0 之前倉位：1 元大(小型台指) 倍數：1, 本次下單：-1 , 帳戶實際倉位：0 , 總倉位：0 MIX"
148a5348e2e4281b,2014/9/24 9:09:17,2014/9/24 9:09:08,SEC,元大,9129,,1,0,1,normal,,"2014/09/24 09:09:08 ""9129"" 多單進場目前倉位：+1 之前倉位：0 元大(小型台指) 倍數：1, 本次下單：1 , 帳戶實際倉位：1 , 總倉位：1 MIX"
148a53478c3bba97,2014/9/24 9:09:11,2014/9/24 9:09:01,SEC,元大,9130,close_short,3,-3,0,normal,,"2014/09/24 09:09:01 ""9130"" 空單平倉目前倉位：0 之前倉位：-3 元大(小型台指) 倍數：1, 本次下單：3 , 帳戶實際倉位：0 , 總倉位：0 MIX"
148a062567bbc6ca,2014/9/23 10:41:09,2014/9/23 10:41:00,SEC,元大,9127,close_long,-1,1,0,normal,,"2014/09/23 10:41:00 ""9127"" 多單平倉目前倉位：0 之前倉位：1 元大(小型台指) 倍數：1, 本次下單：-1 , 帳戶實際倉位：0 , 總倉位：0 MIX"
148a047c912ff68d,2014/9/23 10:12:09,2014/9/23 10:11:59,SEC,元大,9145,,1,0,1,normal,,"2014/09/23 10:11:59 ""9145"" 多單進場目前倉位：+1 之前倉位：0 元大(小型台指) 倍數：1, 本次下單：1 , 帳戶實際倉位：1 , 總倉位：1 MIX"
1489b08b63253673,2014/9/22 9:45:11,2014/9/22 9:45:00,SEC,元大,9124,close_long,-1,1,0,normal,,"2014/09/22 09:45:00 ""9124"" 多單平倉目前倉位：0 之前倉位：1 元大(小型台指) 倍數：1, 本次下單：-1 , 帳戶實際倉位：0 , 總倉位：0 MIX"
1489afdb94a7470a,2014/9/22 9:33:10,2014/9/22 9:33:00,SEC,元大,9139,reduce_long,-1,2,1,normal,,"2014/09/22 09:33:00 ""9139"" 減碼多單目前倉位：+1 之前倉位：2 元大(小型台指) 倍數：1, 本次下單：-1 , 帳戶實際倉位：1 , 總倉位：1 MIX"
1489aec522742aa4,2014/9/22 9:14:10,2014/9/22 9:14:00,SEC,元大,9157,reduce_long,-1,3,2,normal,,"2014/09/22 09:14:00 ""9157"" 減碼多單目前倉位：+2 之前倉位：3 元大(小型台指) 倍數：1, 本次下單：-1 , 帳戶實際倉位：2 , 總倉位：2 MIX"
1488c6665a2dc4e3,2014/9/19 13:33:15,2014/9/19 13:33:06,SEC,元大,9261,reduce_long,-1,4,3,normal,,"2014/09/19 13:33:06 ""9261"" 減碼多單目前倉位：+3 之前倉位：4 元大(小型台指) 倍數：1, 本次下單：-1 , 帳戶實際倉位：3 , 總倉位：3 MIX"
1488c4da4c74f11b,2014/9/19 13:06:13,2014/9/19 13:06:04,SEC,元大,9282,add_long,1,3,4,normal,,"2014/09/19 13:06:04 ""9282"" 加碼多單目前倉位：+4 之前倉位：3 元大(小型台指) 倍數：1, 本次下單：1 , 帳戶實際倉位：4 , 總倉位：4 MIX"
1488bae56be4c40a,2014/9/19 10:12:14,2014/9/19 10:12:04,SEC,元大,9262,reduce_long,-1,4,3,normal,,"2014/09/19 10:12:04 ""9262"" 減碼多單目前倉位：+3 之前倉位：4 元大(小型台指) 倍數：1, 本次下單：-1 , 帳戶實際倉位：3 , 總倉位：3 MIX"
1488ba361a60a60f,2014/9/19 10:00:15,2014/9/19 10:00:05,SEC,元大,9275,add_long,1,3,4,normal,,"2014/09/19 10:00:05 ""9275"" 加碼多單目前倉位：+4 之前倉位：3 元大(小型台指) 倍數：1, 本次下單：1 , 帳戶實際倉位：4 , 總倉位：4 MIX"
14886d7b213fd747,2014/9/18 11:39:16,2014/9/18 11:39:06,SEC,元大,9231,reduce_long,-1,3,2,normal,,"2014/09/18 11:39:06 ""9231"" 減碼多單目前倉位：+2 之前倉位：3 元大(小型台指) 倍數：1, 本次下單：-1 , 帳戶實際倉位：2 , 總倉位：2 MIX"
14886880b5996ad9,2014/9/18 10:12:11,2014/9/18 10:12:02,SEC,元大,9242,add_long,1,2,3,normal,,"2014/09/18 10:12:02 ""9242"" 加碼多單目前倉位：+3 之前倉位：2 元大(小型台指) 倍數：1, 本次下單：1 , 帳戶實際倉位：3 , 總倉位：3 MIX"
148866d6df14f44d,2014/9/18 9:43:11,2014/9/18 9:43:01,SEC,元大,9221,reduce_long,-1,3,2,normal,,"2014/09/18 09:43:01 ""9221"" 減碼多單目前倉位：+2 之前倉位：3 元大(小型台指) 倍數：1, 本次下單：-1 , 帳戶實際倉位：2 , 總倉位：2 MIX"
1488652e6533f24d,2014/9/18 9:14:13,2014/9/18 9:14:03,SEC,元大,9261,add_long,1,2,3,normal,,"2014/09/18 09:14:03 ""9261"" 加碼多單目前倉位：+3 之前倉位：2 元大(小型台指) 倍數：1, 本次下單：1 , 帳戶實際倉位：3 , 總倉位：3 MIX"
148817fdc890f266,2014/9/17 10:45:11,2014/9/17 10:45:02,SEC,元大,9234,add_short,-1,-2,-3,normal,,"2014/09/17 10:45:02 ""9234"" 加碼空單目前倉位：-3 之前倉位：-2 元大(小型台指) 倍數：1, 本次下單：-1 , 帳戶實際倉位：-3 , 總倉位：-3"
14881491ba890d2b,2014/9/17 9:45:22,2014/9/17 9:45:12,SEC,元大,9225,reduce_short,3,-5,-2,normal,,"2014/09/17 09:45:12 ""9225"" 減碼空單目前倉位：-2 之前倉位：-5 元大(小型台指) 倍數：1, 本次下單：3 , 帳戶實際倉位：-2 , 總倉位：-2"
14877cec09a658f2,2014/9/15 13:35:10,2014/9/15 13:35:01,SEC,元大,9219,reduce_short,1,-4,-3,normal,,"2014/09/15 13:35:01 ""9219"" 減碼空單目前倉位：-3 之前倉位：-4 元大(小型台指) 倍數：1, 本次下單：1 , 帳戶實際倉位：-3 , 總倉位：-3"
1487799bd9a812a2,2014/9/15 12:37:16,2014/9/15 12:37:06,SEC,元大,9217,add_short,-1,-3,-4,normal,,"2014/09/15 12:37:06 ""9217"" 加碼空單目前倉位：-4 之前倉位：-3 元大(小型台指) 倍數：1, 本次下單：-1 , 帳戶實際倉位：-4 , 總倉位：-4"
14877648c671d230,2014/9/15 11:39:10,2014/9/15 11:39:01,SEC,元大,9230,reduce_short,1,-4,-3,normal,,"2014/09/15 11:39:01 ""9230"" 減碼空單目前倉位：-3 之前倉位：-4 元大(小型台指) 倍數：1, 本次下單：1 , 帳戶實際倉位：-3 , 總倉位：-3"
148774a354d74737,2014/9/15 11:10:24,2014/9/15 11:10:14,SEC,元大,9218,add_short,-1,-3,-4,normal,,"2014/09/15 11:10:14 ""9218"" 加碼空單目前倉位：-4 之前倉位：-3 元大(小型台指) 倍數：1, 本次下單：-1 , 帳戶實際倉位：-4 , 總倉位：-4"
14877331cc2a98f9,2014/9/15 10:45:10,2014/9/15 10:45:01,SEC,元大,9221,reduce_short,1,-4,-3,normal,,"2014/09/15 10:45:01 ""9221"" 減碼空單目前倉位：-3 之前倉位：-4 元大(小型台指) 倍數：1, 本次下單：1 , 帳戶實際倉位：-3 , 總倉位：-3"
14876dc251c58920,2014/9/15 9:10:11,2014/9/15 9:10:02,SEC,元大,9223,reduce_short,1,-4,-3,normal,,"2014/09/15 09:10:02 ""9223"" 減碼空單目前倉位：-3 之前倉位：-4 元大(小型台指) 倍數：1, 本次下單：1 , 帳戶實際倉位：-3 , 總倉位：-3"
14876db3d023e49a,2014/9/15 9:09:11,2014/9/15 9:09:01,SEC,元大,9216,reduce_short,1,-5,-4,normal,,"2014/09/15 09:09:01 ""9216"" 減碼空單目前倉位：-4 之前倉位：-5 元大(小型台指) 倍數：1, 本次下單：1 , 帳戶實際倉位：-4 , 總倉位：-4"
1485d200d2277951,2014/9/10 9:14:12,2014/9/10 9:14:02,SEC,元大,9385,add_short,-1,-2,-3,normal,,"2014/09/10 09:14:02 ""9385"" 加碼空單目前倉位：-3 之前倉位：-2 元大(小型台指) 倍數：1, 本次下單：-1 , 帳戶實際倉位：-3 , 總倉位：-3"
1485816072811f6d,2014/9/9 9:45:10,2014/9/9 9:45:00,SEC,元大,9466,reduce_short,1,-2,-1,normal,,"2014/09/09 09:45:00 ""9466"" 減碼空單目前倉位：-1 之前倉位：-2 元大(小型台指) 倍數：1, 本次下單：1 , 帳戶實際倉位：-1 , 總倉位：-1"
148444f27679ce16,2014/9/5 13:35:12,2014/9/5 13:35:03,SEC,元大,9410,reduce_short,1,-3,-2,normal,,"2014/09/05 13:35:03 ""9410"" 減碼空單目前倉位：-2 之前倉位：-3 元大(小型台指) 倍數：1, 本次下單：1 , 帳戶實際倉位：-2 , 總倉位：-2"
14843afdfaa19480,2014/9/5 10:41:14,2014/9/5 10:41:03,SEC,元大,9392,add_short,-1,-2,-3,normal,,"2014/09/05 10:41:03 ""9392"" 加碼空單目前倉位：-3 之前倉位：-2 元大(小型台指) 倍數：1, 本次下單：-1 , 帳戶實際倉位：-3 , 總倉位：-3"
1483e563cc1740f4,2014/9/4 9:45:12,2014/9/4 9:45:01,SEC,元大,9428,add_short,-1,-1,-2,normal,,"2014/09/04 09:45:01 ""9428"" 加碼空單目前倉位：-2 之前倉位：-1 元大(小型台指) 倍數：1, 本次下單：-1 , 帳戶實際倉位：-2 , 總倉位：-2"
1483950df47aa8b0,2014/9/3 10:21:12,2014/9/3 10:21:02,SEC,元大,9474,reduce_short,1,-2,-1,normal,,"2014/09/03 10:21:02 ""9474"" 減碼空單目前倉位：-1 之前倉位：-2 元大(小型台指) 倍數：1, 本次下單：1 , 帳戶實際倉位：-1 , 總倉位：-1"
148348ca711fff62,2014/9/2 12:08:23,2014/9/2 12:08:14,SEC,元大,9418,long_to_short,-5,3,-2,normal,,"2014/09/02 12:08:14 ""9418"" 多翻空目前倉位：-2 之前倉位：3 元大(小型台指) 倍數：1, 本次下單：-5 , 帳戶實際倉位：-2 , 總倉位：-2"
1483414827d6bda7,2014/9/2 9:57:08,2014/9/2 9:56:59,SEC,元大,9442,reduce_long,-1,4,3,normal,,"2014/09/02 09:56:59 ""9442"" 減碼多單目前倉位：+3 之前倉位：4 元大(小型台指) 倍數：1, 本次下單：-1 , 帳戶實際倉位：3 , 總倉位：3 MIX"
148340a576bb8b9c,2014/9/2 9:46:01,2014/9/2 9:45:51,SEC,元大,9462,reduce_long,-1,5,4,normal,,"2014/09/02 09:45:51 ""9462"" 減碼多單目前倉位：+4 之前倉位：5 元大(小型台指) 倍數：1, 本次下單：-1 , 帳戶實際倉位：4 , 總倉位：4 MIX"
14810223667a8328,2014/8/26 10:25:50,2014/8/26 10:25:39,SEC,元大,9391,add_long,1,4,5,normal,,"2014/08/26 10:25:39 ""9391"" 加碼多單目前倉位：+5 之前倉位：4 元大(小型台指) 倍數：1, 本次下單：0 , 帳戶實際倉位：5 , 總倉位：5 MIX"
147fb639b858f6d0,2014/8/22 9:45:13,2014/8/22 9:45:02,SEC,元大,9337,add_long,2,3,5,normal,,"2014/08/22 09:45:02 ""9337"" 加碼多單目前倉位：+5 之前倉位：3 元大(小型台指) 倍數：1, 本次下單：0 , 帳戶實際倉位：2 , 總倉位：2 MIX"
147f6c1061475cfd,2014/8/21 12:09:16,2014/8/21 12:09:07,SEC,元大,9223,add_long,1,1,2,normal,,"2014/08/21 12:09:07 ""9223"" 加碼多單目前倉位：+2 之前倉位：1 元大(小型台指) 倍數：1, 本次下單：1 , 帳戶實際倉位：2 , 總倉位：2 MIX"
147f6ab11ba94ad9,2014/8/21 11:45:17,2014/8/21 11:45:07,SEC,元大,9209,reduce_long,-1,2,1,normal,,"2014/08/21 11:45:07 ""9209"" 減碼多單目前倉位：+1 之前倉位：2 元大(小型台指) 倍數：1, 本次下單：-1 , 帳戶實際倉位：1 , 總倉位：1 MIX"
147f68370cfa7b6a,2014/8/21 11:02:00,2014/8/21 11:01:48,SEC,元大,9235,add_long,1,1,2,normal,,"2014/08/21 11:01:48 ""9235"" 加碼多單目前倉位：+2 之前倉位：1 元大(小型台指) 倍數：1, 本次下單：1 , 帳戶實際倉位：2 , 總倉位：2 MIX"
147ec711edf5c8d6,2014/8/19 12:05:38,2014/8/19 12:05:29,SEC,元大,9236,add_long,1,1,2,normal,,"2014/08/19 12:05:29 ""9236"" 加碼多單目前倉位：+2 之前倉位：1 元大(小型台指) 倍數：1, 本次下單：3 , 帳戶實際倉位：2 , 總倉位：2 MIX"
147ebe582af7b1fe,2014/8/19 9:33:12,2014/8/19 9:33:01,SEC,元大,9204,short_to_long,2,-1,1,normal,,"2014/08/19 09:33:01 ""9204"" 空翻多目前倉位：+1 之前倉位：-1 元大(小型台指) 倍數：1, 本次下單：0 , 帳戶實際倉位：-1 , 總倉位：-1"
147e69333b173107,2014/8/18 8:45:09,2014/8/18 8:44:59,SEC,元大,9212,,-1,0,-1,normal,,"2014/08/18 08:44:59 ""9212"" 空單進場目前倉位：-1 之前倉位：0 元大(小型台指) 倍數：1, 本次下單：-2 , 帳戶實際倉位：-1 , 總倉位：-1"
147d7b9eb9457064,2014/8/15 11:33:15,2014/8/15 11:33:06,SEC,元大,9210,short_to_long,2,-1,1,normal,,"2014/08/15 11:33:06 ""9210"" 空翻多目前倉位：+1 之前倉位：-1 元大(小型台指) 倍數：1, 本次下單：2 , 帳戶實際倉位：1 , 總倉位：1 MIX"
147d76ee7f78fdd0,2014/8/15 10:10:49,2014/8/15 10:10:37,SEC,元大,9154,,-1,0,-1,normal,,"2014/08/15 10:10:37 ""9154"" 空單進場目前倉位：-1 之前倉位：0 元大(小型台指) 倍數：1, 本次下單：-1 , 帳戶實際倉位：-1 , 總倉位：-1"
147cdd155e2396cf,2014/8/13 13:22:19,2014/8/13 13:22:10,SEC,元大,9202,,2,0,2,normal,,"2014/08/13 13:22:10 ""9202"" 多單進場目前倉位：+2 之前倉位：0 元大(小型台指) 倍數：1, 本次下單：2 , 帳戶實際倉位：2 , 總倉位：2 MIX"
147cce98da759f8f,2014/8/13 9:09:12,2014/8/13 9:09:02,SEC,元大,9129,close_short,1,-1,0,normal,,"2014/08/13 09:09:02 ""9129"" 空單平倉目前倉位：0 之前倉位：-1 元大(小型台指) 倍數：1, 本次下單：1 , 帳戶實際倉位：0 , 總倉位：0 MIX"
147c846e28f1a35d,2014/8/12 11:33:10,2014/8/12 11:33:00,SEC,元大,9131,close_short,1,-1,0,normal,,"2014/08/12 11:33:00 ""9131"" 空單平倉目前倉位：0 之前倉位：-1 元大(小型台指) 倍數：1, 本次下單：0 , 帳戶實際倉位：-1 , 總倉位：-1"
147c7ae02eb7ceba,2014/8/12 8:45:08,2014/8/12 8:44:58,SEC,元大,9152,,-1,0,-1,normal,,"2014/08/12 08:44:58 ""9152"" 空單進場目前倉位：-1 之前倉位：0 元大(小型台指) 倍數：1, 本次下單：0 , 帳戶實際倉位：-1 , 總倉位：-1"
147c2dfd2b89e449,2014/8/11 10:22:12,2014/8/11 10:22:02,SEC,元大,9152,reduce_short,2,-3,-1,normal,,"2014/08/11 10:22:02 ""9152"" 減碼空單目前倉位：-1 之前倉位：-3 元大(小型台指) 倍數：1, 本次下單：1 , 帳戶實際倉位：-1 , 總倉位：-1"
147c28803988e162,2014/8/11 8:45:10,2014/8/11 8:45:01,SEC,元大,9132,,-3,0,-3,normal,,"2014/08/11 08:45:01 ""9132"" 空單進場目前倉位：-3 之前倉位：0 元大(小型台指) 倍數：1, 本次下單：-1 , 帳戶實際倉位：-2 , 總倉位：-2"
147b32a12bc018f2,2014/8/8 9:09:14,2014/8/8 9:09:04,SEC,元大,9050,reduce_short,2,-3,-1,normal,,"2014/08/08 09:09:04 ""9050"" 減碼空單目前倉位：-1 之前倉位：-3 元大(小型台指) 倍數：1, 本次下單：1 , 帳戶實際倉位：-1 , 總倉位：-1"
147b3141bb8da9c4,2014/8/8 8:45:14,2014/8/8 8:45:04,SEC,元大,9052,,-3,0,-3,normal,,"2014/08/08 08:45:04 ""9052"" 空單進場目前倉位：-3 之前倉位：0 元大(小型台指) 倍數：1, 本次下單：-1 , 帳戶實際倉位：-2 , 總倉位：-2"
147ae03e47584a31,2014/8/7 9:09:15,2014/8/7 9:09:04,SEC,元大,9120,reduce_short,2,-3,-1,normal,,"2014/08/07 09:09:04 ""9120"" 減碼空單目前倉位：-1 之前倉位：-3 元大(小型台指) 倍數：1, 本次下單：1 , 帳戶實際倉位：-1 , 總倉位：-1"
147a43b199f28763,2014/8/5 11:33:08,2014/8/5 11:32:59,SEC,元大,9128,add_short,-2,-1,-3,normal,,"2014/08/05 11:32:59 ""9128"" 加碼空單目前倉位：-3 之前倉位：-1 元大(小型台指) 倍數：1, 本次下單：-1 , 帳戶實際倉位：-2 , 總倉位：-2"
147a3b6a99acce0a,2014/8/5 9:09:09,2014/8/5 9:08:59,SEC,元大,9231,reduce_short,2,-3,-1,normal,,"2014/08/05 09:08:59 ""9231"" 減碼空單目前倉位：-1 之前倉位：-3 元大(小型台指) 倍數：1, 本次下單：1 , 帳戶實際倉位：-1 , 總倉位：-1"
147a3a088627d8a1,2014/8/5 8:45:10,2014/8/5 8:44:59,SEC,元大,9250,,-3,0,-3,normal,,"2014/08/05 08:44:59 ""9250"" 空單進場目前倉位：-3 之前倉位：0 元大(小型台指) 倍數：1, 本次下單：-1 , 帳戶實際倉位：-2 , 總倉位：-2"
1479e90942abc5f5,2014/8/4 9:09:09,2014/8/4 9:08:59,SEC,元大,9245,reduce_short,2,-3,-1,normal,,"2014/08/04 09:08:59 ""9245"" 減碼空單目前倉位：-1 之前倉位：-3 元大(小型台指) 倍數：1, 本次下單：0 , 帳戶實際倉位：-1 , 總倉位：-1"
1478f07919c7fa22,2014/8/1 8:45:12,2014/8/1 8:45:02,SEC,元大,9236,,-1,0,-1,normal,,"2014/08/01 08:45:02 ""9236"" 空單進場目前倉位：-1 之前倉位：0 元大(小型台指) 倍數：1, 本次下單：2 , 帳戶實際倉位：-1 , 總倉位：-1"
1478ac22cf8a1b92,2014/7/31 12:51:22,2014/7/31 12:51:12,SEC,元大,9310,add_short,-2,-1,-3,normal,,"2014/07/31 12:51:12 ""9310"" 加碼空單目前倉位：-3 之前倉位：-1 元大(小型台指) 倍數：1, 本次下單：-2 , 帳戶實際倉位：-3 , 總倉位：-3"
1478a38a7bfd0d90,2014/7/31 10:21:12,2014/7/31 10:21:02,SEC,元大,9305,,-1,0,-1,normal,,"2014/07/31 10:21:02 ""9305"" 空單進場目前倉位：-1 之前倉位：0 元大(小型台指) 倍數：1, 本次下單：-1 , 帳戶實際倉位：-1 , 總倉位：-1"
1478596cd444a0b8,2014/7/30 12:45:12,2014/7/30 12:45:02,SEC,元大,9416,close_short,1,-1,0,normal,,"2014/07/30 12:45:02 ""9416"" 空單平倉目前倉位：0 之前倉位：-1 元大(小型台指) 倍數：1, 本次下單：1 , 帳戶實際倉位：0 , 總倉位：0 MIX"
1476b53a16089a94,2014/7/25 10:22:20,2014/7/25 10:22:09,SEC,元大,9413,,-1,0,-1,normal,,"2014/07/25 10:22:09 ""9413"" 空單進場目前倉位：-1 之前倉位：0 元大(小型台指) 倍數：1, 本次下單：-1 , 帳戶實際倉位：-1 , 總倉位：-1"
1476b354ba0fca51,2014/7/25 9:48:42,2014/7/25 9:48:32,SEC,元大,9443,close_long,-2,2,0,normal,,"2014/07/25 09:48:32 ""9443"" 多單平倉目前倉位：0 之前倉位：2 元大(小型台指) 倍數：1, 本次下單：-2 , 帳戶實際倉位：0 , 總倉位：0 MIX"
1476afd94253804f,2014/7/25 8:48:16,2014/7/25 8:48:05,SEC,元大,0,add_long,1,1,2,normal,,"2014/07/25 08:48:05 ""0"" 加碼多單目前倉位：+2 之前倉位：1 元大(小型台指) 倍數：1, 本次下單：1 , 帳戶實際倉位：3 , 總倉位：3 MIX"
1476afb096c5bbc1,2014/7/25 8:45:16,2014/7/25 8:45:06,SEC,元大,9460,add_long,1,1,2,normal,,"2014/07/25 08:45:06 ""9460"" 加碼多單目前倉位：+2 之前倉位：1 元大(小型台指) 倍數：1, 本次下單：0 , 帳戶實際倉位：2 , 總倉位：2 MIX"
1473d5bb3bfb2b6b,2014/7/16 12:08:12,2014/7/16 12:08:01,P,元大,9499,close_long,-1,1,0,normal,,"2014/07/16 12:08:01 ""9499"" 多單平倉目前倉位：0 之前倉位：1 元大(小型台指) 倍數：1, 本次下單：-1 , 帳戶實際倉位：0 , 總倉位：0"
146ea7309422ebb0,2014/6/30 9:45:12,2014/6/30 9:45:02,P,元大,9262,,1,0,1,normal,,"2014/06/30 09:45:02 ""9262"" 多單進場目前倉位：+1 之前倉位：0 元大(小型台指) 倍數：1, 本次下單：1 , 帳戶實際倉位：1 , 總倉位：1"
14621e162d1f716e,2014/5/22 11:02:29,2014/5/22 11:02:18,P,元大,8930,,1,0,1,normal,,"2014/05/22 11:02:18 ""8930"" 多單進場目前倉位：+1 之前倉位：0 元大(小型台指) 倍數：1, 本次下單：1 , 帳戶實際倉位：1 , 總倉位：1"
1461820e96af6749,2014/5/20 13:35:09,2014/5/20 13:34:59,P,元大,8891,close_long,-1,1,0,normal,,"2014/05/20 13:34:59 ""8891"" 多單平倉目前倉位：0 之前倉位：1 元大(小型台指) 倍數：1, 本次下單：-1 , 帳戶實際倉位：0 , 總倉位：0"
146128bec912b4db,2014/5/19 11:34:49,2014/5/19 11:34:38,P,元大,8895,,1,0,1,normal,,"2014/05/19 11:34:38 ""8895"" 多單進場目前倉位：+1 之前倉位：0 元大(小型台指) 倍數：1, 本次下單：1 , 帳戶實際倉位：1 , 總倉位：1"
14602b738946c647,2014/5/16 9:48:22,2014/5/16 9:48:11,P,元大,8830,close_long,-1,1,0,normal,,"2014/05/16 09:48:11 ""8830"" 多單平倉目前倉位：0 之前倉位：1 元大(小型台指) 倍數：1, 本次下單：-1 , 帳戶實際倉位：0 , 總倉位：0"
145f8d6a524acdcf,2014/5/14 11:45:28,2014/5/14 11:45:19,P,元大,8873,,1,0,1,normal,,"2014/05/14 11:45:19 ""8873"" 多單進場目前倉位：+1 之前倉位：0 元大(小型台指) 倍數：1, 本次下單：1 , 帳戶實際倉位：1 , 總倉位：1"
145dea85f637e0c7,2014/5/9 9:45:37,2014/5/9 9:45:26,P,元大,8843,close_long,-1,1,0,normal,,"2014/05/09 09:45:26 ""8843"" 多單平倉目前倉位：0 之前倉位：1 元大(小型台指) 倍數：1, 本次下單：-1 , 帳戶實際倉位：0 , 總倉位：0"
145d966c32b9f77c,2014/5/8 9:15:18,2014/5/8 9:15:07,P,元大,8873,,1,0,1,normal,,"2014/05/08 09:15:07 ""8873"" 多單進場目前倉位：+1 之前倉位：0 元大(小型台指) 倍數：1, 本次下單：1 , 帳戶實際倉位：1 , 總倉位：1"
145d48edb6c9e908,2014/5/7 10:41:33,2014/5/7 10:41:22,P,元大,8813,close_long,-1,1,0,normal,,"2014/05/07 10:41:22 ""8813"" 多單平倉目前倉位：0 之前倉位：1 元大(小型台指) 倍數：1, 本次下單：-1 , 帳戶實際倉位：0 , 總倉位：0"
145c9d79c0126f42,2014/5/5 8:45:13,2014/5/5 8:45:02,P,元大,8863,,1,0,1,normal,,"2014/05/05 08:45:02 ""8863"" 多單進場目前倉位：+1 之前倉位：0 元大(小型台指) 倍數：1, 本次下單：1 , 帳戶實際倉位：1 , 總倉位：1"
145bad25416fd931,2014/5/2 10:45:21,2014/5/2 10:45:12,P,元大,8824,close_short,2,-2,0,normal,,"2014/05/02 10:45:12 ""8824"" 空單平倉目前倉位：0 之前倉位：-2 元大(小型台指) 倍數：1, 本次下單：2 , 帳戶實際倉位：0 , 總倉位：0"
145ba6469988e0d7,2014/5/2 8:45:21,2014/5/2 8:45:12,P,元大,8768,add_short,-1,-1,-2,normal,,"2014/05/02 08:45:12 ""8768"" 加碼空單目前倉位：-2 之前倉位：-1 元大(小型台指) 倍數：1, 本次下單：-2 , 帳戶實際倉位：-2 , 總倉位：-2"
145ab07656c45da1,2014/4/29 9:09:07,2014/4/29 9:08:59,P,元大,8838,close_short,1,-1,0,normal,,"2014/04/29 09:08:59 ""8838"" 空單平倉目前倉位：0 之前倉位：-1 元大(小型台指) 倍數：1, 本次下單：1 , 帳戶實際倉位：0 , 總倉位：0"
145aaf15c19aac84,2014/4/29 8:45:09,2014/4/29 8:44:58,P,元大,8827,reduce_short,1,-2,-1,normal,,"2014/04/29 08:44:58 ""8827"" 減碼空單目前倉位：-1 之前倉位：-2 元大(小型台指) 倍數：1, 本次下單：1 , 帳戶實際倉位：-1 , 總倉位：-1"
14596894f356c3e6,2014/4/25 9:39:07,2014/4/25 9:38:56,P,元大,8895,,-1,0,-1,normal,,"2014/04/25 09:38:56 ""8895"" 空單進場目前倉位：-1 之前倉位：0 元大(小型台指) 倍數：1, 本次下單：-1 , 帳戶實際倉位：-1 , 總倉位：-1"
145919c88b860299,2014/4/24 10:42:07,2014/4/24 10:41:57,P,元大,8937,close_short,1,-1,0,normal,,"2014/04/24 10:41:57 ""8937"" 空單平倉目前倉位：0 之前倉位：-1 元大(小型台指) 倍數：1, 本次下單：1 , 帳戶實際倉位：0 , 總倉位：0"
1458ce05729893a2,2014/4/23 12:37:07,2014/4/23 12:36:56,P,元大,8911,close_long,-1,1,0,normal,,"2014/04/23 12:36:56 ""8911"" 多單平倉目前倉位：0 之前倉位：1 元大(小型台指) 倍數：1, 本次下單：-1 , 帳戶實際倉位：0 , 總倉位：0"
1458cdfbecae18d1,2014/4/23 12:37:12,2014/4/23 12:37:03,P,元大,8911,,-1,0,-1,normal,,"2014/04/23 12:37:03 ""8911"" 空單進場目前倉位：-1 之前倉位：0 元大(小型台指) 倍數：1, 本次下單：-1 , 帳戶實際倉位：-1 , 總倉位：-1"
1456d25085c9e2df,2014/4/17 8:45:12,2014/4/17 8:45:03,P,元大,8885,,1,0,1,normal,,"2014/04/17 08:45:03 ""8885"" 多單進場目前倉位：+1 之前倉位：0 元大(小型台指) 倍數：1, 本次下單：0 , 帳戶實際倉位：1 , 總倉位：1"
14568ad2706e7c6f,2014/4/16 11:55:51,2014/4/16 11:55:41,P,元大,8919,,1,0,1,normal,,"2014/04/16 11:55:41 ""8919"" 多單進場目前倉位：+1 之前倉位：0 元大(小型台指) 倍數：1, 本次下單：1 , 帳戶實際倉位：1 , 總倉位：1"
145630fdac51e34c,2014/4/15 9:45:16,2014/4/15 9:45:05,P,元大,8890,close_short,1,-1,0,normal,,"2014/04/15 09:45:05 ""8890"" 空單平倉目前倉位：0 之前倉位：-1 元大(小型台指) 倍數：1, 本次下單：1 , 帳戶實際倉位：0 , 總倉位：0"
1454ed13f334e4a0,2014/4/11 11:25:08,2014/4/11 11:24:57,P,元大,8850,,-1,0,-1,normal,,"2014/04/11 11:24:57 ""8850"" 空單進場目前倉位：-1 之前倉位：0 元大(小型台指) 倍數：1, 本次下單：-1 , 帳戶實際倉位：-1 , 總倉位：-1"
14549f54172c0c9a,2014/4/10 12:45:42,2014/4/10 12:45:32,P,元大,8874,close_long,-1,1,0,normal,,"2014/04/10 12:45:32 ""8874"" 多單平倉目前倉位：0 之前倉位：1 元大(小型台指) 倍數：1, 本次下單：-1 , 帳戶實際倉位：0 , 總倉位：0"
144f6eba08172a12,2014/3/25 9:46:55,2014/3/25 9:46:47,SEC,元大,8617,short_to_long,2,-1,1,normal,,"2014/03/25 09:46:47 ""8617.00"" 空翻多目前倉位：+1 之前倉位：-1 元大(小型台指) 倍數：1, 本次下單：2 , 帳戶實際倉位：1 , 總倉位：1"
144d3a8f8c0a5237,2014/3/18 13:27:43,2014/3/18 13:27:35,SEC,元大,8732,long_to_short,-2,1,-1,normal,,"2014/03/18 13:27:35 ""8732.00"" 多翻空目前倉位：-1 之前倉位：1 元大(小型台指) 倍數：1, 本次下單：-2 , 帳戶實際倉位：-1 , 總倉位：-1"
1449509b06f041c7,2014/3/6 9:37:08,2014/3/6 9:36:59,SEC,元大,8657,short_to_long,2,-1,1,normal,,"2014/03/06 09:36:59 ""8657.00"" 空翻多目前倉位：+1 之前倉位：-1 元大(小型台指) 倍數：1, 本次下單：2 , 帳戶實際倉位：1 , 總倉位：1"
1448b9442508bc27,2014/3/4 13:31:40,2014/3/4 13:31:31,SEC,元大,8547,long_to_short,-2,1,-1,normal,,"2014/03/04 13:31:31 ""8547.00"" 多翻空目前倉位：-1 之前倉位：1 元大(小型台指) 倍數：1, 本次下單：-2 , 帳戶實際倉位：-1 , 總倉位：-1"
1448ab95a3491513,2014/3/4 9:33:15,2014/3/4 9:33:05,SEC,元大,8572,short_to_long,2,-1,1,normal,,"2014/03/04 09:33:05 ""8572.00"" 空翻多目前倉位：+1 之前倉位：-1 元大(小型台指) 倍數：1, 本次下單：2 , 帳戶實際倉位：1 , 總倉位：1"
1448590a4103c8e3,2014/3/3 9:30:42,2014/3/3 9:30:33,SEC,元大,8523,long_to_short,-2,1,-1,normal,,"2014/03/03 09:30:33 ""8523.00"" 多翻空目前倉位：-1 之前倉位：1 元大(小型台指) 倍數：1, 本次下單：-2 , 帳戶實際倉位：-1 , 總倉位：-1"
1446bd5bd95bda74,2014/2/26 9:35:24,2014/2/26 9:35:14,SEC,元大,8593,short_to_long,2,-1,1,normal,,"2014/02/26 09:35:14 ""8593.00"" 空翻多目前倉位：+1 之前倉位：-1 元大(小型台指) 倍數：1, 本次下單：2 , 帳戶實際倉位：1 , 總倉位：1"
14461a6bc96ee998,2014/2/24 10:07:46,2014/2/24 10:07:36,SEC,元大,8567,long_to_short,-2,1,-1,normal,,"2014/02/24 10:07:36 ""8567.00"" 多翻空目前倉位：-1 之前倉位：1 元大(小型台指) 倍數：1, 本次下單：-2 , 帳戶實際倉位：-1 , 總倉位：-1"
14443349da47f884,2014/2/18 12:15:18,2014/2/18 12:15:07,SEC,元大,8542,short_to_long,2,-1,1,normal,,"2014/02/18 12:15:07 ""8542.00"" 空翻多目前倉位：+1 之前倉位：-1 元大(小型台指) 倍數：1, 本次下單：2 , 帳戶實際倉位：1 , 總倉位：1"
1443d9bc5839bdc5,2014/2/17 10:10:22,2014/2/17 10:10:13,SEC,元大,8526,long_to_short,-2,1,-1,normal,,"2014/02/17 10:10:13 ""8526.00"" 多翻空目前倉位：-1 之前倉位：1 元大(小型台指) 倍數：1, 本次下單：-2 , 帳戶實際倉位：-1 , 總倉位：-1"
1441e9eb4470e122,2014/2/11 9:45:09,2014/2/11 9:45:00,SEC,元大,8387,short_to_long,2,-1,1,normal,,"2014/02/11 09:45:00 ""8387.00"" 空翻多目前倉位：+1 之前倉位：-1 元大(小型台指) 倍數：1, 本次下單：2 , 帳戶實際倉位：1 , 總倉位：1"
1441a3102124054d,2014/2/10 13:05:37,2014/2/10 13:05:28,SEC,元大,8364,long_to_short,-2,1,-1,normal,,"2014/02/10 13:05:28 ""8364.00"" 多翻空目前倉位：-1 之前倉位：1 元大(小型台指) 倍數：1, 本次下單：-2 , 帳戶實際倉位：-1 , 總倉位：-1"
1440534e30bd0d1b,2014/2/6 11:19:19,2014/2/6 11:19:09,SEC,元大,8288,short_to_long,2,-1,1,normal,,"2014/02/06 11:19:09 ""8288.00"" 空翻多目前倉位：+1 之前倉位：-1 元大(小型台指) 倍數：1, 本次下單：2 , 帳戶實際倉位：1 , 總倉位：1"
143bcd66236b960a,2014/1/23 10:03:21,2014/1/23 10:03:11,SEC,元大,8604,long_to_short,-2,1,-1,normal,,"2014/01/23 10:03:11 ""8604.00"" 多翻空目前倉位：-1 之前倉位：1 元大(小型台指) 倍數：1, 本次下單：-2 , 帳戶實際倉位：-1 , 總倉位：-1"
143ad62e710c24d2,2014/1/20 10:02:48,2014/1/20 10:02:38,SEC,元大,8626,short_to_long,2,-1,1,normal,,"2014/01/20 10:02:38 ""8626.00"" 空翻多目前倉位：+1 之前倉位：-1 元大(小型台指) 倍數：1, 本次下單：2 , 帳戶實際倉位：1 , 總倉位：1"
143ad1c6bcf1bb20,2014/1/20 8:45:10,2014/1/20 8:45:01,SEC,元大,8584,long_to_short,-2,1,-1,normal,,"2014/01/20 08:45:01 ""8584.00"" 多翻空目前倉位：-1 之前倉位：1 元大(小型台指) 倍數：1, 本次下單：-2 , 帳戶實際倉位：-1 , 總倉位：-1"
1438ebc8bd7c114d,2014/1/14 11:12:33,2014/1/14 11:12:24,SEC,元大,8542,short_to_long,2,-1,1,normal,,"2014/01/14 11:12:24 ""8542.00"" 空翻多目前倉位：+1 之前倉位：-1 元大(小型台指) 倍數：1, 本次下單：2 , 帳戶實際倉位：1 , 總倉位：1"
14350d33f3bbea59,2014/1/2 10:40:00,2014/1/2 10:39:51,SEC,元大,8593,long_to_short,-2,1,-1,normal,,"2014/01/02 10:39:51 ""8593.00"" 多翻空目前倉位：-1 之前倉位：1 元大(小型台指) 倍數：1, 本次下單：-2 , 帳戶實際倉位：-1 , 總倉位：-1"
143412978da389b8,2013/12/30 9:41:12,2013/12/30 9:41:02,SEC,元大,8595,short_to_long,2,-1,1,normal,,"2013/12/30 09:41:02 ""8595.00"" 空翻多目前倉位：+1 之前倉位：-1 元大(小型台指) 倍數：1, 本次下單：2 , 帳戶實際倉位：1 , 總倉位：1"
143278a38ff31f9a,2013/12/25 10:16:38,2013/12/25 10:16:29,SEC,元大,8494,long_to_short,-2,1,-1,normal,,"2013/12/25 10:16:29 ""8494.00"" 多翻空目前倉位：-1 之前倉位：1 元大(小型台指) 倍數：1, 本次下單：-2 , 帳戶實際倉位：-1 , 總倉位：-1"
14322ecdc40ff9c7,2013/12/24 12:46:21,2013/12/24 12:46:11,SEC,元大,8485,short_to_long,2,-1,1,normal,,"2013/12/24 12:46:11 ""8485.00"" 空翻多目前倉位：+1 之前倉位：-1 元大(小型台指) 倍數：1, 本次下單：2 , 帳戶實際倉位：1 , 總倉位：1"
142dfd6c4d04d07b,2013/12/11 12:07:42,2013/12/11 12:07:33,SEC,元大,8425,long_to_short,-2,1,-1,normal,,"2013/12/11 12:07:33 ""8425.00"" 多翻空目前倉位：-1 之前倉位：1 元大(小型台指) 倍數：1, 本次下單：-2 , 帳戶實際倉位：-1 , 總倉位：-1"
142c6030ec65c77b,2013/12/6 11:45:59,2013/12/6 11:45:48,SEC,元大,8404,short_to_long,2,-1,1,normal,,"2013/12/06 11:45:48 ""8404.00"" 空翻多目前倉位：+1 之前倉位：-1 元大(小型台指) 倍數：1, 本次下單：2 , 帳戶實際倉位：1 , 總倉位：1"
142c0b3979c24fa9,2013/12/5 11:00:18,2013/12/5 11:00:09,SEC,元大,8372,long_to_short,-2,1,-1,normal,,"2013/12/05 11:00:09 ""8372.00"" 多翻空目前倉位：-1 之前倉位：1 元大(小型台指) 倍數：1, 本次下單：-2 , 帳戶實際倉位：-1 , 總倉位：-1"
1429214f4f28c225,2013/11/26 9:45:09,2013/11/26 9:44:59,SEC,元大,8206,short_to_long,2,-1,1,normal,,"2013/11/26 09:44:59 ""8206.00"" 空翻多目前倉位：+1 之前倉位：-1 元大(小型台指) 倍數：1, 本次下單：2 , 帳戶實際倉位：1 , 總倉位：1"
14273fd0f471c86a,2013/11/20 13:30:11,2013/11/20 13:30:02,SEC,元大,8219,long_to_short,-2,1,-1,normal,,"2013/11/20 13:30:02 ""8219.00"" 多翻空目前倉位：-1 之前倉位：1 元大(小型台指) 倍數：1, 本次下單：0 , 帳戶實際倉位：-1 , 總倉位：-1"
1425983fea973d71,2013/11/15 10:08:15,2013/11/15 10:08:05,SEC,元大,8208,short_to_long,2,-1,1,normal,,"2013/11/15 10:08:05 ""8208.00"" 空翻多目前倉位：+1 之前倉位：-1 元大(小型台指) 倍數：1, 本次下單：0 , 帳戶實際倉位：-1 , 總倉位：-1"
14244c855cbcc1a5,2013/11/11 9:30:46,2013/11/11 9:30:37,SEC,元大,8204,long_to_short,-2,1,-1,normal,,"2013/11/11 09:30:37 ""8204.00"" 多翻空目前倉位：-1 之前倉位：1 元大(小型台指) 倍數：1, 本次下單：0 , 帳戶實際倉位：-1 , 總倉位：-1"
1423563c6ce53d80,2013/11/8 9:46:37,2013/11/8 9:46:27,SEC,元大,8250,short_to_long,2,-1,1,normal,,"2013/11/08 09:46:27 ""8250"" 空翻多目前倉位：+1 之前倉位：-1 元大(小型台指) 倍數：1, 本次下單：0 , 帳戶實際倉位：-1 , 總倉位：-1"
142356092fe552d2,2013/11/8 9:42:49,2013/11/8 9:42:39,SEC,元大,0,short_to_long,2,-1,1,normal,,"2013/11/08 09:42:39 ""0"" 空翻多目前倉位：+1 之前倉位：-1 元大(小型台指) 倍數：1, 本次下單：0 , 帳戶實際倉位：-1 , 總倉位：-1 SEC"
1423556bf5012afc,2013/11/8 9:31:59,2013/11/8 9:31:49,SEC,元大,8248,short_to_long,2,-1,1,normal,,"2013/11/08 09:31:49 ""8248.00"" 空翻多目前倉位：+1 之前倉位：-1 元大(小型台指) 倍數：1, 本次下單：0 , 帳戶實際倉位：-1 , 總倉位：-1"
141b489df0c46fbc,2013/10/14 9:17:15,2013/10/14 9:17:05,SEC,元大,8314,long_to_short,-2,1,-1,normal,,"2013/10/14 09:17:05 ""8314.00"" 多翻空目前倉位：-1 之前倉位：1 元大(小型台指) 倍數：1, 本次下單：-2 , 帳戶實際倉位：-1 , 總倉位：-1"
1417bf8e88aaf8af,2013/10/3 9:40:08,2013/10/3 9:39:59,SEC,元大,8276,short_to_long,2,-1,1,normal,,"2013/10/03 09:39:59 ""8276.00"" 空翻多目前倉位：+1 之前倉位：-1 元大(小型台指) 倍數：1, 本次下單：2 , 帳戶實際倉位：1 , 總倉位：1"
14176e5a8752fe86,2013/10/2 10:00:58,2013/10/2 10:00:48,SEC,元大,8167,long_to_short,-2,1,-1,normal,,"2013/10/02 10:00:48 ""8167.00"" 多翻空目前倉位：-1 之前倉位：1 元大(小型台指) 倍數：1, 本次下單：-2 , 帳戶實際倉位：-1 , 總倉位：-1"
14152c0fe678522d,2013/9/25 9:34:27,2013/9/25 9:34:17,SEC,元大,8228,long_to_short,-2,1,-1,normal,,"2013/09/25 09:34:17 ""8228.00"" 多翻空目前倉位：-1 之前倉位：1 元大(小型台指) 倍數：1, 本次下單：-2 , 帳戶實際倉位：-1 , 總倉位：-1"
14148642f7205640,2013/9/23 9:16:11,2013/9/23 9:16:01,SEC,元大,8214,short_to_long,2,-1,1,normal,,"2013/09/23 09:16:01 ""8214.00"" 空翻多目前倉位：+1 之前倉位：-1 元大(小型台指) 倍數：1, 本次下單：2 , 帳戶實際倉位：1 , 總倉位：1"
1412eb3870624dde,2013/9/18 9:33:32,2013/9/18 9:33:23,SEC,元大,8243,long_to_short,-2,1,-1,normal,,"2013/09/18 09:33:23 ""8243.00"" 多翻空目前倉位：-1 之前倉位：1 元大(小型台指) 倍數：1, 本次下單：-2 , 帳戶實際倉位：-1 , 總倉位：-1"
140327b1971aa230,2013/7/31 10:07:13,2013/7/31 10:07:00,SEC,元大,8096,long_to_short,-2,1,-1,normal,,"2013/07/31 10:07:00 ""8096.00"" 多翻空目前倉位：-1 之前倉位：1 元大(小型台指) 倍數：1, 本次下單：-2 , 帳戶實際倉位：-1 , 總倉位：-1"
1402d4d3347f1c7c,2013/7/30 9:59:17,2013/7/30 9:59:08,SEC,元大,8093,short_to_long,2,-1,1,normal,,"2013/07/30 09:59:08 ""8093.00"" 空翻多目前倉位：+1 之前倉位：-1 元大(小型台指) 倍數：1, 本次下單：2 , 帳戶實際倉位：1 , 總倉位：1"
1400e7a6de944f68,2013/7/24 10:19:40,2013/7/24 10:19:31,SEC,元大,8110,long_to_short,-2,1,-1,normal,,"2013/07/24 10:19:31 ""8110.00"" 多翻空目前倉位：-1 之前倉位：1 元大(小型台指) 倍數：1, 本次下單：-2 , 帳戶實際倉位：-1 , 總倉位：-1"
13fe00386a4c3449,2013/7/15 9:48:13,2013/7/15 9:48:03,SEC,元大,8198,short_to_long,2,-1,1,normal,,"2013/07/15 09:48:03 ""8198.00"" 空翻多目前倉位：+1 之前倉位：-1 元大(小型台指) 倍數：1, 本次下單：2 , 帳戶實際倉位：1 , 總倉位：1"
13fd0dc856b53207,2013/7/12 11:11:15,2013/7/12 11:11:06,SEC,元大,8154,long_to_short,-2,1,-1,normal,,"2013/07/12 11:11:06 ""8154.00"" 多翻空目前倉位：-1 之前倉位：1 元大(小型台指) 倍數：1, 本次下單：-2 , 帳戶實際倉位：-1 , 總倉位：-1"
13fcbae49db409af,2013/7/11 11:02:32,2013/7/11 11:02:23,SEC,元大,8133,short_to_long,2,-1,1,normal,,"2013/07/11 11:02:23 ""8133.00"" 空翻多目前倉位：+1 之前倉位：-1 元大(小型台指) 倍數：1, 本次下單：2 , 帳戶實際倉位：1 , 總倉位：1"
13fcb74941273c02,2013/7/11 9:59:41,2013/7/11 9:59:32,SEC,元大,8089,long_to_short,-2,1,-1,normal,,"2013/07/11 09:59:32 ""8089.00"" 多翻空目前倉位：-1 之前倉位：1 元大(小型台指) 倍數：1, 本次下單：-2 , 帳戶實際倉位：-1 , 總倉位：-1"
13fa7c83ce3f4969,2013/7/4 11:44:24,2013/7/4 11:44:16,SEC,元大,7863,short_to_long,2,-1,1,normal,,"2013/07/04 11:44:16 ""7863.00"" 空翻多目前倉位：+1 之前倉位：-1 元大(小型台指) 倍數：1, 本次下單：2 , 帳戶實際倉位：1 , 總倉位：1"
13f7e995869e33e8,2013/6/26 11:49:04,2013/6/26 11:48:55,SEC,元大,7632,long_to_short,-2,1,-1,normal,,"2013/06/26 11:48:55 ""7632.00"" 多翻空目前倉位：-1 之前倉位：1 元大(小型台指) 倍數：1, 本次下單：-2 , 帳戶實際倉位：-1 , 總倉位：-1"
13f647684764d1d8,2013/6/21 10:00:15,2013/6/21 10:00:06,SEC,元大,7655,short_to_long,2,-1,1,normal,,"2013/06/21 10:00:06 ""7655.00"" 空翻多目前倉位：+1 之前倉位：-1 元大(小型台指) 倍數：1, 本次下單：2 , 帳戶實際倉位：1 , 總倉位：1"
13f5f5e043fc844e,2013/6/20 10:15:40,2013/6/20 10:15:31,SEC,元大,7757,long_to_short,-2,1,-1,normal,,"2013/06/20 10:15:31 ""7757.00"" 多翻空目前倉位：-1 之前倉位：1 元大(小型台指) 倍數：1, 本次下單：-2 , 帳戶實際倉位：-1 , 總倉位：-1"
13f4fc3324f6234a,2013/6/17 9:32:13,2013/6/17 9:32:04,SEC,元大,7961,short_to_long,2,-1,1,normal,,"2013/06/17 09:32:04 ""7961.00"" 空翻多目前倉位：+1 之前倉位：-1 元大(小型台指) 倍數：1, 本次下單：2 , 帳戶實際倉位：1 , 總倉位：1"
13f178ad2d7f9dfa,2013/6/6 11:32:16,2013/6/6 11:32:07,SEC,元大,8069,long_to_short,-2,1,-1,normal,,"2013/06/06 11:32:07 ""8069.00"" 多翻空目前倉位：-1 之前倉位：1 元大(小型台指) 倍數：1, 本次下單：-2 , 帳戶實際倉位：-1 , 總倉位：-1"
13f0cc13a195ccb2,2013/6/4 9:16:11,2013/6/4 9:16:02,SEC,元大,8200,long_to_short,-2,1,-1,normal,,"2013/06/04 09:16:02 ""8200.00"" 多翻空目前倉位：-1 之前倉位：1 元大(小型台指) 倍數：1, 本次下單：-2 , 帳戶實際倉位：-1 , 總倉位：-1"
13f07a3c116b2c6b,2013/6/3 9:25:54,2013/6/3 9:25:45,SEC,元大,8145,short_to_long,2,-1,1,normal,,"2013/06/03 09:25:45 ""8145.00"" 空翻多目前倉位：+1 之前倉位：-1 元大(小型台指) 倍數：1, 本次下單：2 , 帳戶實際倉位：1 , 總倉位：1"
13ef38aa49d2e552,2013/5/30 11:45:28,2013/5/30 11:45:20,,,8213,long_to_short,-2,1,-1,normal,,"2013/05/30 11:45:20 ""8213.00"" 多翻空目前倉位：-1 之前倉位：1 測試(台指期貨) 倍數：1, 本次下單：-2 , 帳戶實際倉位：-1 , 總倉位：-1"
13ef3382786087c4,2013/5/30 10:15:28,2013/5/30 10:15:19,SEC,元大,8284,long_to_short,-2,1,-1,normal,,"2013/05/30 10:15:19 ""8284.00"" 多翻空目前倉位：-1 之前倉位：1 元大(小型台指) 倍數：1, 本次下單：-2 , 帳戶實際倉位：-1 , 總倉位：-1"
13ee3a82ac280654,2013/5/27 9:44:23,2013/5/27 9:44:13,SEC,元大,8222,short_to_long,2,-1,1,normal,,"2013/05/27 09:44:13 ""8222.00"" 空翻多目前倉位：+1 之前倉位：-1 元大(小型台指) 倍數：1, 本次下單：0 , 帳戶實際倉位：-1 , 總倉位：-1"
13ec4f9f5801bd1c,2013/5/21 10:45:14,2013/5/21 10:45:03,,,8425,,2,0,2,normal,,"2013/05/21 10:45:03 ""8425"" 多單進場目前倉位：+2 之前倉位：0 測試(台指期貨) 倍數：1, 本次下單：2 , 帳戶實際倉位：2 , 總倉位：2"
13eabcbb44c22473,2013/5/16 13:24:16,2013/5/16 13:24:05,SEC,元大,0,,0,1,1,normal,,"2013/05/16 13:24:05 ""0"" 目前倉位：+1 之前倉位：1 元大(小型台指) 倍數：1, 本次下單：1 , 帳戶實際倉位：0 , 總倉位：0 SEC"
13e8c1d62b9df967,2013/5/10 9:45:16,2013/5/10 9:45:06,,,8297,,-2,0,-2,normal,,"2013/05/10 09:45:06 ""8297"" 空單進場目前倉位：-2 之前倉位：0 測試(台指期貨) 倍數：1, 本次下單：-2 , 帳戶實際倉位：-2 , 總倉位：-2"
13e8bf459c6542b0,2013/5/10 9:00:23,2013/5/10 9:00:12,SEC,元大,8288,long_to_short,-2,1,-1,normal,,"2013/05/10 09:00:12 ""8288"" 多翻空目前倉位：-1 之前倉位：1 元大(小型台指) 倍數：1, 本次下單：-2 , 帳戶實際倉位：-1 , 總倉位：-1"
13e8bf3eabee000c,2013/5/10 9:00:22,2013/5/10 9:00:12,,,8288,close_long,-2,2,0,normal,,"2013/05/10 09:00:12 ""8288"" 多單平倉目前倉位：0 之前倉位：2 測試(台指期貨) 倍數：1, 本次下單：0 , 帳戶實際倉位：0 , 總倉位：0"
13bf9a3d99363ec2,2013/1/2 13:02:41,2013/1/2 13:02:36,,,,,0,0,0,error,<下單失敗> 2013/01/02 13:02:36 元大 API 下單發生錯誤，本次下單已取消，請由手動補單。,<下單失敗> 2013/01/02 13:02:36 元大 API 下單發生錯誤，本次下單已取消，請由手動補單。
13bb1ab4e9436346,2012/12/19 13:38:09,2012/12/19 13:38:05,,,,,0,0,0,error,<發生錯誤> 2012/12/19 13:38:05 SEC 策略價格，超過 3 分鐘未跳動，請儘快處理。,<發生錯誤> 2012/12/19 13:38:05 SEC 策略價格，超過 3 分鐘未跳動，請儘快處理。
13bb1a6e009c12d6,2012/12/19 13:33:06,2012/12/19 13:33:02,,,,,0,0,0,error,<發生錯誤> 2012/12/19 13:33:02 SEC 策略價格，超過 3 分鐘未跳動，請儘快處理。,<發生錯誤> 2012/12/19 13:33:02 SEC 策略價格，超過 3 分鐘未跳動，請儘快處理。
13a6d3aacb112fed,2012/10/17 13:38:09,2012/10/17 13:38:05,,,,,0,0,0,error,<發生錯誤> 2012/10/17 13:38:05 SEC 策略價格，超過 3 分鐘未跳動，請儘快處理。,<發生錯誤> 2012/10/17 13:38:05 SEC 策略價格，超過 3 分鐘未跳動，請儘快處理。
13a6d37dc34f07a5,2012/10/17 13:33:06,2012/10/17 13:33:02,,,,,0,0,0,error,<發生錯誤> 2012/10/17 13:33:02 SEC 策略價格，超過 3 分鐘未跳動，請儘快處理。,<發生錯誤> 2012/10/17 13:33:02 SEC 策略價格，超過 3 分鐘未跳動，請儘快處理。